#pragma once

static const unsigned int module_disable_size = 34816;
static const unsigned int module_disable_data[34816 / 4] =
{
    0x46464952, 0x000087F8, 0x45564157, 0x20746D66, 0x00000010, 0x00010001, 0x0000AC44, 0x00015888, 0x00100002, 0x61746164, 0x000087D4,
    0x00000000, 0x00000000, 0x00000000, 0x00000000, 0x00000000, 0x00000000, 0x00000000, 0x00000000, 0x00000000, 0x0000FFFF, 0x00000000,
    0x00000000, 0x00000000, 0x00000000, 0x00000000, 0x00000000, 0x00000000, 0x00000000, 0x00000000, 0x00000000, 0x00000000, 0x00000000,
    0x00000000, 0x00000000, 0x00000000, 0x00000000, 0x00000000, 0x00000000, 0x00000000, 0x00000000, 0x0000FFFF, 0x00000000, 0x00000000,
    0x00000000, 0x00000000, 0x00000000, 0x00000000, 0x00000000, 0x00000000, 0x00000000, 0x00000000, 0x00000000, 0x00000000, 0x00000000,
    0x00000000, 0x00000000, 0x00000000, 0x00000000, 0x00000000, 0x00000000, 0x00000000, 0x00000000, 0x00000000, 0x00000000, 0x00000000,
    0x00000000, 0x00000000, 0x00000000, 0x00000000, 0x00000000, 0x00000000, 0x00000000, 0x00000000, 0x00000000, 0x00000000, 0x00000000,
    0x00000000, 0x00000000, 0x00000000, 0x00000000, 0x00000000, 0x00000000, 0x00000000, 0x00000000, 0x00000000, 0x00000000, 0x00000000,
    0x00000000, 0x00000000, 0x00000000, 0x00000000, 0x00000000, 0x00000000, 0x00000000, 0x00000000, 0x00000000, 0x00000000, 0x0000FFFF,
    0xFFFFFFFF, 0x00000000, 0x00000000, 0x00000000, 0x00000000, 0x00000000, 0x00000000, 0x00000000, 0x00000000, 0x00000000, 0x00000000,
    0x00000000, 0x00000000, 0x00000000, 0x00000000, 0x00000000, 0x00000000, 0x00000000, 0x00000000, 0x00000000, 0x00000000, 0xFFFF0000,
    0x0000FFFF, 0x00000000, 0x00000000, 0x00000000, 0x00000000, 0x00000000, 0x00000000, 0x00000000, 0x00000000, 0x00000000, 0x00000000,
    0x00000000, 0x00000000, 0x00000000, 0x00000000, 0x00000000, 0x00000000, 0xFFFF0000, 0xFFFFFFFE, 0xFFFEFFFE, 0x0000FFFF, 0xFFFEFFFF,
    0xFFFFFFFF, 0xFFFEFFFF, 0x0000FFFF, 0x00000000, 0x00000000, 0x00000000, 0x00000000, 0x00000000, 0x00000000, 0x00000000, 0x00000000,
    0x00000000, 0x00000000, 0xFFFF0000, 0x0000FFFE, 0xFFFEFFFF, 0x0000FFFF, 0x00000000, 0x00000000, 0x00000000, 0x0000FFFF, 0x00000000,
    0x00000000, 0x00000000, 0x00000000, 0x00000000, 0xFFFF0000, 0xFFFEFFFF, 0xFFFFFFFF, 0x0000FFFF, 0x00000000, 0xFFFEFFFF, 0x0000FFFF,
    0xFFFEFFFF, 0x0000FFFF, 0x00000000, 0x00000000, 0x00000000, 0xFFFF0000, 0x00000000, 0x00000000, 0x00000000, 0x00000000, 0x00000000,
    0x00000000, 0x00000000, 0x00000000, 0x00000000, 0xFFFF0000, 0xFFFEFFFE, 0xFFFEFFFE, 0xFFFEFFFE, 0xFFFEFFFE, 0xFFFFFFFE, 0xFFFEFFFF,
    0x0000FFFE, 0xFFFF0000, 0xFFFFFFFE, 0x0000FFFF, 0x00000000, 0x00000000, 0x00000000, 0x00000000, 0x00000000, 0x00000000, 0x00000000,
    0x00000000, 0x00000000, 0x00000000, 0xFFFEFFFE, 0xFFFEFFFF, 0xFFFEFFFF, 0xFFFFFFFE, 0xFFFEFFFF, 0xFFFEFFFE, 0xFFFEFFFF, 0xFFFEFFFF,
    0x0000FFFF, 0x00000000, 0x00000000, 0x00000000, 0x00000000, 0x00000000, 0x00000000, 0x00000000, 0x00000000, 0x00000000, 0x00000000,
    0x00000000, 0xFFFFFFFE, 0xFFFF0000, 0xFFFFFFFE, 0xFFFFFFFF, 0xFFFFFFFF, 0xFFFEFFFE, 0xFFFFFFFF, 0xFFFFFFFE, 0x00000000, 0xFFFF0000,
    0xFFFFFFFF, 0xFFFFFFFE, 0xFFFEFFFE, 0x00000000, 0x00000000, 0x00000000, 0x00000000, 0x00000000, 0x00000000, 0x00000000, 0x00000000,
    0x00000000, 0xFFFF0000, 0xFFFFFFFE, 0xFFFEFFFE, 0xFFFFFFFE, 0xFFFEFFFF, 0xFFFFFFFE, 0xFFFFFFFE, 0xFFFEFFFF, 0xFFFEFFFF, 0x0000FFFF,
    0x00000000, 0x00000000, 0x00000000, 0x00000000, 0x00000000, 0x00000000, 0x00000000, 0x00000000, 0x00000000, 0xFFFE0000, 0xFFFFFFFF,
    0xFFFFFFFF, 0x0000FFFF, 0x00000000, 0xFFFF0000, 0xFFFEFFFE, 0xFFFEFFFE, 0xFFFFFFFE, 0x00000000, 0x00000000, 0x00000000, 0x00000000,
    0x00000000, 0x00000000, 0x00000000, 0x00000000, 0x00000000, 0x00000000, 0x00000000, 0x00000000, 0x00000000, 0x00000000, 0xFFFEFFFF,
    0xFFFFFFFF, 0xFFFFFFFF, 0xFFFEFFFF, 0xFFFFFFFE, 0x00000000, 0x00000000, 0x00000000, 0xFFFEFFFE, 0x0000FFFF, 0x00000000, 0x00000000,
    0x00000000, 0x00000000, 0xFFFF0000, 0xFFFFFFFE, 0x00000000, 0x00000000, 0x00000000, 0xFFFFFFFE, 0xFFFEFFFF, 0xFFFFFFFF, 0xFFFEFFFE,
    0xFFFFFFFE, 0xFFFEFFFE, 0xFFFEFFFF, 0xFFFEFFFE, 0xFFFEFFFE, 0xFFFEFFFE, 0x00000000, 0x00000000, 0x00000000, 0xFFFF0000, 0xFFFFFFFF,
    0x0000FFFF, 0x00000000, 0x00000000, 0xFFFF0000, 0xFFFFFFFE, 0xFFFEFFFE, 0xFFFEFFFE, 0xFFFEFFFE, 0xFFFFFFFF, 0xFFFFFFFE, 0xFFFDFFFE,
    0xFFFCFFFD, 0xFFFEFFFD, 0xFFFFFFFF, 0xFFFFFFFF, 0xFFFEFFFF, 0xFFFFFFFE, 0xFFFEFFFF, 0xFFFFFFFF, 0xFFFFFFFE, 0x00000000, 0x00000000,
    0xFFFF0000, 0xFFFFFFFE, 0xFFFEFFFF, 0xFFFFFFFE, 0xFFFFFFFF, 0xFFFFFFFE, 0xFFFDFFFE, 0xFFFDFFFC, 0xFFFCFFFC, 0xFFFDFFFD, 0xFFFFFFFE,
    0xFFFFFFFE, 0xFFFEFFFF, 0xFFFEFFFE, 0xFFFFFFFE, 0xFFFFFFFF, 0x00000000, 0x00000000, 0x00000000, 0xFFFEFFFF, 0xFFFEFFFF, 0xFFFFFFFF,
    0x0000FFFF, 0x00000000, 0xFFFFFFFF, 0xFFFFFFFF, 0xFFFEFFFF, 0xFFFFFFFE, 0xFFFEFFFF, 0xFFFEFFFF, 0xFFFFFFFE, 0xFFFEFFFE, 0xFFFEFFFF,
    0xFFFEFFFE, 0xFFFFFFFE, 0x00000000, 0x00000000, 0x00000000, 0x0000FFFF, 0x00000000, 0x00000000, 0x00000000, 0x00000000, 0x00000000,
    0xFFFF0000, 0xFFFFFFFE, 0xFFFEFFFE, 0xFFFFFFFE, 0xFFFFFFFF, 0xFFFFFFFE, 0xFFFCFFFE, 0xFFFEFFFC, 0xFFFFFFFE, 0x00000000, 0x00000000,
    0x00000000, 0xFFFEFFFF, 0xFFFEFFFE, 0x0000FFFE, 0x00000000, 0x00000000, 0x00000000, 0x00000000, 0x00000000, 0x00000000, 0x00000000,
    0x00000000, 0xFFFF0000, 0xFFFEFFFE, 0xFFFEFFFF, 0xFFFCFFFD, 0xFFFEFFFD, 0xFFFFFFFF, 0xFFFEFFFE, 0xFFFFFFFE, 0xFFFFFFFF, 0xFFFFFFFF,
    0x0000FFFF, 0x00000000, 0x00000000, 0xFFFF0000, 0xFFFFFFFE, 0xFFFFFFFE, 0x00000000, 0x00000000, 0x00000000, 0xFFFF0000, 0xFFFFFFFF,
    0xFFFFFFFF, 0xFFFFFFFF, 0xFFFEFFFE, 0xFFFEFFFF, 0xFFFDFFFE, 0xFFFDFFFC, 0xFFFDFFFD, 0xFFFEFFFE, 0x0000FFFF, 0x00000000, 0xFFFF0000,
    0xFFFFFFFF, 0x0000FFFF, 0x00000000, 0x00000000, 0x00000000, 0x00000000, 0xFFFFFFFF, 0xFFFFFFFF, 0xFFFFFFFF, 0xFFFFFFFF, 0xFFFFFFFF,
    0xFFFDFFFE, 0xFFFDFFFD, 0xFFFDFFFD, 0xFFFDFFFD, 0xFFFEFFFD, 0xFFFFFFFF, 0xFFFEFFFF, 0xFFFFFFFE, 0xFFFDFFFF, 0x0000FFFE, 0x00000000,
    0x00000000, 0x00000000, 0xFFFF0000, 0xFFFFFFFE, 0x00000000, 0x00000000, 0x00000000, 0x00000000, 0xFFFFFFFF, 0xFFFDFFFE, 0xFFFDFFFD,
    0xFFFDFFFD, 0xFFFDFFFD, 0xFFFFFFFF, 0xFFFDFFFE, 0xFFFDFFFD, 0xFFFDFFFD, 0xFFFEFFFD, 0x00000000, 0x00000000, 0xFFFFFFFE, 0xFFFEFFFF,
    0xFFFFFFFF, 0xFFFFFFFE, 0xFFFF0000, 0xFFFEFFFE, 0xFFFFFFFF, 0xFFFFFFFF, 0xFFFDFFFD, 0xFFFFFFFF, 0xFFFDFFFF, 0xFFFEFFFD, 0xFFFFFFFF,
    0xFFFDFFFF, 0xFFFDFFFD, 0xFFFDFFFC, 0xFFFFFFFF, 0x0000FFFF, 0xFFFF0000, 0xFFFFFFFF, 0xFFFFFFFF, 0xFFFFFFFF, 0x0000FFFF, 0x00000000,
    0x00000000, 0xFFFFFFFF, 0xFFFDFFFE, 0xFFFFFFFD, 0xFFFFFFFF, 0xFFFFFFFF, 0x00000000, 0xFFFFFFFF, 0xFFFDFFFE, 0xFFFEFFFD, 0xFFFFFFFF,
    0xFFFFFFFF, 0xFFFFFFFF, 0xFFFEFFFF, 0xFFFFFFFF, 0xFFFEFFFE, 0x0000FFFE, 0x00000000, 0xFFFF0000, 0xFFFEFFFE, 0xFFFFFFFE, 0xFFFDFFFF,
    0xFFFFFFFD, 0xFFFFFFFF, 0xFFFFFFFF, 0xFFFDFFFE, 0xFFFFFFFF, 0xFFFFFFFF, 0xFFFEFFFF, 0xFFFFFFFF, 0xFFFFFFFE, 0xFFFEFFFF, 0xFFFCFFFD,
    0xFFFDFFFD, 0xFFFEFFFD, 0x00000000, 0x00000000, 0x00000000, 0x00000000, 0xFFFCFFFD, 0xFFFEFFFD, 0x00010000, 0x00000000, 0x00000000,
    0x00000000, 0x0000FFFF, 0x00010001, 0x00020001, 0x00010001, 0x00030003, 0x00000002, 0x00000000, 0x00000000, 0x00000000, 0x00020002,
    0x00010001, 0x00000000, 0x00010001, 0x00010001, 0x00000001, 0x00010001, 0x00010001, 0x00020002, 0x00000002, 0x0000FFFF, 0x00020002,
    0x00020001, 0x00020003, 0x00040002, 0x00010003, 0x00020001, 0x00000002, 0x0001FFFF, 0x00030004, 0xFFFE0000, 0x0000FFFF, 0x00000000,
    0xFFFF0001, 0x00020000, 0x00020002, 0x00000002, 0x00000000, 0x00000000, 0xFFFF0000, 0x00020000, 0x00040004, 0x00000001, 0x00000001,
    0x0000FFFF, 0x00020001, 0x00030003, 0x00010004, 0xFFFFFFFD, 0xFFFF0000, 0xFFFCFFFD, 0xFFFCFFFA, 0x00020000, 0xFFFE0000, 0x0001FFFE,
    0xFFFD0000, 0x0002FFFF, 0xFFFF0000, 0xFFFEFFFE, 0x00030000, 0xFFFF0001, 0x00020000, 0x00000003, 0xFFFDFFFC, 0x00000000, 0x00020000,
    0x00000001, 0x00020001, 0xFFF9FFFD, 0xFFFBFFFA, 0xFFFCFFFB, 0x0000FFFD, 0x00020002, 0x00000001, 0xFFFBFFFC, 0xFFFAFFFB, 0xFFFFFFFB,
    0x0000FFFF, 0x00060004, 0xFFFB0000, 0xFFFEFFFB, 0xFFFCFFFE, 0x0001FFFD, 0x00000000, 0x00040002, 0x00000003, 0xFFF7FFFC, 0xFFFBFFF7,
    0xFFF9FFFB, 0x0000FFFB, 0x00020001, 0x00000003, 0xFFFBFFFA, 0xFFFFFFFF, 0xFFF8FFFD, 0xFFFBFFF6, 0xFFF8FFFE, 0x0004FFFC, 0x00040005,
    0xFFFE0000, 0xFFFCFFFD, 0xFFFBFFF5, 0x00040009, 0x0001FFFC, 0x00010003, 0x00040004, 0xFFFCFFFC, 0xFFEB0000, 0xFFFFFFED, 0x00020007,
    0x000A0005, 0xFFF2FFF3, 0x0017FFFE, 0xFFFD0011, 0x0002FFF5, 0x00040017, 0xFFFBFFF6, 0xFFEF0003, 0xFFF8FFE7, 0xFFFD0002, 0x0009FFFD,
    0x0009000C, 0xFFF5FFF1, 0x0014000D, 0xFFF7FFF9, 0x00010001, 0x001C0013, 0x00090012, 0xFFF80014, 0xFFEFFFF3, 0xFFDCFFE6, 0x0001FFE3,
    0x00170005, 0x001CFFFF, 0x001E0030, 0x00120016, 0xFFC2FFFF, 0xFFEFFFDE, 0xFFE0FFE1, 0x0020FFFC, 0x00230022, 0x00060018, 0x00230012,
    0xFFD8FFFA, 0x00360003, 0xFFD5FFEB, 0x00280016, 0xFFF50011, 0xFFE5FFF6, 0x00110014, 0x0004FFF4, 0xFFE9FFFE, 0xFFF8FFD0, 0x002E0016,
    0xFFFE001F, 0x0000FFFC, 0xFFF3FFF7, 0xFFF2FFFD, 0xFFE7FFE1, 0xFFDF0018, 0xFFE1FF9B, 0x00110038, 0x0038FFF2, 0xFFD00000, 0x003D0020,
    0xFF89FFCB, 0xFFDCFFCA, 0xFFE4FFD3, 0xFFEEFFF3, 0x0065FFFA, 0x000F00A4, 0xFFA7FFA0, 0xFFB2FFBB, 0x00620020, 0xFFDBFFFD, 0x00270008,
    0x000A0004, 0xFFF3000B, 0x0015FFEF, 0xFFEB0005, 0x0081000A, 0x00100057, 0xFF950006, 0xFFBBFF5D, 0x00900085, 0x00200042, 0x00420019,
    0x000D0025, 0xFF6EFFF8, 0x0023FFB5, 0xFF980021, 0x00550009, 0x0034FFC4, 0x00470096, 0x0000FF82, 0x001F003C, 0xFFCCFFD5, 0xFFEFFFE7,
    0xFFC4FFF5, 0xFFB8FFC2, 0x00460026, 0x002E007B, 0xFF69FFAA, 0x0030FFE0, 0x003BFFDD, 0xFFC40031, 0xFFA4FF8A, 0x001EFFCE, 0xFF7F0076,
    0x0079FF86, 0xFF8F0075, 0x0037FF76, 0xFFE8000D, 0xFF97FF94, 0x00ABFFEB, 0x005300AA, 0x006F0078, 0xFEE0FFB0, 0xFF9EFF46, 0xFFF3FFBF,
    0x00090041, 0xFFC7FFBE, 0x00B1001E, 0xFFB80073, 0x0025FFF2, 0xFF56FFC7, 0xFFDBFFFF, 0x007EFFE4, 0xFFBA000D, 0x000EFFD7, 0xFF94FEF8,
    0x00A00079, 0xFFD40046, 0x0050FFFD, 0x004000F6, 0x00530034, 0xFF39FF84, 0x0057FFD8, 0x007F0014, 0x002B00CB, 0xFFA1FFB9, 0x00D40038,
    0xFF91006F, 0x00B8FF87, 0x00D500FF, 0x005A0083, 0xFF530000, 0xFFF5FF45, 0xFFB5003D, 0x00A2FF9F, 0x001D00CA, 0xFFB5FF6C, 0xFF910036,
    0xFF4FFEDB, 0xFFBB002E, 0x003DFF6D, 0x00550076, 0x000D0029, 0xFFA1FFD9, 0xFEF5FF60, 0xFF7DFEFE, 0x003EFFF8, 0xFFA6FFA8, 0x00BF0015,
    0xFFC3008D, 0x0027FF44, 0xFFC90048, 0xFF4EFF2B, 0x008CFF8E, 0x00360112, 0xFFBA003C, 0xFE13FEBF, 0x0140FFF3, 0x001E0143, 0x0075FFE5,
    0x00CC0128, 0x005C00B1, 0xFFFF001F, 0xFFE6FFCB, 0xFFE80047, 0x0079FFE1, 0x000500F0, 0x007B0060, 0xFFF8FFEF, 0x01020074, 0x0025010A,
    0xFFB0FF53, 0xFFE10083, 0x00C20036, 0xFF570096, 0xFF93FF1D, 0xFFE8001E, 0xFFBD0066, 0xFEEBFEA4, 0xFF92FFB5, 0x007CFF50, 0xFFDD000D,
    0xFF570091, 0xFFC8FF5D, 0xFE0CFFE9, 0xFF82FEB5, 0xFEF0FF2A, 0xFFB6FEFC, 0xFFBDFF87, 0x0081004C, 0xFE5AFE54, 0x02910074, 0x003C0141,
    0x0071FFB2, 0x01E00087, 0xFFD50117, 0x007EFD86, 0x00BE00A2, 0x0110FFE9, 0x0022002A, 0xFFCDFF8E, 0x02DB00C9, 0xFF460031, 0x0011FE8A,
    0x003EFF27, 0xFFF50001, 0x015BFEE9, 0xFF6600E9, 0xFF58FDC1, 0xFAA7FCB2, 0xFB84FBC1, 0xF8B9FA1C, 0xF5CAF72D, 0xE920F10A, 0xE60FE1F7,
    0xEA3AEB1B, 0xD4F6E343, 0xF67FDEA0, 0x234310C6, 0xED8B16BC, 0x0008C5E7, 0x273126EA, 0x33D71D3E, 0xCE7B12E8, 0xD866B4E3, 0xDEECEDB6,
    0xCA20B334, 0x32A802DF, 0x15AA1FA2, 0x358121E7, 0xF6B62791, 0xC154CFB7, 0xD9A6C5B3, 0x3C8F086B, 0x36D44AEE, 0x185B2080, 0x3F57297D,
    0x395F46CD, 0x1CD7240A, 0x36E12589, 0x2DBA3FA9, 0xF0DA0E9A, 0xE96DE654, 0x1510FAD4, 0x36AF2B9D, 0x3BBE3B46, 0x23003524, 0xE8AF073B,
    0xCB82D362, 0xCBD4C999, 0xE268D408, 0xFB13F137, 0xF7EAFDFD, 0xD936EBD6, 0xC50BCB23, 0xC5F5C524, 0xC17EC32C, 0xC2F7C0AA, 0xC642C456,
    0xC59CC62C, 0xCBB8C5A1, 0xE18BD629, 0xE8F8E79B, 0xE936E955, 0xE3E9E737, 0xE304E252, 0xEED6E739, 0x03FFF963, 0x174B101C, 0x1D4B1B80,
    0x1D1B1EFF, 0x1B321A88, 0x1EA91BEA, 0x269621EF, 0x2E382AA8, 0x311230A3, 0x31C031FD, 0x306330E7, 0x30633068, 0x3040305E, 0x2B7D2E38,
    0x24C22848, 0x1D922085, 0x180D1AB3, 0x17671799, 0x12291564, 0x0C831064, 0x024E06A7, 0xF6E3FCCB, 0xEFABF1A3, 0xEC16EDBF, 0xE956EB1B,
    0xE636E89D, 0xE199E3EF, 0xDD01DFB0, 0xDA6BDAA5, 0xD960D924, 0xD9A2D969, 0xDAA7D9C3, 0xD9B7DB2B, 0xDD83DB6E, 0xE0C6DF73, 0xE657E339,
    0xEAA5E866, 0xECE1EAAD, 0xF154EFA5, 0xF72EF382, 0xFBD1FAFB, 0x0295FEFE, 0x085A054E, 0x0C660A9A, 0x0FD50D6D, 0x134C11D4, 0x17791554,
    0x1A7A19C3, 0x1D791B71, 0x1CD61D97, 0x1ECA1DF7, 0x1C641D1C, 0x1CD51D85, 0x1C6C1C45, 0x19921B2B, 0x177D18B3, 0x135414B8, 0x0FEE1219,
    0x0B2A0D76, 0x09A80AED, 0x03BC06D2, 0x00A10235, 0xFCB8FE10, 0xF815FA4D, 0xF594F6C3, 0xF20BF38D, 0xEFB4F1AF, 0xEC86EDEE, 0xEB48EBD7,
    0xE90EEA28, 0xEA39E8D3, 0xE983EA28, 0xE9A4E97F, 0xEA1DE9AA, 0xEBF8EB61, 0xEE5DED33, 0xEF7CEEE3, 0xF292F0C6, 0xF5CFF3FF, 0xF842F6EE,
    0xFABEF9C9, 0xFF11FC85, 0x01B50121, 0x04D0032E, 0x073A057E, 0x0A8D093A, 0x0C670B46, 0x0D3E0CF1, 0x0F740E92, 0x107C1009, 0x11B8112E,
    0x112E11BC, 0x114F1093, 0x117011D4, 0x104610BF, 0x0E4F0F7E, 0x0C990D84, 0x0B370BEA, 0x084B0A01, 0x06BD073A, 0x04BB05AF, 0x028903BD,
    0xFF2400DE, 0xFC7AFD7C, 0xFB8EFC84, 0xF8C5F9EB, 0xF73DF827, 0xF5F5F654, 0xF421F504, 0xF321F37A, 0xF2F6F303, 0xF25AF2EB, 0xF201F20F,
    0xF2CDF257, 0xF309F2DB, 0xF42FF370, 0xF5F3F4F0, 0xF709F6CE, 0xF818F768, 0xF96AF8D9, 0xFB9EFA5C, 0xFDA8FCB5, 0xFFC1FE90, 0x015100BB,
    0x02CA01E8, 0x047E03BD, 0x0611055C, 0x079806C8, 0x08610819, 0x09A708E3, 0x098A09C6, 0x09D80993, 0x0A440A34, 0x0A6D0A52, 0x0A090A77,
    0x08ED0945, 0x085608B6, 0x071D07AC, 0x065A06C6, 0x04CE05BB, 0x03A00426, 0x021002EA, 0x008E0141, 0xFF3CFFD3, 0xFE49FEAB, 0xFD6FFE0A,
    0xFB9BFC60, 0xFAC3FB51, 0xF98FFA15, 0xF8F8F944, 0xF8D3F8D1, 0xF8AAF8B0, 0xF85DF88D, 0xF80DF811, 0xF86BF855, 0xF880F879, 0xF92FF8D0,
    0xFA57F9BA, 0xFB0BFAB2, 0xFB6DFB2F, 0xFC46FBBF, 0xFDACFD04, 0xFE8EFE37, 0xFFA9FF0F, 0x00D70048, 0x01A20144, 0x023301E9, 0x02F20279,
    0x041F0389, 0x04AE0486, 0x04F804D7, 0x050604FF, 0x05760549, 0x056D0576, 0x05700561, 0x05B90597, 0x05440589, 0x048E04FC, 0x03D4041F,
    0x038803B7, 0x02AF0328, 0x02370266, 0x018001EB, 0x008C0107, 0xFF900001, 0xFEE1FF23, 0xFE7FFEBF, 0xFDAAFE16, 0xFD4BFD81, 0xFCB5FD03,
    0xFC41FC78, 0xFBCEFBF1, 0xFBCDFBB8, 0xFBD9FBE4, 0xFBA5FBBD, 0xFB97FBB0, 0xFBD2FB99, 0xFC18FC06, 0xFC6DFC30, 0xFCFAFCA7, 0xFD93FD53,
    0xFE03FDCA, 0xFE37FE20, 0xFEFFFE87, 0xFFABFF6B, 0x003EFFEF, 0x00D70092, 0x0164011A, 0x0198017E, 0x01F101BA, 0x02750235, 0x02DA02B2,
    0x030602FE, 0x03200313, 0x0322031D, 0x02FD0316, 0x02FE02EF, 0x02EC02FC, 0x02DB02F5, 0x02530293, 0x0210022D, 0x01B001E6, 0x015E0184,
    0x00E9012E, 0x008300AB, 0x00120055, 0xFF89FFC3, 0xFF3EFF64, 0xFEE1FF0D, 0xFEB1FECA, 0xFE32FE7C, 0xFE06FE14, 0xFDC3FDE2, 0xFD9EFDAD,
    0xFDA6FD9B, 0xFDA1FD9D, 0xFD9DFDAD, 0xFDA2FD8E, 0xFDC5FDC5, 0xFDF5FDDE, 0xFE2FFE02, 0xFE7FFE5B, 0xFEC4FE95, 0xFEEDFEDF, 0xFF45FF1D,
    0xFF8EFF69, 0xFFE9FFC3, 0x00350009, 0x00780055, 0x00AE008D, 0x00FA00D7, 0x0113010C, 0x01410129, 0x016D015A, 0x0171016F, 0x0183017F,
    0x0179017B, 0x018F0186, 0x016B017F, 0x0150015A, 0x013D0148, 0x01090128, 0x00DF00F5, 0x00B700CB, 0x0087009C, 0x00640078, 0x00310043,
    0xFFF4001E, 0xFFCDFFD6, 0xFFA5FFBB, 0xFF82FF98, 0xFF63FF68, 0xFF4AFF63, 0xFF30FF35, 0xFF1BFF2A, 0xFF0EFF0F, 0xFF03FF07, 0xFEFCFEF9,
    0xFF08FF09, 0xFF06FF04, 0xFF0FFF14, 0xFF1FFF12, 0xFF32FF23, 0xFF4EFF46, 0xFF5AFF46, 0xFF78FF6B, 0xFF9BFF8D, 0xFFAFFFAB, 0xFFC5FFBD,
    0xFFF8FFE0, 0x000CFFF9, 0x0023001C, 0x00300020, 0x003E003B, 0x00650057, 0x006B006C, 0x007A0079, 0x00900079, 0x0089008E, 0x007A007C,
    0x0085007D, 0x007B008D, 0x0081007D, 0x006F0078, 0x00720073, 0x00590061, 0x0044004B, 0x00430041, 0x0029003E, 0x001E0023, 0xFFFB0010,
    0x0004FFFC, 0xFFE8FFF5, 0xFFDBFFE3, 0xFFC6FFCB, 0xFFB9FFC0, 0xFFADFFB8, 0xFFA8FFAB, 0xFF9DFFA5, 0xFF9AFF97, 0xFFA1FF9A, 0xFF82FF91,
    0xFF9CFF8D, 0xFF9CFF9C, 0xFFA7FFAC, 0xFFA9FFA7, 0xFFACFFA7, 0xFFBEFFB8, 0xFFC9FFB3, 0xFFD2FFD7, 0xFFE0FFD7, 0xFFE9FFEB, 0xFFECFFF0,
    0xFFFCFFF1, 0x0001FFFA, 0x000C0003, 0x00180010, 0x00130018, 0x0020001E, 0x002A0027, 0x00330034, 0x0032002D, 0x002A002F, 0x003D002A,
    0x00390042, 0x0042003C, 0x003A0042, 0x003D003B, 0x00400040, 0x003C0041, 0x0032002F, 0x002F0032, 0x003D0033, 0x00280034, 0x0021002B,
    0x0026001C, 0x001C0027, 0x0014001D, 0x00090002, 0x0000000D, 0xFFFDFFF5, 0xFFEEFFF9, 0xFFE1FFE8, 0xFFE3FFE5, 0xFFCCFFD9, 0xFFB1FFC0,
    0xFFCBFFB7, 0xFFB2FFBE, 0xFFB4FFB6, 0xFF9EFF9F, 0xFFAAFFB0, 0xFFABFFA8, 0xFF9FFFA6, 0xFFB6FFA7, 0xFFB7FFB7, 0xFFC7FFBF, 0xFFBCFFC1,
    0xFFDBFFC8, 0xFFE4FFE0, 0xFFF8FFF1, 0xFFFAFFF8, 0x00130007, 0x00130018, 0x00200017, 0x00290020, 0x00360031, 0x003C0037, 0x0035003B,
    0x004A0044, 0x0034003D, 0x003E0039, 0x00330038, 0x003B0036, 0x00270038, 0x002B001E, 0x0020002F, 0x0013000F, 0x000E0015, 0x0009000F,
    0xFFFD0002, 0xFFECFFFD, 0xFFF8FFE7, 0xFFEBFFF6, 0xFFE9FFDD, 0xFFE4FFEE, 0xFFE1FFDE, 0xFFDEFFEB, 0xFFDCFFDF, 0xFFDBFFD6, 0xFFE7FFE7,
    0xFFE1FFD4, 0xFFEDFFE6, 0xFFE9FFE8, 0xFFF6FFF7, 0xFFFDFFFF, 0x000A000D, 0x000D0009, 0x000A0002, 0x0014000C, 0x00050003, 0x000C000E,
    0x000E0016, 0x00120013, 0x0010001C, 0x00070000, 0x00010000, 0x00080003, 0xFFF2FFF6, 0xFFF6FFFA, 0xFFFCFFFB, 0xFFE6FFF9, 0xFFE7FFEB,
    0xFFF1FFE6, 0xFFE7FFE9, 0xFFF3FFE6, 0xFFF5FFEB, 0xFFF40000, 0xFFF6FFF6, 0xFFFA0000, 0x00070005, 0x00070000, 0x000D0006, 0x00120009,
    0x000F0013, 0x000E0010, 0x001C001C, 0x00120017, 0x00160016, 0x00100010, 0x00170012, 0x00110013, 0x0019000E, 0x0016001D, 0x000B0010,
    0x00110011, 0x00100016, 0x000D000D, 0x000A000D, 0x00120007, 0x00120012, 0x00170012, 0x000B000F, 0x001B0019, 0x000C0015, 0x000E0010,
    0x0012000F, 0x00140012, 0x000C000D, 0x0000FFFF, 0x00060003, 0xFFFA0005, 0x0000FFFF, 0x0009000D, 0x000B0005, 0x00000006, 0xFFFDFFFB,
    0x0000FFF5, 0x0007000A, 0x00060005, 0x000F000F, 0x0002000C, 0x000C000A, 0x00080004, 0x00120011, 0x001E000E, 0x000E0015, 0x0009000E,
    0x00040005, 0x000F0015, 0x000F0011, 0x00190011, 0x00140013, 0x000D000B, 0x00050004, 0x0010000D, 0x00090011, 0x0004000F, 0x00010000,
    0x00050007, 0x00050000, 0x0001FFFD, 0x000C0006, 0x00000003, 0xFFF4FFFD, 0xFFFCFFFE, 0x00020002, 0xFFFC0003, 0x0009FFFB, 0x00070002,
    0xFFFF0000, 0x0005FFFA, 0x00060010, 0x000E000E, 0x000A0012, 0x0013000E, 0x0021001B, 0x001E0013, 0x0027001F, 0x002C0024, 0x002C0033,
    0x00230034, 0x001F001D, 0x002D0030, 0x00310025, 0x001A0023, 0x0017000E, 0x000E0012, 0x000F0017, 0x0004000F, 0xFFFD0002, 0x00040000,
    0xFFF7FFFD, 0xFFE2FFE6, 0xFFE1FFDB, 0xFFFDFFEE, 0xFFDDFFF2, 0xFFE1FFE1, 0xFFE8FFE8, 0xFFE4FFE8, 0xFFEAFFEA, 0xFFE8FFDE, 0xFFF5FFF0,
    0xFFEFFFED, 0xFFF3FFEE, 0xFFFAFFFE, 0x00100009, 0x0000000B, 0x00080004, 0x00150007, 0x00150015, 0x00240019, 0x00230020, 0x001C0028,
    0x0024001F, 0x00230028, 0x002A0029, 0x002C0027, 0x00220026, 0x0023001F, 0x00180015, 0x00260024, 0x001B0027, 0x00190018, 0x00110022,
    0x00100006, 0x000C000D, 0x000E0008, 0x000C0006, 0x0000000C, 0xFFFF0000, 0xFFFC0004, 0x00090004, 0x00000007, 0xFFFFFFF7, 0xFFF7FFF8,
    0x0002FFF7, 0x00000002, 0xFFFF0008, 0x00020001, 0xFFFF0003, 0x00140009, 0x00060006, 0x0019000C, 0x00130016, 0x00060009, 0x00170016,
    0x00180018, 0x0020001F, 0x001E0021, 0x001F0019, 0x0018001A, 0x0026001A, 0x001B0020, 0x001C001F, 0x001B001D, 0x000F0019, 0x000E0010,
    0x0015000D, 0x00120016, 0x000E0009, 0x00030006, 0x00070006, 0x000B000D, 0xFFF90003, 0x00040001, 0x00040002, 0x00000001, 0xFFFCFFFC,
    0x000AFFFB, 0x00040010, 0xFFF9FFFD, 0x0000FFFF, 0x00080007, 0x000E000F, 0x00080007, 0x0012000B, 0x0017000F, 0x00120012, 0x00100016,
    0x001C0017, 0x00190021, 0x001E001E, 0x00120013, 0x001E0014, 0x001D0019, 0x00120018, 0x00130016, 0x000C0012, 0x000F0014, 0x0009000B,
    0x000A0006, 0x00090008, 0x000B0004, 0x00030009, 0x00070005, 0x000A000B, 0x0009000F, 0x000D0009, 0x000C000C, 0x000B0008, 0x000B0008,
    0x000F000A, 0x00160018, 0x000D0010, 0x00130014, 0x00170015, 0x00110013, 0x001A0014, 0x001B0018, 0x0018001A, 0x00180016, 0x001B001D,
    0x001C001F, 0x001C001D, 0x00180019, 0x001C001A, 0x00120010, 0x00150015, 0x00170013, 0x0017001C, 0x00100017, 0x000B000A, 0x000F0010,
    0x000C000B, 0x000E000D, 0x000A000A, 0x0009000A, 0x00070009, 0x00060008, 0x000A0009, 0x000B000D, 0x000E000D, 0x00030007, 0x000C0005,
    0x000B000C, 0x000C000C, 0x00130011, 0x00140016, 0x00140014, 0x00150015, 0x00140012, 0x001B0019, 0x00170016, 0x0018001A, 0x001B0019,
    0x001B001F, 0x00180018, 0x001C001A, 0x001F001E, 0x001D001E, 0x001B0018, 0x001F001F, 0x001A001C, 0x0020001D, 0x001C0021, 0x001A001A,
    0x001C001C, 0x001B001B, 0x001A001A, 0x00170016, 0x00170017, 0x00170018, 0x00120015, 0x00110013, 0x00130012, 0x000E000F, 0x000A000D,
    0x000B0007, 0x0008000A, 0x0006000A, 0x00090007, 0x0006000A, 0x00090008, 0x00090007, 0x000A000A, 0x00060008, 0x000C0008, 0x000C000F,
    0x0010000E, 0x00130012, 0x00120014, 0x00130010, 0x00140013, 0x00160013, 0x00140017, 0x00180016, 0x00130017, 0x001C0019, 0x00150018,
    0x00180014, 0x00170018, 0x00160015, 0x00160017, 0x00180018, 0x00160019, 0x00180015, 0x00150018, 0x00160013, 0x00140014, 0x00170016,
    0x00110014, 0x00180015, 0x00150018, 0x00150015, 0x00150013, 0x00170017, 0x00160016, 0x00140016, 0x00170014, 0x00150017, 0x00170015,
    0x00160017, 0x00160014, 0x00130016, 0x00130012, 0x00130012, 0x00120012, 0x00160013, 0x00130015, 0x00130012, 0x00120014, 0x00140012,
    0x00120014, 0x00120011, 0x00120013, 0x00110010, 0x00120012, 0x00120011, 0x00100012, 0x00130010, 0x00120014, 0x0010000F, 0x00130012,
    0x00140013, 0x00140013, 0x00150015, 0x00180016, 0x00150017, 0x00180018, 0x001A0018, 0x00150019, 0x00190017, 0x001A0019, 0x0017001A,
    0x001A0019, 0x001A0018, 0x00140019, 0x00180015, 0x00160016, 0x00140016, 0x00150012, 0x00160017, 0x00180017, 0x00150016, 0x00170016,
    0x00170016, 0x00140016, 0x00130012, 0x00140016, 0x00120012, 0x00120011, 0x00150016, 0x00150014, 0x00130014, 0x00160015, 0x00110014,
    0x00180014, 0x00150017, 0x00150016, 0x00170015, 0x00130016, 0x00170014, 0x00150017, 0x00130012, 0x00190018, 0x00170017, 0x00160017,
    0x00180018, 0x00160016, 0x00170019, 0x00140014, 0x00170016, 0x00130014, 0x00150015, 0x00150014, 0x00160015, 0x00150017, 0x00150014,
    0x00140015, 0x00120013, 0x00160013, 0x00120015, 0x00140012, 0x00160015, 0x00180018, 0x00150016, 0x00140015, 0x00110011, 0x00110012,
    0x00150011, 0x00140015, 0x00170016, 0x00150015, 0x00160016, 0x00180016, 0x00130017, 0x00170015, 0x00160017, 0x00190018, 0x00170018,
    0x001B0019, 0x00170019, 0x00170016, 0x00180018, 0x00180017, 0x0018001A, 0x001A0017, 0x0019001C, 0x001B0018, 0x001A001B, 0x0017001A,
    0x00170016, 0x00170017, 0x00150016, 0x001B0018, 0x00150019, 0x00160014, 0x00150016, 0x00130014, 0x00150013, 0x00110013, 0x00150013,
    0x00120014, 0x00150013, 0x00100012, 0x00180013, 0x00150017, 0x00100012, 0x00110012, 0x00140011, 0x00140016, 0x00130012, 0x00150014,
    0x00150016, 0x00140015, 0x00150012, 0x00180019, 0x00140015, 0x00180014, 0x001A001A, 0x001A001C, 0x00160016, 0x001A0019, 0x0018001A,
    0x001A0019, 0x00170017, 0x0018001A, 0x00180015, 0x0017001A, 0x001C0018, 0x0019001A, 0x001C001C, 0x00180019, 0x00170017, 0x00180019,
    0x00170016, 0x00150018, 0x00170014, 0x00180019, 0x001B0018, 0x0017001B, 0x00190017, 0x00130016, 0x00170016, 0x00180016, 0x00140017,
    0x00140014, 0x00140013, 0x00160016, 0x00120015, 0x00140012, 0x00160014, 0x00100015, 0x00140010, 0x00120013, 0x00120013, 0x000F000F,
    0x00110010, 0x00150013, 0x00140014, 0x00110013, 0x00180013, 0x00170019, 0x00180016, 0x00140018, 0x00150013, 0x00140014, 0x00150014,
    0x00170016, 0x00190016, 0x0019001D, 0x001A0018, 0x0019001A, 0x00170018, 0x00180017, 0x00170018, 0x00180017, 0x00170018, 0x001A0018,
    0x0017001A, 0x001A0017, 0x001B001D, 0x00150017, 0x00180016, 0x00180018, 0x00170018, 0x00150016, 0x00130013, 0x00180016, 0x00130014,
    0x00140015, 0x00180015, 0x00150016, 0x00170017, 0x00190018, 0x00180018, 0x001C001B, 0x0018001B, 0x00150015, 0x00170015, 0x001A0019,
    0x00120017, 0x001A0015, 0x00160019, 0x00160016, 0x001A0017, 0x00160019, 0x00150015, 0x00190017, 0x0019001A, 0x00190018, 0x00180019,
    0x001B0019, 0x0018001B, 0x001A0018, 0x0018001A, 0x001B0019, 0x001A001B, 0x001A001A, 0x00160018, 0x00190017, 0x00180018, 0x001A001A,
    0x00160018, 0x00150014, 0x00180017, 0x001A0019, 0x00190019, 0x00150018, 0x00160016, 0x00150014, 0x00170017, 0x00150015, 0x00140014,
    0x00170015, 0x00130015, 0x00170016, 0x00120013, 0x00140014, 0x00160014, 0x00160016, 0x00140014, 0x00180017, 0x00140016, 0x001A0016,
    0x0019001B, 0x00190018, 0x001D001C, 0x0018001B, 0x001A0018, 0x001A001A, 0x001E001C, 0x001F001D, 0x001B0020, 0x00170017, 0x001D001B,
    0x00140017, 0x001B001A, 0x00190018, 0x0018001B, 0x001C0019, 0x001B001B, 0x001A001B, 0x001E001C, 0x001A001C, 0x00180019, 0x001A0019,
    0x00140018, 0x00140012, 0x00120014, 0x00130012, 0x00120012, 0x00110012, 0x00140013, 0x000C0010, 0x0013000F, 0x00130012, 0x00120015,
    0x00110010, 0x00110011, 0x000F0011, 0x0011000F, 0x00130012, 0x00120013, 0x00150014, 0x00140014, 0x00150014, 0x00180018, 0x00140015,
    0x00160016, 0x00120014, 0x00140012, 0x00150016, 0x00110011, 0x00170016, 0x00140014, 0x00140015, 0x001D0019, 0x00140019, 0x00160016,
    0x00140014, 0x00180016, 0x0018001A, 0x00160015, 0x00170016, 0x00170018, 0x00160015, 0x00190018, 0x00150017, 0x00180017, 0x00160017,
    0x00160017, 0x00160016, 0x00140015, 0x00160015, 0x00160015, 0x00180018, 0x00160016, 0x00150015, 0x00160016, 0x00170016, 0x00140016,
    0x00170015, 0x00100014, 0x00120011, 0x00130011, 0x00170015, 0x00140015, 0x00150015, 0x00190016, 0x00140018, 0x00170013, 0x00120016,
    0x00180014, 0x00160018, 0x00190017, 0x00180018, 0x00180019, 0x00190017, 0x0019001B, 0x00180018, 0x00190019, 0x00170018, 0x00170016,
    0x001B001A, 0x001A001A, 0x001A0018, 0x0018001C, 0x001C0017, 0x0017001B, 0x00180016, 0x00170018, 0x00160017, 0x00150014, 0x00170017,
    0x00170017, 0x00190017, 0x00130019, 0x00170011, 0x0017001A, 0x00140014, 0x00190016, 0x00180019, 0x00170017, 0x00160017, 0x00150015,
    0x00150016, 0x00190017, 0x00180017, 0x00160019, 0x00150012, 0x0018001A, 0x00150015, 0x00160016, 0x00190018, 0x00190019, 0x00170019,
    0x001A0018, 0x0019001A, 0x00170018, 0x00170016, 0x00190017, 0x0016001A, 0x00150013, 0x00150016, 0x00180016, 0x00190019, 0x00150018,
    0x00160015, 0x00150016, 0x00130013, 0x00160016, 0x00110013, 0x0011000F, 0x00130013, 0x00140013, 0x00150015, 0x00110014, 0x0011000E,
    0x00130014, 0x00130012, 0x00110013, 0x00100010, 0x00120010, 0x00150014, 0x00100012, 0x00110010, 0x00100012, 0x000F000F, 0x00100010,
    0x000C000F, 0x000F000C, 0x00100010, 0x000E0010, 0x000F000E, 0x00110010, 0x00140012, 0x00100014, 0x0011000F, 0x00110012, 0x00110011,
    0x00120011, 0x00130013, 0x00140014, 0x00120013, 0x00120011, 0x00150014, 0x00180016, 0x00110015, 0x00180014, 0x00130016, 0x00170014,
    0x00140016, 0x001A0017, 0x00170018, 0x00180018, 0x00180018, 0x00130016, 0x00170015, 0x00150017, 0x00150014, 0x00150015, 0x00150016,
    0x00130013, 0x000F0013, 0x0013000E, 0x00140017, 0x00110010, 0x00140013, 0x00110012, 0x00130013, 0x000C000D, 0x0010000E, 0x000E000F,
    0x000F000D, 0x00150012, 0x00110014, 0x0010000F, 0x00120012, 0x00170013, 0x00120017, 0x00130012, 0x00150012, 0x00180018, 0x00160017,
    0x00160015, 0x00180018, 0x00180018, 0x00150017, 0x001D0018, 0x00130018, 0x00190015, 0x00140017, 0x00150014, 0x00190017, 0x0019001A,
    0x00180019, 0x00180017, 0x001B001B, 0x00190019, 0x0019001A, 0x00160016, 0x00180018, 0x00150015, 0x00130016, 0x00140011, 0x00130015,
    0x00140012, 0x00160016, 0x00140014, 0x00110013, 0x00190015, 0x00140016, 0x00160017, 0x00150015, 0x00120013, 0x00160015, 0x00110014,
    0x00140012, 0x00150015, 0x00140016, 0x00130014, 0x00120013, 0x00110011, 0x00120011, 0x00120013, 0x00110010, 0x00140011, 0x00150017,
    0x00150012, 0x00150016, 0x00120014, 0x000F0011, 0x00110011, 0x00120010, 0x00110014, 0x00150012, 0x00130014, 0x00150014, 0x00130014,
    0x00120015, 0x0010000E, 0x00110013, 0x000D000F, 0x0011000E, 0x00140012, 0x000F0013, 0x0014000F, 0x00100014, 0x000C000C, 0x00150011,
    0x000F0012, 0x00130010, 0x00110013, 0x00150012, 0x00130016, 0x000D000E, 0x0012000F, 0x000E0010, 0x000E000E, 0x00100010, 0x00130010,
    0x000E0013, 0x0010000D, 0x00130012, 0x00130014, 0x00140013, 0x00140013, 0x00140015, 0x00140013, 0x00130014, 0x00140012, 0x00120014,
    0x00160013, 0x00150017, 0x00160015, 0x00140015, 0x00150015, 0x00180014, 0x0016001A, 0x00130015, 0x00140011, 0x00160017, 0x00170017,
    0x00150015, 0x00140017, 0x00100010, 0x00130012, 0x00150014, 0x00130014, 0x00130012, 0x00110013, 0x00100011, 0x0012000F, 0x00140014,
    0x00140014, 0x00130014, 0x00120012, 0x00100011, 0x00120011, 0x00130011, 0x00140015, 0x00140013, 0x00130014, 0x00160014, 0x00150015,
    0x00180017, 0x00150017, 0x00160016, 0x00160014, 0x0018001A, 0x00160015, 0x00150015, 0x00130015, 0x00140012, 0x00180017, 0x00130014,
    0x00190017, 0x00150016, 0x00170016, 0x00160016, 0x00160016, 0x00160017, 0x00150013, 0x00170017, 0x00160016, 0x00160017, 0x00160015,
    0x00140016, 0x00180016, 0x00140016, 0x00170015, 0x00140016, 0x00130013, 0x00120014, 0x00120010, 0x00170016, 0x00130015, 0x00120011,
    0x00110011, 0x00100011, 0x00110011, 0x0011000F, 0x000D0012, 0x0012000D, 0x000F0012, 0x000D000E, 0x00130010, 0x000E0011, 0x000F000D,
    0x00110011, 0x000E000F, 0x000F000F, 0x000D000D, 0x00110010, 0x000C000F, 0x0010000C, 0x000E0011, 0x0011000F, 0x00110012, 0x000E000F,
    0x00120010, 0x000D0011, 0x000F000C, 0x00110010, 0x00100012, 0x00110010, 0x00110010, 0x00100011, 0x00120012, 0x00130011, 0x00110013,
    0x000F000F, 0x00120011, 0x00120011, 0x00120012, 0x00100010, 0x00130013, 0x00120011, 0x00120013, 0x00120013, 0x00110011, 0x00120011,
    0x00110011, 0x00110011, 0x00110011, 0x00100010, 0x00100011, 0x000F000E, 0x00110011, 0x00130011, 0x00150014, 0x00110014, 0x00130011,
    0x00120012, 0x00140014, 0x00130013, 0x00150014, 0x00110013, 0x00130013, 0x000F0011, 0x0011000F, 0x00150014, 0x00140014, 0x00130013,
    0x00140013, 0x00130013, 0x00130013, 0x00140012, 0x00140014, 0x00130015, 0x00130011, 0x00140016, 0x00110011, 0x00130013, 0x00120012,
    0x00140013, 0x00130014, 0x00110011, 0x00130012, 0x00120013, 0x00140013, 0x00130013, 0x00150015, 0x00130014, 0x00150014, 0x00170015,
    0x00180019, 0x00100013, 0x00150013, 0x00130014, 0x00140013, 0x00140014, 0x00120013, 0x00150013, 0x00120015, 0x00150014, 0x00130012,
    0x00140016, 0x000F0012, 0x00140011, 0x00120013, 0x00140013, 0x00130013, 0x00130014, 0x00130013, 0x00100012, 0x00110010, 0x00150013,
    0x00110014, 0x00130010, 0x00130014, 0x00110012, 0x000F0010, 0x00130011, 0x000E0010, 0x000E000F, 0x000F000D, 0x0010000F, 0x00100011,
    0x00110011, 0x000C000D, 0x000F000F, 0x000F000F, 0x0011000F, 0x00100012, 0x00110011, 0x000C000D, 0x000F000E, 0x000F000F, 0x00110010,
    0x000D0010, 0x0012000F, 0x000F0011, 0x0011000F, 0x00100012, 0x00100010, 0x000D000F, 0x000F000E, 0x0010000E, 0x000E0011, 0x000D000C,
    0x000C000E, 0x000F000C, 0x00100011, 0x000D000E, 0x0011000F, 0x00100010, 0x00110012, 0x000B000C, 0x0011000E, 0x00100011, 0x00100010,
    0x00130011, 0x00110012, 0x00120013, 0x0010000F, 0x00110011, 0x000E0010, 0x00140010, 0x000F0012, 0x0011000F, 0x00120013, 0x00110011,
    0x00130011, 0x00110014, 0x0011000E, 0x00130012, 0x00150016, 0x00150012, 0x00120015, 0x00140014, 0x00150013, 0x00130016, 0x00100011,
    0x00140012, 0x00160015, 0x00140015, 0x00120013, 0x00150012, 0x00170016, 0x00150016, 0x00130013, 0x00150013, 0x00160017, 0x00170016,
    0x00130015, 0x00160015, 0x00100013, 0x00110011, 0x00120010, 0x00140013, 0x00150017, 0x00170014, 0x00120017, 0x00140010, 0x00130014,
    0x00190016, 0x00150017, 0x00170015, 0x001A001A, 0x00150017, 0x00170018, 0x00140013, 0x00160017, 0x00190017, 0x00170019, 0x00160016,
    0x00180018, 0x00180019, 0x00150015, 0x00170016, 0x00170017, 0x00170017, 0x00170018, 0x00170016, 0x00160017, 0x00170017, 0x00170016,
    0x00170017, 0x00180018, 0x00150016, 0x00140015, 0x00130012, 0x00130015, 0x00110012, 0x00140012, 0x00140016, 0x00110012, 0x00150012,
    0x00150018, 0x00170014, 0x00140018, 0x00110011, 0x00120011, 0x00140014, 0x00150015, 0x00150015, 0x00140015, 0x00130013, 0x00130012,
    0x00110013, 0x00130014, 0x0011000F, 0x00110014, 0x0011000F, 0x00120013, 0x0010000F, 0x00140013, 0x00130013, 0x00110013, 0x00130011,
    0x000F0011, 0x000F000E, 0x00130013, 0x00110011, 0x00110011, 0x00140014, 0x000D0010, 0x000D000C, 0x000F0010, 0x000D000D, 0x00150011,
    0x000E0012, 0x0010000F, 0x000E000E, 0x00110010, 0x000E000F, 0x00110010, 0x00100010, 0x00120011, 0x00140011, 0x00130017, 0x0011000F,
    0x000D000F, 0x0010000F, 0x0010000F, 0x00120010, 0x00150014, 0x00130015, 0x00130013, 0x00110011, 0x00140013, 0x00130013, 0x00140015,
    0x00140013, 0x00130012, 0x00130015, 0x00150013, 0x00110013, 0x00130013, 0x00120012, 0x00160014, 0x00140014, 0x00140014, 0x00140014,
    0x00100013, 0x0012000F, 0x00150016, 0x00130011, 0x00120015, 0x00160012, 0x00160017, 0x00140015, 0x00170016, 0x00120014, 0x00150013,
    0x00140015, 0x00140015, 0x00170015, 0x00150015, 0x00170017, 0x00160017, 0x00160016, 0x00180016, 0x00160018, 0x00140014, 0x00150015,
    0x00190017, 0x00140017, 0x001A0018, 0x00150017, 0x00160015, 0x0019001A, 0x00140014, 0x00160016, 0x00160015, 0x00180019, 0x00160014,
    0x0019001B, 0x00180016, 0x0018001B, 0x00170017, 0x00170016, 0x00180018, 0x00190019, 0x00150016, 0x00130014, 0x00160015, 0x00150016,
    0x00130013, 0x00160015, 0x00150017, 0x00150014, 0x00140015, 0x00140014, 0x00140015, 0x00150014, 0x00120013, 0x00150015, 0x00110011,
    0x00140014, 0x00140013, 0x00130014, 0x00150013, 0x00150015, 0x00120014, 0x00140012, 0x00120013, 0x00130013, 0x00100011, 0x00150013,
    0x00110012, 0x00120013, 0x00130012, 0x00130013, 0x00100011, 0x00110011, 0x00110011, 0x00130012, 0x000F0011, 0x00110011, 0x00100010,
    0x00100010, 0x00110011, 0x000F0011, 0x000F000F, 0x0010000F, 0x000D000F, 0x00110010, 0x000F0010, 0x00120010, 0x000E000F, 0x00140012,
    0x000F0011, 0x00110011, 0x00100010, 0x000F000E, 0x000F0011, 0x0013000F, 0x00110014, 0x0011000F, 0x00110012, 0x00130011, 0x00120013,
    0x00130013, 0x00130012, 0x00130014, 0x00110011, 0x00140013, 0x00120012, 0x00160014, 0x00120014, 0x00130011, 0x00120013, 0x00110011,
    0x00120011, 0x00110012, 0x00110011, 0x00130012, 0x00130013, 0x00110012, 0x00110011, 0x00130012, 0x00130013, 0x00140014, 0x00130015,
    0x00130011, 0x00150015, 0x00140013, 0x00160015, 0x00140017, 0x00150013, 0x00170017, 0x00150015, 0x00170017, 0x00160016, 0x00190016,
    0x0019001A, 0x00180019, 0x00190018, 0x0019001A, 0x00180018, 0x00190019, 0x00180018, 0x00190019, 0x00180018, 0x00190018, 0x0019001A,
    0x00180016, 0x001B001B, 0x00180019, 0x001B001A, 0x00170018, 0x00170017, 0x001A0018, 0x00170018, 0x001B0018, 0x001B001C, 0x00170017,
    0x00180018, 0x00170017, 0x00190017, 0x00170018, 0x00190019, 0x00180018, 0x00190019, 0x00180018, 0x00170018, 0x00160017, 0x00170016,
    0x00150016, 0x00160016, 0x00170016, 0x00170017, 0x00130016, 0x00140013, 0x00150015, 0x00130015, 0x00160015, 0x00140015, 0x00130013,
    0x00140015, 0x00130012, 0x00120012, 0x00110012, 0x00150013, 0x00130013, 0x00130013, 0x00130013, 0x00120012, 0x00120012, 0x00130011,
    0x00110013, 0x00110011, 0x00110011, 0x00130012, 0x00110013, 0x00110012, 0x00110011, 0x00110010, 0x00100013, 0x00130011, 0x00120013,
    0x00100011, 0x00100010, 0x00110011, 0x00130011, 0x00130014, 0x000F0011, 0x00120011, 0x000D000F, 0x0011000F, 0x000F0010, 0x00110011,
    0x00100010, 0x000F000E, 0x000F000F, 0x00120011, 0x0010000F, 0x00130012, 0x00110012, 0x00120011, 0x000F0012, 0x0011000F, 0x00110012,
    0x00100010, 0x00140014, 0x00110011, 0x00110011, 0x00100010, 0x00120011, 0x00120012, 0x00110011, 0x00130013, 0x00110011, 0x00110011,
    0x00110011, 0x00110011, 0x00120011, 0x00120011, 0x00130012, 0x00110013, 0x00130011, 0x00110013, 0x00110011, 0x00140013, 0x00130013,
    0x00130013, 0x00130014, 0x00140012, 0x00160015, 0x00150016, 0x00150014, 0x00140015, 0x00140013, 0x00150015, 0x00170016, 0x00160016,
    0x00190017, 0x00150018, 0x00170015, 0x00170017, 0x00180017, 0x00170018, 0x00170016, 0x00170018, 0x00190017, 0x00150018, 0x00160015,
    0x00190019, 0x00170017, 0x00180017, 0x00180019, 0x00160016, 0x00150015, 0x00150017, 0x00170014, 0x00150017, 0x00150014, 0x00150015,
    0x00150016, 0x00150015, 0x00160015, 0x00110013, 0x00130012, 0x00130013, 0x00140013, 0x00110014, 0x00140012, 0x00120013, 0x00120011,
    0x00110012, 0x00120012, 0x00110012, 0x00110011, 0x00110011, 0x00100011, 0x000F0010, 0x00120010, 0x00100011, 0x000F0010, 0x00100010,
    0x000F000F, 0x000E000F, 0x000E000D, 0x000F0010, 0x000F000E, 0x000E0010, 0x0010000E, 0x000D000F, 0x000B000C, 0x000E000C, 0x000E000E,
    0x000E000D, 0x000E000E, 0x000E000E, 0x000C000C, 0x000C000C, 0x000E000E, 0x000E000D, 0x000E000E, 0x000D000E, 0x000D000D, 0x000D000E,
    0x000D000C, 0x00100010, 0x000C000D, 0x000C000C, 0x000C000C, 0x000A000A, 0x000C000C, 0x000C000B, 0x000D000D, 0x000B000D, 0x000C000B,
    0x000D000D, 0x000A000B, 0x000C000B, 0x000B000C, 0x000C000C, 0x000C000C, 0x000C000D, 0x000C000C, 0x000C000C, 0x000B000C, 0x000C000B,
    0x000C000C, 0x000C000D, 0x000B000B, 0x000C000C, 0x000A000B, 0x000B000A, 0x000C000D, 0x000C000B, 0x000C000C, 0x000B000C, 0x000C000B,
    0x000C000D, 0x000C000B, 0x000D000D, 0x000E000E, 0x000D000E, 0x000E000C, 0x000D000E, 0x000E000F, 0x0010000E, 0x000E000F, 0x000F0010,
    0x000F000E, 0x0010000F, 0x00100010, 0x00110011, 0x000F0010, 0x000F0010, 0x0011000F, 0x00120011, 0x00110011, 0x00120012, 0x00120011,
    0x00120012, 0x00110012, 0x00120011, 0x00110011, 0x00110012, 0x00140012, 0x00140014, 0x00120013, 0x00120011, 0x00110012, 0x00120013,
    0x00130011, 0x00110012, 0x00130012, 0x00130013, 0x00120012, 0x00130012, 0x00110012, 0x00130012, 0x00140013, 0x00140014, 0x00140013,
    0x00120014, 0x00120012, 0x00130012, 0x00120014, 0x00110012, 0x00110011, 0x00110010, 0x00100012, 0x00100010, 0x0010000F, 0x00100010,
    0x000F0010, 0x000F000F, 0x0010000F, 0x000E0010, 0x000D000E, 0x000E000E, 0x000D000D, 0x000E000E, 0x000E000D, 0x000C000E, 0x000C000B,
    0x000C000B, 0x000C000C, 0x000C000C, 0x000A000A, 0x000A000A, 0x0009000A, 0x000A0009, 0x000A0009, 0x0009000A, 0x000A000A, 0x000A0009,
    0x0008000A, 0x000A0009, 0x0009000A, 0x000A000A, 0x00090009, 0x000A000A, 0x00090009, 0x000A0009, 0x00090009, 0x00080009, 0x00070007,
    0x00080008, 0x00070007, 0x00070007, 0x00070007, 0x00080008, 0x00080008, 0x00070007, 0x00070008, 0x00070007, 0x00070007, 0x00070007,
    0x00070007, 0x00080007, 0x00070007, 0x00070007, 0x00070007, 0x00080007, 0x00060007, 0x00070006, 0x00070007, 0x00070008, 0x00080007,
    0x00070007, 0x00070008, 0x00050005, 0x00070006, 0x00070007, 0x00070007, 0x000A0009, 0x00070008, 0x00070007, 0x00070007, 0x00070007,
    0x00090009, 0x00090009, 0x00090009, 0x00090009, 0x00090009, 0x000B000B, 0x00090009, 0x000B000C, 0x000B000A, 0x0009000B, 0x000B0009,
    0x000B000B, 0x000B000B, 0x000C000B, 0x000B000B, 0x000D000D, 0x000D000C, 0x000D000E, 0x000E000D, 0x000D000D, 0x000D000D, 0x000D000D,
    0x000F000D, 0x000F000F, 0x000F000F, 0x000E000F, 0x000E000E, 0x000F000F, 0x000F000F, 0x000E000F, 0x000E000D, 0x000F000F, 0x000F000F,
    0x000F000F, 0x000F000F, 0x000E000F, 0x000E000E, 0x000F000F, 0x000F000F, 0x000F000E, 0x000E000F, 0x000D000D, 0x000D000D, 0x000F000D,
    0x000D000F, 0x000F000E, 0x000D000E, 0x000D000D, 0x000D000D, 0x000D000D, 0x000D000D, 0x000D000D, 0x000D000C, 0x000B000D, 0x000B000B,
    0x000B000B, 0x000C000C, 0x000C000B, 0x000B000D, 0x000B000B, 0x000B000B, 0x000B000C, 0x000B000B, 0x000B000B, 0x0009000B, 0x000A0009,
    0x00090009, 0x000A0009, 0x0009000A, 0x00090009, 0x000A0009, 0x00090009, 0x00090009, 0x00090009, 0x00090009, 0x000A0009, 0x00080009,
    0x00090008, 0x00090009, 0x00090009, 0x00090009, 0x00070008, 0x00070007, 0x00070007, 0x00070007, 0x00090009, 0x00070008, 0x00070007,
    0x00070008, 0x00090008, 0x00090008, 0x00070008, 0x00070007, 0x00070007, 0x00070007, 0x00070007, 0x00070007, 0x00070007, 0x00070007,
    0x00060007, 0x00070007, 0x00070007, 0x00070007, 0x00050006, 0x00050005, 0x00060005, 0x00050005, 0x00070007, 0x00050005, 0x00050005,
    0x00050005, 0x00050005, 0x00060006, 0x00060005, 0x00050005, 0x00050005, 0x00050005, 0x00060005, 0x00050005, 0x00050005, 0x00050005,
    0x00050005, 0x00050007, 0x00070005, 0x00070008, 0x00070007, 0x00050007, 0x00070005, 0x00070007, 0x00090007, 0x00090009, 0x00070008,
    0x00080007, 0x00070006, 0x00090009, 0x00090009, 0x00090009, 0x00090009, 0x00090009, 0x00090009, 0x000B0009, 0x000B000B, 0x000B000B,
    0x000A000B, 0x00090009, 0x000B0009, 0x0009000B, 0x000A0009, 0x00090009, 0x00090009, 0x000A000A, 0x000B000B, 0x000B000B, 0x000A000A,
    0x00090009, 0x0009000A, 0x000B0009, 0x000B000B, 0x000B000B, 0x000B000B, 0x00090009, 0x000A0009, 0x000B000B, 0x000B000B, 0x000B000B,
    0x0009000A, 0x000A0009, 0x00090009, 0x000A0009, 0x000A000B, 0x00090009, 0x00090009, 0x00070009, 0x00090008, 0x00090009, 0x00090009,
    0x00090009, 0x00070007, 0x00080008, 0x00090008, 0x000A0009, 0x00080009, 0x00070007, 0x00070007, 0x00060008, 0x00090008, 0x00070008,
    0x00090008, 0x00070006, 0x00070007, 0x00060007, 0x0008000A, 0x00070007, 0x00060008, 0x00060005, 0x00070007, 0x00080005, 0x00070008,
    0x00080007, 0x00050007, 0x00080008, 0x00090006, 0x0007000A, 0x000B0007, 0x00060007, 0x00070008, 0x00080006, 0x00060007, 0x000A0009,
    0x00060007, 0x00070009, 0x00040006, 0x00080006, 0x00080006, 0x00090009, 0x00090006, 0x00030007, 0x00050005, 0x00030008, 0x00090008,
    0x00050006, 0x000A0005, 0x00050002, 0x00060005, 0x00020004, 0x0004000B, 0x00030006, 0x00030008, 0x0008FFFF, 0x00030002, 0x000C0000,
    0x00000007, 0x00020006, 0xFFFC0005, 0x00040007, 0x0005FFFF, 0x000A0008, 0x0009FFFA, 0xFFFD0006, 0x000B0000, 0xFFF9000B, 0x0007000F,
    0x0008FFFE, 0x0005000B, 0x0010FFFC, 0x0003FFFD, 0x00030009, 0x00010009, 0x0004000B, 0xFFFD0009, 0x000D0004, 0x0009FFFC, 0xFFFE000F,
    0x000C0003, 0xFFF30008, 0x000B0012, 0x00080000, 0x0006000D, 0x0010FFFA, 0x0002000C, 0x001AFFFC, 0x0000000B, 0x001C0000, 0xFFFD0000,
    0x00110016, 0xFFFE0009, 0x00080018, 0xFFFDFFF4, 0x000D0014, 0x001CFFF0, 0xFFDB0027, 0x00200008, 0xFFD60001, 0x0021002A, 0x0023FFE3,
    0xFFFC0003, 0x001FFFF3, 0x00030009, 0x00090009, 0xFFF40023, 0x004CFFEF, 0xFFDFFFF2, 0x003B0034, 0xFFF8FFCD, 0xFFB90052, 0x00420014,
    0xFFCF0015, 0x0014000F, 0x0021FFFF, 0x000F000E, 0xFFD10012, 0x001D0015, 0xFFFBFFDB, 0x00180032, 0x005CFFD7, 0xFFD4FFF0, 0x002F0005,
    0x000AFFF5, 0xFFF90036, 0xFFF0FFF2, 0x0000FFEE, 0x0017001B, 0x00150000, 0xFFF30005, 0x000F000A, 0xFFE4FFE9, 0x001A0040, 0x0003000A,
    0xFFF10007, 0x003F0013, 0x00090028, 0xFFF5FFC2, 0xFFB20054, 0x00540000, 0xFF820032, 0x006B0066, 0x001AFF49, 0x00040058, 0x0089FF9E,
    0xFF940006, 0x000FFFF8, 0x000B0028, 0x006EFFCD, 0xFF81FFD2, 0x00AD0030, 0xFF61FF6F, 0xFF99016C, 0x00A2FFAE, 0xFF1B00CF, 0x00F00006,
    0xFFE2FFA5, 0x00120000, 0xFFF60002, 0x005E003D, 0xFF98FF97, 0x00870057, 0x00E3FEEB, 0xFF400051, 0x00C8FF9F, 0xFF3AFFE0, 0xFFFC00EB,
    0x0003FFC7, 0xFFB80062, 0xFFECFF9A, 0x002F007C, 0xFFF20002, 0xFF87003D, 0x00AA001A, 0xFFF0001E, 0x002A0021, 0xFFE3FFC9, 0x000F000D,
    0x0028FFFD, 0x0030004F, 0xFFEBFFB6, 0xFFABFFC0, 0xFFF9004E, 0x008B0013, 0xFF69FF9F, 0x00B90002, 0x00D6FF07, 0xFF2B00BA, 0x00940009,
    0xFEDDFFE6, 0xFFA50085, 0x009FFFAF, 0x005F003D, 0xFECDFF90, 0x00A600FF, 0xFFADFFA4, 0xFE94021C, 0x0256FEA3, 0xFEFAFF53, 0x01EA008D,
    0x0020FDFE, 0xFF1900DB, 0x0030000F, 0x0091005D, 0x0018FF68, 0xFFC20086, 0x01ACFE7A, 0xFCB20109, 0x015D0233, 0xFE12FE9B, 0xFF940257,
    0x0263FEB3, 0xFF59FFF7, 0xFFAEFF87, 0xFFEE005F, 0x0042FF80, 0xFF3B0153, 0x02BEFEEE, 0xFF01FDF9, 0x01410160, 0x0087FEF8, 0xFDF6011F,
    0x00470033, 0x00A5FFFA, 0xFFBDFFBF, 0x00D60053, 0xFF91FEB0, 0xFF7600A3, 0x00ACFF6D, 0xFFA500C9, 0x0057FF51, 0xFFC800A4, 0x00360053,
    0xFF82FFAD, 0x00500099, 0xFFB6FFEC, 0x005F010E, 0xFE3DFEFD, 0x010202BB, 0x00FCFD87, 0xFF660225, 0x037AFD6B, 0xFE20FE5B, 0x02090169,
    0xFF3AFE91, 0xFEB10156, 0x00A7002D, 0xFE9CFFD1, 0x0129001E, 0xFE9B00D1, 0x0004FF14, 0xFFD9005F, 0x002F0073, 0x004CFF9F, 0x00770111,
    0xFE88FF5F, 0x01530142, 0x006BFF77, 0xFFF100D8, 0x0107FEAD, 0xFFD80050, 0xFF870072, 0x008900D4, 0xFFBDFEAE, 0x001F0098, 0x0359FF23,
    0xFDBAFF42, 0x018000AD, 0xFF0BFE11, 0xFEBC0305, 0x027CFF97, 0xFCE002D6, 0x023F003B, 0xFF6EFF45, 0x01390345, 0x01CFFAFA, 0xFDFB01CA,
    0x01F0FCA1, 0xFDBEFFB7, 0xFFF50266, 0xFE16FDCD, 0xFFA80374, 0x001A0078, 0xFDD00050, 0x00B5004D, 0xFD20FEC9, 0xF9CAFB0F, 0xF573FA6B,
    0xF48BF40E, 0xEAA0F444, 0xF9F9F238, 0xEB98F371, 0xDE06E27E, 0xFE18E882, 0x034906EC, 0xDA4CFE3E, 0x1699F4E4, 0xD9B404C5, 0x0758EF4B,
    0xE64FDA80, 0xDC18EA0B, 0xECE2C432, 0x23AE1338, 0xF22B1A19, 0xDA45DBCD, 0x2F0BEA8B, 0x05FC3333, 0x035BE703, 0xD218F091, 0xE39AF68F,
    0xF8F8DEB7, 0x090B2B7A, 0xD4DAE3BB, 0x0D4FDA89, 0x417135F9, 0x011927EC, 0x0D31F66F, 0x2C862DDA, 0x2FC22B27, 0x2FE7297A, 0x1A902C35,
    0x07F402A7, 0x315E1CBD, 0x08A42B97, 0xD1D7E489, 0xEEEEDA20, 0xEDBEF8F7, 0xCB85DB56, 0xD57ECD1A, 0xCC9CD0A3, 0xE0D3D3BC, 0xF230E76A,
    0xD6E8EC1E, 0xF399DD1B, 0x1A510B08, 0x13A91FC8, 0x161C0CC4, 0x2BF72190, 0x2EEC30D7, 0x2CEE2D43, 0x25B12B0E, 0x11F61989, 0x1AD21336,
    0x0F81193D, 0xECE4FECB, 0xECB5EB40, 0xEC1BEDC9, 0xDA79E1B6, 0xDBA8D858, 0xD62DD4EB, 0xDAA9D945, 0xEA3AE2C6, 0xED76ED73, 0xF49FEDE1,
    0x0AECFF7E, 0x13FA0E9B, 0x122C15EE, 0x21EC1B1C, 0x21AB2449, 0x243C2506, 0x221C2301, 0x16F71D6C, 0x12641303, 0x0B5112DB, 0xFD0501F7,
    0xF01BF538, 0xEE47EF05, 0xE50FE8DC, 0xDF68E337, 0xE1B2E376, 0xE31DDE4D, 0xE873E5BE, 0xF413ECA3, 0xF4CFF046, 0x01F7FE24, 0x0A9A05E0,
    0x10F00E31, 0x179612B4, 0x1B121C50, 0x1C7B190F, 0x15D21FF7, 0x18831A1E, 0x0D271067, 0x0B9310D5, 0x02C400E4, 0xF802FD3F, 0xF244F532,
    0xED0BF0A8, 0xE937E8D2, 0xE746E9D9, 0xEC18E427, 0xEA0EE855, 0xF141F16C, 0xF628F0A8, 0xFA16FEA9, 0x073101C2, 0x0A460761, 0x11FD1003,
    0x14E41071, 0x15DF156F, 0x156116F8, 0x12DB13CB, 0x0DCE1188, 0x0A1C0CB0, 0x03560591, 0xFD6F014F, 0xF850F8F5, 0xF20EF491, 0xF0A2F198,
    0xED33ED90, 0xEC98EF0E, 0xF008ED98, 0xF139F0AF, 0xF818F51C, 0xFCE3F84D, 0x00E5FFCE, 0x07EE03ED, 0x0AA7099E, 0x0F2B0E91, 0x11401056,
    0x10F2110A, 0x100B10EA, 0x0F180D97, 0x081E0BD6, 0x05490743, 0xFF300134, 0xF9BCFFEC, 0xF7BEF7A6, 0xF1C4F4C0, 0xF1A2F1C5, 0xF073EEDC,
    0xF0F1F1BF, 0xF180F10D, 0xF7C7F53A, 0xFADBF80F, 0xFFD8FE9C, 0x0607FFC5, 0x07420835, 0x0D470A95, 0x0DDA0DAF, 0x0F0F0FD1, 0x0EB80E4F,
    0x0E170E72, 0x08460B18, 0x059A07FE, 0x0218030B, 0xFBC40028, 0xF92AF974, 0xF4FEF5F3, 0xF2B5F411, 0xF20BF1FB, 0xF151F1E9, 0xF26FF231,
    0xF73EF495, 0xFA68F927, 0xFDE7FC2E, 0x0220FFD7, 0x079B04E9, 0x0A4A08C0, 0x0CCA0BB6, 0x0DD20CAD, 0x0DC80E72, 0x0D450DAB, 0x09BF0BFE,
    0x069507FD, 0x026904A9, 0xFF7A00EF, 0xF9AAFCB8, 0xF6C3F8A1, 0xF49DF4EF, 0xF32EF457, 0xF33DF27F, 0xF3D4F32A, 0xF614F4D1, 0xF978F79C,
    0xFD09FB18, 0x0090FF07, 0x04960266, 0x08160694, 0x0A7009D7, 0x0B6F0B1B, 0x0C120BF7, 0x0BAB0C24, 0x09EC0AA3, 0x06C00842, 0x03C10501,
    0x004101CD, 0xFCAEFE99, 0xF976FAFE, 0xF6F5F847, 0xF5D2F65F, 0xF556F59D, 0xF5AAF573, 0xF725F653, 0xF9B9F859, 0xFC73FB14, 0xFF93FDC5,
    0x029A0115, 0x058F03F7, 0x079B06A6, 0x0947088C, 0x09A90978, 0x095209A4, 0x082208DD, 0x0616075E, 0x03C20538, 0x01120298, 0xFE58FFB7,
    0xFBE4FCE8, 0xF9D5FAAA, 0xF827F8AD, 0xF768F7A6, 0xF7A4F746, 0xF867F804, 0xFA35F932, 0xFC21FB2B, 0xFEC2FDA3, 0x01460014, 0x039602A2,
    0x05B104C6, 0x074E0667, 0x081007CC, 0x084F081C, 0x075107B3, 0x061A06D1, 0x041E051C, 0x01B00301, 0xFF3E008B, 0xFD09FE1E, 0xFAEDFBE4,
    0xF965FA43, 0xF893F8DA, 0xF837F887, 0xF8FFF898, 0xFA02F948, 0xFBCAFACA, 0xFDFEFC98, 0x0021FEF5, 0x02620144, 0x047C0378, 0x05FD0563,
    0x06F906B6, 0x075A0748, 0x06D60753, 0x06070694, 0x046E0535, 0x0290038A, 0x00860169, 0xFE65FF66, 0xFC64FD48, 0xFAD5FB8B, 0xF9BAFA21,
    0xF934F974, 0xF96BF949, 0xFA2BF9C3, 0xFB97FAF4, 0xFD61FC67, 0xFF4AFE62, 0x0147003E, 0x03210241, 0x04BB03F9, 0x05CD0540, 0x0665061F,
    0x065E0654, 0x05C30620, 0x04AC054D, 0x030B03EF, 0x0152024C, 0xFF66005C, 0xFD9FFEA5, 0xFC16FCCA, 0xFAEDFB80, 0xFA62FA8F, 0xFA32FA10,
    0xFA9BFA46, 0xFB82FAED, 0xFCBDFC15, 0xFE5EFD98, 0x0014FF47, 0x01D70101, 0x0353029B, 0x0490040F, 0x055F04F3, 0x05820593, 0x05690585,
    0x048904FD, 0x03890425, 0x01FF02B1, 0x007E0146, 0xFED1FF84, 0xFD4EFE1B, 0xFC1EFCA5, 0xFB40FBAE, 0xFAF0FB23, 0xFB13FADF, 0xFBA1FB50,
    0xFCB4FC2A, 0xFDE9FD44, 0xFF6BFEB5, 0x00F9002A, 0x027901AB, 0x039202F5, 0x0464040E, 0x04C9049A, 0x04BD04F3, 0x044A049B, 0x035F03DD,
    0x024702DE, 0x00E30191, 0xFF6E0025, 0xFE2DFECB, 0xFCF9FD76, 0xFC19FC92, 0xFBB8FBD2, 0xFB80FB99, 0xFC14FBD7, 0xFCC8FC40, 0xFDC4FD41,
    0xFF15FE56, 0x0050FFAF, 0x018C0101, 0x02A1023C, 0x03A00312, 0x03FF03EC, 0x044D042C, 0x03DE0407, 0x035C03C8, 0x028202EA, 0x015A01F2,
    0x002E00C4, 0xFF04FF8D, 0xFDE9FE76, 0xFD0FFD7C, 0xFC7CFCBC, 0xFC53FC5B, 0xFC67FC49, 0xFCD3FC95, 0xFDA2FD32, 0xFE7BFE0D, 0xFF9BFF1C,
    0x00BF0025, 0x01C00146, 0x02AF0242, 0x034702F9, 0x038E0363, 0x03A403B0, 0x034C0363, 0x02860300, 0x01DC0243, 0x00BC014D, 0xFFC70064,
    0xFED4FF45, 0xFDDFFE4E, 0xFD4CFD8F, 0xFCEAFD00, 0xFCBBFCC4, 0xFCF2FCD5, 0xFD80FD23, 0xFE1EFDD0, 0xFF21FEA5, 0x0009FF77, 0x010200A2,
    0x01F70172, 0x027F0246, 0x031302EB, 0x032A0326, 0x03180338, 0x02A402DC, 0x02160260, 0x012A017B, 0x003F00D3, 0xFF55FFA0, 0xFE5FFEF8,
    0xFDDBFE09, 0xFD3EFD8B, 0xFD29FD2F, 0xFD23FD28, 0xFD93FD67, 0xFE27FDDE, 0xFEF4FE8D, 0xFFC7FF43, 0x00AF0026, 0x016200FA, 0x021801C9,
    0x026A0249, 0x02B102A4, 0x02A602AF, 0x02580291, 0x01E20214, 0x011C01A5, 0x009C00CC, 0xFF9E0035, 0xFF2DFF60, 0xFE61FEAA, 0xFE1EFE49,
    0xFDC9FDCE, 0xFDCDFDCC, 0xFE02FDC2, 0xFE52FE3C, 0xFEECFE83, 0xFF53FF3E, 0x002FFFD3, 0x00AB006C, 0x0142011C, 0x01BF016D, 0x01F001DB,
    0x021A0204, 0x01FB01F9, 0x01B001D1, 0x0145017A, 0x00D0010A, 0x002F0084, 0xFFAE0001, 0xFF3FFF74, 0xFEBDFF08, 0xFE85FEAE, 0xFE66FE60,
    0xFE57FE6C, 0xFEADFE6C, 0xFECFFEAD, 0xFF49FF06, 0xFFB6FF6F, 0x0033FFF9, 0x00A00069, 0x011100DF, 0x01570131, 0x0185017F, 0x0196019C,
    0x01790198, 0x01490178, 0x01080129, 0x009E00CD, 0x0039005B, 0xFFC2FFE7, 0xFF54FF81, 0xFEF1FF16, 0xFEBDFEE6, 0xFE97FEA4, 0xFE90FEAB,
    0xFECFFEA6, 0xFEF7FEED, 0xFF6FFF32, 0xFFC2FF96, 0x00460002, 0x00A7006C, 0x011900E0, 0x0147011D, 0x018E0179, 0x0189017D, 0x016A018E,
    0x0154015A, 0x00E5012C, 0x008D00C6, 0x001B0056, 0xFFB9FFFC, 0xFF50FF78, 0xFF10FF31, 0xFECBFEDA, 0xFEBAFEC0, 0xFECDFEB9, 0xFED8FEC6,
    0xFF32FEF7, 0xFF80FF54, 0xFFD1FFA6, 0x0038001D, 0x009D007C, 0x00F200D5, 0x01370117, 0x015F0142, 0x015A014B, 0x01410155, 0x01220134,
    0x00C400E9, 0x007A00B7, 0x002B0033, 0xFFB4FFFE, 0xFF80FFA3, 0xFF1DFF47, 0xFF0CFF1E, 0xFEF3FEFE, 0xFF01FEF3, 0xFF06FEFF, 0xFF57FF39,
    0xFF9AFF61, 0xFFE5FFD1, 0x0048FFFD, 0x007F0063, 0x00E300B0, 0x010400F6, 0x011B011C, 0x0128012C, 0x011D0126, 0x00F2011D, 0x00C400D2,
    0x0064008F, 0x00300052, 0xFFD1FFEA, 0xFF73FFAE, 0xFF49FF57, 0xFF1EFF24, 0xFF00FF18, 0xFF0BFF04, 0xFF1AFF0F, 0xFF4AFF44, 0xFFB3FF7B,
    0xFFD9FFB2, 0x00410013, 0x008A0054, 0x00BF00B5, 0x00FE00F1, 0x01290115, 0x0120011F, 0x01310129, 0x00F200F8, 0x00AA00E8, 0x0078008D,
    0x00090050, 0xFFD7FFF4, 0xFF77FF9C, 0xFF41FF5B, 0xFF0EFF1F, 0xFF11FF1A, 0xFEFEFEF3, 0xFF38FF2C, 0xFF6FFF3A, 0xFFA5FF97, 0x000DFFD5,
    0x004B002C, 0x00A7007F, 0x00E900C6, 0x01140106, 0x01210114, 0x012D0130, 0x01000112, 0x00D200ED, 0x007D00B4, 0x003D0060, 0xFFE30011,
    0xFF9DFFC7, 0xFF66FF6A, 0xFF2AFF4F, 0xFF1CFF0F, 0xFF1CFF22, 0xFF48FF25, 0xFF58FF57, 0xFFB1FF84, 0xFFDFFFC4, 0x003C0025, 0x008B0054,
    0x00B400AC, 0x00F700C6, 0x00FF0107, 0x01080100, 0x00E00102, 0x00D700DD, 0x0084009D, 0x00550078, 0x00010017, 0xFFC5FFF2, 0xFF92FFB0,
    0xFF61FF80, 0xFF57FF53, 0xFF4EFF5D, 0xFF63FF4E, 0xFF7AFF73, 0xFFBEFF98, 0xFFE1FFC6, 0x0037FFFF, 0x004E003C, 0x00900073, 0x00AA00A1,
    0x00C100C5, 0x00C500C6, 0x00C700CE, 0x009600AB, 0x007E009D, 0x0055005C, 0x00180040, 0x00000000, 0xFFC9FFD1, 0xFFB0FFBC, 0xFF97FFA5,
    0xFF90FF92, 0xFF90FF96, 0xFFBDFFAC, 0xFFC8FFB1, 0xFFE3FFE7, 0x0017FFF5, 0x002A002F, 0x005E004D, 0x006F0064, 0x008D0072, 0x00920087,
    0x00910088, 0x007C0080, 0x0064007A, 0x00560063, 0x002D0047, 0x0014002E, 0x00000009, 0xFFE5FFFC, 0xFFD2FFD9, 0xFFCEFFCD, 0xFFCCFFC4,
    0xFFC9FFC1, 0xFFE2FFD2, 0xFFDEFFD2, 0xFFF3FFF3, 0x001B0000, 0x00120021, 0x003A0032, 0x0041003B, 0x00530056, 0x005E005C, 0x0063005A,
    0x00560060, 0x0063005A, 0x00480051, 0x003B003D, 0x0032002D, 0x001F0023, 0x00020010, 0xFFFF000A, 0xFFE9FFF3, 0xFFE90000, 0xFFF1FFE5,
    0xFFE1FFFA, 0x0000FFE2, 0xFFF5FFFD, 0x0015FFFE, 0x000E0000, 0x0025001C, 0x0026001A, 0x00320033, 0x0038003C, 0x003D0041, 0x00450041,
    0x00450053, 0x003F003C, 0x0036003E, 0x0037003A, 0x002D002D, 0x001C001C, 0x0016001B, 0x000E0000, 0x0002000E, 0x00020000, 0xFFEFFFF5,
    0xFFF70000, 0xFFF3FFF6, 0xFFFBFFFF, 0x00020002, 0x000B0009, 0x001F0010, 0x0021001E, 0x00340027, 0x003E0030, 0x004C0043, 0x004C0047,
    0x004E004B, 0x004C0055, 0x00470053, 0x003A004B, 0x00340039, 0x002B0033, 0x00210019, 0x00000013, 0x0003FFFB, 0xFFE7FFF3, 0xFFECFFF3,
    0xFFE2FFDC, 0xFFE5FFE2, 0xFFEEFFE7, 0xFFF7FFF3, 0xFFFEFFFD, 0x00130015, 0x0032001F, 0x003A003A, 0x0058004A, 0x0058004F, 0x006B0067,
    0x00630063, 0x00680063, 0x00540059, 0x0040004C, 0x0029002E, 0x0015002E, 0x0001000A, 0xFFF20000, 0xFFE6FFE9, 0xFFDBFFE0, 0xFFE3FFDC,
    0xFFDCFFE1, 0xFFEEFFE0, 0xFFFBFFF2, 0x00150002, 0x001C0018, 0x003F0032, 0x00480042, 0x00620062, 0x0064005B, 0x00660067, 0x00640064,
    0x004B005E, 0x00440046, 0x0028003A, 0x001E0025, 0x00000002, 0xFFF00000, 0xFFE7FFE3, 0xFFDEFFE6, 0xFFE0FFDD, 0xFFDAFFDF, 0xFFEEFFE2,
    0xFFF7FFF7, 0x000E0004, 0x00220014, 0x0036002E, 0x004D003D, 0x00570053, 0x0063005C, 0x00650069, 0x005B005F, 0x00530058, 0x0042004C,
    0x002E0038, 0x001C0022, 0x00070016, 0xFFFEFFFC, 0xFFEAFFF7, 0xFFF1FFF0, 0xFFE4FFE4, 0xFFF2FFEE, 0xFFF5FFF1, 0xFFFDFFFA, 0x00090001,
    0x001D0018, 0x002E001F, 0x00360035, 0x00470038, 0x003F0045, 0x004D004D, 0x00460049, 0x0046004A, 0x003C003F, 0x00340032, 0x0022002E,
    0x001D0022, 0x000D0012, 0x000B0016, 0x000C0004, 0x00050005, 0x00030008, 0x000A0000, 0x0009000E, 0x000C000C, 0x0018000F, 0x001A001B,
    0x002A0026, 0x00270026, 0x0030002F, 0x003A0033, 0x0039003A, 0x00350034, 0x00350035, 0x00310030, 0x002B0031, 0x00230025, 0x00180021,
    0x001B001B, 0x000F0014, 0x00120014, 0x000D000B, 0x000E0011, 0x000B000B, 0x0010000D, 0x00140010, 0x00160018, 0x00200015, 0x001D0023,
    0x002A0023, 0x002E002A, 0x00330034, 0x00380035, 0x00340037, 0x00350037, 0x00360037, 0x00300031, 0x002D002E, 0x00270027, 0x001F0021,
    0x001B001E, 0x00140019, 0x00130011, 0x00130017, 0x00110011, 0x000D0010, 0x0011000F, 0x00130012, 0x00190016, 0x001B0019, 0x0020001E,
    0x0021001E, 0x00280027, 0x002A0026, 0x002C002D, 0x002F002E, 0x002F002E, 0x002C002E, 0x0029002C, 0x00270027, 0x00250027, 0x00200023,
    0x001F001E, 0x001A001D, 0x001D001A, 0x00170019, 0x00190018, 0x00180018, 0x00170018, 0x00190018, 0x001E001D, 0x00200020, 0x00250023,
    0x00280025, 0x002A0029, 0x002A002A, 0x002D002B, 0x002A002B, 0x002B002C, 0x0029002A, 0x00270028, 0x00250027, 0x00230025, 0x001F0021,
    0x001B001E, 0x00180019, 0x00160017, 0x00190018, 0x00150016, 0x00180016, 0x001A001B, 0x001C0019, 0x001E001E, 0x0021001F, 0x00280025,
    0x002A002A, 0x002C002B, 0x002F002D, 0x002C002E, 0x002E002D, 0x002C002C, 0x002A002B, 0x0028002A, 0x00250026, 0x00220023, 0x001C0020,
    0x001F001D, 0x001C001F, 0x001D001C, 0x0018001A, 0x001C001B, 0x0019001B, 0x001E001A, 0x001C001E, 0x0021001E, 0x00200020, 0x00280024,
    0x00250028, 0x00250025, 0x00270026, 0x00260026, 0x00240026, 0x00230022, 0x00200023, 0x001F001F, 0x001E001F, 0x001E001D, 0x001A001C,
    0x001A0019, 0x001B001B, 0x001B001B, 0x001C001B, 0x001B001B, 0x001D001D, 0x001F001D, 0x00200020, 0x00250023, 0x00280026, 0x00290028,
    0x00270029, 0x00260026, 0x00280026, 0x00250027, 0x00260026, 0x00220024, 0x00220020, 0x00240024, 0x001F0022, 0x001F001E, 0x001E001D,
    0x001E001F, 0x001D001E, 0x001B001A, 0x001F001E, 0x001A001B, 0x0021001F, 0x0020001F, 0x00230022, 0x00250024, 0x00230024, 0x00280025,
    0x00250026, 0x00270027, 0x00260027, 0x00220023, 0x00250025, 0x00230024, 0x00210022, 0x00220022, 0x001D001F, 0x001E001F, 0x001C001C,
    0x001D001E, 0x0020001C, 0x001E0021, 0x001D001D, 0x001F001D, 0x001F0020, 0x0022001F, 0x00250024, 0x00220024, 0x00230021, 0x00210024,
    0x0021001F, 0x00230023, 0x00210021, 0x001F001F, 0x001E0021, 0x001D001B, 0x001C001E, 0x001C001C, 0x0019001A, 0x00190019, 0x00180019,
    0x001C0019, 0x001C001D, 0x001E001E, 0x001F001D, 0x001F0020, 0x001E001F, 0x0022001E, 0x00250025, 0x00220022, 0x00270026, 0x00250026,
    0x00230023, 0x00260025, 0x00270027, 0x00260026, 0x00220024, 0x00200021, 0x00200021, 0x001D001D, 0x00200020, 0x001E001E, 0x001C001E,
    0x001D001B, 0x001F001E, 0x001E001F, 0x001B001C, 0x0022001D, 0x00200021, 0x00220022, 0x00220020, 0x00220023, 0x00240023, 0x00250025,
    0x00250025, 0x00230023, 0x00240025, 0x00220023, 0x001F0021, 0x001E001F, 0x0021001E, 0x001E0021, 0x001F001E, 0x001B001D, 0x001E001E,
    0x001C001C, 0x001B001C, 0x001B001B, 0x001E001D, 0x001C001C, 0x001D001E, 0x0023001D, 0x001F0023, 0x00220020, 0x001F0021, 0x001F001F,
    0x00210021, 0x001E001F, 0x00220020, 0x001D0020, 0x0020001E, 0x00200020, 0x001E0020, 0x001C001C, 0x001B001C, 0x001C001B, 0x001F001C,
    0x001D0020, 0x001B001B, 0x001F001D, 0x001D001F, 0x0022001F, 0x00200021, 0x00220021, 0x00220023, 0x00210021, 0x00240022, 0x00230024,
    0x00220023, 0x00220022, 0x001C0020, 0x001E001B, 0x001F0021, 0x001C001E, 0x001D001A, 0x001D001E, 0x0017001B, 0x001B0016, 0x0019001A,
    0x001D001D, 0x001B001A, 0x001F001E, 0x001C001D, 0x001D001C, 0x001B001D, 0x001F001D, 0x001C001D, 0x001A001B, 0x001B001B, 0x001D001B,
    0x001C001C, 0x001B001E, 0x001B0019, 0x001C001D, 0x00190019, 0x001E001D, 0x001B001D, 0x00170019, 0x00180017, 0x00180018, 0x0019001B,
    0x00180017, 0x001B0019, 0x0016001A, 0x001C0017, 0x0017001A, 0x00190018, 0x00190017, 0x001A001A, 0x001A0019, 0x001B001C, 0x00170017,
    0x001A001B, 0x001A0019, 0x001B001B, 0x0019001A, 0x001B0019, 0x001B001C, 0x00190019, 0x001B001A, 0x00170019, 0x001B0019, 0x001C001B,
    0x001D001D, 0x0018001B, 0x001E0019, 0x001E0021, 0x001D001C, 0x001C001D, 0x001E001D, 0x001F001E, 0x001D001D, 0x001C001E, 0x001E001C,
    0x00200020, 0x001D001E, 0x001F0020, 0x001B001C, 0x001D001C, 0x001D001E, 0x001C001C, 0x001A001C, 0x00190019, 0x001E001B, 0x001C001F,
    0x001C001A, 0x001E001D, 0x001B001E, 0x001D001B, 0x001A001C, 0x001D001B, 0x0019001C, 0x001B0019, 0x001A001B, 0x00180019, 0x00180016,
    0x00170018, 0x001C001A, 0x00150017, 0x001A0017, 0x00160019, 0x00190016, 0x00190019, 0x001A001A, 0x001A0019, 0x0018001A, 0x001A0019,
    0x001D001B, 0x001A001C, 0x001C001B, 0x001C001B, 0x001D001E, 0x001A001A, 0x001B001B, 0x001F001D, 0x001B001D, 0x001E001D, 0x001D001D,
    0x001F001F, 0x001B001D, 0x0020001D, 0x001C001E, 0x001E001E, 0x001B001A, 0x001D001E, 0x00180019, 0x001D001B, 0x0019001A, 0x0018001A,
    0x00180016, 0x00180019, 0x00190018, 0x00160017, 0x00180017, 0x001C001A, 0x0019001C, 0x00160017, 0x00180017, 0x00170016, 0x00190019,
    0x00170017, 0x001A0019, 0x0019001A, 0x00180019, 0x00190019, 0x00150017, 0x00140014, 0x00160014, 0x00140016, 0x00150015, 0x00130013,
    0x00140014, 0x00110014, 0x0012000F, 0x00110013, 0x00160013, 0x00150016, 0x00140015, 0x00140015, 0x00130013, 0x00130015, 0x00150013,
    0x000D0013, 0x0012000D, 0x00150016, 0x00140015, 0x00110012, 0x000F000F, 0x00160013, 0x00180018, 0x00150016, 0x00150016, 0x00120013,
    0x00160014, 0x00170016, 0x00160016, 0x00190019, 0x00190017, 0x0018001A, 0x00180017, 0x00180019, 0x00170016, 0x00140017, 0x001B0016,
    0x0019001A, 0x00190019, 0x001A0019, 0x001C001B, 0x001A001C, 0x001B001A, 0x001B001C, 0x00180018, 0x001A001A, 0x001D001A, 0x0019001D,
    0x001B0019, 0x00170018, 0x001A0018, 0x0018001B, 0x00180016, 0x00180018, 0x00180019, 0x00180018, 0x00180018, 0x00170017, 0x001B0019,
    0x001A001B, 0x001A001A, 0x001A0019, 0x001B001D, 0x00170018, 0x00170016, 0x00160017, 0x00180015, 0x0019001B, 0x00140015, 0x001A0018,
    0x00160016, 0x00170019, 0x00150016, 0x00130013, 0x00180015, 0x00160018, 0x00160017, 0x00170015, 0x00170018, 0x00170015, 0x001B001A,
    0x00160019, 0x00190016, 0x001A001A, 0x00170018, 0x001A001A, 0x001B0019, 0x0017001A, 0x00190017, 0x001A001A, 0x001A001A, 0x00180019,
    0x001B001A, 0x0019001A, 0x00180018, 0x001C0019, 0x001B001C, 0x0019001A, 0x001A0019, 0x0017001A, 0x00170015, 0x00160017, 0x00180018,
    0x00170016, 0x00150016, 0x001A0018, 0x001A001A, 0x00150017, 0x00130014, 0x00140013, 0x00130014, 0x00140013, 0x00140015, 0x00130013,
    0x00140013, 0x00130013, 0x00150013, 0x00190018, 0x00160018, 0x00110013, 0x00120012, 0x00150015, 0x00100012, 0x00140011, 0x00110015,
    0x00130011, 0x00150015, 0x00140014, 0x00150015, 0x00110013, 0x000E000F, 0x0011000F, 0x00110010, 0x000E0010, 0x0012000F, 0x00110011,
    0x00120012, 0x00100010, 0x00110010, 0x00110011, 0x00130011, 0x00120012, 0x00120013, 0x00120011, 0x00120012, 0x00150013, 0x00170017,
    0x00140016, 0x00150013, 0x00170017, 0x00130015, 0x00170013, 0x00170018, 0x00190018, 0x00130016, 0x00150014, 0x00160015, 0x00170017,
    0x00150015, 0x00180017, 0x00190019, 0x00150016, 0x00180017, 0x00170018, 0x001B0018, 0x0019001B, 0x00160017, 0x00190017, 0x0019001B,
    0x00190016, 0x001C001D, 0x0018001A, 0x00160015, 0x00190019, 0x00170018, 0x00160017, 0x00160017, 0x00150015, 0x00170015, 0x0017001A,
    0x00160015, 0x00150015, 0x00150016, 0x00170015, 0x00150015, 0x00150015, 0x00150015, 0x00110013, 0x00130013, 0x00170014, 0x00120015,
    0x00150014, 0x00170015, 0x00150017, 0x00150015, 0x00140013, 0x00150017, 0x00140013, 0x00150015, 0x00150015, 0x00150016, 0x00170016,
    0x00150017, 0x00150015, 0x00150015, 0x00150015, 0x00160017, 0x00150014, 0x00150016, 0x00150015, 0x00150016, 0x00140014, 0x00170016,
    0x00190017, 0x00160018, 0x00160016, 0x00150014, 0x00150017, 0x00140013, 0x00170015, 0x00160018, 0x00150016, 0x00130013, 0x00150015,
    0x00140015, 0x00130013, 0x00150014, 0x00140015, 0x00140013, 0x00130014, 0x00110012, 0x00150014, 0x00120013, 0x00110013, 0x00140011,
    0x00150015, 0x00110013, 0x00130011, 0x00130014, 0x00130012, 0x00120013, 0x00110012, 0x00120011, 0x000F0011, 0x000F0010, 0x000F000E,
    0x000F0010, 0x000F0010, 0x00100010, 0x000D000E, 0x000E000E, 0x000D000E, 0x000B000B, 0x000D000D, 0x000D000C, 0x000E000E, 0x000F000E,
    0x00110011, 0x000E000F, 0x00100010, 0x0011000E, 0x000E0011, 0x00120010, 0x00110011, 0x000E0010, 0x0013000F, 0x00120013, 0x000F0010,
    0x00140012, 0x00130015, 0x00120011, 0x00110012, 0x00150013, 0x00160015, 0x00130015, 0x00140013, 0x00110014, 0x00150013, 0x00140014,
    0x00170017, 0x00150017, 0x00150014, 0x00180017, 0x00150017, 0x00150014, 0x00170016, 0x00130015, 0x00170016, 0x00130016, 0x00140011,
    0x00160017, 0x00140014, 0x00120013, 0x00170015, 0x00150017, 0x00160015, 0x00150017, 0x00170015, 0x00150017, 0x00140014, 0x00110013,
    0x00120011, 0x00140013, 0x00110013, 0x00130011, 0x00110014, 0x00120011, 0x00130013, 0x000F0012, 0x00120011, 0x00130012, 0x00120012,
    0x00140013, 0x00150015, 0x00110012, 0x00140013, 0x00120013, 0x00130012, 0x00130014, 0x00150014, 0x00140014, 0x00130015, 0x00160013,
    0x00110014, 0x00140013, 0x00150014, 0x00160015, 0x00150015, 0x00130015, 0x00150014, 0x00140015, 0x00160015, 0x00130013, 0x00150015,
    0x00110013, 0x00110010, 0x00150013, 0x00130013, 0x00150015, 0x00120012, 0x000F0010, 0x00110010, 0x00130013, 0x00120012, 0x00120012,
    0x00110012, 0x00100010, 0x000F0010, 0x00110011, 0x000F000F, 0x000F0011, 0x0011000F, 0x00100011, 0x00110011, 0x000F000F, 0x000F0010,
    0x000F000D, 0x000C000E, 0x000F000D, 0x000F000F, 0x000D000E, 0x000D000D, 0x000D000D, 0x000E000F, 0x000D000D, 0x000B000D, 0x000C000B,
    0x000F000E, 0x000D000F, 0x000E000C, 0x000D000E, 0x000E000D, 0x000B000E, 0x000E000B, 0x000F000F, 0x000D000E, 0x000F000F, 0x000F000D,
    0x000E0010, 0x0010000F, 0x000F0010, 0x000F000E, 0x000D000F, 0x00130011, 0x000E0010, 0x00120010, 0x00140013, 0x00120013, 0x00120012,
    0x000F0011, 0x00110011, 0x00110010, 0x00110012, 0x00120011, 0x00110011, 0x00140013, 0x00140014, 0x00120012, 0x00130014, 0x00150012,
    0x00150017, 0x00150015, 0x000F0011, 0x00110011, 0x00150013, 0x00100012, 0x000F0011, 0x00150011, 0x00110013, 0x00110011, 0x00120011,
    0x00100011, 0x00110011, 0x00110011, 0x000F0010, 0x00100010, 0x00110010, 0x00100011, 0x0010000F, 0x000E000E, 0x00120010, 0x000F0011,
    0x0010000F, 0x000F0010, 0x000F000F, 0x00100010, 0x000D000E, 0x00110010, 0x000D000E, 0x00130011, 0x00100012, 0x00100010, 0x000E000F,
    0x000F000F, 0x000F000E, 0x000E000F, 0x000F000E, 0x000F000F, 0x00110011, 0x000E000F, 0x000F000F, 0x000F000E, 0x00110011, 0x000E0010,
    0x0012000F, 0x000E0010, 0x0010000F, 0x000D000F, 0x000F000D, 0x00100011, 0x000F000F, 0x000E000F, 0x000D000E, 0x000F000D, 0x000F000F,
    0x000D000F, 0x000F000E, 0x000D000F, 0x000B000D, 0x000D000B, 0x000D000D, 0x000E000F, 0x000A000B, 0x000E000C, 0x000D000D, 0x000C000F,
    0x000B000A, 0x000C000C, 0x000B000C, 0x000C000B, 0x000F000D, 0x000C000F, 0x000D000C, 0x000B000D, 0x000B000A, 0x0008000A, 0x000B0009,
    0x0007000A, 0x00090007, 0x00070009, 0x00070007, 0x00090007, 0x00060007, 0x00080008, 0x00060007, 0x00080005, 0x00070008, 0x00090007,
    0x00060008, 0x00080006, 0x00060007, 0x00060004, 0x00090009, 0x00070007, 0x00090008, 0x00090009, 0x00080009, 0x00080008, 0x00080009,
    0x00060006, 0x00090009, 0x00090009, 0x00090008, 0x00080009, 0x00090007, 0x000B000A, 0x0008000A, 0x00080007, 0x000A000A, 0x00090009,
    0x000B000B, 0x00090009, 0x000A0008, 0x000B000B, 0x000B000C, 0x000B000A, 0x000A000B, 0x000B000B, 0x000D000B, 0x000D000D, 0x000B000D,
    0x000D000A, 0x000E000F, 0x0009000B, 0x000A0009, 0x000B000B, 0x000B000B, 0x000A000B, 0x000B0009, 0x0009000B, 0x000A0009, 0x000B0009,
    0x000B000D, 0x000A000B, 0x00090009, 0x00090009, 0x00080009, 0x00090008, 0x000C000A, 0x000B000C, 0x00090009, 0x00090009, 0x00080009,
    0x00090009, 0x00080008, 0x0009000A, 0x00090009, 0x000B000A, 0x000B000B, 0x000B000B, 0x000A000C, 0x00090009, 0x000B000B, 0x00090009,
    0x0009000A, 0x00090009, 0x000B000B, 0x00090009, 0x00090009, 0x000B0009, 0x000A000B, 0x000A0009, 0x0009000B, 0x00090009, 0x00090009,
    0x00090009, 0x000B000B, 0x0009000A, 0x000B000A, 0x0009000B, 0x00060007, 0x00080007, 0x00080007, 0x00050008, 0x00090006, 0x00070007,
    0x00080009, 0x00080007, 0x00050007, 0x00080007, 0x00070005, 0x00080009, 0x00060007, 0x00070006, 0x00080006, 0x00050008, 0x00060005,
    0x00070007, 0x00080007, 0x00070009, 0x00070005, 0x00060008, 0x00060006, 0x00050005, 0x00030003, 0x00050005, 0x00050004, 0x00050006,
    0x00040005, 0x00030003, 0x00060005, 0x00030003, 0x00060007, 0x00030003, 0x00030004, 0x00030004, 0x00030001, 0x00020003, 0x00030003,
    0x00040004, 0x00040003, 0x00050005, 0x00050005, 0x00050005, 0x00030005, 0x00040003, 0x00040004, 0x00030004, 0x00070004, 0x00070009,
    0x00040005, 0x00080005, 0x00030007, 0x00060003, 0x00060007, 0x00060006, 0x00050005, 0x00060006, 0x00050005, 0x00070005, 0x00070008,
    0x00070007, 0x00070007, 0x00060007, 0x00080007, 0x00070008, 0x00060007, 0x00070007, 0x00090007, 0x00070009, 0x00070007, 0x00050006,
    0x00070006, 0x00070007, 0x00090008, 0x00070009, 0x00080007, 0x00060005, 0x00080009, 0x00070007, 0x00070007, 0x00070005, 0x00050007,
    0x00060005, 0x00070007, 0x00070007, 0x00050006, 0x00070008, 0x00050005, 0x00080007, 0x00070007, 0x00070007, 0x00050006, 0x00050005,
    0x00070006, 0x00050005, 0x00070007, 0x00070007, 0x00040005, 0x00070006, 0x00060007, 0x00050006, 0x00060005, 0x00070007, 0x00050005,
    0x00070006, 0x00070007, 0x00070007, 0x00070007, 0x00050005, 0x00060005, 0x00070008, 0x00050005, 0x00050006, 0x00050005, 0x00060006,
    0x00050005, 0x00070006, 0x00070007, 0x00030006, 0x00040004, 0x00040003, 0x00030003, 0x00030004, 0x00050004, 0x00050005, 0x00070007,
    0x00050005, 0x00050007, 0x00050005, 0x00030003, 0x00040004, 0x00030003, 0x00030004, 0x00050003, 0x00030005, 0x00060005, 0x00050005,
    0x00020003, 0x00050005, 0x00020003, 0x00020002, 0x00040003, 0x00040004, 0x00040003, 0x00030004, 0x00030004, 0x00020003, 0x00020000,
    0x00000001, 0x00030001, 0x00020004, 0x00040001, 0x00010003, 0x00030003, 0x00030002, 0x00030004, 0x00040003, 0x00020003, 0x00030003,
    0x00030003, 0x00030004, 0x00030003, 0x00050004, 0x00040006, 0x00040004, 0x00030004, 0x00030004, 0x00010001, 0x00040004, 0x00050006,
    0x00030002, 0x00050006, 0x00030004, 0x00030003, 0x00060005, 0x00060006, 0x00030005, 0x00030004, 0x00050003, 0x00030004, 0x00050005,
    0x00030003, 0x00030003, 0x00050004, 0x00040004, 0x00050006, 0x00050005, 0x00030003, 0x00040004, 0x00050005, 0x00050005, 0x00050005,
    0x00040005, 0x00040003, 0x00050005, 0x00040005, 0x00040004, 0x00040003, 0x00050005, 0x00050005, 0x00040004, 0x00040005, 0x00050004,
    0x00050005, 0x00040005, 0x00050004, 0x00020003, 0x00030003, 0x00040003, 0x00050005, 0x00030003, 0x00030003, 0x00030002, 0x00030004,
    0x00030003, 0x00030003, 0x00030003, 0x00030003, 0x00050005, 0x00010003, 0x00020001, 0x00020003, 0x00030003, 0x00050003, 0x00020003,
    0x00040003, 0x00030004, 0x00030003, 0x00030002, 0x00040003, 0x00020004, 0x00040003, 0x00020002, 0x00020003, 0x00030002, 0x00010002,
    0x00030002, 0x00030003, 0x00030003, 0x00030003, 0x00030003, 0x00030002, 0x00030002, 0x00020003, 0x00020003, 0x00020001, 0x00030003,
    0x00020002, 0x00030002, 0x00010002, 0x00010000, 0x00020002, 0x00010001, 0x00020001, 0x00000003, 0x00030001, 0x00010002, 0x00020001,
    0x00020004, 0x00010001, 0x00010000, 0x00010002, 0x00010000, 0x00030003, 0x00010001, 0x00000001, 0x00010000, 0x00000001, 0x00020000,
    0x00010001, 0x00000001, 0x00010001, 0x00020001, 0x00010002, 0x00000000, 0x00000001, 0x00010000, 0x00010001, 0x00010001, 0x00030002,
    0x00030003, 0x00020003, 0x00010001, 0x00020002, 0x00010001, 0x00010002, 0x00020001, 0x00030003, 0x00010003, 0x00010001, 0x00020001,
    0x00010001, 0x00000001, 0x00020001, 0x00010003, 0x00010000, 0x00010001, 0x00010001, 0x00010001, 0x00010001, 0x00000001, 0x00010001,
    0x00020001, 0x00010002, 0x00020001, 0x00030003, 0x00030003, 0x00010003, 0x00050003, 0x00030003, 0x00020003, 0x00010003, 0x00030001,
    0x00020003, 0x00020001, 0x00020003, 0x00010001, 0x00010001, 0x00000000, 0x00020001, 0x00020003, 0x00020001, 0x00010003, 0x00020000,
    0x00030003, 0x00030003, 0x00010002, 0x00010000, 0x00000000, 0x00020001, 0x00010002, 0x00020002, 0x00000000, 0x00000001, 0x00010001,
    0x00010000, 0x00010001, 0x00000000, 0x00020003, 0x00010000, 0x00010001, 0x00000001, 0x00010001, 0x00010000, 0x00000000, 0x00010000,
    0x00010001, 0x00000000, 0x00020000, 0x00020003, 0x00000001, 0x00010001, 0x00000000, 0x00010001, 0x00010000, 0x00010001, 0x00000001,
    0x00000000, 0x00000000, 0x00000001, 0x00000001, 0x0000FFFF, 0x00000000, 0x00010001, 0x00010001, 0x00010001, 0x00000001, 0x00030000,
    0x00000001, 0x00010000, 0x00000000, 0x00010000, 0x00010000, 0x00000000, 0x00010000, 0x00000001, 0x00000000, 0x00010000, 0x00010001,
    0x00010001, 0x00000000, 0x00010000, 0x00000001, 0x00010001, 0x00010000, 0x00000001, 0x00000000, 0x00010000, 0x00000000, 0x00000000,
    0x00010001, 0x00000001, 0x00010000, 0x00000001, 0x00010001, 0x00000000, 0x00010001, 0x00010001, 0x00000001, 0x00010000, 0xFFFF0001,
    0x00010000, 0x00010001, 0x00010001, 0x00000001, 0x00010000, 0x00000000, 0x00010001, 0x00000000, 0x00010001, 0x00010001, 0x00000001,
    0x00010001, 0x00000000, 0x00000000, 0x00010001, 0x00000000, 0x00000000, 0x00000000, 0xFFFF0000, 0x00010000, 0x00010000, 0x00010002,
    0x00010001, 0x00000001, 0x00020001, 0x00010002, 0x00010001, 0x00010001, 0x00010001, 0x00010000, 0x00010001, 0x00010001, 0x00000001,
    0x0000FFFE, 0x00010000, 0x00010002, 0x00000001, 0x00000000, 0x00000000, 0x00010000, 0x00000002, 0x00010000, 0x00010001, 0x00000001,
    0x00010000, 0x00010001, 0x00020001, 0x00010002, 0x00000000, 0x00010001, 0x00020001, 0x00010002, 0x00000000, 0x00000000, 0x00000000,
    0x00000000, 0x00000000, 0x00010000, 0x00000001, 0x00000000, 0x00000000, 0x00000000, 0x00020001, 0x00000001, 0x00010000, 0x00030001,
    0x00010003, 0x00000000, 0x00010000, 0x00000000, 0x00000000, 0x00000000, 0x00000000, 0x00010001, 0x00020001, 0x00010001, 0x00000001,
    0x0000FFFF, 0xFFFF0000, 0x00000000, 0x00000000, 0x00000000, 0x0000FFFF, 0x00000000, 0x00000000, 0x00000000, 0x00000000, 0x00010000,
    0x00010001, 0x00000000, 0x00010000, 0x00020001, 0x00000000, 0x00010000, 0x00010001, 0x00020001, 0x00000001, 0x00000000, 0x00000001,
    0x00000000, 0x00000000, 0x00000000, 0x00000000, 0x00000000, 0x00000000, 0x00000000, 0x00000000, 0x00000001, 0xFFFFFFFF, 0x0000FFFF,
    0xFFFF0000, 0x00020000, 0xFFFF0000, 0x00000000, 0x0000FFFF, 0xFFFF0000, 0x0000FFFF, 0x00000000, 0x00000000, 0x00000000, 0x00000000,
    0xFFFF0000, 0x0000FFFF, 0x00000000, 0x00000000, 0x00000000, 0x00000000, 0x00010000, 0x00000000, 0x00010000, 0x00000000, 0x00010000,
    0xFFFF0000, 0x00000000, 0x00000000, 0x00000000, 0x00000000, 0x00000000, 0x00000000, 0x00000000, 0x00000000, 0x00000000, 0x00010000,
    0x00000001, 0x0000FFFF, 0x00000000, 0x00010000, 0x00020002, 0x00020001, 0x00000002, 0x00010000, 0x00000000, 0x00000000, 0x00010000,
    0x00020002, 0x00020002, 0x00010002, 0x00010002, 0x00000000, 0x00000000, 0x00000000, 0x00000000, 0x00000000, 0x00000000, 0x00000000,
    0x00010002, 0x00010000, 0x00010002, 0x00000000, 0x00000000, 0x00000000, 0x00010002, 0x00010000, 0x00000002, 0x00000000, 0x00000000,
    0x00000000, 0x00000000, 0x00000000, 0x00000000, 0x00000000, 0x00000000, 0x00000000, 0x00000000, 0x00000000, 0x00020001, 0x00000000,
    0x00000000, 0x00000000, 0x00000000, 0x00000000, 0x00000000, 0x00000000, 0x00000000, 0x00000000, 0x00000000, 0x00000000, 0x00010002,
    0x00010000, 0x00000002, 0x0000FFFF, 0x00000000, 0x00000000, 0x00000000, 0x00000000, 0x00000000, 0x00000000, 0x00000000, 0x00000000,
    0x00000000, 0x00000000, 0xFFFF0000, 0x00020000, 0x00000001, 0x00000000, 0x00000000, 0x00000000, 0xFFFF0000, 0x00000000, 0x00000000,
    0x00000000, 0x00000000, 0x00000000, 0x00000000, 0x00000000, 0xFFFF0000, 0xFFFFFFFF, 0x0000FFFF, 0x00010000, 0x00000002, 0x0000FFFF,
    0xFFFF0000, 0x00000000, 0xFFFFFFFF, 0x0000FFFF, 0xFFFF0001, 0x0000FFFE, 0x00000000, 0xFFFFFFFF, 0x00000000, 0x00000000, 0x00000000,
    0x00010001, 0x00000000, 0x00000000, 0x00010000, 0x00000002, 0x0000FFFF, 0x00000000, 0xFFFFFFFF, 0x00000000, 0x00000000, 0x00000000,
    0x00000000, 0x00000000, 0xFFFF0000, 0x00020000, 0x00000001, 0x00000000, 0x00000000, 0x00000000, 0x00000000, 0x00000000, 0x00000000,
    0x00020001, 0xFFFF0000, 0x00000000, 0x00000000, 0x00000000, 0xFFFF0000, 0x00000000, 0x00000000, 0x00000000, 0x00000000, 0x00000000,
    0x00000000, 0x00000000, 0x00000000, 0x00000000, 0x00000000, 0x00000000, 0x00000000, 0xFFFFFFFF, 0xFFFF0001, 0x0000FFFF, 0x00000000,
    0x00000000, 0x00000000, 0x00000000, 0x00000000, 0x00000000, 0x00000000, 0x00000000, 0x00010000, 0x00000000, 0x00010000, 0x00000001,
    0x00000000, 0x00000000, 0x00000000, 0xFFFF0000, 0x00000000, 0xFFFF0000, 0x00000000, 0x00000000, 0x00000000, 0x00000000, 0x00000000,
    0xFFFF0000, 0x00000000, 0x00000000, 0x00000000, 0x00000000, 0x00000000, 0x00000000, 0x00000000, 0x00000000, 0x0000FFFF, 0x00000000,
    0x0001FFFF, 0xFFFF0001, 0x0000FFFF, 0xFFFF0000, 0x00010000, 0xFFFF0000, 0x0000FFFF, 0x00000000, 0x00000000, 0x00000000, 0x0000FFFF,
    0x00000000, 0x00000000, 0x00000000, 0x00000000, 0x0000FFFF, 0x00000000, 0xFFFFFFFF, 0x00000000, 0x00000000, 0x00010001, 0x00010000,
    0x00000000, 0xFFFF0000, 0x0000FFFF, 0x00000000, 0x00000000, 0x00000000, 0xFFFF0000, 0x00000000, 0x00000000, 0x00000000, 0x00000000,
    0x00000000, 0x00000000, 0x00000000, 0x00000000, 0x00000000, 0x00000000, 0x00000000, 0x00000000, 0x00000000, 0x00000000, 0x00000000,
    0x00000000, 0x00000000, 0x00000000, 0x00000000, 0x00000000, 0x00000000, 0x00010000, 0x00000001, 0x00000000, 0x00000001, 0x00000000,
    0xFFFF0000, 0x00000000, 0xFFFFFFFF, 0x00000000, 0x0000FFFF, 0x00000000, 0x00000000, 0x00000000, 0x00000000, 0x00000000, 0x00000000,
    0x00000000, 0x00000000, 0x00010001, 0x00000000, 0x00000000, 0x00000000, 0x00000000, 0x00000000, 0x00000000, 0x00000000, 0x00000000,
    0x00000000, 0x00000000, 0x00000000, 0x00000000, 0x00000000, 0x00000000, 0x00000000, 0x00000000, 0x00010000, 0x00000000, 0x00000000,
    0x00000000, 0x00000000, 0x00000000, 0x00000000, 0x00000000, 0x00000000, 0xFFFF0000, 0x00000000, 0x00000000, 0x00000000, 0x00000000,
    0x00000000, 0x00000000, 0x00000000, 0x00000000, 0x00000000, 0xFFFFFFFF, 0x00000000, 0x00000000, 0x0000FFFF, 0x00000000, 0x00000000,
    0x00000000, 0x00000000, 0x00000000, 0x00000000, 0x00000000, 0x00000000, 0x00000000, 0x00000000, 0x00010002, 0x0000FFFF, 0x00000000,
    0xFFFF0000, 0x0000FFFE, 0x00000000, 0x00000000, 0x00000000, 0x00000000, 0x00000000, 0xFFFF0000, 0x00000000, 0x00010000, 0x00000000,
    0x00000000, 0x00000001, 0x00000000, 0x00000000, 0x00000000, 0x0000FFFF, 0x00000000, 0x00000000, 0xFFFF0000, 0x00000000, 0x00000000,
    0x00000000, 0x00000000, 0x00000000, 0x00000000, 0x00000000, 0x00000000, 0x00000000, 0x00000000, 0x00000000, 0x00000000, 0x00000000,
    0x00000000, 0x00000000, 0x00000000, 0x00000000, 0x00000000, 0xFFFF0000, 0x0000FFFE, 0x00000001, 0x00000000, 0xFFFF0000, 0x00000000,
    0xFFFF0000, 0x00000000, 0xFFFF0000, 0x0000FFFF, 0x00000000, 0xFFFFFFFF, 0x0000FFFF, 0x00000000, 0xFFFFFFFF, 0x00000000, 0x00000000,
    0xFFFF0000, 0x00020001, 0x00000000, 0xFFFF0000, 0x0000FFFF, 0x00000000, 0x00000000, 0x00000000, 0x00000000, 0x00000000, 0x00020001,
    0x00000000, 0x00000000, 0x00000000, 0x00000000, 0x00000000, 0x00000000, 0x00000000, 0x00000000, 0x00000000, 0x00000000, 0x0000FFFF,
    0x00000001, 0x00000000, 0x00010000, 0x00000000, 0xFFFF0001, 0x00000000, 0x0000FFFF, 0x00000002, 0x0000FFFF, 0x00000000, 0x00010000,
    0x00000000, 0x00000000, 0x00000000, 0x00010000, 0x00000001, 0x00000000, 0x00000000, 0x00000000, 0xFFFFFFFF, 0x00000000, 0x00000000,
    0x0000FFFF, 0x00000000, 0x00000001, 0x00000000, 0x0000FFFF, 0x00000000, 0x00000000, 0xFFFFFFFF, 0x00000000, 0x00000000, 0x00000000,
    0x00000000, 0xFFFF0000, 0x0000FFFF, 0x00000001, 0x00000000, 0x00000000, 0x00010002, 0xFFFF0000, 0x0000FFFF, 0x00000000, 0x00000000,
    0x00000000, 0x00010000, 0xFFFE0000, 0x00000000, 0x00000000, 0x00000000, 0x00000000, 0x00000000, 0x00000000, 0x00000000, 0x00000000,
    0x00000000, 0x00000000, 0x00000000, 0x00000000, 0x00000000, 0x0000FFFF, 0x00000001, 0x00000000, 0x00000000, 0x00000000, 0xFFFFFFFF,
    0x00000000, 0x00000000, 0x00000000, 0x00000000, 0x00000000, 0x00000000, 0x00000000, 0x00000000, 0x00000000, 0x00000000, 0x00000000,
    0x00000000, 0xFFFF0000, 0x0000FFFF, 0x00000000, 0x00000000, 0x00000000, 0x00000000, 0x00000000, 0xFFFF0000, 0x0000FFFF, 0x00000000,
    0x00000000, 0x00000000, 0x00000000, 0x00000000, 0x00000000, 0x00000000, 0x00000000, 0x00000000, 0x00000000, 0x00000000, 0x00000000,
    0x00000000, 0xFFFF0000, 0x0000FFFF, 0x00020002, 0xFFFF0000, 0x00020001, 0x00000000, 0x00000000, 0x00000000, 0x00000000, 0x00000000,
    0x0000FFFF, 0x00000000, 0x00000000, 0xFFFEFFFF, 0x0000FFFF, 0x00000000, 0x00000000, 0x00000000, 0x00000000, 0x0000FFFF, 0x00010002,
    0x00010000, 0x00000000, 0x00000001, 0x0000FFFF, 0x00000001, 0x0000FFFF, 0x00000000, 0x00000000, 0x00000000, 0x00000000, 0x00000000,
    0x00000000, 0x00000000, 0xFFFFFFFF, 0x00000000, 0x00000000, 0x00000000, 0xFFFFFFFE, 0x00000000, 0x00000000, 0x00000000, 0x00000000,
    0xFFFF0000, 0x00000000, 0x00000000, 0x00000000, 0x00000000, 0xFFFFFFFF, 0x00000000, 0xFFFFFFFE, 0x00000000, 0x00000000, 0x00000000,
    0xFFFFFFFF, 0x00000000, 0xFFFFFFFF, 0x00000000, 0x00000000, 0x00020000, 0x00000001, 0x00000000, 0x00010001, 0xFFFF0000, 0x0000FFFF,
    0x00000000, 0x00000000, 0x00000000, 0xFFFF0000, 0x00020000, 0x00000001, 0x0000FFFF, 0x00000000, 0x00010000, 0xFFFF0000, 0x0000FFFF,
    0x00000000, 0x00000001, 0x00010000, 0x00000000, 0x00000000, 0xFFFFFFFF, 0x00000000, 0x00010000, 0x00000002, 0x00000000, 0xFFFF0000,
    0x00000000, 0xFFFF0000, 0x00020000, 0x00000001, 0x0000FFFF, 0x00010002, 0x0000FFFF, 0x00000000, 0x00000000, 0x00000000, 0x00000000,
    0x00000000, 0x00000000, 0xFFFF0000, 0x0000FFFF, 0x00000000, 0x00000000, 0x00000000, 0x00000000, 0x00000000, 0xFFFFFFFF, 0x00000000,
    0x00000000, 0x00000000, 0xFFFFFFFF, 0x00000000, 0xFFFF0000, 0x0000FFFF, 0x00000000, 0x00000000, 0x00000000, 0x00000000, 0x00000001,
    0x0001FFFF, 0x00000002, 0x00000000, 0xFFFF0000, 0x0000FFFF, 0x00000000, 0xFFFF0000, 0x00000000, 0x00000000, 0xFFFFFFFF, 0x00000000,
    0x00020001, 0xFFFF0001, 0x0000FFFF, 0x00000000, 0x00010000, 0x00000001, 0x00000000, 0x0000FFFF, 0x00010001, 0x00000000, 0x00000000,
    0x00000000, 0x00000000, 0x00000000, 0x00000000, 0x00000000, 0x00000000, 0x00010000, 0xFFFE0000, 0x0000FFFF, 0x00000000, 0x0000FFFF,
    0x00000000, 0x00000000, 0x00000000, 0x0000FFFF, 0x00000000, 0x00000000, 0x00000000, 0x00000000, 0x00000000, 0x0000FFFF, 0x00000000,
    0x00000000, 0x00000000, 0x0001FFFF, 0xFFFF0000, 0x00000000, 0x0000FFFF, 0x00000001, 0xFFFFFFFF, 0x00010000, 0x00000000, 0x00000000,
    0x00000000, 0x00000000, 0x00020001, 0xFFFF0000, 0x00000000, 0x00000000, 0x00000000, 0x00000000, 0x00000000, 0x00000000, 0x00000000,
    0x00000000, 0xFFFFFFFF, 0xFFFF0000, 0x0000FFFF, 0x00000000, 0x00000000, 0x00010000, 0x00000001, 0x00010000, 0xFFFF0000, 0x00000000,
    0x00000000, 0x0000FFFF, 0x00000000, 0xFFFF0000, 0x0000FFFF, 0x00000000, 0x00000000, 0x00000000, 0x00000000, 0x00000000, 0x00000000,
    0x00020000, 0x00000001, 0x00010000, 0x00000001, 0x00000000, 0x00000000, 0xFFFF0000, 0x0000FFFF, 0x00000000, 0x00000000, 0x00000000,
    0xFFFF0000, 0x00000000, 0x00000000, 0x00000000, 0x00000000, 0x00000000, 0x00000000, 0x00000000, 0x00000000, 0xFFFE0000, 0x0000FFFF,
    0x00000000, 0x00000000, 0x00000000, 0x00010000, 0x00000000, 0x00000000, 0x00000000, 0xFFFF0000, 0x00000000, 0x00000000, 0xFFFE0000,
    0x0000FFFF, 0x00000000, 0x00000000, 0x00000000, 0x00000000, 0x00000000, 0x00000000, 0x00000000, 0x00000001, 0x00000000, 0x00000000,
    0xFFFF0000, 0x0000FFFF, 0xFFFF0000, 0x0000FFFF, 0x00000000, 0x00010000, 0x00010002, 0x00000000, 0x00000000, 0x00000000, 0x0000FFFF,
    0x00000000, 0x00010000, 0x00000001, 0x00000000, 0x0000FFFF, 0x00000000, 0xFFFF0000, 0x00000000, 0x0000FFFF, 0xFFFEFFFF, 0x00010000,
    0x00000000, 0xFFFF0000, 0x00000000, 0x00000000, 0x00020001, 0x00000000, 0x00010002, 0x00000000, 0x00000000, 0xFFFF0000, 0x00000000,
    0x00010000, 0x00000000, 0xFFFF0000, 0x00000000, 0xFFFF0000, 0x00000000, 0x0000FFFF, 0xFFFF0000, 0x00000000, 0x00000000, 0x00000000,
    0x00000000, 0x00000000, 0x00000000, 0x00000000, 0x00000000, 0x00000000, 0x00020001, 0xFFFF0000, 0x00000000, 0x00000000, 0x00000000,
    0x0000FFFF, 0x00000000, 0x0000FFFF, 0x00000000, 0x00000000, 0x00000000, 0x00000001, 0x00000000, 0x00000000, 0x00000000, 0x00000001,
    0x00000000, 0xFFFF0000, 0x00000000, 0x00000000, 0x00000000, 0x00000000, 0x00000000, 0xFFFF0000, 0x0000FFFF, 0x00000001, 0x00000000,
    0x00000000, 0x00000000, 0x00000001, 0x00000000, 0xFFFF0000, 0x00000000, 0x00000000, 0x00000000, 0x00000000, 0x00000000, 0x0000FFFF,
    0x00010000, 0xFFFF0000, 0x00000000, 0x00000000, 0x00000000, 0x00000000, 0x00020001, 0x00000000, 0xFFFF0000, 0x00000000, 0xFFFF0000,
    0x00000000, 0x00000000, 0xFFFF0000, 0x00000000, 0x00000000, 0x00000000, 0x0000FFFF, 0x00000000, 0x0000FFFF, 0x00000000, 0x00000000,
    0x00000000, 0x00000000, 0x00000000, 0xFFFF0000, 0x00000000, 0x00000000, 0x00000000, 0x00000000, 0x00020001, 0x00000001, 0x00000000,
    0x00000001, 0x00000000, 0x00000000, 0x00000000, 0xFFFFFFFF, 0x00000000, 0x00010001, 0x00000000, 0x00000002, 0x0000FFFF, 0x00000000,
    0xFFFF0001, 0x0000FFFF, 0xFFFF0000, 0x00000000, 0x0000FFFF, 0x00000000, 0x00000000, 0x00000000, 0x00000000, 0x00010000, 0x00000000,
    0x0000FFFF, 0x00000000, 0x00000000, 0x00000000, 0x00000000, 0x00000000, 0x00000000, 0x00010000, 0x00000000, 0x00000000, 0x00000000,
    0x00000000, 0x00000000, 0x00000000, 0x00000000, 0x0000FFFF, 0x00000000, 0x00000000, 0xFFFFFFFF, 0x00000000, 0x00000001, 0x0000FFFF,
    0x00000000, 0x00000001, 0x00000000, 0x00000000, 0x00000000, 0x00000000, 0xFFFFFFFE, 0x00000000, 0x00000000, 0x00000000, 0x00000000,
    0x00000000, 0x00000000, 0xFFFF0000, 0x0000FFFE, 0x00000000, 0x00000000, 0x00010000, 0x00000000, 0x00010002, 0x00000000, 0x00000000,
    0x00000000, 0x00000001, 0x00000000, 0x00000000, 0x00010000, 0x00000000, 0x00000000, 0x00000001, 0x00000000, 0x00000000, 0x00010000,
    0x00000000, 0x00010000, 0x00000000, 0x00000000, 0x00000000, 0x00010000, 0x00000000, 0xFFFF0000, 0x0000FFFE, 0x00000000, 0x00000000,
    0x00000000, 0xFFFF0000, 0x0000FFFF, 0x00000000, 0x00000000, 0x00000000, 0x00000000, 0x00000000, 0x00000000, 0x00000000, 0x00000000,
    0x00000000, 0x00000000, 0x00000000, 0x00000000, 0x00000000, 0x00000000, 0x00000000, 0x00000000, 0x00000000, 0x00000000, 0x00000000,
    0x00000001, 0x00020000, 0x00000001, 0x00000000, 0x00000000, 0x00000000, 0xFFFF0000, 0x00000000, 0x00000000, 0x00000000, 0x00000000,
    0x00000000, 0x00000000, 0x00000000, 0x00000000, 0x00000000, 0x00000000, 0x00000000, 0x00000000, 0x00000000, 0x00000000, 0xFFFE0000,
    0x0001FFFF, 0x00000000, 0x00000000, 0x00000000, 0x00000000, 0x00000000, 0x00000000, 0x0000FFFF, 0xFFFF0000, 0x00020001, 0xFFFF0000,
    0x00000000, 0x00000000, 0x00000000, 0x00000000, 0x00000000, 0x00000000, 0x00000000, 0xFFFFFFFF, 0x00000000, 0x00010000, 0xFFFE0000,
    0x0000FFFF, 0xFFFFFFFF, 0x00000000, 0x00000000, 0x00010000, 0x00000000, 0x00000001, 0x00000000, 0x00000000, 0x00000000, 0x00000000,
    0x00000000, 0x00000000, 0x00000000, 0x00010000, 0x00000000, 0xFFFF0000, 0x0000FFFF, 0x00010000, 0x00000001, 0x00000000, 0x00000000,
    0x00000000, 0xFFFFFFFF, 0x00010000, 0x00000000, 0x00000000, 0x00000000, 0x00000000, 0x00010000, 0x00000000, 0x00000000, 0x00000001,
    0x00000000, 0xFFFF0000, 0x0000FFFF, 0x00000000, 0x00000000, 0x0000FFFF, 0xFFFF0000, 0x00000000, 0x00020001, 0xFFFE0000, 0x0000FFFF,
    0x00000000, 0x00010001, 0x00000000, 0x00000000, 0x00000000, 0xFFFFFFFE, 0x00000000, 0x00000000, 0x00000000, 0x00000000, 0x00000000,
    0x00000000, 0x00000000, 0x00000000, 0xFFFFFFFF, 0x00000000, 0x00000000, 0x00000000, 0x00000000, 0x00000000, 0x00000000, 0x00000000,
    0x00000000, 0x00000000, 0x00000000, 0xFFFF0000, 0x00000000, 0x00000000, 0x00000000, 0x00000000, 0x00000000, 0x00000000, 0x00000000,
    0x00000000, 0xFFFFFFFF, 0x00000000, 0x00000000, 0x00000000, 0x00000000, 0x00000000, 0x00000000, 0x00000000, 0x00000000, 0xFFFFFFFF,
    0x00000000, 0x00000000, 0x00000001, 0x00000000, 0x00000000, 0x00010000, 0x00000001, 0x00000000, 0x00000000, 0x00000000, 0x00000000,
    0x00000000, 0x00000000, 0x00000000, 0x00000001, 0x0000FFFF, 0x00000001, 0x0000FFFF, 0x00000000, 0x00000000, 0x00000000, 0x00000000,
    0x00000000, 0x00000000, 0x00000000, 0x00000000, 0x00000000, 0x00010000, 0x00000000, 0x00000000, 0x00000000, 0xFFFFFFFF, 0x00000000,
    0x00000000, 0x00000000, 0x00000000, 0x00000000, 0x00010000, 0x00000000, 0x00000000, 0x00000000, 0x00000000, 0x00000000, 0xFFFF0000,
    0x00000000, 0x00000000, 0x0000FFFF, 0x00010001, 0x00000001, 0x00000000, 0x00000001, 0x00000000, 0x00000000, 0x00000000, 0x00000000,
    0x00000001, 0x00000000, 0x00000000, 0x00000000, 0x00000000, 0x00000000, 0x00000001, 0x00000000, 0xFFFF0000, 0x0000FFFF, 0x00000000,
    0x00000000, 0x00000000, 0x00020001, 0x00000000, 0xFFFE0000, 0x00010000, 0x00000000, 0x00010000, 0x00000001, 0x00000000, 0x00000000,
    0x00000000, 0x00000000, 0x00000001, 0x00000000, 0x00000000, 0x00000000, 0x00000000, 0x00000001, 0xFFFF0000, 0x0000FFFF, 0x00000001,
    0x00000000, 0x00000000, 0x00000000, 0x00000000, 0x00000000, 0x00000000, 0x00000000, 0x0000FFFF, 0x00000000, 0x0001FFFF, 0x00010001,
    0x00000001, 0x0000FFFF, 0x00000000, 0x00000000, 0x00020001, 0xFFFF0000, 0x00000000, 0x00000000, 0xFFFE0000, 0x0000FFFF, 0x00000000,
    0xFFFF0000, 0x00000000, 0x00000000, 0x00000000, 0x00000000, 0x00000000, 0x00000000, 0x00000000, 0x00000000, 0x0000FFFF, 0x00000002,
    0x0000FFFF, 0x00000000, 0x00000000, 0x00000000, 0x00000000, 0x00000000, 0x0000FFFF, 0x00010001, 0xFFFE0000, 0x0000FFFF, 0x00010000,
    0x00000001, 0x00000000, 0x00000000, 0x00000000, 0xFFFFFFFF, 0x00000000, 0xFFFF0000, 0x00010001, 0x00000000, 0x00000000, 0x00000000,
    0x00000000, 0x00000000, 0x00000000, 0x00000000, 0x00000000, 0x00000000, 0x00000000, 0x00000000, 0x00000000, 0x00000000, 0x00000000,
    0x00000000, 0x00000000, 0x00000001, 0x00000000, 0x00000000, 0x00010000, 0xFFFF0001, 0x00000000, 0x00000000, 0x00000000, 0x00000000,
    0x0000FFFF, 0x00000000, 0x00000000, 0x0000FFFF, 0x00000000, 0x0000FFFF, 0x00000000, 0x00000001, 0x00000000, 0x00010000, 0x00010002,
    0x00000001, 0xFFFFFFFE, 0x00000000, 0x00000000, 0xFFFF0000, 0x00000000, 0x00000000, 0x00000000, 0x00000000, 0x00000000, 0x00000000,
    0x00000000, 0x00000000, 0x00000000, 0x00010000, 0xFFFF0000, 0x00000000, 0xFFFFFFFF, 0x00020000, 0x00000001, 0x00000000, 0x00000000,
    0x00000000, 0x00000000, 0x00000001, 0x00000000, 0x00000000, 0x00000000, 0xFFFF0000, 0x0000FFFF, 0x00000001, 0x00000000, 0x00000000,
    0x00000000, 0x0000FFFF, 0xFFFF0000, 0x00000000, 0x0000FFFE, 0x00000001, 0x00000000, 0x00000000, 0x00010000, 0x00000000, 0x00000000,
    0x00000000, 0x00000000, 0x00010000, 0x00010002, 0x00000000, 0x00000000, 0xFFFF0000, 0x0000FFFF, 0x00000000, 0x00000000, 0x00000000,
    0x00000000, 0x00000001, 0x00000000, 0x00000001, 0x00000000, 0x00000000, 0x00000000, 0x00000001, 0x00000000, 0x00000000, 0x00000000,
    0x00000000, 0xFFFFFFFF, 0x00000000, 0x00000000, 0x00000000, 0x00000000, 0x00000000, 0x00000000, 0x00000000, 0x00000000, 0x00000000,
    0xFFFFFFFF, 0x00000000, 0x00000000, 0x00000000, 0x00010000, 0x00000000, 0x00000000, 0xFFFFFFFF, 0x00000000, 0x00000000, 0x00000000,
    0x00000000, 0x00000000, 0x00010000, 0x00000001, 0x00010000, 0x00000001, 0x00000000, 0x00010000, 0x00000000, 0x00000000, 0x00000000,
    0x00000000, 0x0000FFFF, 0xFFFE0000, 0x0000FFFF, 0x00000000, 0x00010001, 0x00000000, 0x00000000, 0x00000000, 0xFFFF0000, 0x0000FFFF,
    0x00000000, 0xFFFF0000, 0xFFFFFFFE, 0x00010000, 0x00000000, 0x00010000, 0x00000000, 0x00000000, 0x00000000, 0x00000000, 0x00000000,
    0x00000000, 0x00000000, 0x00000000, 0x00000000, 0xFFFF0000, 0x00000000, 0x00000000, 0xFFFE0000, 0x00010000, 0x00000000, 0x00000000,
    0x00000000, 0x00000000, 0x00000000, 0x00000000, 0x00000000, 0x00000000, 0x00000000, 0xFFFF0000, 0x00000000, 0x00000000, 0x00000000,
    0x00010000, 0x00000000, 0x00000000, 0x00000000, 0x00000000, 0xFFFF0000, 0x0000FFFE, 0x00000000, 0x00000000, 0x00000000, 0xFFFF0000,
    0x00000000, 0x0000FFFF, 0x00000000, 0x00000000, 0x00000000, 0x0000FFFF, 0x00000000, 0x00000000, 0x0000FFFF, 0x00010002, 0x00000000,
    0x00000001, 0x00000000, 0xFFFF0000, 0x0000FFFF, 0x00000000, 0x00000000, 0x0000FFFF, 0x00000000, 0x00010000, 0x00000000, 0x00000000,
    0x00000000, 0x00000001, 0x00000000, 0xFFFEFFFF, 0x00000000, 0x00000000, 0x00000000, 0x00000001, 0x00010000, 0x00000000, 0x00000000,
    0x00000000, 0x00000000, 0x00000000, 0x00000000, 0x00000000, 0x00000000, 0x00000000, 0x00010000, 0x00000002, 0x0000FFFF, 0x00000000,
    0x00000000, 0xFFFF0000, 0x00010000, 0xFFFE0000, 0x00000000, 0x00000000, 0x00000000, 0x00000000, 0xFFFFFFFF, 0x00000000, 0x00000000,
    0x00010000, 0xFFFF0001, 0x0000FFFF, 0x00000000, 0x00000000, 0x00010000, 0x00000000, 0x00000001, 0x00000000, 0x00000000, 0x00000000,
    0x00000000, 0x00000000, 0x00010000, 0x00000000, 0x00000000, 0x00000000, 0x00000000, 0x00010000, 0x00000001, 0x00000000, 0x00000000,
    0x00000000, 0x00000000, 0x00000000, 0x00000000, 0x00000000, 0x00010000, 0x00000000, 0x00000001, 0x00000000, 0x00000000, 0x00000000,
    0x00000001, 0x00020001, 0xFFFF0000, 0xFFFF0000, 0x0000FFFF, 0x00010001, 0x00000000, 0x00000000, 0x00000000, 0x00000000, 0x00010000,
    0xFFFF0000, 0xFFFF0000, 0x00000000, 0x00000000, 0x00000000, 0x00010000, 0x00000000, 0x00000000, 0x00000000, 0x00000000, 0x00000001,
    0x0000FFFF, 0x00000000, 0x00000000, 0x00010001, 0x00010000, 0x00010002, 0x00000000, 0x00000000, 0x00000000, 0x00000000, 0x00000000,
    0x00000000, 0x0000FFFF, 0x00000000, 0x00000000, 0x00000000, 0x00000000, 0x00000000, 0x00000000, 0x00000000, 0x00000000, 0x00000000,
    0x00000000, 0x00000000, 0x00000000, 0x00000000, 0x00000001, 0xFFFFFFFE, 0x00000000, 0x00000000, 0x00000000, 0x00000000, 0x00000001,
    0x00010000, 0x00000000, 0x00000000, 0x00010000, 0x00010002, 0xFFFF0000, 0xFFFFFFFE, 0x00000000, 0x00000000, 0x00010000, 0x00000001,
    0x00000000, 0x00000000, 0x00000000, 0x00000000, 0x0000FFFF, 0x00000000, 0x0000FFFF, 0x00000000, 0xFFFF0000, 0x0000FFFE, 0x00000000,
    0x00000000, 0x00000000, 0x00000000, 0x0000FFFF, 0x00000000, 0x00000000, 0x00000000, 0x00000000, 0x00000000, 0xFFFE0000, 0x0000FFFF,
    0x00010000, 0x00000001, 0x00010000, 0x00000001, 0x00020000, 0x00000001, 0x00000000, 0x00000000, 0x0000FFFF, 0xFFFF0000, 0x00000000,
    0x00000000, 0x00000000, 0x00000000, 0x00000001, 0x00000000, 0x00000000, 0x00000000, 0x00000000, 0x00000000, 0x00000000, 0x00000001,
    0x00000000, 0x00000000, 0x00000000, 0x00000000, 0x00000000, 0x00010000, 0x00000000, 0x00000000, 0x00000000, 0x00000000, 0xFFFFFFFF,
    0x00000000, 0x00000000, 0x00000000, 0x00000000, 0x00000000, 0x00000000, 0x00010000, 0xFFFEFFFF, 0x00000000, 0x00000000, 0x00000001,
    0x00000000, 0x00000000, 0x00000000, 0x00000001, 0x00000000, 0x00010000, 0xFFFF0000, 0x00000000, 0x00000000, 0x00000000, 0x00000000,
    0x00000001, 0x00000000, 0x00000000, 0x00010001, 0x00000000, 0x00010001, 0x00000000, 0x00000000, 0x00000000, 0x00000000, 0x00010000,
    0x00000000, 0xFFFE0000, 0x0000FFFF, 0x00000000, 0x00010001, 0x00000000, 0x00000000, 0xFFFF0000, 0xFFFFFFFE, 0x00000000, 0x00000000,
    0x00000000, 0x00000000, 0x00010000, 0x00010002, 0x00000000, 0x00000000, 0x00000000, 0x00000000, 0x00000000, 0x00010000, 0x00000000,
    0x00000000, 0xFFFF0000, 0x00010000, 0x00000000, 0x00000000, 0x00020000, 0xFFFF0000, 0x00000000, 0x00000000, 0x00000000, 0xFFFFFFFE,
    0x00000001, 0x00000000, 0x00000000, 0x00000000, 0x00000000, 0x00000000, 0x00000001, 0x00010000, 0x00000000, 0x00000000, 0x00000000,
    0x00000000, 0x00000000, 0x00000000, 0x00000000, 0x00000000, 0x00000000, 0x00000000, 0x00020001, 0xFFFF0000, 0x00000001, 0x00000000,
    0x00000000, 0x00000000, 0x00000000, 0x00000000, 0x00000000, 0x00000000, 0x00000000, 0x00000000, 0x00000000, 0x00000000, 0x00000000,
    0x00010000, 0x00000000, 0x00000000, 0x00000000, 0x00000000, 0x0000FFFF, 0x00000001, 0x00000000, 0xFFFF0000, 0x00020000, 0x00000001,
    0xFFFF0000, 0x0000FFFF, 0xFFFFFFFF, 0x00000000, 0xFFFF0000, 0x0000FFFF, 0x00000000, 0x00000000, 0x00000000, 0x00000000, 0x00000000,
    0xFFFF0000, 0x00000000, 0x00000000, 0x00000000, 0x00000000, 0x00000001, 0x00000000, 0x00000000, 0xFFFF0000, 0x00000000, 0x00000000,
    0x00000000, 0x00010000, 0x00000000, 0x00000000, 0x00000000, 0x00010000, 0x00000000, 0x00000001, 0xFFFFFFFF, 0x00000000, 0x00000000,
    0x0000FFFF, 0x00000000, 0x00000000, 0x00000000, 0xFFFF0000, 0x00000000, 0x00000000, 0x00000000, 0x00000001, 0x00000000, 0x00000000,
    0x00000000, 0x0001FFFF, 0xFFFF0000, 0x00000000, 0x00000000, 0x0000FFFF, 0x00000000, 0x00000000, 0x00000000, 0x00000000, 0xFFFF0000,
    0x00000000, 0x00010001, 0x00000000, 0x00000000, 0x00000000, 0xFFFFFFFE, 0x00000000, 0x00000000, 0x00000000, 0x00000000, 0x00000000,
    0x00000000, 0x00000000, 0x00000000, 0x00000000, 0x00000000, 0x00000000, 0x00000000, 0x00000000, 0x00000000, 0x00010000, 0x00010002,
    0x00000000, 0x00000000, 0x0000FFFF, 0x00000000, 0x00000001, 0x00000000, 0x00000001, 0x00000000, 0x00000000, 0x00000000, 0xFFFF0001,
    0x0000FFFF, 0x00000000, 0x00000000, 0x00000000, 0x00000000, 0x00000000, 0x00000000, 0x00000000, 0xFFFFFFFF, 0x00000000, 0x00010001,
    0x00000000, 0x00000000, 0x00000000, 0x00000000, 0x00000001, 0x0000FFFF, 0xFFFF0000, 0x0000FFFF, 0x00000000, 0x00000000, 0xFFFF0000,
    0x0000FFFF, 0x00000000, 0x00000000, 0x00000000, 0x00010000, 0x00010000, 0x00000002, 0x00000000, 0x00000000, 0x00000000, 0x00000000,
    0x00000000, 0x00000000, 0x00000000, 0x00000000, 0x00000000, 0x00000000, 0x00000000, 0x00000000, 0xFFFEFFFF, 0x0000FFFF, 0x00020000,
    0x00000001, 0x00000000, 0x00010000, 0x00000000, 0x00010001, 0x00000000, 0xFFFF0000, 0x00000000, 0xFFFF0000, 0x00010000, 0x00000001,
    0x0000FFFF, 0x00000000, 0x00010000, 0x00000001, 0x00000000, 0xFFFF0000, 0x00000000, 0xFFFF0000, 0x00000000, 0x00000000, 0x00000000,
    0x00000000, 0x00000000, 0x00010000, 0x00000000, 0x00000001, 0x00000000, 0x00000000, 0x00000000, 0x0000FFFF, 0xFFFFFFFF, 0x00000000,
    0xFFFFFFFE, 0x00000000, 0x00000000, 0x00000000, 0xFFFEFFFF, 0x00000000, 0x00020000, 0xFFFF0001, 0x00010000, 0x00000000, 0xFFFEFFFF,
    0x00020000, 0x00000000, 0x00000000, 0x00000000, 0x00000000, 0x00000000, 0x00000000, 0x00000000, 0xFFFF0000, 0x00000000, 0x00000000,
    0xFFFF0000, 0x0000FFFF, 0x00000000, 0x00000000, 0x00000000, 0x00000000, 0x00000000, 0x0000FFFF, 0x00000000, 0x00000000, 0x00000000,
    0x0000FFFF, 0x00000000, 0x00000000, 0x00000000, 0x00000000, 0x00010001, 0x00000000, 0x00000000, 0x00000000, 0x00000000, 0x0000FFFF,
    0xFFFF0000, 0xFFFF0000, 0x00000000, 0x0000FFFF, 0x00000000, 0x00000000, 0x00000000, 0x00000000, 0x00000000, 0x00000000, 0x00000000,
    0x00010000, 0xFFFF0000, 0x00000000, 0x00000000, 0x00000000, 0x00010000, 0x00000000, 0xFFFF0000, 0x00020001, 0x00000000, 0x00000000,
    0x00000000, 0x0000FFFF, 0x00000000, 0x00000000, 0x00010000, 0x00010000, 0x00000001, 0x0000FFFF, 0x00000000, 0x00000000, 0x00000000,
    0x00000000, 0x00000000, 0x00000001, 0x00000000, 0x00000000, 0x00000000, 0x00000000, 0x00000000, 0x00000000, 0x00000000, 0x00000000,
    0x00010000, 0x00000000, 0x00000000, 0x00000000, 0x00000000, 0x00000000, 0x00000000, 0x00000000, 0x00000000, 0xFFFEFFFF, 0x00000000,
    0x00000000, 0x00000000, 0x00000000, 0x00000000, 0x00000000, 0x00000000, 0x00000000, 0x00000001, 0x00000000, 0x00000000, 0x00010001,
    0xFFFF0000, 0x00000000, 0x00010000, 0x00000001, 0x00000000, 0x00000000, 0xFFFFFFFF, 0x00000000, 0x00000000, 0x00000000, 0x00000000,
    0x00000000, 0x00000000, 0x00000000, 0x00000000, 0x00000000, 0x0000FFFF, 0x00000000, 0x00000000, 0x00000000, 0x00010001, 0x00000000,
    0x00000000, 0x00000000, 0x00000000, 0x00000000, 0x00000000, 0x00000000, 0x0000FFFF, 0x00000000, 0x00000000, 0x00000000, 0x0000FFFF,
    0x00000000, 0x00010000, 0x00000000, 0x00000000, 0x00000000, 0x00000000, 0x00000000, 0x00000000, 0x00000000, 0x00000000, 0x00010001,
    0xFFFFFFFF, 0xFFFFFFFF, 0x00010000, 0x00000001, 0x00000000, 0x00000000, 0x0000FFFF, 0x00000000, 0x00000001, 0x00000000, 0x00000000,
    0x00000000, 0x0000FFFF, 0x00010001, 0x00000000, 0x00000000, 0x00000000, 0x00000000, 0x00000000, 0x00000000, 0x00000000, 0x00000000,
    0x0000FFFF, 0x00000000, 0x0000FFFF, 0x00000000, 0x00010000, 0x00000001, 0x00000000, 0x00000000, 0x00000000, 0x0000FFFF, 0x00000000,
    0x00000000, 0x00000000, 0x00000000, 0x00020000, 0xFFFF0001, 0x0000FFFF, 0x00010001, 0xFFFF0000, 0xFFFFFFFF, 0x00000000, 0x00000000,
    0x00000000, 0x00000000, 0x00020000, 0x00000002, 0x00020000, 0x00000001, 0x00000000, 0x00010000, 0xFFFEFFFF, 0x00000000, 0x00000000,
    0x00000000, 0x00000001, 0x00010000, 0x00000000, 0x00000000, 0x00000000, 0x00000000, 0xFFFFFFFF, 0x00000000, 0x00000001, 0x00000000,
    0x00000000, 0x00010000, 0x00000001, 0x0000FFFF, 0x00000000, 0xFFFE0000, 0x0000FFFF, 0x00000000, 0x00000000, 0x00000000, 0x0000FFFF,
    0xFFFF0000, 0x00000000, 0x00000000, 0x00000000, 0x00000000, 0x00000000, 0x00000001, 0x00000000, 0x00000000, 0xFFFFFFFF, 0x00000000,
    0x00000000, 0x00020001, 0x00000000, 0x00000000, 0x00000000, 0x00000000, 0x00000000, 0x00010000, 0xFFFF0000, 0x00000000, 0x00000000,
    0x00000000, 0x00000000, 0xFFFFFFFF, 0xFFFFFFFF, 0x00000000, 0x00000000, 0x00000000, 0x00000000, 0x00000000, 0x00000000, 0x00000000,
    0x00000000, 0x00000001, 0x00000000, 0x00000000, 0x00000000, 0xFFFF0000, 0x00000000, 0x00010000, 0x00000001, 0x00000000, 0x00000000,
    0xFFFF0000, 0x00000000, 0x00000000, 0x00000000, 0xFFFFFFFF, 0x00000000, 0x00000000, 0x00000000, 0x00000000, 0x00000000, 0x00000000,
    0x00000000, 0x00000000, 0x00000000, 0x00000000, 0x00000000, 0x00000000, 0x00000000, 0x00000000, 0x00000000, 0x0000FFFF, 0x00000000,
    0xFFFF0001, 0x0000FFFE, 0x00000000, 0x00000000, 0x00000000, 0x00000000, 0x00000001, 0x00010000, 0x00000001, 0x0000FFFF, 0x00000000,
    0x00000000, 0x00000000, 0x00000000, 0xFFFE0000, 0x0000FFFF, 0x00000000, 0x00000000, 0x00000000, 0x00000000, 0x00010000, 0x00000001,
    0x00000000, 0x00000000, 0x00000000, 0x00000000, 0x00000001, 0x00000000, 0x00000000, 0x00000000, 0x00000000, 0x00000000, 0x00010000,
    0xFFFF0000, 0x00000000, 0x00010000, 0x00000000, 0x00000000, 0x00020001, 0xFFFF0000, 0x00010000, 0x00000002, 0x00000000, 0x00000000,
    0x00000001, 0x00000000, 0x00000000, 0x00000000, 0x00000001, 0x00000000, 0x00000000, 0x00000000, 0xFFFFFFFE, 0x00000000, 0x00010000,
    0x00000001, 0x00000000, 0x00000000, 0x0000FFFF, 0x00000000, 0x00000000, 0x00000000, 0x00010001, 0x00000000, 0x00000000, 0x00000000,
    0x00000000, 0xFFFF0000, 0x00000000, 0x00010000, 0x00000000, 0x00000000, 0x00000000, 0x00000000, 0x00000000, 0x00000000, 0x00000000,
    0x00000000, 0x00000000, 0x00000001, 0x00000000, 0x00000000, 0x00000000, 0x00000000, 0x00010001, 0x00000000, 0x00000000, 0x00000000,
    0x00000000, 0x00000000, 0x00010001, 0x00000000, 0x00000000, 0x00000000, 0x00000000, 0xFFFF0001, 0x00010000, 0x00000000, 0x00000000,
    0x00000000, 0x0000FFFF, 0x00000000, 0x00000000, 0x00000000, 0x00000000, 0x00000000, 0x00000000, 0x00000000, 0x00000000, 0x00000000,
    0x00000000, 0x00000000, 0x00000000, 0x00000000, 0x00000000, 0x00000000, 0x00010001, 0x00000000, 0x00000000, 0xFFFF0000, 0x00000000,
    0xFFFF0000, 0x0000FFFE, 0x00000001, 0x00000000, 0x0000FFFF, 0x00000000, 0x00010000, 0x00010001, 0xFFFF0000, 0x0000FFFF, 0x00000001,
    0x00000000, 0x00000000, 0xFFFF0000, 0xFFFF0000, 0x0000FFFE, 0x00000000, 0x00000000, 0x00000000, 0x00000000, 0x00000001, 0x00000000,
    0x00000000, 0x00000000, 0x00000000, 0x00000000, 0x00000000, 0x00000000, 0x00000000, 0x00000000, 0x00000000, 0xFFFEFFFF, 0x00010000,
    0xFFFF0000, 0x00000000, 0x00000000, 0x00010000, 0x00000002, 0x0001FFFF, 0xFFFF0001, 0x00000000, 0xFFFFFFFF, 0x00000000, 0x00000000,
    0x00000000, 0x00000000, 0x00000001, 0x00000000, 0x00000000, 0x00000000, 0x00000000, 0xFFFF0000, 0x00010000, 0x00000001, 0x0000FFFF,
    0x00000000, 0x00000000, 0x00000000, 0x00000000, 0x00000000, 0x0000FFFF, 0x00000000, 0x00000000, 0x00010000, 0x00000000, 0x00000000,
    0xFFFEFFFF, 0x00000000, 0xFFFFFFFF, 0x00000000, 0x00000000, 0x00000000, 0x00000000, 0x00000000, 0x00000000, 0x00000000, 0x00000000,
    0x00000000, 0x00000000, 0x00000000, 0x00000000, 0x00000000, 0x00010001, 0x00000000, 0x00010000, 0x00000001, 0xFFFFFFFF, 0x00000000,
    0x00000000, 0x00000000, 0x00000000, 0x00000000, 0x00000000, 0x00020001, 0x00000001, 0x00000000, 0x00000000, 0x00000000, 0xFFFFFFFF,
    0x00010000, 0x00000000, 0xFFFF0000, 0x00000000, 0x00000000, 0x00000000, 0x00000000, 0x00000000, 0x00000000, 0xFFFFFFFF, 0x00020001,
    0x00000001, 0x0000FFFF, 0x00010002, 0x00000000, 0x00000000, 0xFFFF0000, 0x00000000, 0xFFFF0000, 0x00000000, 0x00000000, 0x00000000,
    0x00000001, 0x00000000, 0x0000FFFF, 0xFFFF0000, 0x00020000, 0xFFFF0000, 0x00000000, 0x00000000, 0x00000000, 0x00000000, 0x00000000,
    0x00000000, 0x00000000, 0x00000000, 0x00000000, 0x00000000, 0x00000000, 0x00000000, 0x00010000, 0x00000000, 0x00000000, 0xFFFFFFFF,
    0x00000000, 0x00000000, 0x00000000, 0x00000000, 0x00000000, 0x00000000, 0x00000000, 0x00000000, 0x00000001, 0xFFFF0000, 0x00000000,
    0x00000000, 0xFFFF0000, 0x00000000, 0x0000FFFF, 0x00000000, 0x00000000, 0x00000000, 0x0000FFFF, 0x00000000, 0x0000FFFF, 0xFFFF0000,
    0x00000000, 0x00000000, 0x00000000, 0x00000000, 0x00010000, 0x00000001, 0x00000000, 0xFFFF0000, 0x00000000, 0x00000000, 0x00000000,
    0x00000000, 0x00000000, 0x00010000, 0x00000000, 0x00000001, 0x00000000, 0x00000000, 0x00000001, 0x0000FFFF, 0x00000000, 0x00000000,
    0x00010001, 0xFFFF0000, 0x00000000, 0x00000000, 0x00000000, 0x00000000, 0x00000000, 0x00000000, 0x0000FFFF, 0x00000000, 0x00010001,
    0x00000000, 0x00000000, 0x00000000, 0x00000001, 0x00000000, 0xFFFFFFFF, 0x00000000, 0x00000000, 0x00000000, 0x00000001, 0x00000000,
    0x00000000, 0x00000000, 0x00000000, 0x00000001, 0x00000000, 0xFFFF0000, 0x00000000, 0x00000000, 0x00020001, 0x00000001, 0x00000000,
    0x00000000, 0xFFFFFFFF, 0x00000000, 0x00000000, 0x00000000, 0x00000000, 0x00000000, 0x00000000, 0x00000000, 0xFFFFFFFF, 0x00000000,
    0x00010000, 0x00000001, 0x00000000, 0x00000000, 0xFFFF0000, 0x0000FFFF, 0x00000000, 0x00000001, 0x00000000, 0x00000000, 0x00000000,
    0x00000000, 0x00000000, 0x00000000, 0x00000000, 0xFFFF0000, 0x00000000, 0x00000000, 0x00000000, 0x00000000, 0x00000000, 0xFFFF0000,
    0x00000000, 0x00000000, 0x00000000, 0x00000000, 0x00000000, 0x00000000, 0x00000000, 0x00000000, 0x00000000, 0x00000000, 0x00000000,
    0x00000000, 0x00000000, 0x00000000, 0x00000000, 0x00000000, 0x00000000, 0x00000000, 0x00000000, 0x00000000, 0x00000000, 0x00000000,
    0x00000000, 0x00000000, 0x00000000, 0x00000000, 0x00000000, 0x00000000, 0x00000000, 0x00000000, 0x00000000, 0x00000000, 0x00000000,
    0x00000000, 0x00000000, 0x00000000, 0x00000000, 0x00000000, 0x00000000, 0x00000000, 0x00000000, 0x00000000, 0x00000000, 0x00000000,
    0x00000000, 0x00000000, 0x00000000, 0x00000000, 0x00000000, 0x00000000, 0x00000000, 0x00000000, 0x00000000, 0x00000000, 0x00000000,
    0x00000000, 0x00000000, 0x00000000, 0x00000000, 0x00000000, 0x00000000, 0x00000000, 0x00000000, 0x00000000, 0x00000000, 0x00000000,
    0x00000000, 0x00000000, 0x00000000, 0x00000000, 0x00000000, 0x00000000, 0x00000000, 0x00000000, 0x00000000, 0x00000000, 0x00000000,
    0x00000000, 0x00000000, 0x00000000, 0x00000000, 0x00000000, 0x00000000, 0x00000000, 0x00000000, 0x00000000, 0x00000000, 0x00000000,
    0x00000000, 0x00000000, 0x00000000, 0x00000000, 0x00000000, 0x00000000, 0x00000000, 0x00000000, 0x00000000, 0x00000000, 0x00000000,
    0x00000000, 0x00000000, 0x00000000, 0x00000000, 0x00000000, 0x00000000, 0x00000000, 0x00000000, 0x00000000, 0x00000000, 0x00000000,
    0x00000000, 0x00000000, 0x00000000, 0x00000000, 0x00000000, 0x00000000, 0x00000000, 0x00000000, 0x00000000, 0x00000000, 0x00000000,
    0x00000000, 0x00000000, 0x00000000, 0x00000000, 0x00000000, 0x00000000, 0x00000000, 0x00000000, 0x00000000, 0x00000000, 0x00000000,
    0x00000000, 0x00000000, 0x00000000, 0x00000000, 0x00000000, 0x00000000, 0x00000000, 0x00000000, 0x00000000, 0x00000000, 0x00000000,
    0x00000000, 0x00000000, 0x00000000, 0x00000000, 0x00000000, 0x00000000, 0x00000000, 0x00000000, 0x00000000, 0x00000000, 0x00000000,
    0x00000000, 0x00000000, 0x00000000, 0x00000000, 0x00000000, 0x00000000, 0x00000000, 0x00000000, 0x00000000, 0x00000000, 0x00000000,
    0x00000000, 0x00000000, 0x00000000, 0x00000000, 0x00000000, 0x00000000, 0x00000000, 0x00000000, 0x00000000, 0x00000000, 0x00000000,
    0x00000000, 0x00000000, 0x00000000, 0x00000000, 0x00000000, 0x00000000, 0x00000000, 0x00000000, 0x00000000, 0x00000000, 0x00000000,
    0x00000000, 0x00000000, 0x00000000, 0x00000000, 0x00000000, 0x00000000, 0x00000000, 0x00000000, 0x00000000, 0x00000000, 0x00000000,
    0x00000000, 0x00000000, 0x00000000, 0x00000000, 0x00000000, 0x00000000, 0x00000000, 0x00000000, 0x00000000, 0x00000000, 0x00000000,
    0x00000000, 0x00000000, 0x00000000, 0x00000000, 0x00000000, 0x00000000, 0x00000000, 0x00000000, 0x00000000, 0x00000000, 0x00000000,
    0x00000000, 0x00000000, 0x00000000, 0x00000000, 0x00000000, 0x00000000, 0x00000000, 0x00000000, 0x00000000, 0x00000000, 0x00000000,
    0x00000000, 0x00000000, 0x00000000, 0x00000000, 0x00000000, 0x00000000, 0x00000000, 0x00000000, 0x00000000, 0x00000000, 0x00000000,
    0x00000000, 0x00000000, 0x00000000, 0x00000000, 0x00000000, 0x00000000, 0x00000000, 0x00000000, 0x00000000, 0x00000000, 0x00000000,
    0x00000000, 0x00000000, 0x00000000, 0x00000000, 0x00000000, 0x00000000, 0x00000000, 0x00000000, 0x00000000, 0x00000000, 0x00000000,
    0x00000000, 0x00000000, 0x00000000, 0x00000000, 0x00000000, 0x00000000, 0x00000000, 0x00000000, 0x00000000, 0x00000000, 0x00000000,
    0x00000000, 0x00000000, 0x00000000,
};
