#pragma once

static const unsigned int module_enable_size = 34816;
static const unsigned int module_enable_data[34816 / 4] =
{
    0x46464952, 0x000087F8, 0x45564157, 0x20746D66, 0x00000010, 0x00010001, 0x0000AC44, 0x00015888, 0x00100002, 0x61746164, 0x000087D4,
    0xFFFF0000, 0x00000000, 0x00000000, 0x00000000, 0x00000000, 0x00000000, 0x00000000, 0x00000000, 0x00000000, 0x00000000, 0x00010000,
    0xFFFFFFFF, 0x00000000, 0x00000000, 0x00000001, 0x00000000, 0x00000000, 0x00000001, 0x0000FFFF, 0x00000000, 0xFFFF0000, 0x0000FFFF,
    0x0000FFFF, 0x00000000, 0xFFFFFFFF, 0x00000000, 0x00000000, 0xFFFF0000, 0x00000000, 0x00000000, 0x00000000, 0xFFFF0000, 0x0001FFFF,
    0x00000001, 0x00000000, 0x00000000, 0xFFFF0000, 0x00010000, 0x00000000, 0xFFFF0000, 0x0000FFFF, 0x00010000, 0x00000000, 0x00000001,
    0x00010000, 0x00000000, 0xFFFE0000, 0x00010000, 0xFFFF0000, 0x0000FFFF, 0x00000000, 0xFFFE0000, 0x00020002, 0x00010000, 0x00000000,
    0x00000001, 0x00000000, 0x00000000, 0xFFFFFFFF, 0x00000000, 0x00000000, 0x00000001, 0xFFFFFFFF, 0x0000FFFE, 0x00010001, 0xFFFF0000,
    0x00000000, 0x00000000, 0x00000000, 0x00000000, 0x00000000, 0x00000000, 0x00000000, 0x00000000, 0x00000000, 0x00000000, 0x00000000,
    0x00000000, 0x0000FFFF, 0x00000001, 0xFFFF0000, 0x00000000, 0xFFFF0000, 0x00020000, 0x00000001, 0x0000FFFF, 0x00000001, 0x00020000,
    0x00000001, 0x00000000, 0xFFFF0000, 0x00000000, 0x00020000, 0x00000000, 0x00000001, 0x00000000, 0x00020000, 0x00010002, 0x00010001,
    0x00000001, 0x00010000, 0x00000000, 0x00000000, 0x00010000, 0x00000000, 0x00000000, 0x0000FFFF, 0x00000000, 0x00010000, 0x00000000,
    0xFFFE0000, 0x00000000, 0x00030000, 0xFFFF0000, 0xFFFF0000, 0x00010000, 0x00000000, 0x00000000, 0x00000000, 0x00000001, 0x00000000,
    0x00000000, 0x00000000, 0x00000000, 0x00000001, 0x00000000, 0x00010000, 0x00000001, 0x00000000, 0x00000001, 0x00010000, 0x00000000,
    0x00010000, 0x00000002, 0x00000000, 0x00020000, 0x00000002, 0x00000000, 0x00010000, 0x00000001, 0x00020000, 0x00000000, 0x00000000,
    0x00000000, 0x00000000, 0x00000000, 0x00000000, 0x00010000, 0xFFFF0001, 0x00000000, 0x00010000, 0x0000FFFF, 0x00000001, 0xFFFF0000,
    0x00000000, 0x0000FFFF, 0x00000000, 0x00000002, 0x00020000, 0x00000000, 0x00010000, 0x00000000, 0x00000001, 0x00010002, 0x00010000,
    0x00010002, 0x00000000, 0x00000000, 0x00010000, 0x00000000, 0x00010000, 0x00010001, 0x00000000, 0x00000003, 0x0001FFFF, 0x00010002,
    0x00010001, 0x00000000, 0x00010001, 0x00000000, 0x00000000, 0x00000000, 0x00000000, 0x00010000, 0x00000000, 0x00010001, 0x00000000,
    0x00010000, 0x00000002, 0x00010000, 0x00000000, 0x00000001, 0x00000001, 0x00020000, 0x00000001, 0x00000000, 0x00000002, 0x00000000,
    0x00010000, 0x00000000, 0x00000000, 0x00000000, 0x00010002, 0x00020001, 0x00000000, 0x00000002, 0x00000000, 0x00000000, 0x00000000,
    0x0001FFFF, 0x00000001, 0x00000001, 0x00000000, 0x00010001, 0x00000000, 0x00000000, 0x00000000, 0x00000000, 0x0001FFFF, 0x00000001,
    0x00010001, 0x00000001, 0x00000001, 0x00020000, 0x00000001, 0x00000000, 0x00000001, 0x00000000, 0x00010000, 0x00000000, 0x00000000,
    0x00010001, 0x00000001, 0x00000000, 0x0000FFFF, 0x00000003, 0x00010000, 0x00000000, 0x0000FFFF, 0x00000001, 0x00000001, 0x00000001,
    0x0001FFFF, 0x00000000, 0x00000001, 0x00000000, 0x00010000, 0xFFFF0000, 0x00010001, 0x00000000, 0x00000000, 0x00000001, 0x00000001,
    0x0000FFFF, 0x00000001, 0x00010002, 0x00010000, 0x00000000, 0x00000000, 0x00000000, 0x00000001, 0xFFFF0000, 0x00010000, 0x00000000,
    0x00000001, 0x00000000, 0x00000000, 0x0000FFFF, 0x00010002, 0xFFFF0000, 0x00010000, 0x00010000, 0x00000000, 0x00000000, 0x00000002,
    0x00000000, 0x0000FFFF, 0x00000000, 0x00000002, 0x00010000, 0x00010000, 0xFFFFFFFF, 0x00000000, 0x00000000, 0x00000000, 0x00000000,
    0x00000000, 0x00020002, 0x00000000, 0xFFFF0000, 0x00010000, 0x00010000, 0x00000000, 0xFFFF0000, 0x0000FFFF, 0x00000000, 0x00000000,
    0x0000FFFF, 0x00000001, 0x00000001, 0x00030000, 0x00000002, 0x00010000, 0x00000000, 0x00000002, 0x0001FFFF, 0xFFFF0000, 0x00000000,
    0xFFFF0000, 0x0000FFFF, 0x0000FFFF, 0xFFFF0000, 0x00000000, 0x0000FFFF, 0x00000000, 0x00000000, 0x00000000, 0xFFFF0000, 0x00000000,
    0x00000000, 0x00000000, 0x0000FFFF, 0x00000000, 0x00000000, 0x00000000, 0x00000000, 0x00000000, 0x00000000, 0x00000000, 0x00000000,
    0x00030003, 0x00000000, 0x00000000, 0x00000003, 0x00030000, 0x00000001, 0x00000000, 0x00000002, 0x00010000, 0x00000000, 0x0000FFFF,
    0xFFFF0000, 0x00000000, 0x00000000, 0x00000000, 0xFFFF0000, 0x00000000, 0x00000000, 0x00000000, 0xFFFFFFFF, 0x00000000, 0x0000FFFF,
    0xFFFF0000, 0x00000000, 0xFFFFFFFF, 0x00000000, 0xFFFF0000, 0xFFFF0000, 0xFFFFFFFE, 0x0000FFFE, 0xFFFE0000, 0xFFFF0000, 0x0000FFFF,
    0xFFFFFFFF, 0x00000000, 0x00020000, 0xFFFF0001, 0x0000FFFF, 0x00010000, 0x00020002, 0x00000001, 0xFFFF0000, 0x00000000, 0x0000FFFE,
    0x00030002, 0x00010002, 0x00000000, 0x00030001, 0x00010000, 0x00000000, 0x00030002, 0x00000000, 0x00000000, 0x00020001, 0x00000000,
    0x00000000, 0x00000001, 0x00010000, 0xFFFF0000, 0xFFFEFFFE, 0xFFFEFFFF, 0x0000FFFF, 0x0000FFFF, 0xFFFEFFFF, 0xFFFDFFFE, 0xFFFFFFFF,
    0xFFF9FFFC, 0xFFFDFFFA, 0xFFFAFFFB, 0xFFFAFFFA, 0x0000FFFF, 0xFFFDFFFD, 0xFFFDFFFD, 0xFFF8FFF9, 0xFFFEFFFD, 0xFFFAFFFB, 0xFFFAFFFB,
    0xFFFDFFFC, 0xFFFBFFFB, 0xFFF7FFFB, 0xFFF9FFF9, 0xFFF8FFF7, 0xFFFAFFF9, 0xFFFBFFFB, 0xFFF9FFF9, 0xFFFCFFFC, 0xFFFDFFFD, 0xFFF7FFF8,
    0xFFF9FFF9, 0xFFF7FFF8, 0xFFFAFFF8, 0xFFFAFFFB, 0xFFFCFFF9, 0xFFFDFFFD, 0xFFFBFFFF, 0xFFFFFFFC, 0xFFFBFFFB, 0xFFF9FFF9, 0xFFFFFFFE,
    0xFFFDFFFF, 0xFFFAFFF9, 0xFFFBFFFB, 0xFFFEFFFE, 0xFFFBFFFA, 0xFFFAFFFB, 0xFFFAFFFA, 0xFFFAFFFB, 0xFFF9FFF7, 0xFFF8FFF8, 0xFFF8FFFA,
    0xFFFEFFFA, 0xFFF7FFFA, 0xFFF4FFF5, 0xFFF6FFF5, 0xFFF9FFF7, 0xFFF5FFF8, 0xFFFDFFF8, 0xFFFAFFFC, 0xFFF8FFF9, 0xFFFAFFFA, 0xFFFBFFFA,
    0xFFFCFFF9, 0xFFFBFFFE, 0xFFFFFFFD, 0xFFFCFFFF, 0xFFFEFFFA, 0xFFFEFFFE, 0xFFFDFFFF, 0x0000FFFC, 0x00000001, 0xFFFFFFFD, 0xFFFDFFFF,
    0xFFFAFFFA, 0x00010000, 0xFFFDFFFC, 0x00000000, 0xFFFCFFFD, 0x00010002, 0x0002FFFF, 0xFFFD0002, 0xFFFEFFFD, 0x00000000, 0xFFFEFFFD,
    0x00010003, 0x00000000, 0xFFFFFFFF, 0xFFFEFFFD, 0xFFFC0000, 0xFFFDFFFC, 0xFFFCFFFA, 0x00000000, 0xFFFCFFFD, 0xFFFAFFFB, 0xFFF9FFFC,
    0xFFFAFFF8, 0xFFFBFFF8, 0xFFFCFFFE, 0xFFF8FFFD, 0xFFFEFFF6, 0xFFFC0000, 0xFFFAFFF8, 0xFFF9FFFB, 0xFFFBFFFA, 0xFFF9FFF9, 0xFFF8FFF7,
    0xFFF7FFF8, 0xFFF5FFF6, 0xFFF9FFF7, 0xFFF8FFF9, 0xFFF5FFF5, 0xFFF7FFF7, 0xFFF8FFF7, 0xFFF7FFF8, 0xFFF7FFF6, 0xFFF9FFF9, 0xFFFBFFF9,
    0xFFF7FFF7, 0xFFFBFFFD, 0xFFFCFFF9, 0xFFF9FFFB, 0xFFF6FFF9, 0xFFFDFFF9, 0xFFFBFFFA, 0xFFFAFFFE, 0xFFF8FFF5, 0xFFFBFFF9, 0xFFF4FFFB,
    0xFFF7FFF4, 0xFFF9FFF7, 0xFFF9FFF8, 0xFFF9FFFC, 0xFFF4FFF4, 0xFFF8FFF9, 0xFFF9FFF6, 0xFFF9FFF9, 0xFFF7FFF9, 0xFFF7FFF6, 0xFFF7FFF8,
    0xFFF6FFF4, 0xFFF3FFF6, 0xFFF9FFF7, 0xFFF5FFF9, 0xFFF4FFF2, 0xFFF9FFF8, 0xFFF4FFF5, 0xFFF9FFF7, 0xFFF5FFF7, 0xFFF7FFF7, 0xFFF5FFF4,
    0xFFF8FFF8, 0xFFF9FFF7, 0xFFFBFFFB, 0xFFFCFFFB, 0xFFFAFFFB, 0xFFF9FFF8, 0xFFFDFFFB, 0xFFFCFFFE, 0xFFFDFFFB, 0xFFF9FFFA, 0xFFFCFFFE,
    0xFFFEFFFA, 0xFFFDFFFE, 0xFFFFFFFD, 0x0000FFFF, 0x00000000, 0xFFFFFFFF, 0xFFFAFFFD, 0xFFFBFFFA, 0xFFFCFFFB, 0xFFFCFFFB, 0xFFFCFFFC,
    0xFFFAFFFC, 0xFFFEFFFB, 0xFFFBFFFD, 0xFFFCFFFC, 0xFFFCFFFE, 0xFFFBFFF8, 0xFFF8FFFC, 0xFFFFFFFB, 0xFFF8FFFA, 0xFFFEFFFC, 0xFFFBFFFE,
    0x0000FFFE, 0xFFFCFFFD, 0xFFF9FFFC, 0xFFFDFFFB, 0xFFFCFFFB, 0xFFF7FFFC, 0xFFF7FFF6, 0xFFFCFFF8, 0xFFF9FFFC, 0xFFF7FFF8, 0xFFF6FFF6,
    0xFFF9FFF7, 0xFFF5FFF8, 0xFFF8FFF7, 0xFFF6FFF6, 0xFFF8FFF9, 0xFFF6FFF5, 0xFFF9FFF9, 0xFFF8FFF9, 0xFFFAFFFA, 0xFFF4FFF6, 0xFFF9FFF7,
    0xFFFAFFFB, 0xFFF9FFF8, 0xFFF7FFF9, 0xFFFBFFF9, 0xFFFBFFFB, 0xFFFBFFFA, 0xFFF9FFFB, 0xFFFEFFFB, 0xFFFBFFFC, 0xFFF9FFFB, 0xFFF7FFF8,
    0xFFFAFFF8, 0xFFFAFFFA, 0xFFFFFFFE, 0xFFFCFFFC, 0xFFFDFFFC, 0xFFF8FFFB, 0xFFFBFFFA, 0xFFFAFFFA, 0xFFFAFFFA, 0xFFF7FFF9, 0xFFFCFFFA,
    0xFFF9FFFA, 0xFFFBFFF9, 0xFFFAFFFC, 0xFFF8FFF7, 0xFFF8FFF8, 0xFFF8FFF8, 0xFFFBFFFA, 0xFFFAFFFA, 0xFFFAFFFB, 0xFFFAFFFB, 0xFFFBFFF9,
    0xFFF8FFFA, 0xFFFCFFF9, 0xFFFCFFFD, 0x0000FFFC, 0xFFFB0000, 0xFFFBFFF8, 0x00000000, 0xFFFDFFFC, 0xFFFF0000, 0x0000FFFE, 0x00010001,
    0x00000000, 0x00020002, 0xFFFFFFFE, 0x00000001, 0xFFFEFFFE, 0x00010000, 0xFFFF0000, 0x00010000, 0x00000002, 0x00000000, 0x00000000,
    0x00000002, 0xFFFDFFFA, 0xFFFF0000, 0xFFFEFFFE, 0x00000000, 0x00000000, 0x00020001, 0xFFFEFFFD, 0x00000000, 0xFFF8FFFC, 0x0000FFFD,
    0xFFFD0000, 0x0002FFFC, 0xFFFBFFFF, 0x0000FFFF, 0xFFFCFFFC, 0xFFFCFFFC, 0xFFFEFFFF, 0x0000FFFE, 0xFFFCFFFB, 0x0000FFFD, 0xFFFA0002,
    0xFFFDFFF9, 0xFFFCFFF9, 0xFFF6FFFD, 0xFFFFFFFB, 0xFFFDFFFC, 0xFFF9FFF9, 0x0002FFFF, 0xFFF60000, 0xFFFDFFFA, 0xFFFCFFF8, 0xFFFE0002,
    0xFFFDFFF6, 0xFFF5FFF8, 0xFFFDFFF9, 0xFFF90002, 0xFFFFFFFD, 0xFFFDFFF7, 0xFFF6FFF7, 0x0002FFFB, 0xFFF10000, 0xFFFAFFFB, 0xFFFCFFFA,
    0x0004FFFA, 0x00020000, 0xFFFBFFFD, 0xFFF3FFFD, 0xFFFF0003, 0xFFFCFFF8, 0xFFFFFFFA, 0xFFFEFFF0, 0xFFF2FFFE, 0xFFFA0000, 0xFFFE0001,
    0xFFFAFFF2, 0x00020001, 0xFFFAFFEE, 0xFFF1FFFB, 0xFFFF0001, 0xFFFB0003, 0xFFFCFFFA, 0x000CFFF1, 0xFFF9FFFA, 0xFFF50008, 0xFFF30001,
    0xFFE7FFF3, 0x0004FFE7, 0x0016FFFC, 0xFFEC0004, 0x00110005, 0xFFE40001, 0x000D0004, 0x0007FFED, 0xFFE5FFF9, 0xFFF1FFFE, 0x00000003,
    0xFFF70003, 0x0025FFF9, 0xFFF9FFF1, 0x00090005, 0x00020015, 0xFFEC0005, 0xFFE1FFF6, 0xFFF9FFDD, 0x00090014, 0x00300009, 0x001A0003,
    0xFFBFFFF0, 0xFFE0FFF4, 0x0011FFE7, 0x00150020, 0x000D0000, 0xFFCD001C, 0x001D0012, 0x001EFFBA, 0xFFF9000F, 0xFFEEFFE4, 0xFFEF0019,
    0xFFD90005, 0xFFFCFFD5, 0x001D002B, 0x0002FFEA, 0xFFFAFFE8, 0xFFCCFFF7, 0xFFE3000A, 0x0033FF90, 0xFFFC000D, 0xFFB80036, 0xFFFF0040,
    0xFFE9FF84, 0xFFDAFFD6, 0xFFE6FFF8, 0x0093005B, 0xFFB7FFAA, 0xFFE1FFBD, 0xFFD70063, 0x0024FFF2, 0x00080003, 0xFFFFFFF8, 0xFFD10017,
    0x00750025, 0xFFFAFFF9, 0xFFB6FF56, 0x004A00A1, 0x00290009, 0x00020018, 0xFF61FFDD, 0xFFCE0039, 0x0064FFC2, 0x0091FFAC, 0xFF8F0014,
    0x0005004C, 0xFFD4FFCA, 0xFFE0FFF4, 0xFFAFFFB5, 0x00640028, 0xFF80001E, 0x000FFFE6, 0x006FFFD7, 0xFFC1FFC6, 0x0029FFB6, 0xFF410007,
    0xFFDF00B4, 0x0062FF7D, 0xFFDB000C, 0x0069FF96, 0x001F008B, 0xFFC80080, 0xFFCBFF0D, 0xFFF1FFC3, 0xFFF4006A, 0x007EFFD8, 0xFFC200E2,
    0xFFC40039, 0x0009FF41, 0x0090FFA3, 0x000EFFDC, 0xFEF3FFCC, 0x00400085, 0xFFB4FFF1, 0x0069005B, 0x00510013, 0xFFD3FF30, 0x000EFFFD,
    0xFFC9008D, 0xFFB2FF5D, 0xFFA500A3, 0x008FFF5C, 0x00440067, 0xFFB50037, 0x0042FF5A, 0xFF72FFD6, 0x008A00C0, 0xFFEFFF95, 0xFED2000E,
    0x0025FFEA, 0x00B0FF97, 0x004B0074, 0x002F0031, 0xFF56FFC5, 0x0072FF90, 0xFFB60061, 0x00E5006C, 0xFF73000F, 0xFFD6009E, 0xFFBAFF76,
    0x00ED0049, 0x00370014, 0xFEBDFE89, 0x00B900C5, 0xFFD3FF84, 0x004A00BD, 0x000B0046, 0xFF43FF8D, 0xFF15FFFE, 0x0045FF83, 0x0056FFD3,
    0xFFF4FF91, 0x010F00C6, 0xFF64FF7B, 0x005E0085, 0x009C011C, 0xFFEEFF94, 0x00000072, 0xFF60FF8B, 0xFF43004B, 0xFF71FF8D, 0xFFF2FEAA,
    0xFE75FD82, 0xFF27FF28, 0xFFF1012B, 0xFFABFF35, 0xFFCEFFE2, 0xFE51FF7A, 0x02CD0063, 0xFF8F00CA, 0x00F800B5, 0xFF0C0097, 0x02440000,
    0x034401B1, 0x00920117, 0x00BE0226, 0xFF170142, 0x017CFF90, 0xFF57FF67, 0xFF22FF08, 0xFD57007D, 0xFE35FE19, 0xFBDCFD2E, 0xF6BAF6F3,
    0xF151F49C, 0xE88EE933, 0xF1A8EE2A, 0xDCB2E5E5, 0x1498FA85, 0xE43F1BA5, 0x2683DC88, 0x25C8196E, 0xC8CF2171, 0xF160C654, 0xBA06D8B0,
    0x2CE4FAAC, 0x1A6E1540, 0x120F3316, 0xCA2ED7CC, 0xFF25CF66, 0x3A743D30, 0x14AD1BDB, 0x3FAE2F25, 0x18452DE3, 0x351A1D54, 0x0F89333E,
    0xEA50F1A6, 0x14BBF842, 0x37082AFB, 0x266534B8, 0xE5CA08C8, 0xD00ED501, 0xDE38D1F6, 0xFD2FF0E5, 0xEA64FD87, 0xCB29D3D9, 0xCB4FC9A5,
    0xC892C8E7, 0xCDF7C9D6, 0xC8FECCBC, 0xD7CBCF08, 0xEB17E570, 0xEB97ECCC, 0xE6FAE68B, 0xEF6EE71C, 0x0763FB59, 0x18FA13BF, 0x1C441B57,
    0x180F19E7, 0x20A61AEF, 0x28A524F2, 0x2CEF2C4A, 0x2CA22DA0, 0x2C822BDD, 0x2D132D7F, 0x255127E1, 0x1A181FC9, 0x13C61698, 0x12F21513,
    0x0CC510A4, 0x000806D7, 0xF202F7FB, 0xEC9AEE99, 0xEAC4EAD6, 0xE50CE787, 0xDF22E350, 0xDB79DCE7, 0xDB57DB53, 0xDC33DB0D, 0xDCCEDCBF,
    0xE187DFB5, 0xE768E399, 0xEC9CEAC5, 0xF1FFEDE1, 0xF838F36E, 0xFDE5FC76, 0x06570321, 0x0CDD0A9B, 0x11C50EA3, 0x15C51396, 0x19D11893,
    0x1D611B14, 0x1E241BE9, 0x1BEB1D7D, 0x1B4B1D3C, 0x19121B94, 0x161517CF, 0x112E12BB, 0x0B280E9D, 0x08F00938, 0x01860408, 0xFC08FF18,
    0xF5B3F9A3, 0xF1DDF4BE, 0xEFA4F074, 0xEB96ED2E, 0xE9C7EAA5, 0xE84EE78E, 0xE866E947, 0xE93FE90E, 0xEC1AEA3D, 0xEEE6ECF4, 0xF0C1EF9F,
    0xF5A6F351, 0xF995F7C0, 0xFD09FBBC, 0x02D400F9, 0x069803FC, 0x0ABB076C, 0x0D4B0C11, 0x0EA70E67, 0x10D1107C, 0x129B11C6, 0x11D812D7,
    0x129F1151, 0x110C11E6, 0x0E2C0FEE, 0x0BBD0D15, 0x08B60B22, 0x061F06AB, 0x03380448, 0xFECB012B, 0xFB4AFC3F, 0xF870FB1B, 0xF5E4F758,
    0xF44EF4B1, 0xF1C1F2A6, 0xF16FF167, 0xF0C4F165, 0xF0F9F05D, 0xF1B6F17C, 0xF37EF284, 0xF658F4F9, 0xF793F6C8, 0xF9CCF8C8, 0xFD4BFB76,
    0x004BFE9B, 0x02A90203, 0x054203BE, 0x07A40668, 0x09B408B6, 0x0AEB0A16, 0x0B950BDB, 0x0BCD0B70, 0x0C1C0C23, 0x0BC90C33, 0x09FC0A7A,
    0x0878098E, 0x071707AC, 0x048105F8, 0x02AA03B9, 0xFFF2011B, 0xFDCCFED0, 0xFCB8FD32, 0xF9FBFB68, 0xF870F949, 0xF6F0F794, 0xF676F69B,
    0xF69DF67B, 0xF5CFF625, 0xF656F60F, 0xF6E9F685, 0xF871F79E, 0xFA0CF96F, 0xFAF7FA65, 0xFD14FBCC, 0xFEFDFE33, 0x00EEFFD7, 0x02A501F0,
    0x03C60355, 0x0557045E, 0x06D10644, 0x074C06FF, 0x076C075A, 0x07C707D0, 0x07950786, 0x079407CB, 0x06780710, 0x051005A7, 0x041F04BE,
    0x02AE032F, 0x01770257, 0xFFA50088, 0xFE02FEAF, 0xFD1DFDA6, 0xFBD7FC55, 0xFAF9FB75, 0xFA0EFA89, 0xF951F98B, 0xF9B3F98B, 0xF975F999,
    0xF991F968, 0xFA3DF9E4, 0xFAE9FA80, 0xFC45FB8F, 0xFD45FCE1, 0xFE06FD94, 0xFF81FEBA, 0x00D40035, 0x0207015D, 0x02E60298, 0x03640313,
    0x046203EA, 0x051004D9, 0x05250508, 0x051F053E, 0x04BF04D9, 0x04AA04BE, 0x042E0493, 0x032C0398, 0x028002E8, 0x018801F4, 0x00950112,
    0xFF980021, 0xFE73FEFE, 0xFDC5FE1C, 0xFD2CFD6F, 0xFC61FCC9, 0xFBEFFC1C, 0xFB83FBAF, 0xFBA4FB92, 0xFBC2FBB3, 0xFBEBFBCC, 0xFC5FFC24,
    0xFCDFFC90, 0xFDCCFD59, 0xFE6AFE20, 0xFF35FECA, 0xFFF6FF97, 0x00B70054, 0x0199012C, 0x022001DD, 0x02A80266, 0x02F502E0, 0x0342031A,
    0x036F035B, 0x03420357, 0x031D0334, 0x02B802FB, 0x025E028A, 0x01D8021D, 0x01380188, 0x009A00E4, 0xFFF9004A, 0xFF5BFFB0, 0xFEC9FF0F,
    0xFE46FE8B, 0xFDD6FE02, 0xFD91FDAF, 0xFD51FD6D, 0xFD34FD44, 0xFD36FD36, 0xFD62FD43, 0xFD96FD7C, 0xFDF3FDBE, 0xFE59FE21, 0xFEC6FE91,
    0xFF4EFF0C, 0xFFC7FF84, 0x0048000D, 0x00BC0085, 0x013100FA, 0x017F0150, 0x01D001A7, 0x01FE01F7, 0x020A0207, 0x02130214, 0x01F701FD,
    0x01CC01E3, 0x019A01BB, 0x0140016E, 0x00E2010F, 0x008A00BD, 0x001A0052, 0xFFC2FFEB, 0xFF65FF92, 0xFF02FF30, 0xFEC0FEDE, 0xFE77FE9F,
    0xFE60FE6D, 0xFE43FE52, 0xFE2FFE2B, 0xFE4DFE3B, 0xFE4EFE4D, 0xFE91FE70, 0xFEB6FEAA, 0xFEF9FED2, 0xFF59FF29, 0xFF9EFF70, 0xFFF2FFCA,
    0x0034001D, 0x00830058, 0x00C300AB, 0x010300E0, 0x01290113, 0x013D0131, 0x015C0150, 0x0157016B, 0x014F0146, 0x012D0141, 0x01030121,
    0x00EA00EE, 0x00AD00D3, 0x005D0078, 0x00300053, 0xFFE70012, 0xFFB4FFBD, 0xFF75FFA2, 0xFF37FF4B, 0xFF17FF22, 0xFEEAFF09, 0xFEDCFEE3,
    0xFEE2FEDC, 0xFECFFED4, 0xFEE4FED6, 0xFF07FEFC, 0xFF20FF0A, 0xFF5CFF42, 0xFF7BFF6A, 0xFFA9FF8C, 0xFFECFFD3, 0x0016FFFF, 0x00450029,
    0x006F005E, 0x00930080, 0x00BB00A6, 0x00B200BE, 0x00CE00C5, 0x00DA00CF, 0x00C600CE, 0x00BA00C0, 0x00A100AF, 0x008A00A0, 0x006D0078,
    0x0045005C, 0x00140025, 0xFFF70002, 0xFFCBFFEE, 0xFFB3FFB6, 0xFF96FFA6, 0xFF70FF86, 0xFF6BFF67, 0xFF64FF6D, 0xFF5FFF58, 0xFF59FF5C,
    0xFF68FF65, 0xFF75FF68, 0xFF82FF88, 0xFFABFF90, 0xFFB5FFA9, 0xFFD5FFC7, 0xFFF7FFEB, 0x000D0000, 0x00360026, 0x00310034, 0x00530040,
    0x00670058, 0x00690066, 0x0074007A, 0x006D006C, 0x0069006D, 0x006E006E, 0x00510060, 0x004A0048, 0x003B0041, 0x00260032, 0x001C0026,
    0xFFE30001, 0xFFE3FFE5, 0xFFDCFFDB, 0xFFB3FFBC, 0xFFB7FFBA, 0xFF9EFFAF, 0xFFA2FFA0, 0xFF9DFFA7, 0xFF98FF95, 0xFFA5FF92, 0xFFB1FFAA,
    0xFFBFFFC5, 0xFFC6FFBD, 0xFFDFFFD6, 0xFFF1FFEB, 0x0013FFFB, 0x001E0017, 0x002B0024, 0x003D0037, 0x0057004F, 0x00640062, 0x00670063,
    0x00710067, 0x00650064, 0x006E0071, 0x00580069, 0x00500053, 0x004D0053, 0x00320036, 0x002F0036, 0x000B0014, 0xFFF10003, 0xFFE7FFF6,
    0xFFBEFFC9, 0xFFB7FFC2, 0xFFA2FFA6, 0xFF8FFF91, 0xFF94FF95, 0xFF87FF8D, 0xFF94FF93, 0xFFA0FF94, 0xFFA4FFA6, 0xFFC3FFAF, 0xFFD7FFC8,
    0xFFCDFFD2, 0xFFFDFFE7, 0x000E000C, 0x00300021, 0x00440034, 0x00430041, 0x005A004C, 0x006E0066, 0x006F0077, 0x00820078, 0x00850082,
    0x007D0080, 0x0077007A, 0x00630068, 0x00590062, 0x00470051, 0x0024003F, 0x001B0018, 0xFFFA0006, 0xFFE6FFEE, 0xFFD2FFDC, 0xFFB7FFCB,
    0xFFB4FFB4, 0xFF9FFFA8, 0xFFA2FFA6, 0xFFA1FF94, 0xFF95FF9A, 0xFF98FF9C, 0xFFAEFFA4, 0xFFB9FFB9, 0xFFC7FFB9, 0xFFE0FFCF, 0xFFF4FFEA,
    0x000A0000, 0x001F001C, 0x003A0029, 0x004C0040, 0x005C0058, 0x00660062, 0x00690066, 0x0072006D, 0x00620069, 0x006C006E, 0x005E0064,
    0x0058005D, 0x00430049, 0x003A003E, 0x002E0031, 0x00190029, 0x00090012, 0xFFF9FFFE, 0xFFEBFFFA, 0xFFDEFFD9, 0xFFCBFFD4, 0xFFCAFFCC,
    0xFFC0FFC9, 0xFFC0FFBF, 0xFFBDFFBE, 0xFFBDFFB6, 0xFFC9FFC6, 0xFFCFFFCE, 0xFFDAFFD0, 0xFFEDFFE1, 0xFFEFFFF4, 0x000C0003, 0x0018000A,
    0x00230018, 0x003E0035, 0x0047003F, 0x00510053, 0x005E005B, 0x005A005A, 0x0063005A, 0x005F0063, 0x004D0052, 0x00510055, 0x00390047,
    0x00330038, 0x0029002B, 0x000F0018, 0x00000006, 0xFFF2FFFE, 0xFFE7FFF0, 0xFFE9FFE3, 0xFFD6FFDB, 0xFFD1FFDA, 0xFFCEFFCE, 0xFFCDFFCC,
    0xFFD5FFCA, 0xFFD1FFD8, 0xFFD2FFD4, 0xFFF0FFE5, 0xFFF4FFEC, 0x0006FFF9, 0x000C000C, 0x00220017, 0x002C002B, 0x00420035, 0x003C0049,
    0x0054003B, 0x00590059, 0x0049004D, 0x00530056, 0x004A0056, 0x003D003D, 0x003D003D, 0x002D002F, 0x00240029, 0x001C0028, 0x00080011,
    0x00040000, 0xFFF40000, 0xFFE8FFF3, 0xFFE6FFDC, 0xFFD7FFE1, 0xFFD6FFD4, 0xFFD3FFD8, 0xFFCAFFD7, 0xFFDDFFCF, 0xFFE0FFD5, 0xFFE3FFE0,
    0xFFF4FFEE, 0xFFFD0000, 0x0007FFFA, 0x0023001E, 0x0020001E, 0x0031001F, 0x003B003F, 0x003C0039, 0x004F004C, 0x004A0052, 0x0046003D,
    0x004F0047, 0x0038004D, 0x003C0035, 0x003E0041, 0x00250031, 0x002A0023, 0x00170029, 0x00060008, 0x001A0014, 0xFFFC0006, 0xFFF6FFF5,
    0xFFF20000, 0xFFF6FFEC, 0xFFFDFFFC, 0xFFF1FFF5, 0xFFEBFFE7, 0xFFFDFFFB, 0xFFF5FFFB, 0x0003FFFE, 0x00060001, 0xFFFEFFFD, 0x0013000A,
    0x00100011, 0x000D0011, 0x001E0016, 0x00230023, 0x002D001F, 0x00300033, 0x002C0030, 0x00420034, 0x00370041, 0x00360034, 0x00330036,
    0x002E0032, 0x00400031, 0x002E003D, 0x00200021, 0x00210029, 0x001C001B, 0x00170019, 0x000B0015, 0x0007FFFF, 0xFFFC0008, 0x00000000,
    0xFFF9FFFF, 0xFFFBFFF7, 0xFFF1FFF1, 0x0000FFFA, 0xFFF8FFFF, 0xFFFAFFFA, 0x00090003, 0x0000FFFD, 0x0015000E, 0x000C0014, 0x00150008,
    0x00220026, 0x00190018, 0x002C001D, 0x00250033, 0x002E0026, 0x0031002D, 0x0026002F, 0x002E002A, 0x002B002C, 0x00220027, 0x00260026,
    0x00210026, 0x001E0019, 0x001B0023, 0x00100014, 0x000F000B, 0x000F0015, 0x0010000D, 0x0008000B, 0x0006000A, 0x00070001, 0x0009000E,
    0x000B0007, 0x000B000B, 0x00170012, 0x000E0012, 0x00120012, 0x001B0014, 0x00150017, 0x0024001D, 0x001F0026, 0x0020001C, 0x001E001E,
    0x001B001D, 0x0018001B, 0x001E001D, 0x001A0015, 0x0019001B, 0x001D001E, 0x0018001B, 0x00180013, 0x0018001A, 0x0016001B, 0x001F0017,
    0x00130019, 0x00150016, 0x0023001A, 0x0018001C, 0x00220023, 0x0022001F, 0x001E001E, 0x00210021, 0x00220021, 0x00270021, 0x0023002A,
    0x00220024, 0x0027001C, 0x001B0027, 0x001A001B, 0x0022001E, 0x000C0014, 0x0015000F, 0x00120019, 0x000A0008, 0x00100014, 0x000A0007,
    0x000C000B, 0x0008000D, 0x000C0006, 0x000B0010, 0x0011000E, 0x00100013, 0x0014000C, 0x000B0012, 0x001A0012, 0x001C001D, 0x001A001E,
    0x0026001D, 0x001C001C, 0x002B0025, 0x0025002E, 0x00270023, 0x00280028, 0x00210023, 0x00290025, 0x00240029, 0x00210020, 0x00280023,
    0x001C0024, 0x0021001F, 0x001B0023, 0x001C0016, 0x001A0017, 0x001A0021, 0x00130014, 0x00150014, 0x00110017, 0x0011000E, 0x0011000F,
    0x0009000D, 0x000E000D, 0x00100011, 0x0007000B, 0x0010000B, 0x0011000F, 0x0014000C, 0x00170020, 0x000D000E, 0x001C0013, 0x0019001D,
    0x001E0017, 0x00230025, 0x00210024, 0x002A0021, 0x00260026, 0x0023002A, 0x002C002B, 0x002E002A, 0x00270027, 0x00250029, 0x00220025,
    0x001B001D, 0x00210020, 0x0015001C, 0x00180016, 0x00160014, 0x00100012, 0x000F0014, 0x000D0010, 0x000D0008, 0x000E000F, 0x0010000D,
    0x00100010, 0x00120013, 0x00140012, 0x001C0019, 0x001A0019, 0x001C001D, 0x0025001F, 0x00220021, 0x00230025, 0x00280027, 0x00240026,
    0x002A0027, 0x002A002A, 0x002B0029, 0x0029002A, 0x0020002A, 0x0023001D, 0x00210025, 0x00220021, 0x001F001F, 0x0019001A, 0x00160019,
    0x00120019, 0x0012000C, 0x000B000C, 0x000F0011, 0x00100010, 0x0010000C, 0x000E0013, 0x00160011, 0x00130015, 0x00180017, 0x00190016,
    0x001B001A, 0x001A001C, 0x001B0017, 0x00200020, 0x00210020, 0x00210020, 0x00260026, 0x00290025, 0x00270027, 0x00230027, 0x00230024,
    0x00250024, 0x00230021, 0x001D0020, 0x00220021, 0x0019001D, 0x00170018, 0x001A0018, 0x00160019, 0x00190018, 0x00160016, 0x00130016,
    0x00150016, 0x00170011, 0x00130018, 0x00170015, 0x00170019, 0x001A0015, 0x00140017, 0x00140016, 0x00200019, 0x0018001B, 0x001D001D,
    0x0020001C, 0x001E0021, 0x001E001E, 0x001F0020, 0x0024001F, 0x001B0021, 0x00220021, 0x0023001F, 0x00230022, 0x00230026, 0x00230025,
    0x001B001A, 0x001E0021, 0x001E001B, 0x00200021, 0x0017001C, 0x001D001A, 0x0019001B, 0x00180019, 0x00170019, 0x001F001A, 0x0019001D,
    0x00180019, 0x001B0017, 0x001E001E, 0x0019001E, 0x001F001B, 0x001E001C, 0x00200021, 0x00210023, 0x0020001E, 0x00210020, 0x00200020,
    0x00200022, 0x00240020, 0x00220023, 0x00230023, 0x00240024, 0x00210022, 0x00210021, 0x001E0020, 0x001F001C, 0x001C001E, 0x001B001B,
    0x001D001E, 0x001A001A, 0x001A0019, 0x0018001A, 0x001B001A, 0x001A0018, 0x00180018, 0x001A001B, 0x00170019, 0x00190016, 0x00160019,
    0x001B0017, 0x0019001B, 0x0019001A, 0x001D001A, 0x001D001C, 0x0020001D, 0x00200024, 0x0022001E, 0x00200022, 0x001E001E, 0x0020001E,
    0x001F0020, 0x00210021, 0x001E0020, 0x0023001F, 0x001B001F, 0x001E001F, 0x0019001B, 0x001E001A, 0x00170019, 0x001C001C, 0x001A001C,
    0x001C001A, 0x001A0019, 0x0017001C, 0x00190018, 0x00180017, 0x001C001A, 0x001B0019, 0x0018001C, 0x001B001A, 0x00180019, 0x001C0018,
    0x0019001B, 0x001D001C, 0x001F0020, 0x0020001C, 0x001B001C, 0x001A001D, 0x0021001F, 0x0020001F, 0x001F001D, 0x00200021, 0x001E0020,
    0x00230020, 0x0023001F, 0x00200024, 0x00240024, 0x00210022, 0x00230023, 0x00260020, 0x001F0025, 0x00240023, 0x00230021, 0x00220023,
    0x001F0022, 0x001F0020, 0x0022001F, 0x001F0023, 0x001E001D, 0x001E001E, 0x0020001E, 0x001B001D, 0x001F001F, 0x0021001C, 0x001D001F,
    0x00230023, 0x001E001F, 0x001F001F, 0x00250022, 0x001E0020, 0x00200021, 0x00200020, 0x0020001E, 0x00220022, 0x001D001D, 0x001F0021,
    0x001E0022, 0x0020001A, 0x001B001D, 0x001A001F, 0x001E001C, 0x001A0017, 0x0019001B, 0x001C001C, 0x001D001D, 0x0018001A, 0x001A0019,
    0x001A0017, 0x00140019, 0x00180019, 0x001E0018, 0x0019001A, 0x0017001C, 0x00180017, 0x001B001B, 0x00180015, 0x00170017, 0x001A001D,
    0x001B0019, 0x001D001B, 0x00190019, 0x001A001D, 0x001E001C, 0x00190018, 0x0020001D, 0x001E0021, 0x001D001D, 0x00240022, 0x0020001F,
    0x001A001F, 0x001C001B, 0x001C001B, 0x0019001B, 0x001C001D, 0x001A0018, 0x0015001A, 0x00160015, 0x00160016, 0x00140016, 0x00160013,
    0x00110016, 0x00190014, 0x00140016, 0x00160014, 0x00150017, 0x00140014, 0x00120011, 0x00140017, 0x00180014, 0x00190018, 0x0019001A,
    0x001C001C, 0x001E001D, 0x0021001F, 0x001D001E, 0x001C001D, 0x00210021, 0x0021001C, 0x001D0021, 0x001F001D, 0x00200023, 0x001C001A,
    0x0020001F, 0x001D001F, 0x001C001D, 0x001E001D, 0x001A0019, 0x001B001C, 0x001D001D, 0x001B001A, 0x00150018, 0x00190018, 0x001B0019,
    0x00170019, 0x00180016, 0x001C001B, 0x001A001B, 0x001A0019, 0x00160016, 0x00180019, 0x00190019, 0x001B0018, 0x00180017, 0x0016001A,
    0x00160016, 0x00190016, 0x00170019, 0x001B0019, 0x00160018, 0x001B001B, 0x001A0019, 0x001D001C, 0x0019001A, 0x0018001B, 0x001D001B,
    0x001E001B, 0x00130016, 0x0015001B, 0x00160011, 0x00150015, 0x00150016, 0x00170016, 0x00160016, 0x00190019, 0x00160017, 0x00190017,
    0x00130016, 0x00150015, 0x00130015, 0x00160015, 0x001B0014, 0x00110018, 0x001A0019, 0x001D001A, 0x00190019, 0x0019001A, 0x00170018,
    0x001B001A, 0x001E001B, 0x001C001C, 0x001A001B, 0x001B001F, 0x001D001A, 0x0018001B, 0x001B0016, 0x00120019, 0x001A0019, 0x00180016,
    0x001C0018, 0x0014001C, 0x00160016, 0x00170014, 0x00160018, 0x00130012, 0x00130015, 0x00130012, 0x00150017, 0x00160013, 0x00140015,
    0x00140015, 0x00140014, 0x00180017, 0x001B0015, 0x0019001B, 0x001A001C, 0x001E001D, 0x001D001C, 0x001E001C, 0x0019001B, 0x0019001C,
    0x0021001C, 0x001B001C, 0x0021001C, 0x0018001F, 0x001C001E, 0x001C0016, 0x001B001C, 0x001B001D, 0x001C001C, 0x001D001B, 0x001C001D,
    0x001D001D, 0x0018001A, 0x001A0019, 0x001A001C, 0x001C0019, 0x00180019, 0x0017001C, 0x00160014, 0x00140015, 0x00120013, 0x00150014,
    0x00140014, 0x00120017, 0x0016000F, 0x00130016, 0x00160014, 0x00150017, 0x00150015, 0x00160014, 0x00160014, 0x00170018, 0x0016001A,
    0x001A0012, 0x00140019, 0x00180017, 0x001A0019, 0x00190019, 0x001A0018, 0x00170019, 0x00160018, 0x001A0016, 0x00140018, 0x00160014,
    0x00170015, 0x00150017, 0x00150015, 0x00150016, 0x00120011, 0x00130016, 0x0012000F, 0x00120013, 0x00140014, 0x00100012, 0x0014000F,
    0x00130016, 0x00130015, 0x00130011, 0x00180014, 0x00130017, 0x00160017, 0x00160013, 0x00190018, 0x00140016, 0x00180017, 0x00170019,
    0x001A0016, 0x001D001B, 0x0019001E, 0x001A0019, 0x00180018, 0x00180017, 0x00170017, 0x0016001A, 0x00160014, 0x00180015, 0x00100019,
    0x00180011, 0x00110014, 0x00140016, 0x00190015, 0x00170015, 0x0018001A, 0x00150017, 0x001A0018, 0x00180017, 0x001A001A, 0x0017001B,
    0x00150017, 0x001C0014, 0x0017001C, 0x001D001B, 0x001A0019, 0x0016001C, 0x001B0015, 0x0017001A, 0x001C0018, 0x001B0021, 0x00190017,
    0x001C0019, 0x001C001F, 0x00180018, 0x0020001D, 0x0019001E, 0x001C0018, 0x001B001A, 0x0015001C, 0x001B001A, 0x00160012, 0x00110018,
    0x00140012, 0x00160015, 0x00150016, 0x00170015, 0x00160018, 0x00150015, 0x00120012, 0x00110014, 0x000F0010, 0x0013000E, 0x000D000F,
    0x000F0013, 0x00120010, 0x0014000D, 0x00110017, 0x00140015, 0x00120011, 0x00170014, 0x00100013, 0x00160013, 0x00150017, 0x00140014,
    0x00120013, 0x00150013, 0x00130014, 0x00120011, 0x00160019, 0x00180013, 0x00140017, 0x00110011, 0x00110014, 0x00150011, 0x00150012,
    0x00130015, 0x00140015, 0x00120015, 0x0013000D, 0x000D0012, 0x00100010, 0x00130012, 0x0010000E, 0x000F0014, 0x0010000A, 0x00110014,
    0x0013000F, 0x00100012, 0x00160016, 0x000E000E, 0x00110011, 0x000F000F, 0x00110012, 0x00160014, 0x00120010, 0x00150015, 0x00170018,
    0x00170016, 0x00180017, 0x00190017, 0x00150018, 0x0019001B, 0x001E0019, 0x001A001C, 0x001A0018, 0x0018001C, 0x0021001E, 0x00170018,
    0x001A0017, 0x001A001E, 0x001B001A, 0x00120017, 0x00160013, 0x00190018, 0x00160016, 0x00150018, 0x00130015, 0x001A0012, 0x00160017,
    0x0015001A, 0x00140015, 0x00170014, 0x001A0014, 0x0015001C, 0x00180019, 0x001A0017, 0x001D0018, 0x001B001E, 0x001A001B, 0x001F001C,
    0x001A001B, 0x001C001B, 0x00160019, 0x001C001B, 0x00170016, 0x0018001B, 0x00180016, 0x00160017, 0x00140017, 0x00120012, 0x00120013,
    0x00130012, 0x000F000F, 0x00100010, 0x00100015, 0x0013000D, 0x000C0010, 0x00110010, 0x000C000C, 0x00120015, 0x0011000E, 0x00120011,
    0x000E0010, 0x00110012, 0x00110012, 0x00170010, 0x00100014, 0x00180018, 0x00130016, 0x00170012, 0x00160017, 0x00140015, 0x00150014,
    0x00150019, 0x00180011, 0x00150016, 0x00170019, 0x00150014, 0x00140016, 0x00130010, 0x00150016, 0x00130014, 0x00130013, 0x00140015,
    0x0010000D, 0x000E0014, 0x000D000A, 0x0011000F, 0x00110014, 0x000E000C, 0x00110012, 0x00130010, 0x000D000E, 0x00110013, 0x00140010,
    0x00140011, 0x00100017, 0x00100011, 0x0014000F, 0x00140013, 0x00190019, 0x00180018, 0x001A0019, 0x0019001B, 0x001D0018, 0x0017001D,
    0x00180018, 0x00150015, 0x001A0015, 0x001B001B, 0x001A001C, 0x001B001C, 0x00190017, 0x00160016, 0x0018001B, 0x00180016, 0x00190015,
    0x0014001A, 0x001A0017, 0x001A0016, 0x00110018, 0x00150014, 0x00180016, 0x00160015, 0x00160017, 0x00150016, 0x00180018, 0x00180016,
    0x00160019, 0x00170015, 0x0018001A, 0x00150017, 0x001B0015, 0x00150019, 0x00170015, 0x0015001B, 0x00160011, 0x00110014, 0x00150016,
    0x00130015, 0x000E000E, 0x00130011, 0x00120013, 0x00120012, 0x00150012, 0x00120014, 0x00120013, 0x00150013, 0x000F000E, 0x00160019,
    0x00120011, 0x00140012, 0x00120014, 0x00100011, 0x00130011, 0x00130014, 0x00150014, 0x00130013, 0x00150013, 0x00130017, 0x00140010,
    0x00110015, 0x00120010, 0x00110010, 0x00130013, 0x00130013, 0x00120014, 0x00170011, 0x00130015, 0x00100014, 0x00160012, 0x00100011,
    0x00130010, 0x00100017, 0x0013000F, 0x00120013, 0x00120010, 0x00100012, 0x000E0013, 0x0015000F, 0x000F0012, 0x0011000F, 0x000F0011,
    0x00110012, 0x00160011, 0x00100012, 0x00130014, 0x000F0012, 0x0013000F, 0x00110011, 0x00170015, 0x00140017, 0x001A0015, 0x0019001A,
    0x00130016, 0x00180018, 0x00150011, 0x0016001A, 0x001B0018, 0x0019001B, 0x00190018, 0x00160019, 0x00180015, 0x0018001A, 0x00190018,
    0x001A0017, 0x0015001A, 0x00130013, 0x00160015, 0x00160014, 0x00130016, 0x0010000F, 0x00130016, 0x00130011, 0x00120011, 0x00150013,
    0x00150017, 0x00130015, 0x00140012, 0x00170013, 0x00120018, 0x00100012, 0x00150010, 0x00120011, 0x00140015, 0x00110014, 0x00130010,
    0x00100013, 0x0011000F, 0x00120013, 0x000F0011, 0x000F0011, 0x00160010, 0x00100012, 0x000E0013, 0x00130011, 0x00140010, 0x00120015,
    0x00100012, 0x00160014, 0x00130011, 0x00100013, 0x00120011, 0x00110011, 0x00110010, 0x00130011, 0x000F0014, 0x00150012, 0x0011000F,
    0x000F0012, 0x00130014, 0x00140011, 0x00150012, 0x000E0015, 0x00130011, 0x00140010, 0x00150018, 0x00170013, 0x00130017, 0x00140014,
    0x00130013, 0x00130012, 0x00110014, 0x00150013, 0x00130014, 0x00130011, 0x00110014, 0x00140012, 0x00150013, 0x00100013, 0x00180015,
    0x00160014, 0x00150016, 0x00160019, 0x00160013, 0x00160015, 0x0016001A, 0x001B0017, 0x00190017, 0x0015001D, 0x001A0014, 0x00150018,
    0x00190018, 0x00150017, 0x001E0019, 0x0017001D, 0x00190016, 0x0018001B, 0x001D0019, 0x001A001D, 0x001A001A, 0x001D0018, 0x001B0021,
    0x001B0017, 0x001A001C, 0x00160017, 0x00170019, 0x001A0016, 0x00160016, 0x0016001A, 0x00150013, 0x00190019, 0x00140015, 0x00190017,
    0x0019001A, 0x00160018, 0x00170015, 0x00160016, 0x001C001B, 0x00130016, 0x00170017, 0x001B0017, 0x00180018, 0x0016001A, 0x00190017,
    0x00130015, 0x00160014, 0x00160016, 0x00170016, 0x00130015, 0x00160016, 0x00190014, 0x00120016, 0x00140016, 0x00150014, 0x00170015,
    0x00130015, 0x00140014, 0x00100013, 0x00170011, 0x00110014, 0x00160014, 0x00120013, 0x00160017, 0x00140013, 0x00170013, 0x00130018,
    0x00120013, 0x00170011, 0x00160018, 0x00180016, 0x00170017, 0x00140016, 0x00150016, 0x00140014, 0x00130010, 0x00160019, 0x00160013,
    0x00190019, 0x001B001B, 0x00160015, 0x00140018, 0x001B0018, 0x00190019, 0x00180017, 0x00170018, 0x00120015, 0x001C0018, 0x00180018,
    0x00170017, 0x00170016, 0x001A001A, 0x001C001C, 0x001A001A, 0x001B0018, 0x0016001E, 0x001E0018, 0x00160018, 0x001C001B, 0x0019001A,
    0x001B001A, 0x001B001D, 0x001C001B, 0x001D001C, 0x001A0019, 0x001F001E, 0x001D0022, 0x001C0018, 0x001B001C, 0x001A001A, 0x001C001E,
    0x001B001B, 0x001D001A, 0x0018001D, 0x001D0019, 0x00150018, 0x001A001C, 0x001A0016, 0x001B0019, 0x0019001D, 0x0018001B, 0x00180015,
    0x001B001A, 0x00160015, 0x0019001C, 0x00160019, 0x001C0016, 0x00180017, 0x00120018, 0x00180017, 0x001D0017, 0x00150018, 0x00170016,
    0x00160016, 0x0019001A, 0x00190018, 0x00120013, 0x00120015, 0x00170015, 0x00130014, 0x00170016, 0x00150014, 0x00120014, 0x00110015,
    0x00110010, 0x00130010, 0x00100011, 0x000E0011, 0x00150011, 0x00100012, 0x00140012, 0x00140012, 0x000F0015, 0x00150011, 0x00130011,
    0x00140013, 0x00130015, 0x00110013, 0x00140010, 0x000E0012, 0x00140013, 0x00120011, 0x00130014, 0x00120012, 0x00140015, 0x00110010,
    0x00160014, 0x00140014, 0x00120016, 0x00160013, 0x00140014, 0x000F0012, 0x00140012, 0x00170016, 0x00120012, 0x00160014, 0x00170018,
    0x00130014, 0x00170017, 0x001E0019, 0x00160019, 0x00160018, 0x00140014, 0x00150014, 0x001B0017, 0x00190019, 0x0015001B, 0x00190017,
    0x001D0017, 0x0016001B, 0x001D0019, 0x0019001D, 0x001A001A, 0x001A0016, 0x00180018, 0x0018001D, 0x001B0018, 0x001C001A, 0x00160017,
    0x0017001A, 0x001A0019, 0x001B0019, 0x00180017, 0x00170018, 0x0018001A, 0x001C0017, 0x0017001A, 0x00170016, 0x00150016, 0x00130016,
    0x00170013, 0x00150017, 0x00180014, 0x0017001B, 0x001B0019, 0x00140014, 0x00140015, 0x00170016, 0x00190019, 0x00170017, 0x00160017,
    0x00160016, 0x00140017, 0x00190014, 0x00130014, 0x00140018, 0x00180013, 0x00160017, 0x00160016, 0x00150016, 0x00130013, 0x00170016,
    0x00140014, 0x00180017, 0x00100013, 0x00130011, 0x00100011, 0x00180017, 0x0011000F, 0x00100014, 0x00120015, 0x00160010, 0x00120013,
    0x00120016, 0x00190018, 0x00130012, 0x00100012, 0x00120013, 0x00130012, 0x00160015, 0x00150015, 0x00100010, 0x00120014, 0x00150012,
    0x00110013, 0x00120011, 0x00120013, 0x000E0011, 0x00100010, 0x0013000E, 0x00100014, 0x00130013, 0x00100013, 0x0013000C, 0x00110017,
    0x00140011, 0x00150013, 0x00140018, 0x00190015, 0x00140015, 0x00150015, 0x00160017, 0x001B0018, 0x00170017, 0x0019001A, 0x00180019,
    0x001C001A, 0x00170017, 0x00150017, 0x0019001A, 0x001B0018, 0x00150019, 0x001B0016, 0x0013001A, 0x00180016, 0x00180015, 0x00150016,
    0x0017001A, 0x001B0017, 0x00170018, 0x00170017, 0x001A0019, 0x00180019, 0x00140015, 0x00190017, 0x00160016, 0x001A0018, 0x00170018,
    0x0016001A, 0x00190015, 0x00180018, 0x00150018, 0x00150017, 0x00180014, 0x00160016, 0x00140017, 0x00190017, 0x00140016, 0x00170015,
    0x00150015, 0x00140017, 0x00190016, 0x00170016, 0x00140015, 0x0017001A, 0x00150014, 0x00150015, 0x00160015, 0x00140017, 0x00120015,
    0x00150012, 0x00120012, 0x00120015, 0x000F0013, 0x0014000D, 0x00140017, 0x00110015, 0x00160010, 0x00120014, 0x00140015, 0x00100010,
    0x00120010, 0x00130012, 0x000F0012, 0x00140013, 0x00130011, 0x00110013, 0x00120013, 0x00120012, 0x00120010, 0x0010000E, 0x00110016,
    0x00120010, 0x00150013, 0x0010000F, 0x00100014, 0x00120011, 0x00160011, 0x000E0012, 0x00120011, 0x00150017, 0x0014000E, 0x000F0015,
    0x00130010, 0x00110015, 0x0014000F, 0x00140015, 0x00130016, 0x00140011, 0x00140014, 0x00180016, 0x0017001B, 0x00190014, 0x0017001B,
    0x00160016, 0x00170017, 0x00170015, 0x00190018, 0x00170018, 0x00140019, 0x001B0013, 0x00160017, 0x00120019, 0x00160013, 0x00170014,
    0x00160015, 0x0012001A, 0x00160010, 0x00130014, 0x00140014, 0x00140016, 0x00180013, 0x00120017, 0x00140013, 0x00160015, 0x00140014,
    0x00120014, 0x00170016, 0x00150014, 0x00100012, 0x00140014, 0x00150014, 0x00190014, 0x00120018, 0x00140015, 0x00160013, 0x00120014,
    0x00130013, 0x00140014, 0x00170016, 0x00150014, 0x00120013, 0x00170018, 0x00140012, 0x00130013, 0x00120016, 0x00130011, 0x000E000F,
    0x00130013, 0x00100011, 0x00120011, 0x000F000D, 0x000C0011, 0x00130010, 0x000E000E, 0x000F0012, 0x000C000A, 0x000E0011, 0x0010000D,
    0x000B000E, 0x000B000A, 0x0010000F, 0x000F000D, 0x000D0010, 0x000D000D, 0x000D000C, 0x000B000E, 0x000E0009, 0x000D0011, 0x000E000A,
    0x0008000D, 0x000D000B, 0x000F000B, 0x000A000E, 0x000D000C, 0x000E000D, 0x000C000B, 0x000D000F, 0x00130010, 0x0009000C, 0x000C000D,
    0x000D000A, 0x000B000D, 0x0010000D, 0x00100011, 0x000F000E, 0x00140013, 0x00120012, 0x00100013, 0x00150011, 0x00140015, 0x00170016,
    0x00160017, 0x00150014, 0x00130014, 0x00120014, 0x00110011, 0x000F0010, 0x00100012, 0x0012000E, 0x00140013, 0x00120013, 0x00140014,
    0x00120010, 0x00120013, 0x00130015, 0x000F0010, 0x0013000F, 0x00140016, 0x00140013, 0x000F0012, 0x0012000F, 0x00120013, 0x00110013,
    0x00130011, 0x000E0010, 0x000F0012, 0x0012000E, 0x000D000F, 0x0010000F, 0x000D000F, 0x0010000E, 0x000C000D, 0x000B000D, 0x000D000C,
    0x000D000D, 0x000B0009, 0x000E0011, 0x0010000D, 0x0011000F, 0x0006000F, 0x000C0008, 0x000D000A, 0x0009000C, 0x000B000C, 0x000B0008,
    0x000B000B, 0x000B000D, 0x000E000B, 0x0008000C, 0x000A0009, 0x000A0008, 0x0009000D, 0x000A0007, 0x00080009, 0x00080007, 0x0008000C,
    0x00090005, 0x00020007, 0x00070005, 0x00060004, 0x00080009, 0x00070006, 0x00070009, 0x00080006, 0x00050006, 0x00040006, 0x00050005,
    0x00080005, 0x00060009, 0x00040006, 0x00070004, 0x00090008, 0x00050007, 0x00070008, 0x00070007, 0x00080006, 0x00050007, 0x00070008,
    0x00080005, 0x00090008, 0x000A000C, 0x000F000B, 0x00070009, 0x000B000B, 0x000D000D, 0x000E000D, 0x000E000B, 0x000C0010, 0x00110010,
    0x000C000B, 0x00100011, 0x000D000D, 0x000A000D, 0x000B000B, 0x000D0006, 0x000C0012, 0x000F000D, 0x000E000D, 0x000E000F, 0x00030008,
    0x000B000B, 0x000E0009, 0x0008000B, 0x000C000C, 0x000C000C, 0x000D000B, 0x0009000B, 0x000D000D, 0x000D000C, 0x000D000B, 0x0005000B,
    0x000C000A, 0x000E000A, 0x0007000A, 0x000B000D, 0x00080007, 0x00060005, 0x0008000A, 0x000B0009, 0x0009000A, 0x0008000A, 0x000D000A,
    0x00060008, 0x0007000C, 0x00090004, 0x00080008, 0x00070009, 0x00080008, 0x000D0008, 0x00070009, 0x0008000C, 0x000B0006, 0x00050008,
    0x000A0009, 0x00090009, 0x000D000B, 0x0006000A, 0x00090007, 0x000A000A, 0x00090009, 0x00090009, 0x00060009, 0x00060006, 0x00090007,
    0x00040005, 0x00060008, 0x00060004, 0x00080005, 0x00030007, 0x00060007, 0x00080004, 0x00030006, 0x00000002, 0x00050004, 0x00080004,
    0x00010004, 0x00010002, 0x00050003, 0x00020002, 0x00050004, 0x00070007, 0x00040006, 0x00070005, 0x00030003, 0x00080009, 0x00070006,
    0x00040005, 0x00070007, 0x00070007, 0x000B0008, 0x00070009, 0x000B0009, 0x000A000C, 0x000B000A, 0x000C000A, 0x000C000F, 0x00120010,
    0x000B000C, 0x0010000D, 0x000D000F, 0x000B000C, 0x0010000F, 0x000C000A, 0x000B000D, 0x0012000F, 0x0009000D, 0x000D000A, 0x000A000B,
    0x000A000C, 0x0010000E, 0x00090009, 0x000B000C, 0x000B000B, 0x00060009, 0x000D000A, 0x000D000C, 0x000A000B, 0x000E000F, 0x000D000D,
    0x000D0009, 0x000E000F, 0x0006000D, 0x0012000B, 0x00090008, 0x0008000D, 0x00090009, 0x000C0008, 0x000C000B, 0x000B000C, 0x000A000B,
    0x0008000C, 0x000A0005, 0x00090008, 0x000A000E, 0x000D000B, 0x00070007, 0x00090008, 0x000B000C, 0x000B000C, 0x000B0009, 0x00080009,
    0x000B000A, 0x0008000A, 0x000D000A, 0x000A000A, 0x0005000A, 0x00090006, 0x00060009, 0x00090004, 0x0008000C, 0x00070006, 0x000A0008,
    0x00070009, 0x000D000D, 0x00090007, 0x00050009, 0x00090006, 0x0007000C, 0x000C0004, 0x00030008, 0x00080008, 0x00080007, 0x00080008,
    0x00070005, 0x0007000A, 0x000C0009, 0x0009000B, 0x000A0005, 0x0007000B, 0x0009000A, 0x00080007, 0x000B0007, 0x00070009, 0x000B000B,
    0x0009000B, 0x00090005, 0x000A000C, 0x000D000C, 0x0009000B, 0x000F000D, 0x000D000C, 0x000E0010, 0x00140013, 0x000F000B, 0x000E0012,
    0x00120011, 0x00120010, 0x00100012, 0x00160010, 0x00120018, 0x00100011, 0x000E0010, 0x0013000C, 0x00100012, 0x00100012, 0x00100011,
    0x00140010, 0x00140012, 0x000F0013, 0x00120012, 0x00130012, 0x000F000F, 0x000A000E, 0x0011000B, 0x0009000F, 0x0011000E, 0x000D000D,
    0x000E000B, 0x000E0010, 0x000E0010, 0x00130010, 0x000F0011, 0x000F000D, 0x000C000E, 0x000E000F, 0x00100011, 0x0010000C, 0x000B000A,
    0x0009000D, 0x000E0010, 0x000F000A, 0x000A000D, 0x000E0009, 0x000A0012, 0x000D000D, 0x000E0009, 0x000A000A, 0x00040009, 0x0008000A,
    0x000B0007, 0x000B000B, 0x00060004, 0x0006000A, 0x0007000B, 0x00100006, 0x00060008, 0x00060009, 0x00060009, 0x000A0008, 0x00070004,
    0x00030008, 0x00060003, 0x00060009, 0x000A0006, 0x00020004, 0x00040004, 0x00030003, 0x00040005, 0x00070001, 0x00020008, 0x00060005,
    0x00090005, 0x00050006, 0x00070009, 0x00010004, 0x00060000, 0x00050008, 0x00020002, 0x00050006, 0x000A0005, 0x00020007, 0x00080005,
    0x00060006, 0x00070008, 0x00090008, 0x00080007, 0x00080009, 0x000B0008, 0x000B000C, 0x000C000D, 0x000A0009, 0x0010000F, 0x000D000D,
    0x000B000C, 0x000E000F, 0x000D000A, 0x000C000D, 0x000F0010, 0x0010000F, 0x0012000F, 0x000D0011, 0x000C000E, 0x000C000B, 0x000B000C,
    0x000A0009, 0x000C000C, 0x0008000C, 0x00100009, 0x000C000F, 0x000F0011, 0x00080009, 0x000D000B, 0x000C000C, 0x000D000B, 0x0008000D,
    0x000B0009, 0x000E000A, 0x0007000D, 0x000B000A, 0x00080007, 0x00070008, 0x00060005, 0x0007000B, 0x00090004, 0x000A000B, 0x00050007,
    0x00080008, 0x00090008, 0x00080007, 0x00080009, 0x00070008, 0x00030006, 0x00080002, 0x00080009, 0x00070006, 0x00030007, 0x00040002,
    0x00030001, 0x00030005, 0x00040007, 0x00070001, 0x00030006, 0x00060006, 0x00050002, 0x00060009, 0x00040002, 0x00020003, 0x00030003,
    0x00050004, 0x00020002, 0x00010002, 0x00000000, 0x00000001, 0x00040001, 0xFFFC0000, 0x0001FFFE, 0x00000001, 0x00010001, 0x0000FFFF,
    0xFFFE0000, 0xFFFE0000, 0x00020000, 0x00010000, 0x00020002, 0x00030004, 0x00010003, 0x00060002, 0xFFFF0001, 0x00000001, 0x00010001,
    0x00030000, 0x00010003, 0x00050004, 0x00060004, 0x00080009, 0x00060005, 0x00000004, 0x00090003, 0x0007000A, 0x000B0009, 0x00080005,
    0x000C000F, 0x0011000F, 0x000B0009, 0x000C0010, 0x000B000B, 0x000C000A, 0x000D000D, 0x00080008, 0x0009000B, 0x000F000B, 0x0009000A,
    0x000C000C, 0x000D000B, 0x000B000E, 0x000D0009, 0x0009000D, 0x000B000A, 0x0007000B, 0x000A0006, 0x000B000D, 0x00080008, 0x00070009,
    0x00070007, 0x00050002, 0x00020007, 0x00080005, 0x00080007, 0x00040007, 0x00080004, 0x0006000A, 0x00070007, 0x00050001, 0x00050009,
    0x00080006, 0x00070009, 0x00040001, 0x00030007, 0x00070006, 0x00060005, 0x00050004, 0x00040006, 0x00020005, 0x00040001, 0x00020002,
    0x00030005, 0x00050003, 0x00050006, 0x00060005, 0x00000002, 0xFFFF0000, 0x00030000, 0x00020001, 0x00060006, 0x00040004, 0x00010004,
    0x00060005, 0x00040005, 0x00030001, 0x00000003, 0x00080002, 0x00000005, 0x00050005, 0xFFFF0000, 0x00030002, 0x00020004, 0x00030001,
    0xFFFFFFFD, 0x00000000, 0x00000003, 0x0000FFFC, 0x00020000, 0xFFFB0000, 0xFFFC0002, 0x00030000, 0x00050003, 0x0004FFFD, 0x00000005,
    0x00070002, 0x00020000, 0xFFFD0003, 0x00050002, 0x00040006, 0x00080003, 0x0006000A, 0x0007000D, 0x000E0008, 0x00060003, 0x0008000E,
    0x00130008, 0x0012000A, 0x00110009, 0xFFFE0015, 0x000C0019, 0x00150007, 0x000E0007, 0x0004000E, 0x000C0018, 0x001C0005, 0x00100000,
    0x00010012, 0x00060010, 0x000E0001, 0x00090009, 0xFFF7001A, 0x000B001B, 0x0025FFF5, 0x001BFFF9, 0xFFFD000B, 0xFFFC0016, 0x0007000F,
    0xFFFE0013, 0xFFF50017, 0x00320008, 0x0030FFDF, 0x0013FFE3, 0xFFDD0023, 0xFFE00036, 0x000A001A, 0x000E0002, 0x00150005, 0x0026FFED,
    0x003DFFE6, 0xFFF7FFF4, 0xFFBC0033, 0xFFFA0049, 0x00290000, 0x000EFFE2, 0xFFE20017, 0x0023002E, 0x004FFFC9, 0x0016FFC3, 0xFFD3003A,
    0x00010036, 0x001BFFC1, 0xFFC10013, 0xFF780099, 0x002A003A, 0x00D1FF5D, 0x0056FF89, 0xFFB9FFF1, 0xFFEE004D, 0x00150008, 0xFF7B0048,
    0xFF4400D4, 0x0087005E, 0x00FFFF08, 0x0099FF19, 0xFF5C004A, 0xFFFE0041, 0x00020029, 0xFF49003B, 0xFF7100AC, 0x00890000, 0x00E8FF73,
    0x001CFF3C, 0xFFD80041, 0xFFE1005C, 0xFFB1FFDD, 0x000C0027, 0x00070024, 0xFFF3FFE5, 0xFF940011, 0x004A0059, 0x002FFFC9, 0x0064FFA5,
    0xFFBC007D, 0x00B2FF7A, 0x009FFF23, 0xFEEB0068, 0xFE4101D2, 0x006500AB, 0x015FFF1F, 0xFFFAFEE9, 0x00440010, 0x00E4FF9A, 0x0080FE9E,
    0xFDA200E2, 0xFE3702DF, 0x01550109, 0x020CFDF1, 0xFFFCFF39, 0x000E0006, 0x00EEFFE8, 0xFF95FF1E, 0xFE4C0158, 0xFE800232, 0x0159FFA0,
    0x01A7FE43, 0xFFFDFF76, 0xFF1300AB, 0x00EFFF92, 0xFFEC0001, 0xFF2C001B, 0x000E0140, 0x0058FFFD, 0xFFD7FFBE, 0xFFC4004A, 0x006F0078,
    0x0018FF65, 0x00E6FF02, 0x010FFF8A, 0xFF33FF28, 0xFE2D01A1, 0xFE7602BD, 0x00C8008D, 0x0181FDDF, 0x011FFEE1, 0x00200009, 0x022DFDE4,
    0xFF5DFFE0, 0xFB400303, 0xFDA503F9, 0x032BFFFC, 0x0229FC8B, 0x0120FD97, 0x0112FFFA, 0x00F3FEDE, 0xFD87000D, 0xFAAE04D5, 0xFE9A04BE,
    0x0488FCDE, 0x041CFC01, 0xFF53FE8D, 0x007DFFE0, 0x0014FF20, 0xFCE5014D, 0xFB280448, 0x01CD0247, 0x0333FE6E, 0x0213FC68, 0x00F7FFCE,
    0x008BFED0, 0xFD9E012A, 0xFE9D01D7, 0x01030046, 0xFF610000, 0x001B013D, 0x0072FF86, 0x00F3FF6F, 0xFF39FFA6, 0xFF4B0158, 0x0446FE50,
    0x01F8FBFF, 0xFB9201FF, 0xFB30053F, 0x019D0150, 0x0228FD4C, 0x00DAFE21, 0xFF19FFEA, 0x01B70088, 0xFFFDFE39, 0xFEF50010, 0xFFB700A1,
    0x007A0048, 0xFD28FFDB, 0xFEE902EF, 0x01AE0041, 0x0168FD84, 0x00EDFEE6, 0x01E0FF8E, 0xFFD9FDC7, 0xFD90010D, 0xFC2F048F, 0x0017025B,
    0x03B2FCBD, 0x034CFCF6, 0xFC6A014A, 0xFEB7025A, 0x03C9006E, 0x032CFB24, 0xFB8F00C0, 0xFB5F04B2, 0x007C0438, 0x0569FB04, 0x0360FC11,
    0xFBE1FEC1, 0xFCA10297, 0xF78CFC95, 0xF27AFA52, 0xF091F57C, 0xF9FEE837, 0xE9D8EE69, 0xE5D0D4C6, 0x042B037D, 0xCDC2F964, 0xFCFA1AB7,
    0x0B39CFF9, 0xEC25D1A4, 0xBE93DBD5, 0x2A3401FF, 0xE16B1B91, 0xF126D412, 0x0CE64CCC, 0x0967E737, 0xF808CB87, 0xF0ECD4BF, 0xEF72331A,
    0xDCB3D0D0, 0x491A2772, 0xF2172532, 0x33FE0A37, 0x325F2D0E, 0x37B62CB6, 0x013820A4, 0x37C21210, 0xF2A22C16, 0xD8C6CE6B, 0xED58F9ED,
    0xC72DD3B4, 0xCC83D3D3, 0xDD0ECAA2, 0xF4B8E902, 0xDE89D433, 0x1A500111, 0x0B4C1F13, 0x268A17DB, 0x2FA431E4, 0x30E32F93, 0x1515279D,
    0x1BBD10C3, 0x0420177C, 0xEB27E9E5, 0xEC78EDC7, 0xD4C8DEBE, 0xD5B7DB41, 0xDADAD8A9, 0xEE0DE49A, 0xEE56EDB7, 0x0B2CFBEC, 0x15831336,
    0x209E12AB, 0x23982490, 0x25042556, 0x1C3C2363, 0x135C13D1, 0x02A51169, 0xF03FFD45, 0xECD7EEF9, 0xE27DE4F7, 0xE3A0DD13, 0xE223DC09,
    0xEA06E518, 0xEF59F339, 0x0147FD05, 0x0E190811, 0x14D01141, 0x1C5D1C5E, 0x21111A30, 0x1D0D168C, 0x0D601256, 0x018811FE, 0xFA6C03A8,
    0xF231F47E, 0xE918EEC6, 0xE83EE89E, 0xEBC8E315, 0xF0C1E669, 0xF19CF043, 0xF9EAFE74, 0x069D06E1, 0x12870BE7, 0x15D91083, 0x1807157D,
    0x145D14DA, 0x0DD711C9, 0x05BA0C33, 0xFF280383, 0xF73CF9A4, 0xF17AF255, 0xEC70EF54, 0xEBC4EE7B, 0xEFF6EED0, 0xF73DF1A2, 0xFE39F7EF,
    0x0429000C, 0x0A2A0911, 0x0FC20EF4, 0x112B1207, 0x10F111E2, 0x0F900DE5, 0x08290800, 0xFEB9039E, 0xF6780023, 0xF39CF892, 0xF22CF0A2,
    0xF1A0ED94, 0xF095F0C0, 0xF7F5F2DE, 0xFD4FF82D, 0x00720058, 0x0701099B, 0x0E760BD9, 0x10AF0DA7, 0x0E9D0E45, 0x0C920EBD, 0x078507DA,
    0x01C20331, 0xF8D2FEF4, 0xF4F1F8DF, 0xF27BF40F, 0xF216F1CE, 0xF24FF184, 0xF7C9F395, 0xFC13FA22, 0x00EEFE9E, 0x085B0450, 0x0BB8099F,
    0x0D020D1E, 0x0DD90EAC, 0x0C860D53, 0x06F20973, 0x01980501, 0xFD2E0017, 0xF79FF901, 0xF430F4A8, 0xF24AF391, 0xF331F2F3, 0xF62AF496,
    0xFAF7F885, 0x001CFD96, 0x055D026B, 0x0A0C07C1, 0x0BDF0B32, 0x0C8D0C61, 0x0B320C5B, 0x079309F0, 0x033B0563, 0xFE8D00B5, 0xF9AAFBE5,
    0xF637F7C6, 0xF4F2F555, 0xF500F4A2, 0xF6E3F5AE, 0xFA9DF8DF, 0xFEDAFCBF, 0x0366013E, 0x0734056D, 0x09E4088B, 0x0A8C0A3D, 0x097D0A47,
    0x07160890, 0x03AD057C, 0xFF8D01A5, 0xFBB8FDAB, 0xF8CFFA37, 0xF6EAF78F, 0xF6B8F686, 0xF820F745, 0xFACCF949, 0xFE3AFC73, 0x01E30021,
    0x05270397, 0x0781066A, 0x08AA0858, 0x085808C2, 0x06BC079E, 0x03F00564, 0x007D0243, 0xFD31FECF, 0xFA65FBB4, 0xF89EF961, 0xF81BF831,
    0xF8E2F84C, 0xFABFF9B4, 0xFD81FC14, 0x00A8FF1D, 0x03B20234, 0x060704F3, 0x073F06C1, 0x073D0768, 0x061506D6, 0x03F8051E, 0x014F02AB,
    0xFE7FFFE3, 0xFBE3FD20, 0xFA0DFAE3, 0xF944F98A, 0xF99CF949, 0xFB16FA30, 0xFD53FC24, 0xFFF3FE9C, 0x0295014C, 0x04BD03BD, 0x0623058B,
    0x068F0679, 0x05E7065F, 0x0451053E, 0x0208033B, 0xFF7400BC, 0xFD03FE35, 0xFB25FBF8, 0xFA17FA80, 0xF9FDF9EC, 0xFAE4FA55, 0xFC98FBA5,
    0xFED4FDA6, 0x0141000E, 0x037D026E, 0x05200469, 0x05E10598, 0x05B205E9, 0x049C0544, 0x02D203CB, 0x00A001BE, 0xFE61FF7C, 0xFC67FD56,
    0xFB0AFBA1, 0xFA8EFAAD, 0xFAF0FAA5, 0xFC34FB7B, 0xFE0BFD0E, 0x0034FF1B, 0x024D0148, 0x0407033D, 0x050E04A6, 0x054B0547, 0x04A3050E,
    0x033D0404, 0x015B025F, 0xFF500052, 0xFD5FFE48, 0xFBE5FC92, 0xFB2DFB74, 0xFB3BFB14, 0xFC16FB92, 0xFD8DFCC3, 0xFF6AFE73, 0x01570063,
    0x0309023A, 0x043F03B9, 0x04C20499, 0x047E04BD, 0x038F0415, 0x020502D9, 0x003E0126, 0xFE76FF57, 0xFCF7FDA9, 0xFBFBFC64, 0xFBAEFBBD,
    0xFC19FBCE, 0xFD26FC91, 0xFEA4FDD8, 0x0063FF7F, 0x020E0143, 0x036002C8, 0x042703D4, 0x0447044D, 0x03AC040F, 0x02900333, 0x010501CF,
    0xFF610032, 0xFDD2FE92, 0xFCB1FD31, 0xFC1AFC55, 0xFC29FC0A, 0xFCE2FC71, 0xFE14FD6E, 0xFFA1FED3, 0x01360071, 0x029401ED, 0x038E0323,
    0x03F203D1, 0x03AE03E4, 0x02D70355, 0x01950243, 0x001600D6, 0xFE95FF51, 0xFD63FDF3, 0xFC9BFCEB, 0xFC6DFC71, 0xFCD5FC90, 0xFDC4FD41,
    0xFF11FE5D, 0x007DFFC4, 0x01D80137, 0x02E9026F, 0x037A033F, 0x037C038F, 0x02EF0345, 0x01E70277, 0x00A4014D, 0xFF47FFF7, 0xFE12FEA0,
    0xFD32FD93, 0xFCD0FCF2, 0xFCFAFCD6, 0xFDA0FD3D, 0xFEB4FE1F, 0xFFEDFF4D, 0x01380095, 0x024801CB, 0x02FB02AE, 0x032C0325, 0x02E50319,
    0x02210290, 0x0111019F, 0xFFDC0078, 0xFEB8FF46, 0xFDCBFE39, 0xFD47FD78, 0xFD35FD2F, 0xFD9BFD5A, 0xFE6EFDFB, 0xFF7AFEEE, 0x009E000A,
    0x01A10128, 0x0266020C, 0x02BB02A0, 0x02B202C2, 0x0232027E, 0x016201D5, 0x006100E8, 0xFF55FFD2, 0xFE6BFEDE, 0xFDD4FE13, 0xFD9CFDAD,
    0xFDCAFDA6, 0xFE52FE00, 0xFF25FEB7, 0x001CFF9F, 0x010F0097, 0x01D2017B, 0x0253021D, 0x026F026A, 0x022D025B, 0x019A01EF, 0x00C50134,
    0xFFE30056, 0xFF08FF6E, 0xFE61FEAC, 0xFE05FE29, 0xFE00FDFA, 0xFE51FE1C, 0xFEF2FE99, 0xFFB5FF4B, 0x008E0027, 0x014F00F2, 0x01DF01A0,
    0x021F0207, 0x020E0222, 0x01AB01E6, 0x010C0160, 0x004B00B0, 0xFF88FFEA, 0xFEDBFF27, 0xFE6CFE9E, 0xFE42FE4B, 0xFE63FE4B, 0xFED5FE94,
    0xFF74FF21, 0x002FFFCE, 0x00DA0088, 0x0170012B, 0x01C901A6, 0x01D701D8, 0x019F01C2, 0x01260169, 0x008B00DD, 0xFFE20037, 0xFF3AFF89,
    0xFEC6FEF9, 0xFE88FE9F, 0xFE8DFE83, 0xFED1FEA7, 0xFF4CFF0B, 0xFFDEFF90, 0x00800032, 0x010C00C7, 0x016C0142, 0x01960187, 0x017E0195,
    0x01380160, 0x00C000FE, 0x0034007B, 0xFFA5FFEE, 0xFF32FF69, 0xFEDEFEFF, 0xFEC1FECA, 0xFEE0FEC9, 0xFF31FF04, 0xFFA4FF65, 0x0024FFE5,
    0x00A50066, 0x010E00DF, 0x01520134, 0x0160015D, 0x01420159, 0x00F40122, 0x008900C1, 0x0011004C, 0xFF99FFD6, 0xFF36FF62, 0xFEFBFF15,
    0xFEF5FEF4, 0xFF17FEFC, 0xFF63FF39, 0xFFD1FF97, 0x00410008, 0x00B20080, 0x010C00E0, 0x013C012A, 0x013F0141, 0x01150133, 0x00C900F1,
    0x005F0098, 0xFFE90024, 0xFF80FFB2, 0xFF39FF55, 0xFF0CFF1D, 0xFF16FF11, 0xFF4AFF27, 0xFFA2FF73, 0x000BFFD2, 0x00700040, 0x00D200A8,
    0x010E00F2, 0x012C0122, 0x01190123, 0x00DF0103, 0x008900B8, 0x002F005F, 0xFFCCFFF6, 0xFF76FFA0, 0xFF42FF5B, 0xFF39FF37, 0xFF4CFF3C,
    0xFF8AFF69, 0xFFDBFFB2, 0x00330003, 0x0088005F, 0x00CD00AD, 0x00F400EA, 0x00FD00F9, 0x00E300F3, 0x00AB00CD, 0x00610087, 0x000F0037,
    0xFFC4FFEA, 0xFF8BFFA4, 0xFF67FF75, 0xFF66FF61, 0xFF77FF6D, 0xFFAFFF91, 0xFFEEFFCC, 0x00390013, 0x007E005B, 0x00B7009E, 0x00D700CA,
    0x00DE00DF, 0x00C400D2, 0x009600B1, 0x00510076, 0x00110031, 0xFFCAFFE9, 0xFF92FFB1, 0xFF7CFF81, 0xFF79FF79, 0xFF97FF81, 0xFFC4FFAC,
    0x0005FFE5, 0x004D002D, 0x00840069, 0x00B8009E, 0x00C200BF, 0x00C000CA, 0x009D00B2, 0x00700085, 0x002A004D, 0xFFF50010, 0xFFBCFFD6,
    0xFF9DFFA9, 0xFF94FF98, 0xFF9CFF92, 0xFFC2FFAE, 0xFFFDFFDC, 0x002F0017, 0x0064004B, 0x00920080, 0x00A10099, 0x00A600A3, 0x009100A2,
    0x006E0081, 0x00420059, 0x000A0024, 0xFFDEFFF5, 0xFFBFFFC7, 0xFFAEFFB7, 0xFFB8FFB3, 0xFFCDFFC2, 0xFFF2FFD7, 0x001F000B, 0x004B0038,
    0x0070005E, 0x008C0081, 0x0090008C, 0x008A0091, 0x00720082, 0x004F005E, 0x0028003D, 0x00020014, 0xFFE1FFF1, 0xFFCCFFD6, 0xFFCBFFC8,
    0xFFD2FFCE, 0xFFE9FFDD, 0x0009FFF8, 0x0033001F, 0x00550042, 0x00710065, 0x007D0079, 0x00840084, 0x0077007C, 0x005F006D, 0x003D004E,
    0x0018002C, 0xFFFB0009, 0xFFE1FFEB, 0xFFD7FFDC, 0xFFD3FFD1, 0xFFE8FFDE, 0x0000FFF2, 0x001D000D, 0x003F0030, 0x005F004F, 0x0073006A,
    0x007C0079, 0x0072007A, 0x005F006A, 0x00470054, 0x002D003A, 0x00060018, 0xFFE8FFF7, 0xFFDAFFE2, 0xFFD5FFD7, 0xFFE1FFD8, 0xFFF5FFE5,
    0x000F0004, 0x00320023, 0x004F0043, 0x006C005A, 0x006C006C, 0x006C0073, 0x00630068, 0x004C0055, 0x00320042, 0x00160024, 0x00000007,
    0xFFEBFFF7, 0xFFE2FFE4, 0xFFE2FFE3, 0xFFFCFFEE, 0x0009FFFE, 0x00240018, 0x003A0031, 0x00520044, 0x00640060, 0x00640062, 0x005E0061,
    0x0054005C, 0x0041004B, 0x002E0039, 0x0014001F, 0x00000009, 0xFFFCFFFF, 0xFFEEFFF5, 0xFFF7FFF0, 0x0001FFFD, 0x000D0005, 0x00210016,
    0x0038002D, 0x004A0046, 0x0056004C, 0x00560058, 0x00550059, 0x00520054, 0x00400045, 0x0032003C, 0x0021002A, 0x0016001B, 0x000B000E,
    0x00050009, 0x00090006, 0x000A0009, 0x00140011, 0x0023001B, 0x002C0024, 0x003A0035, 0x0041003F, 0x004C0046, 0x004B004D, 0x0048004A,
    0x00470047, 0x0039003F, 0x002F0035, 0x0022002C, 0x001D001D, 0x00100014, 0x000F0010, 0x000F0010, 0x00150012, 0x0021001B, 0x002C0025,
    0x00370033, 0x003C0037, 0x00400043, 0x004A0044, 0x00410045, 0x003B003E, 0x00310034, 0x002C0032, 0x00220025, 0x0019001F, 0x00190018,
    0x001C001A, 0x001B001B, 0x0020001E, 0x00240021, 0x002A002A, 0x0033002A, 0x00310032, 0x00380036, 0x003A0039, 0x0039003B, 0x00390034,
    0x00310038, 0x002D002E, 0x0027002D, 0x001F0022, 0x001A001A, 0x00180018, 0x00140016, 0x00170016, 0x001D001A, 0x0020001D, 0x00260025,
    0x0033002A, 0x003A0038, 0x003E003C, 0x00440041, 0x00410043, 0x0035003A, 0x002C0032, 0x001C0023, 0x00100016, 0x000F0012, 0x000A0008,
    0x000C000B, 0x00140011, 0x001F0019, 0x002D0025, 0x00380032, 0x00440040, 0x00470045, 0x004B004B, 0x00430045, 0x00380041, 0x0027002F,
    0x0017001F, 0x000A0010, 0xFFFDFFFE, 0xFFFE0001, 0x00090003, 0x0013000C, 0x00200018, 0x002F0027, 0x003E0038, 0x004A0046, 0x0054004E,
    0x00530054, 0x00500050, 0x003F004A, 0x002F0039, 0x00210028, 0x00120016, 0x0006000D, 0x00040004, 0x00080004, 0x000B000C, 0x001D0013,
    0x00270020, 0x0035002E, 0x0042003B, 0x004B0049, 0x0051004E, 0x0051004F, 0x0048004D, 0x003E0045, 0x00290036, 0x001E0022, 0x000B0015,
    0x00010005, 0x00010002, 0x000B0004, 0x000F000C, 0x001E0019, 0x002E0024, 0x003C0035, 0x004A0044, 0x004B0049, 0x00520053, 0x004C0050,
    0x00400043, 0x002D0038, 0x001F0027, 0x00080013, 0x00020004, 0xFFF9FFFB, 0x0003FFFF, 0x000A0006, 0x001C0012, 0x002F0024, 0x003B0036,
    0x004B0045, 0x0053004F, 0x00510050, 0x0046004D, 0x00420049, 0x00290032, 0x001A0022, 0x0005000E, 0xFFFC0001, 0xFFF5FFF6, 0xFFF5FFF6,
    0x0002FFF9, 0x0014000C, 0x0025001B, 0x00360030, 0x0046003D, 0x0050004B, 0x00510053, 0x004B004E, 0x00410048, 0x00330038, 0x0025002D,
    0x000C001C, 0x00070007, 0xFFFC0000, 0xFFF9FFF9, 0x0003FFFF, 0x000E0008, 0x001B0015, 0x00290020, 0x00370030, 0x003F003C, 0x004A0046,
    0x004A004C, 0x00460047, 0x003A003E, 0x002D0037, 0x0024002A, 0x0013001B, 0x000E000E, 0xFFFF0003, 0x00020002, 0x000C0006, 0x00130010,
    0x001E0016, 0x002E0027, 0x00390036, 0x00460041, 0x004C0045, 0x0043004B, 0x00430047, 0x003A0039, 0x002F0035, 0x0021002B, 0x0017001A,
    0x000E0012, 0x0007000B, 0x00070004, 0x000C000C, 0x00150010, 0x0022001A, 0x002E0029, 0x00330030, 0x003B0036, 0x003F0040, 0x003E003E,
    0x00310038, 0x002F0030, 0x0024002C, 0x00230021, 0x0014001B, 0x000D0013, 0x000D000D, 0x0012000E, 0x00180014, 0x001B001A, 0x0023001E,
    0x002C002A, 0x002F002D, 0x0030002E, 0x00350036, 0x00320033, 0x002C002F, 0x0025002B, 0x0023001E, 0x001A0023, 0x00160018, 0x00100012,
    0x00140012, 0x00160013, 0x001B001A, 0x0021001D, 0x00250023, 0x00290027, 0x002E0029, 0x002E0031, 0x002D002F, 0x002A0028, 0x002A002C,
    0x001F0025, 0x00200021, 0x00160018, 0x00140015, 0x00130013, 0x00130013, 0x00150014, 0x00180018, 0x001E0019, 0x001F001E, 0x00240022,
    0x002A0027, 0x0027002A, 0x002E0028, 0x002A002C, 0x0027002C, 0x00230023, 0x001B001F, 0x0019001B, 0x001B0019, 0x00150016, 0x00170019,
    0x00180018, 0x001C0016, 0x001C001D, 0x00240020, 0x00240025, 0x002A0025, 0x002C002D, 0x002F002B, 0x002C002D, 0x002A002F, 0x002D0029,
    0x00250028, 0x001F0023, 0x001C001E, 0x001E001E, 0x001F001B, 0x001E0020, 0x001E001F, 0x00220020, 0x00230020, 0x00240024, 0x002B0027,
    0x002F002D, 0x002A002D, 0x002E002C, 0x002A002C, 0x00280029, 0x00200025, 0x0020001F, 0x001C001F, 0x001B001B, 0x0019001A, 0x001B0019,
    0x00190019, 0x001E0020, 0x0023001B, 0x00250028, 0x00290026, 0x002A002B, 0x002A0028, 0x00280029, 0x002D002D, 0x00280027, 0x00200023,
    0x001E0025, 0x001F001A, 0x0018001B, 0x00190018, 0x001B001C, 0x001C001C, 0x0020001C, 0x001F001E, 0x001E0020, 0x00280025, 0x00250027,
    0x00260023, 0x00260027, 0x00260028, 0x00220024, 0x00200020, 0x001E001C, 0x0019001E, 0x001B001C, 0x001A0016, 0x0019001A, 0x001C001B,
    0x001D001B, 0x001D001E, 0x00230020, 0x00240022, 0x00200021, 0x00220024, 0x00220022, 0x0020001E, 0x00210023, 0x001E0022, 0x001E001D,
    0x0019001A, 0x001A001C, 0x001C001B, 0x001D001A, 0x001D001D, 0x001A001D, 0x001F001D, 0x0021001E, 0x001D001E, 0x00220021, 0x0020001F,
    0x00220025, 0x00220021, 0x00260020, 0x001F0027, 0x00200020, 0x001F001D, 0x001E0020, 0x001F001E, 0x001E001E, 0x00220021, 0x00250023,
    0x00240022, 0x00250027, 0x00280027, 0x00270026, 0x00280029, 0x00280028, 0x00290029, 0x002B002A, 0x00260029, 0x00220024, 0x00220022,
    0x001E001D, 0x001D001F, 0x001E001B, 0x001F0021, 0x001F001E, 0x0020001D, 0x00210023, 0x001F001F, 0x00240024, 0x0022001D, 0x001F0022,
    0x00220023, 0x00210022, 0x0023001E, 0x001E0021, 0x001F0023, 0x001A001B, 0x001D0019, 0x0019001D, 0x001C001B, 0x001B0019, 0x001B001D,
    0x001D001E, 0x0022001C, 0x001F0021, 0x001E001F, 0x001E0020, 0x00270020, 0x001D0023, 0x001F001E, 0x001B001E, 0x0020001E, 0x001B001C,
    0x001C001C, 0x001B001C, 0x001C001D, 0x001D001C, 0x001D001C, 0x001A001B, 0x001F001F, 0x001E001E, 0x001E001E, 0x001A001D, 0x001A0016,
    0x001A001E, 0x001A0017, 0x00140017, 0x00150015, 0x00190016, 0x00190019, 0x00150017, 0x00180018, 0x00150014, 0x0019001A, 0x001A0019,
    0x001A0017, 0x001B001C, 0x0018001B, 0x001E0019, 0x001A001B, 0x00170019, 0x0018001A, 0x001A0016, 0x00180019, 0x00140016, 0x00140016,
    0x00150015, 0x00150014, 0x00190015, 0x00190019, 0x0018001B, 0x001C001B, 0x001A0018, 0x001A001A, 0x001D001F, 0x001D001D, 0x0023001E,
    0x001E0020, 0x001E0020, 0x001D001C, 0x001D001F, 0x0020001C, 0x001D001E, 0x001F001F, 0x001F001F, 0x001D001E, 0x001E001D, 0x001F001D,
    0x001E0022, 0x001D001B, 0x001B001F, 0x001F001C, 0x001A001A, 0x0019001D, 0x001A0018, 0x00190019, 0x00180018, 0x00170019, 0x00130014,
    0x00180017, 0x00160017, 0x001A0016, 0x00140019, 0x00180016, 0x001B0018, 0x001A001B, 0x001C001B, 0x0018001A, 0x00170018, 0x00180017,
    0x00130016, 0x00140014, 0x00170014, 0x00150017, 0x00130012, 0x00130016, 0x001A0014, 0x0017001A, 0x00150014, 0x00160017, 0x00180017,
    0x00160015, 0x0018001B, 0x00190014, 0x00120017, 0x00150016, 0x00170015, 0x00190014, 0x00100017, 0x00140015, 0x00150011, 0x00140014,
    0x00140013, 0x00120017, 0x00150012, 0x00110013, 0x00130011, 0x00130013, 0x000E0014, 0x00180011, 0x00130013, 0x000F0012, 0x00140012,
    0x00100012, 0x00100012, 0x0014000F, 0x00110014, 0x00140014, 0x00100011, 0x00120011, 0x00120012, 0x000D0011, 0x0013000E, 0x00100014,
    0x00130010, 0x00120014, 0x00140012, 0x00110011, 0x00140016, 0x00130011, 0x00140015, 0x00150013, 0x00140014, 0x0017001A, 0x00190014,
    0x00160019, 0x001A0018, 0x001A0019, 0x001B001B, 0x001A001B, 0x001D001A, 0x0019001B, 0x001A001B, 0x001B001B, 0x00160017, 0x001B0019,
    0x0018001C, 0x001B0019, 0x001D001A, 0x0016001C, 0x001D001A, 0x001A0019, 0x0017001A, 0x0018001B, 0x00180014, 0x00160018, 0x00140016,
    0x00170015, 0x00160017, 0x00130014, 0x00170016, 0x001A0019, 0x00120014, 0x00140017, 0x00190016, 0x00160016, 0x00170018, 0x00160017,
    0x00160017, 0x00130013, 0x00140012, 0x00140016, 0x00160017, 0x00170013, 0x00110016, 0x00150013, 0x00170015, 0x00170019, 0x00190019,
    0x00160015, 0x00160017, 0x00130018, 0x0013000E, 0x00150018, 0x00140013, 0x00100012, 0x00170013, 0x0018001A, 0x00160016, 0x00140012,
    0x00160017, 0x00170016, 0x001B0019, 0x00190018, 0x00160017, 0x00130016, 0x00120012, 0x00150010, 0x00110015, 0x00140013, 0x00150012,
    0x00130016, 0x00140013, 0x00110012, 0x00150013, 0x00160017, 0x00150014, 0x00110014, 0x00160017, 0x00150012, 0x00130014, 0x00110015,
    0x00140012, 0x00130011, 0x00130014, 0x00120013, 0x00160012, 0x00110015, 0x00130010, 0x00120013, 0x00180016, 0x00140014, 0x001A001A,
    0x001A0019, 0x00170019, 0x00190015, 0x001B001D, 0x001B001B, 0x001C0019, 0x0018001B, 0x001C001C, 0x00160019, 0x001D0019, 0x00160017,
    0x0018001A, 0x00180019, 0x00180015, 0x00190019, 0x00160018, 0x00190018, 0x00180017, 0x00180018, 0x0019001A, 0x00180017, 0x00170019,
    0x00140014, 0x00150015, 0x00150016, 0x00150014, 0x001A0018, 0x00140018, 0x00120014, 0x00150013, 0x00140013, 0x00140015, 0x00120014,
    0x00150014, 0x00170014, 0x001A001A, 0x00130017, 0x00140013, 0x00150017, 0x00160010, 0x00130017, 0x00190015, 0x00190019, 0x00190019,
    0x00130016, 0x00180013, 0x00150018, 0x00150014, 0x00170016, 0x00180018, 0x00150015, 0x00140017, 0x00170015, 0x00140015, 0x00120013,
    0x00120012, 0x00160014, 0x00130014, 0x00120011, 0x00110015, 0x0013000E, 0x00120014, 0x000F0014, 0x0010000D, 0x0010000D, 0x000D0011,
    0x000F000F, 0x00110012, 0x000F000B, 0x000B0011, 0x0012000F, 0x000D000F, 0x0010000C, 0x000C0011, 0x0011000E, 0x000F0011, 0x000E000B,
    0x000D0010, 0x000D000D, 0x000C000C, 0x000F000C, 0x000F0012, 0x0011000F, 0x00120011, 0x00130012, 0x00120013, 0x00130013, 0x00100011,
    0x00130010, 0x00130015, 0x00160013, 0x00180018, 0x00160018, 0x001A0017, 0x00140016, 0x00170016, 0x00190019, 0x00190017, 0x001C001B,
    0x00180019, 0x00150017, 0x00190017, 0x00150015, 0x00140017, 0x00160014, 0x00140012, 0x00140016, 0x00160018, 0x00120012, 0x00120012,
    0x00120013, 0x00130012, 0x00140014, 0x00110011, 0x00140013, 0x000F0012, 0x00130013, 0x00140010, 0x00130014, 0x000F0013, 0x00120011,
    0x0012000F, 0x000F0012, 0x00110010, 0x00120013, 0x00130011, 0x00120012, 0x00130014, 0x00110013, 0x00110011, 0x00140012, 0x00110014,
    0x00140011, 0x00160017, 0x00130013, 0x00130013, 0x00110011, 0x00110013, 0x00130011, 0x00130013, 0x00130013, 0x00110015, 0x00130010,
    0x00130012, 0x00110012, 0x00110011, 0x000D000F, 0x0010000C, 0x00130012, 0x00110012, 0x000F0012, 0x000C000B, 0x0010000E, 0x00100012,
    0x000B000C, 0x000D000E, 0x000D000D, 0x000E000B, 0x000B000F, 0x000C000B, 0x000C000C, 0x000D000A, 0x000B0010, 0x000D0009, 0x000D000D,
    0x000D000E, 0x000D000D, 0x000C000C, 0x0011000F, 0x000E0010, 0x000F000D, 0x00110011, 0x0011000E, 0x000F0013, 0x0013000F, 0x00120012,
    0x00120012, 0x00100013, 0x00190013, 0x00140017, 0x00150014, 0x00140015, 0x00180016, 0x00180017, 0x00180019, 0x00170017, 0x001A001A,
    0x00130015, 0x00160015, 0x00160015, 0x00110013, 0x00160014, 0x00190017, 0x00170018, 0x00140015, 0x00170017, 0x00150014, 0x00120013,
    0x00140014, 0x00140013, 0x00110013, 0x00120012, 0x00120013, 0x00120011, 0x00100012, 0x00120013, 0x0012000E, 0x000E0012, 0x0010000F,
    0x00110012, 0x0010000D, 0x000F0012, 0x00120010, 0x000A000F, 0x0010000D, 0x000C000D, 0x000D000D, 0x000F000F, 0x000F000E, 0x000D000C,
    0x0009000E, 0x000D0009, 0x000F000E, 0x000F000F, 0x000B000B, 0x0008000C, 0x000E000B, 0x000B000B, 0x000A000C, 0x000C000C, 0x000E000C,
    0x000B000B, 0x000A000B, 0x0011000C, 0x000B000F, 0x00090008, 0x000E000B, 0x0006000C, 0x0011000A, 0x000A000E, 0x0009000A, 0x000B000A,
    0x000C000B, 0x000B000B, 0x000D000E, 0x000C000B, 0x000A000D, 0x000C0009, 0x000B000B, 0x000A000C, 0x00090009, 0x000B000B, 0x00090008,
    0x0008000A, 0x00090009, 0x00080005, 0x000A000C, 0x000A000A, 0x000A0009, 0x000B000B, 0x0009000B, 0x000E000C, 0x000C000C, 0x000C000E,
    0x000F000C, 0x00100010, 0x000D000E, 0x00140011, 0x000F0013, 0x0010000D, 0x00100012, 0x00110012, 0x00110010, 0x00130012, 0x00100012,
    0x000F000F, 0x00120011, 0x00110011, 0x000E000F, 0x00110011, 0x000D000E, 0x00100010, 0x000F000E, 0x0010000E, 0x00100013, 0x000F000D,
    0x000E000F, 0x000C000D, 0x0010000F, 0x0009000B, 0x000D000B, 0x0008000C, 0x000D0008, 0x0009000C, 0x00070008, 0x00090007, 0x000A000A,
    0x00060006, 0x00040008, 0x00080005, 0x000A0007, 0x0008000B, 0x00090008, 0x00080009, 0x00090007, 0x00070008, 0x00070006, 0x00060008,
    0x00080005, 0x00080008, 0x00040006, 0x000A0008, 0x00080008, 0x00090009, 0x000A0009, 0x00080009, 0x00060008, 0x00070006, 0x00070008,
    0x000A0007, 0x0006000A, 0x000B000A, 0x00070007, 0x00090007, 0x00060009, 0x000A0008, 0x000A000A, 0x00070007, 0x00050008, 0x00060006,
    0x00080005, 0x00060007, 0x00050005, 0x00030005, 0x00050003, 0x00060005, 0x00060006, 0x00040005, 0x00050004, 0x00050004, 0x00040005,
    0x00050006, 0x00000001, 0x00060004, 0x00060005, 0x00030006, 0x00010002, 0x00040002, 0x00040005, 0x00060005, 0x00050005, 0x00060006,
    0x00080008, 0x00080007, 0x000B0008, 0x000B000C, 0x000B000D, 0x000D000A, 0x000B000B, 0x0009000B, 0x000D000C, 0x000B000B, 0x00080009,
    0x000A000A, 0x0009000B, 0x00090008, 0x000A000A, 0x00080009, 0x00090009, 0x00090009, 0x00060009, 0x000B0007, 0x00080009, 0x00070009,
    0x000A0009, 0x00090006, 0x00060009, 0x00050007, 0x000A0005, 0x00060008, 0x000A0009, 0x0007000A, 0x00070006, 0x00050005, 0x00060006,
    0x00050006, 0x00050004, 0x00060004, 0x00060008, 0x00070006, 0x00070006, 0x0009000A, 0x00040007, 0x00040002, 0x00070007, 0x00020005,
    0x00070004, 0x00040005, 0x00060005, 0x00050004, 0x00040005, 0x00040004, 0x00050004, 0x00040005, 0x00040003, 0x00020002, 0x00060005,
    0x00030003, 0x00040003, 0x00030003, 0x00020005, 0x00050001, 0x00020001, 0x00050008, 0x00050004, 0x00030003, 0x00030003, 0x00010003,
    0x00030001, 0x00040003, 0x00030004, 0x00010003, 0x00060003, 0x00010004, 0x00040004, 0x00020001, 0x00010003, 0x00040001, 0x00020004,
    0x00030003, 0x00010001, 0x00030003, 0x00020002, 0x00050003, 0x00010004, 0x00020002, 0x00060002, 0x00020005, 0x00050004, 0x00070005,
    0x00030004, 0x00070005, 0x00060006, 0x00090006, 0x0007000A, 0x00090008, 0x00080008, 0x00060007, 0x000A000A, 0x00070007, 0x00070007,
    0x00080008, 0x00080008, 0x000A0008, 0x00050007, 0x00090009, 0x00090007, 0x00070008, 0x00060007, 0x00060005, 0x00060009, 0x00070005,
    0x00080007, 0x00050008, 0x00070007, 0x00050004, 0x00050006, 0x00050006, 0x00040006, 0x00070005, 0x00040006, 0x00030002, 0x00030005,
    0x00050004, 0x00030003, 0x00040003, 0x00040006, 0x00030002, 0x00030002, 0x00040004, 0x00050006, 0x00040003, 0x00080007, 0x00000004,
    0x00030002, 0x00040003, 0x00020003, 0x00030003, 0x00040002, 0x00050004, 0x00040006, 0x00030002, 0x00040003, 0x00020003, 0x00050004,
    0x00040005, 0x00040003, 0x00020003, 0x00020004, 0x00030001, 0x00030003, 0x00030004, 0x00030003, 0x00030003, 0x00030002, 0x00010003,
    0x00020001, 0x00030001, 0x00010004, 0x00020001, 0x00040001, 0x00000001, 0x00020003, 0x00020001, 0x00010001, 0x00030003, 0x00020002,
    0x00030004, 0x00010001, 0x00020000, 0x00000003, 0x00020000, 0x00030003, 0x00030002, 0x00020003, 0x00020003, 0x00060004, 0x00030003,
    0x00040005, 0x00050005, 0x00040003, 0x00050005, 0x00060006, 0x00050004, 0x00050006, 0x00060006, 0x00050004, 0x00040004, 0x00060005,
    0x00040005, 0x00060004, 0x00040005, 0x00070007, 0x00050004, 0x00050006, 0x00050004, 0x00050004, 0x00040006, 0x00060005, 0x00060005,
    0x00060006, 0x00030006, 0x00050004, 0x00040004, 0x00070004, 0x00040008, 0x00050002, 0x00020005, 0x00060003, 0x00030004, 0x00030004,
    0x00030003, 0x00030003, 0x00030004, 0x00040004, 0x00020003, 0x00030002, 0x00010002, 0x00010001, 0x00030003, 0x00010002, 0x00000000,
    0x00020000, 0x00020002, 0x00020003, 0x00010002, 0x00020000, 0x00010002, 0x00010002, 0x00030002, 0x00020000, 0x00020003, 0x00020003,
    0x00030002, 0x00010001, 0x00030004, 0x00030002, 0x00010002, 0x00030002, 0x00020002, 0x00020002, 0x00000002, 0x00020000, 0x00010002,
    0x00000000, 0x00010002, 0x00000000, 0x00010001, 0x00020002, 0x00010002, 0x00010001, 0x00020003, 0x00000000, 0x00000000, 0x00000000,
    0x00020000, 0x00020002, 0x00000002, 0x00000000, 0x00000000, 0x00000000, 0x00010000, 0x00030003, 0x00020002, 0x00030003, 0x00010001,
    0x00020002, 0x00020002, 0x00030001, 0x00020003, 0x00040003, 0x00020004, 0x00040004, 0x00010001, 0x00030002, 0x00040005, 0x00050004,
    0x00020003, 0x00020003, 0x00020002, 0x00030000, 0x00010004, 0x00030003, 0x00030002, 0x00030003, 0x00040003, 0x00020004, 0x00040002,
    0x00030004, 0x00010003, 0x00040002, 0x00020003, 0x00020003, 0x00020002, 0x00010001, 0x00030004, 0x00010000, 0x00020003, 0x00010002,
    0x00050002, 0x00010004, 0x00010001, 0x00010001, 0x00010000, 0x00000002, 0x00000000, 0x00000001, 0x00030002, 0x00010002, 0x00000000,
    0x00020001, 0x00010002, 0x00020002, 0x00000000, 0x00020002, 0x00020001, 0x00000000, 0x00030001, 0x00010001, 0x00010001, 0x00000000,
    0x00010002, 0x00000000, 0xFFFF0000, 0x00000000, 0x00010002, 0x00010000, 0x00000000, 0x00010002, 0x00000000, 0x00000000, 0x00000000,
    0x00000001, 0x00000000, 0x00010000, 0x00000000, 0x00000001, 0x00010000, 0x00000000, 0xFFFF0000, 0x00020000, 0x00000001, 0x00000000,
    0x00010001, 0x00000001, 0x0000FFFF, 0x00010002, 0x00000000, 0x00000000, 0x00000000, 0x00000000, 0x00010000, 0x00000000, 0x00020000,
    0x00020002, 0x00010001, 0x00000001, 0x00020000, 0x00000001, 0x00010002, 0x00010002, 0x00020000, 0x00000002, 0x00020002, 0x00000002,
    0x00020000, 0x00020002, 0x00000002, 0x00010000, 0x00030001, 0x00000001, 0x00020002, 0x00020002, 0x00030002, 0x00020002, 0x00020003,
    0x00020002, 0x00000001, 0x00000001, 0x00000000, 0x00000000, 0x00020002, 0x00000002, 0x00020000, 0x00010002, 0x00000001, 0x00030001,
    0x00000001, 0x00000000, 0x00020001, 0x00000001, 0x00000000, 0x00000000, 0xFFFE0000, 0x0001FFFF, 0x00000000, 0x00010000, 0xFFFE0000,
    0x00010000, 0x00000000, 0x00000000, 0x00000000, 0x00000000, 0x00000000, 0x00000000, 0x00010000, 0x00000000, 0x00000000, 0x00000000,
    0xFFFF0000, 0x00000000, 0xFFFFFFFF, 0x00010000, 0x00000002, 0x00010000, 0xFFFF0000, 0x00000000, 0x00000000, 0xFFFF0000, 0x0000FFFF,
    0xFFFF0000, 0x00000000, 0x0000FFFF, 0x00000001, 0xFFFFFFFF, 0x00000000, 0x00000000, 0x00000000, 0x00000000, 0x00000001, 0xFFFF0000,
    0x00000000, 0x00000000, 0x0000FFFF, 0x00010003, 0x0000FFFF, 0x00000000, 0x00000000, 0xFFFE0000, 0x0000FFFF, 0x00000000, 0x00000000,
    0x00000000, 0x00000000, 0x00010000, 0x00010000, 0x00000000, 0x00000000, 0x00020001, 0x00020000, 0xFFFF0001, 0x00000000, 0x0000FFFF,
    0x00000001, 0x00000000, 0x00010003, 0x00000000, 0x00000000, 0x00010000, 0x00010003, 0x00030001, 0x00000001, 0x00000000, 0x00020001,
    0x00010001, 0x00010002, 0x00010000, 0x00000001, 0x00000000, 0x00010000, 0x00010002, 0x00000000, 0x00010000, 0x00000000, 0x00010001,
    0x00000000, 0x00010000, 0xFFFF0002, 0x0000FFFE, 0x00000000, 0x00000000, 0x00000000, 0x00010000, 0x00000000, 0xFFFF0000, 0x00000000,
    0x00000000, 0x0000FFFF, 0x00010001, 0x00000000, 0x00000000, 0x00000000, 0x00000000, 0x00000000, 0x00000000, 0x00000000, 0x00000000,
    0x00000000, 0xFFFF0000, 0x00000000, 0xFFFFFFFE, 0x00000000, 0xFFFEFFFF, 0x00000000, 0x0000FFFE, 0xFFFF0000, 0x00000000, 0xFFFF0000,
    0x0000FFFF, 0xFFFE0000, 0x00000000, 0xFFFFFFFE, 0x00000000, 0xFFFF0000, 0x0000FFFF, 0x00000000, 0x00000000, 0x00000000, 0xFFFEFFFF,
    0x0000FFFF, 0x0000FFFF, 0xFFFF0000, 0x00000000, 0x00000000, 0xFFFE0000, 0xFFFE0000, 0x0000FFFF, 0x0000FFFE, 0x00000000, 0xFFFF0000,
    0x0000FFFF, 0x00000000, 0x00000000, 0x00000001, 0x0000FFFF, 0x00000000, 0x00000000, 0x00000000, 0x00000000, 0x00000000, 0xFFFF0000,
    0x00000000, 0x00000000, 0xFFFFFFFF, 0x00000000, 0x00000000, 0xFFFF0000, 0x00000000, 0x00000000, 0x00000001, 0x00000000, 0xFFFE0000,
    0x00020000, 0x00000001, 0x00000001, 0x00020000, 0x00020002, 0x00000002, 0x00000000, 0x0000FFFE, 0x00000001, 0xFFFF0001, 0x0000FFFE,
    0x00000000, 0x00000000, 0x00000001, 0x00020000, 0x00000000, 0x00000000, 0x00000000, 0x00000000, 0x0000FFFF, 0x00000000, 0xFFFEFFFF,
    0x00010000, 0x00000000, 0xFFFF0000, 0xFFFFFFFF, 0x0000FFFF, 0x00000000, 0x00000000, 0x0000FFFF, 0x00000000, 0xFFFEFFFE, 0xFFFFFFFE,
    0xFFFFFFFF, 0x00000000, 0x00000000, 0x00000000, 0x0000FFFF, 0xFFFE0000, 0x0000FFFF, 0x00000000, 0x0000FFFE, 0xFFFE0000, 0x00000000,
    0x00000000, 0x00000000, 0x0000FFFF, 0x00000000, 0x00000000, 0x00000000, 0xFFFEFFFF, 0x00000000, 0xFFFEFFFF, 0x0000FFFF, 0xFFFFFFFF,
    0x00000000, 0x00000000, 0x0000FFFF, 0x00000000, 0xFFFF0001, 0x00000000, 0x0000FFFF, 0x00000000, 0x00000000, 0x0000FFFF, 0xFFFEFFFE,
    0xFFFF0000, 0x0000FFFE, 0x00000000, 0x00000000, 0x00000000, 0x0000FFFE, 0x00000000, 0x00000000, 0x00000000, 0x00000000, 0x00000000,
    0x00000001, 0x00000000, 0x00020000, 0xFFFF0000, 0x00000000, 0x00000000, 0x0000FFFE, 0x00000000, 0x00000000, 0x0000FFFF, 0x00010000,
    0x00010001, 0x00000000, 0x00000000, 0x00000001, 0x00000000, 0xFFFF0000, 0x0000FFFF, 0x00000000, 0x00000000, 0xFFFF0000, 0x00000000,
    0x00010000, 0x00000000, 0x00000000, 0x00000000, 0x00000000, 0x00010000, 0x00000000, 0x00000000, 0x00000000, 0x00000001, 0xFFFFFFFF,
    0x00010000, 0xFFFF0000, 0x0000FFFF, 0xFFFEFFFF, 0xFFFEFFFF, 0xFFFFFFFE, 0x00000000, 0x00000000, 0x00000000, 0xFFFFFFFF, 0x0000FFFF,
    0x00000000, 0xFFFF0000, 0x00000000, 0x00000000, 0x00000000, 0x00000000, 0x00000000, 0xFFFEFFFE, 0x00000000, 0xFFFF0000, 0x00000000,
    0x00000000, 0x00000000, 0xFFFFFFFF, 0x00000000, 0x0000FFFE, 0xFFFE0000, 0xFFFF0000, 0x00000000, 0x0000FFFE, 0xFFFF0000, 0xFFFEFFFF,
    0x0000FFFF, 0x0000FFFE, 0xFFFF0001, 0x00000000, 0xFFFFFFFF, 0x0000FFFE, 0x00000000, 0x00000000, 0x00000000, 0xFFFFFFFF, 0xFFFF0000,
    0x00000000, 0x00000000, 0x00000000, 0xFFFE0000, 0x00000000, 0x0000FFFE, 0xFFFE0000, 0x00000000, 0x00000000, 0x00000000, 0x00000000,
    0x00000000, 0x00000000, 0x00000000, 0x00000001, 0x0000FFFF, 0x00000000, 0x00000000, 0x00000000, 0xFFFF0000, 0xFFFF0000, 0xFFFFFFFE,
    0x00000000, 0x00000000, 0x00000000, 0x00000000, 0x0000FFFF, 0x00000000, 0x00000000, 0x00000000, 0x00000000, 0x00000001, 0x00020001,
    0x00000000, 0x00000000, 0x00010000, 0x00010000, 0xFFFF0000, 0x0000FFFF, 0xFFFF0000, 0x00000000, 0x00000000, 0x00000000, 0x00000000,
    0x0000FFFF, 0x00000000, 0x00000001, 0x00000000, 0x00000000, 0x00000000, 0x00000000, 0x00000000, 0x00000000, 0x00000000, 0x00000000,
    0x00000001, 0x00000001, 0x0000FFFF, 0xFFFF0000, 0x00000000, 0x00000000, 0x00000000, 0x0000FFFF, 0x00000000, 0x00000000, 0xFFFF0000,
    0x00020000, 0x00000000, 0x00000000, 0x00000000, 0x0000FFFF, 0x00000000, 0x00000000, 0x00000000, 0x00000000, 0x00000000, 0xFFFEFFFF,
    0x00000000, 0x00020000, 0x00000000, 0x00000000, 0xFFFF0000, 0xFFFFFFFE, 0x00000000, 0x0000FFFF, 0xFFFF0000, 0x00000000, 0x00000000,
    0x00020000, 0x00000000, 0x00000000, 0x00000001, 0x0000FFFE, 0xFFFE0000, 0x0000FFFF, 0x00000000, 0x0000FFFF, 0x00000000, 0xFFFF0000,
    0x00020000, 0x00000000, 0x00000000, 0x00000000, 0x00000000, 0x00000000, 0x00000001, 0x0000FFFF, 0x00000000, 0x00000000, 0x0000FFFF,
    0x00000000, 0x00000000, 0xFFFF0000, 0x00000000, 0x00000000, 0x00000000, 0x00000000, 0x00000000, 0x00000000, 0x00000001, 0x00000000,
    0x00000000, 0x00000000, 0x00000000, 0x00000000, 0x00000000, 0x00000000, 0x00000001, 0x00010000, 0x00000000, 0x00000001, 0x00000000,
    0x0000FFFF, 0xFFFF0000, 0x00000000, 0x00000000, 0x00000000, 0x00000000, 0x0000FFFF, 0x00000000, 0x00000000, 0x00000000, 0x00000000,
    0xFFFF0000, 0x00000000, 0x00000000, 0x00010000, 0xFFFFFFFF, 0xFFFF0000, 0x00000000, 0xFFFFFFFE, 0x00000000, 0x00000000, 0xFFFF0000,
    0x00000000, 0x00000000, 0x00000000, 0x00000000, 0xFFFF0000, 0x0000FFFF, 0x00000000, 0x00010001, 0x00000001, 0xFFFF0000, 0x0000FFFF,
    0x00000000, 0x00000000, 0xFFFFFFFF, 0x00000000, 0x00000000, 0x0000FFFF, 0x00000000, 0x00000000, 0x00000000, 0x00000000, 0x00000000,
    0x00000000, 0x00000000, 0x00000000, 0x00000000, 0x0000FFFF, 0x00000000, 0x00010000, 0x00000000, 0x00000001, 0x00010000, 0x00000000,
    0xFFFF0000, 0xFFFF0000, 0x0000FFFF, 0x00000000, 0x00000000, 0x00000000, 0x0000FFFF, 0xFFFF0000, 0x00000000, 0x00000000, 0x00000000,
    0x00000000, 0x0000FFFF, 0x00000000, 0x00000000, 0x00000000, 0x00000000, 0x00000000, 0x00000000, 0x00010001, 0x00000001, 0x00000000,
    0x00010000, 0x00000001, 0x00000000, 0x00000000, 0xFFFFFFFF, 0xFFFF0000, 0x00000000, 0xFFFF0000, 0x0000FFFF, 0x00000000, 0x00010000,
    0x00000001, 0x0000FFFF, 0xFFFF0000, 0x00000000, 0x00000000, 0x00010000, 0x00000001, 0x00000000, 0xFFFF0000, 0x00000000, 0x00000000,
    0x00000000, 0x0000FFFF, 0xFFFF0000, 0x00000000, 0xFFFFFFFF, 0x00000000, 0x00000000, 0x00000000, 0x0000FFFF, 0x00000000, 0x00000000,
    0xFFFFFFFF, 0x00000000, 0x0000FFFF, 0xFFFF0000, 0x00000000, 0xFFFFFFFE, 0xFFFF0000, 0x00000000, 0x00010000, 0x00000000, 0x00010001,
    0x00000000, 0xFFFF0000, 0x0002FFFF, 0x00000002, 0x00000000, 0x00010000, 0x00000000, 0x00010002, 0xFFFF0000, 0x00000000, 0x0000FFFF,
    0xFFFF0000, 0xFFFF0000, 0x0000FFFE, 0x00000000, 0x00000000, 0x00000001, 0x0000FFFF, 0x00010000, 0x00000001, 0x00000000, 0x00020001,
    0x00000000, 0x00000000, 0x00000000, 0xFFFF0000, 0x0000FFFF, 0x00000000, 0xFFFF0000, 0x00000001, 0x0000FFFF, 0x00000000, 0x00000000,
    0x00000001, 0x00000000, 0x00010000, 0x00000000, 0x00000000, 0x00010001, 0x00010000, 0x00000000, 0x00000001, 0x00010000, 0x00000000,
    0x00000000, 0x00000000, 0xFFFF0000, 0x0001FFFF, 0x00010002, 0x00000000, 0x00000000, 0x00000000, 0x00000000, 0xFFFF0000, 0x00000000,
    0x00010000, 0x00000002, 0x00000000, 0x00000001, 0x00000000, 0xFFFFFFFF, 0x00000000, 0x00000000, 0x00000000, 0x00000000, 0x00000000,
    0x00000000, 0x00000000, 0xFFFF0000, 0x00000000, 0x0000FFFF, 0x00000000, 0x00000000, 0x00000000, 0xFFFF0000, 0x00000000, 0x0000FFFF,
    0x00000000, 0x00010000, 0xFFFF0000, 0x00010000, 0xFFFF0000, 0x00000000, 0xFFFF0000, 0x0000FFFF, 0x00000000, 0x00000000, 0x00000001,
    0x00010000, 0xFFFEFFFF, 0x00000000, 0xFFFFFFFF, 0x00000000, 0x0000FFFF, 0x00000000, 0xFFFF0000, 0x0000FFFF, 0x0000FFFF, 0x00000000,
    0x00000000, 0x00000000, 0x00000000, 0x00000000, 0xFFFF0000, 0x00000000, 0x00000000, 0x00000000, 0x00000000, 0x0000FFFF, 0xFFFF0000,
    0x00000000, 0x00000000, 0x00000000, 0x00000000, 0x00000000, 0xFFFF0000, 0x00010000, 0xFFFF0000, 0x00000000, 0x00000000, 0x00000000,
    0x00000000, 0x00000000, 0x00000000, 0x00000000, 0x00010000, 0xFFFF0001, 0x00010000, 0xFFFF0000, 0x00000000, 0x00000000, 0x00000000,
    0x00000000, 0xFFFF0000, 0x00000000, 0x00000001, 0x00000000, 0x00000001, 0x00000000, 0x00000000, 0x0000FFFF, 0x00000000, 0xFFFF0000,
    0x00000000, 0x00000000, 0x00000000, 0x00000000, 0x00000000, 0x00000000, 0x00000000, 0x00000000, 0x00010000, 0x00000000, 0x00000000,
    0x00000000, 0x00000000, 0x00000000, 0x0000FFFF, 0x00000002, 0x00000000, 0x00020000, 0x00000000, 0x00000002, 0x00000000, 0x00000001,
    0x0000FFFF, 0x00000000, 0x0000FFFF, 0x00000000, 0x0000FFFF, 0x00010001, 0xFFFE0000, 0x0000FFFF, 0x00000000, 0x00000000, 0x00000000,
    0x00020000, 0x00000001, 0x00000000, 0x00000000, 0x00000000, 0x00000000, 0x00000000, 0x00000000, 0x00000000, 0x0001FFFF, 0x00000000,
    0x00010000, 0x00000001, 0xFFFF0000, 0x0000FFFF, 0xFFFF0001, 0x00000000, 0x00000000, 0x00000001, 0x00000000, 0x00020000, 0x00000001,
    0x00000000, 0x00000000, 0x0000FFFF, 0x00000000, 0x0000FFFF, 0x00010000, 0x00000000, 0x0000FFFF, 0x00000000, 0xFFFF0000, 0x00000000,
    0x00000000, 0x00000000, 0xFFFF0000, 0x00010000, 0x00000000, 0x00010000, 0x00000002, 0x0000FFFF, 0x00000000, 0x00000000, 0x00010000,
    0xFFFF0000, 0x00000000, 0x00000000, 0x0000FFFF, 0x00000000, 0x00000000, 0x0000FFFF, 0x00000000, 0x00000000, 0x00000000, 0x00000000,
    0x00000000, 0x00000000, 0x00000000, 0xFFFF0000, 0x00000000, 0x00000000, 0x00000000, 0x00000000, 0x00000000, 0x00000000, 0x00000000,
    0x00000000, 0x00010000, 0xFFFF0000, 0x00000000, 0x00000000, 0x00000000, 0x00000000, 0xFFFE0000, 0x0000FFFF, 0x00000000, 0x00000000,
    0x00000000, 0x00000000, 0x00000000, 0x00000000, 0x00000000, 0x00000000, 0x00000000, 0x00000000, 0x0000FFFE, 0x00000002, 0x00010000,
    0x00000000, 0x00000000, 0x00000000, 0x00000000, 0x0000FFFF, 0x00000000, 0xFFFEFFFF, 0x0000FFFF, 0x00000000, 0x00000000, 0xFFFE0000,
    0x00010000, 0x00010000, 0x00020001, 0xFFFF0000, 0xFFFF0000, 0x0000FFFF, 0x00000000, 0x00000000, 0x00000000, 0x00000000, 0x00000000,
    0x0000FFFF, 0x00000000, 0x00000000, 0x0000FFFF, 0x00000000, 0x00000000, 0x00000000, 0x0000FFFF, 0x00000000, 0x00000000, 0xFFFF0000,
    0x00000000, 0x0000FFFF, 0x00000000, 0x00000000, 0x0000FFFF, 0xFFFF0000, 0x00010000, 0x00000000, 0x00000001, 0x00010000, 0x00000002,
    0x0000FFFF, 0x00000000, 0x00000000, 0xFFFF0000, 0x00020000, 0xFFFF0000, 0x00000000, 0x00010001, 0xFFFFFFFF, 0x00010000, 0x00000001,
    0x00000001, 0x00000000, 0x0000FFFF, 0x00000000, 0x00000002, 0x00000000, 0x0000FFFF, 0xFFFF0000, 0x00020000, 0xFFFF0000, 0x00010000,
    0x0000FFFF, 0x00000001, 0x00000000, 0x00000000, 0x00000000, 0xFFFF0000, 0x0000FFFF, 0x00010000, 0x00000000, 0x00000000, 0xFFFF0000,
    0x00000000, 0x00000000, 0xFFFF0000, 0x00000000, 0x00000000, 0x00000000, 0x00000000, 0x00000000, 0x00010001, 0x00010000, 0x00000002,
    0x00000000, 0xFFFFFFFF, 0x00000000, 0x0000FFFF, 0x00000000, 0x0000FFFF, 0x00010000, 0xFFFF0002, 0x0000FFFF, 0x00010000, 0x00000001,
    0xFFFF0000, 0x00020000, 0x00000000, 0x00000000, 0x00000000, 0x00000000, 0x00000000, 0x00000000, 0x00010000, 0xFFFF0000, 0x00000000,
    0x0000FFFF, 0x00000000, 0x00000000, 0x0000FFFF, 0x00000000, 0x00000000, 0x00000000, 0xFFFF0000, 0x00000000, 0x00000000, 0x00000000,
    0xFFFF0001, 0x00000000, 0x0001FFFF, 0xFFFE0001, 0x00010000, 0x00000000, 0x00000000, 0x00000000, 0x00000002, 0x0000FFFF, 0x00000000,
    0x00000000, 0x00000000, 0x00000000, 0x00000000, 0x00000000, 0xFFFF0000, 0x00000000, 0x00000000, 0x00020000, 0x00000000, 0xFFFF0001,
    0x00010000, 0xFFFF0000, 0x00000000, 0xFFFF0000, 0x00000000, 0x00000000, 0x00000000, 0x00000000, 0x00000000, 0x00020000, 0x00000000,
    0x00000001, 0x00000000, 0x00000000, 0x0000FFFF, 0x00000000, 0x00000000, 0xFFFF0000, 0x00000000, 0x00000000, 0x00000000, 0x00000000,
    0x0000FFFF, 0x00000000, 0xFFFF0000, 0x00000000, 0x00000000, 0x0000FFFF, 0x00000001, 0x00000000, 0x00000000, 0x0000FFFF, 0x00000000,
    0xFFFF0000, 0x00000000, 0x00000000, 0x00000000, 0x00000000, 0x00000000, 0x00020000, 0x00000000, 0x00000000, 0xFFFF0000, 0x00000000,
    0x0000FFFF, 0x00000000, 0x00010002, 0x00000000, 0x00000000, 0xFFFF0000, 0x00000000, 0x00010000, 0x00000000, 0x0000FFFF, 0x00000000,
    0x00000000, 0x00000000, 0x0000FFFF, 0x00000001, 0xFFFF0000, 0x00000000, 0x00010000, 0x00000000, 0x00000001, 0x00010000, 0xFFFF0000,
    0x00000000, 0x00000001, 0xFFFF0000, 0x00000000, 0xFFFFFFFF, 0xFFFF0000, 0x00000000, 0x00000000, 0x00000000, 0x00000000, 0x00000000,
    0x00000000, 0x00000000, 0x00010000, 0xFFFE0000, 0x00000000, 0x00000000, 0x0000FFFF, 0xFFFF0000, 0x00000000, 0x00000000, 0x00010000,
    0x00000000, 0x00000001, 0x00020000, 0x00000000, 0xFFFF0000, 0x00000000, 0x00000000, 0xFFFF0000, 0x00000000, 0x0000FFFF, 0x00000002,
    0x00000000, 0x00000000, 0x00000001, 0x00000000, 0x0000FFFF, 0x00000000, 0x00000000, 0x00000000, 0x0000FFFF, 0x00000002, 0x0000FFFE,
    0x00000000, 0x00000000, 0x00010000, 0x00000000, 0x0000FFFF, 0x00000001, 0x00000000, 0x00000001, 0x0001FFFF, 0x00000000, 0x00000002,
    0x00000000, 0x0000FFFF, 0x00000000, 0x00000000, 0x00000000, 0xFFFF0000, 0x00000000, 0x00000000, 0xFFFF0000, 0x00000000, 0xFFFF0000,
    0x0000FFFF, 0xFFFF0000, 0x00000000, 0x0000FFFF, 0xFFFFFFFF, 0x00000000, 0x00010000, 0xFFFF0000, 0x00000000, 0x00000000, 0xFFFFFFFF,
    0x00000000, 0x00000000, 0x00000000, 0x00000000, 0x00020002, 0x00000002, 0x00000000, 0x00000000, 0x00000001, 0x00000000, 0x00000000,
    0x00000000, 0x00000001, 0x00000000, 0x00000000, 0x00000000, 0x00000000, 0x00000000, 0x00000000, 0x00000000, 0x0000FFFF, 0x00000000,
    0x00000000, 0x00000000, 0x00000000, 0x00000000, 0x00000001, 0x00000000, 0xFFFF0000, 0x00000000, 0x00000000, 0x00000000, 0x00010000,
    0x00000000, 0x00000000, 0x00000000, 0x0000FFFE, 0x00000001, 0x00000000, 0x00000000, 0x00020000, 0x00000001, 0x00010000, 0x00000000,
    0x00000000, 0x00000000, 0x00000000, 0xFFFF0000, 0x0000FFFE, 0x00000001, 0x00000000, 0x00000000, 0x00000000, 0xFFFFFFFF, 0xFFFFFFFF,
    0x00000000, 0x00000000, 0x00010000, 0x00000000, 0x00000000, 0x00000000, 0x00000000, 0x00000000, 0xFFFF0000, 0x00000000, 0x00020000,
    0x00000000, 0x00010003, 0x00000000, 0x0000FFFE, 0x00000001, 0x00000001, 0x00000000, 0x00000000, 0xFFFEFFFF, 0x00000000, 0x00000000,
    0x00000000, 0x00000000, 0x00000000, 0x00000000, 0x00000000, 0x00000000, 0x00000000, 0x00000000, 0x00000000, 0x00000000, 0x0000FFFF,
    0x00000000, 0x00000000, 0x00000000, 0x00000000, 0x00000001, 0x00000000, 0x00000000, 0x00000000, 0x0000FFFE, 0x00000001, 0x00000000,
    0x0000FFFF, 0x00000000, 0x00000001, 0x00000000, 0x00000000, 0x00000000, 0x00000001, 0x00010000, 0xFFFF0000, 0xFFFFFFFF, 0x00000000,
    0x00000000, 0x00000001, 0x00000000, 0x00010000, 0x00000000, 0x00000000, 0x00000000, 0x0001FFFF, 0x00000000, 0x00000000, 0x00000000,
    0x00000000, 0x0000FFFF, 0x00000000, 0x00000001, 0x00000001, 0x00000000, 0x0000FFFF, 0xFFFE0000, 0x00000000, 0x0000FFFE, 0x00000001,
    0x00010002, 0x00000000, 0x00010001, 0x00000000, 0x00000000, 0xFFFEFFFF, 0x00010000, 0x00000000, 0xFFFE0000, 0x0000FFFF, 0xFFFF0001,
    0x0000FFFE, 0xFFFFFFFF, 0xFFFF0000, 0x00000000, 0x00000000, 0x00000000, 0x00010001, 0x00000000, 0x00000000, 0x00000000, 0x00000001,
    0x00000000, 0x00000000, 0x00000000, 0x00000000, 0x00000000, 0x00000000, 0x00000000, 0xFFFF0000, 0x00000000, 0x00000000, 0x0000FFFF,
    0x00000000, 0x00000000, 0x00010000, 0x00000000, 0x00000000, 0x00000000, 0xFFFF0000, 0x00000000, 0x00000000, 0x00000000, 0x00000000,
    0x00000000, 0x0000FFFF, 0x00000000, 0x00000000, 0x00000001, 0x00010001, 0x00000000, 0x00000000, 0x00000001, 0x00000000, 0x00010000,
    0x00000000, 0x00010000, 0x00000000, 0x00000000, 0x00000001, 0x00010000, 0x00000000, 0x00000000, 0x00010000, 0x00000000, 0xFFFEFFFF,
    0x00000000, 0x00000000, 0x00000000, 0x0000FFFF, 0x00000000, 0x00000000, 0x00000000, 0x00000000, 0x00000000, 0x00000000, 0x00000000,
    0x00000000, 0x00000000, 0x00000000, 0x00000000, 0x00000000, 0x00010000, 0x00000000, 0x00000001, 0x00010000, 0x00000000, 0x00000000,
    0x00000000, 0x0000FFFF, 0x00000000, 0x00000000, 0x00000000, 0x00010000, 0x00000000, 0x00000000, 0x00000000, 0x00000000, 0x00000000,
    0x00000000, 0x00000000, 0x00000001, 0x00000000, 0x00000000, 0x00000000, 0x00000000, 0xFFFF0000, 0x0001FFFF, 0xFFFF0000, 0x00000000,
    0x00000000, 0x00000000, 0x00000000, 0x00000000, 0xFFFFFFFF, 0x00000000, 0x00000001, 0x0000FFFF, 0x0000FFFF, 0x00000000, 0x00010000,
    0x00010000, 0x00000000, 0x00000000, 0x00000000, 0x00000000, 0x00000000, 0x00000000, 0x00000001, 0xFFFF0000, 0x00000000, 0x00020001,
    0x00000000, 0x00000000, 0xFFFF0000, 0x00020000, 0x00000000, 0x00000000, 0x00000000, 0x00000001, 0x00000000, 0x00000001, 0x00000000,
    0x0000FFFF, 0x00000000, 0x0000FFFF, 0x00000000, 0x0000FFFF, 0x00000001, 0x0000FFFF, 0x00000000, 0x00000001, 0x00000000, 0xFFFF0000,
    0x00000000, 0x0000FFFF, 0x00000000, 0x00000000, 0x00000000, 0xFFFF0000, 0xFFFF0000, 0x0000FFFE, 0x00000000, 0x00000000, 0x00000000,
    0x00000000, 0x00000000, 0x00000000, 0x00000000, 0x0000FFFF, 0x00000000, 0x00000000, 0x00000000, 0x00000000, 0x00000000, 0xFFFF0000,
    0x00000000, 0x00000000, 0x00000000, 0x00000000, 0x00000000, 0x00000000, 0xFFFF0000, 0x00010000, 0x00010000, 0x00000000, 0x00000000,
    0x00020002, 0x00000000, 0x00000000, 0x00000000, 0x00000000, 0x00000000, 0x00010000, 0x0000FFFF, 0xFFFF0001, 0x00000000, 0x00000000,
    0x00000000, 0x00000000, 0x00000000, 0x00000000, 0x00000000, 0x00000000, 0x00000000, 0x00000000, 0xFFFEFFFF, 0x00000000, 0x00000000,
    0x00000000, 0x00000000, 0x00000001, 0x00000000, 0x00000000, 0x00000000, 0xFFFF0000, 0x00000000, 0xFFFFFFFF, 0x00020000, 0x00000002,
    0x00010000, 0x00000000, 0x00000000, 0x00000000, 0x00000001, 0x00000000, 0x00000000, 0x00000000, 0x00010000, 0x00000000, 0xFFFE0000,
    0x00000000, 0x00000000, 0x00000000, 0x00000001, 0x00000000, 0x0001FFFF, 0x00000000, 0x00010002, 0x00000000, 0x00000000, 0x00000000,
    0x00000000, 0x00000001, 0x00000000, 0x00010000, 0x00000001, 0x0000FFFE, 0x00000002, 0x00000000, 0x00000000, 0x00000000, 0x00000000,
    0x00000000, 0x0000FFFF, 0xFFFF0000, 0x00020000, 0xFFFF0001, 0x0000FFFF, 0x00000000, 0x00000001, 0x0000FFFF, 0x00000000, 0xFFFF0000,
    0x0000FFFF, 0xFFFE0000, 0x00000000, 0x00000000, 0x00000000, 0x00000000, 0x00000000, 0x00000000, 0x0000FFFE, 0xFFFF0001, 0x00000000,
    0x00000000, 0x00000000, 0x00000000, 0x0000FFFF, 0x00000001, 0xFFFFFFFF, 0x00010000, 0x00000000, 0x00000000, 0xFFFF0000, 0x0000FFFE,
    0xFFFF0000, 0x00000001, 0x00000000, 0x00000000, 0x00000000, 0x00000000, 0x00000000, 0x00000000, 0x00000000, 0x00000000, 0x00000000,
    0x00000000, 0x00000000, 0x00010000, 0x00000000, 0x00000000, 0x00010000, 0x0000FFFF, 0x00000000, 0x00000000, 0x00000000, 0x00010000,
    0xFFFE0000, 0x00000000, 0x0000FFFF, 0x00010000, 0x00000000, 0x00010000, 0x00010002, 0xFFFF0000, 0x00000000, 0x00000000, 0x0000FFFF,
    0x00000000, 0x00000000, 0x00000000, 0x00000000, 0x00000000, 0x00000000, 0x00010000, 0x0000FFFF, 0xFFFF0000, 0x00020000, 0x00000000,
    0x00000000, 0x00000000, 0x00010000, 0x00000000, 0x00000000, 0x00000000, 0xFFFFFFFE, 0x00000001, 0x00000000, 0x00000000, 0x00000000,
    0x00000000, 0x0000FFFF, 0x00000002, 0x00000000, 0x00010000, 0x00000000, 0x00000000, 0x00000000, 0x00020000, 0x00000001, 0x00000000,
    0xFFFF0000, 0x00000000, 0x00000000, 0x00000000, 0x00010000, 0x00000000, 0x00000001, 0x00000000, 0x00000000, 0x00000001, 0x00000000,
    0x00000000, 0xFFFF0000, 0x0000FFFF, 0x00000000, 0x00000000, 0x00000000, 0x00000000, 0x00000000, 0x00000000, 0xFFFFFFFF, 0x00000000,
    0x00000000, 0x00010000, 0x00000000, 0xFFFF0000, 0x00000000, 0x00000000, 0x00000000, 0x00000000, 0x00010000, 0x00000000, 0x00000001,
    0x00000000, 0x00000001, 0x00000000, 0x00000000, 0xFFFF0000, 0xFFFF0000, 0x0000FFFF, 0x00010000, 0x00000000, 0x00000001, 0x00000000,
    0x0000FFFF, 0x00000001, 0xFFFEFFFF, 0x00010000, 0x00000000, 0x00000001, 0x00000000, 0x00000000, 0x00000000, 0x00000000, 0x00000000,
    0x00000000, 0xFFFF0000, 0x00000000, 0xFFFE0000, 0x0001FFFE, 0x00000000, 0x00000000, 0x0000FFFF, 0x00000000, 0xFFFF0000, 0x00000000,
    0x00000000, 0x0000FFFF, 0x00000000, 0x00000000, 0x00000001, 0x0000FFFE, 0x00000001, 0xFFFF0001, 0x0000FFFE, 0x00000001, 0x00000001,
    0x00000000, 0xFFFF0000, 0x00000000, 0x0000FFFF, 0xFFFF0001, 0x00000000, 0x00000000, 0x00010000, 0x00000002, 0x00000001, 0x00000000,
    0x00000000, 0x00000000, 0x00000000, 0x00000000, 0x00000001, 0x00000000, 0x00000000, 0x00000000, 0x00000001, 0x0000FFFF, 0x00000000,
    0x00010000, 0x00000000, 0x00000000, 0x00010000, 0x00000000, 0x00000001, 0x00000000, 0x0000FFFF, 0x0000FFFF, 0x00000002, 0x00000000,
    0x00000000, 0x00000001, 0x00000000, 0x00000000, 0x00000000, 0xFFFF0000, 0x00000000, 0x0000FFFF, 0x00000001, 0x0000FFFF, 0x00000001,
    0x00000000, 0x00000000, 0x00000000, 0x00000000, 0x00000000, 0x0000FFFF, 0x00000001, 0x00000000, 0x00000000, 0x0000FFFF, 0x00000000,
    0x0001FFFF, 0x00000002, 0x0000FFFF, 0x00000000, 0x0000FFFF, 0x00000000, 0x0000FFFF, 0xFFFF0000, 0x0000FFFF, 0x00000000, 0x00000000,
    0xFFFF0000, 0x0000FFFF, 0x00000001, 0x0001FFFF, 0xFFFF0001, 0xFFFF0000, 0x00020000, 0x00000000, 0x00000000, 0x00000001, 0x00010000,
    0x00010001, 0x00000000, 0x00000001, 0x00000000, 0x00000000, 0xFFFF0000, 0x00010000, 0x00010000, 0x00000000, 0x00000000, 0x00000001,
    0x0000FFFF, 0xFFFE0000, 0x0000FFFE, 0xFFFF0000, 0x00000000, 0x00000000, 0xFFFF0000, 0x00000000, 0x00010000, 0x00000001, 0x00000000,
    0x00000000, 0x00000000, 0x00000000, 0x0000FFFF, 0x00000000, 0x00010002, 0x00000000, 0x0000FFFF, 0xFFFE0000, 0x00020000, 0xFFFF0000,
    0x00010000, 0x00000000, 0x00000002, 0x00020000, 0x00000001, 0xFFFF0000, 0x00000000, 0x00000000, 0xFFFF0000, 0x00000000, 0x00000000,
    0xFFFE0000, 0x00000000, 0x00000000, 0x00000000, 0x00020000, 0x00000000, 0x00000000, 0x00000000, 0x00020000, 0x00000000, 0x00000000,
    0xFFFF0000, 0x00020000, 0xFFFF0000, 0x00000000, 0x00000000, 0x00000000, 0xFFFF0000, 0x00000000, 0x00000000, 0x00000000, 0xFFFF0000,
    0x0000FFFF, 0x00000001, 0x0000FFFF, 0xFFFF0000, 0x00000000, 0x00010000, 0x00000000, 0x00000000, 0xFFFF0000, 0x00020001, 0x00010000,
    0x00000000, 0xFFFE0000, 0x00000000, 0x00000000, 0x0000FFFE, 0x00000001, 0x00000001, 0x00000000, 0x00010000, 0x00000000, 0xFFFEFFFF,
    0x00000000, 0x00000000, 0x00000001, 0x00000000, 0xFFFFFFFF, 0x00000001, 0x00000000, 0x00000000, 0x00000000, 0x00000000, 0x00020000,
    0xFFFF0001, 0x00000000, 0x00000000, 0x0000FFFF, 0xFFFF0001, 0x0000FFFE, 0x00000000, 0x00000000, 0xFFFEFFFF, 0x00000000, 0x00000000,
    0xFFFF0001, 0x0000FFFE, 0x00000000, 0x00000000, 0x00010000, 0x00000000, 0x00000000, 0x00000000, 0x00000000, 0x00010000, 0x00000000,
    0x00000000, 0x00000000, 0x00010000, 0x00000000, 0x00000000, 0x00000000, 0x00000000, 0x00000000, 0x00000000, 0x00000001, 0x00000001,
    0x00000000, 0x00000000, 0x00000001, 0x00000001, 0x0000FFFE, 0x0000FFFF, 0x00000002, 0x00000000, 0x00000000, 0x00000000, 0x00000001,
    0xFFFFFFFF, 0x00000000, 0x00000000, 0x00010000, 0x00000000, 0x00000000, 0x00010001, 0x00000000, 0x0001FFFF, 0x00000000, 0x00000001,
    0x00020001, 0x00000000, 0x00000000, 0x00000000, 0x00000000, 0xFFFF0000, 0x00000000, 0x00000000, 0x00000000, 0x00000000, 0x00000000,
    0x00010000, 0x0000FFFF, 0x00000000, 0x00000000, 0x00000000, 0x00000001, 0x0000FFFF, 0x00000000, 0x00000000, 0x00010000, 0x00010000,
    0x00000000, 0x00000000, 0x00020001, 0xFFFE0000, 0x0000FFFF, 0x00000000, 0x00010000, 0x00000000, 0x00000000, 0x00000000, 0xFFFF0000,
    0x00000000, 0xFFFFFFFF, 0x00000000, 0x0000FFFE, 0x00000000, 0x00000000, 0x00000000, 0x0000FFFF, 0x00000000, 0x00000000, 0x00000000,
    0x00000001, 0x0000FFFE, 0x00010000, 0x00000000, 0x00000001, 0x00010000, 0x00000000, 0xFFFF0000, 0x0000FFFF, 0x0000FFFF, 0x00000000,
    0x00000000, 0x00000000, 0x00000000, 0x00000000, 0x00000000, 0x00000000, 0x00010000, 0x00000000, 0x00000001, 0x00000000, 0x00000000,
    0x00010000, 0x00000000, 0x00000000, 0x00000000, 0x0000FFFF, 0x00000000, 0x00000000, 0x00000000, 0x00000000, 0x00000000, 0x0000FFFF,
    0x00000000, 0x00000001, 0x00010000, 0x00000000, 0x00000001, 0x00010000, 0xFFFF0001, 0x00000000, 0x00000000, 0x00000000, 0x00000002,
    0x00000000, 0x00010000, 0x00000000, 0x00000001, 0x00000000, 0x00000000, 0x00000000, 0x00010001, 0xFFFFFFFF, 0x00000000, 0x00000000,
    0x00000000, 0x00000000, 0xFFFFFFFE, 0x00000000, 0x00000000, 0x00000000, 0x00010000, 0x00000001, 0x00000000, 0x00000000, 0x00000000,
    0x00010000, 0x00000000, 0xFFFF0001, 0x0001FFFF, 0x00000000, 0x00000000, 0xFFFF0001, 0x0000FFFF, 0x00000000, 0xFFFF0000, 0x00000001,
    0x00000000, 0x00000000, 0x00000000, 0x00010000, 0x00010000, 0x00000000, 0x00000000, 0x00000000, 0x00000000, 0x00000000, 0x00000000,
    0x00000000, 0x00020000, 0xFFFF0001, 0x00010000, 0x0000FFFF, 0x00000001, 0x00000000, 0x00000000, 0x00000000, 0x00000000, 0x00000000,
    0x00000000, 0x00000000, 0x00000001, 0x00000000, 0x00000000, 0xFFFF0000, 0x00000000, 0x00000000, 0x0000FFFF, 0x00000002, 0xFFFF0000,
    0x0000FFFF, 0x0000FFFF, 0xFFFE0000, 0x00000000, 0x00000000, 0x00000000, 0x00000000, 0xFFFE0000, 0x00000000, 0x00010000, 0x00000000,
    0x00000001, 0x00000000, 0xFFFF0000, 0x00000000, 0x00000000, 0x00010000, 0x00000000, 0x00000000, 0x00010000, 0x00010000, 0xFFFE0000,
    0x00000000, 0xFFFF0000, 0x00000000, 0x00000000, 0x00000000, 0x0000FFFF, 0xFFFF0000, 0x00010000, 0x00000000, 0x00000000, 0xFFFF0000,
    0x00000000, 0x0001FFFF, 0xFFFF0000, 0x00000000, 0x00000000, 0x00000000, 0xFFFF0000, 0x00000000, 0x00000001, 0x00000000, 0x00000000,
    0x0000FFFF, 0x00000000, 0x00000000, 0x00000000, 0x00000000, 0x00000000, 0x00000000, 0x00000000, 0x00000000, 0x00000000, 0x00000000,
    0x00010000, 0x00000002, 0x00000000, 0x0000FFFF, 0x00020000, 0x00000000, 0x00000002, 0x00000000, 0x00010000, 0xFFFF0001, 0x00000000,
    0x00000000, 0x00000000, 0x00000000, 0x00000000, 0xFFFF0000, 0x0000FFFF, 0x00010000, 0x00000000, 0x00000000, 0x00010000, 0xFFFF0000,
    0x00000000, 0x0000FFFF, 0x00000000, 0x00000000, 0x0000FFFF, 0x00000000, 0x00000000, 0x00010000, 0x00010000, 0x00000000, 0x00000000,
    0x00000000, 0x00000000, 0x00000000, 0x00000000, 0x00000000, 0x00000000, 0x00000000, 0xFFFF0000, 0x0000FFFF, 0x00010000, 0x00000001,
    0x00010000, 0x0000FFFF, 0xFFFF0001, 0x00000000, 0x00000000, 0x0000FFFF, 0x00000001, 0x0000FFFF, 0x00000000, 0x00000002, 0x0000FFFF,
    0x0000FFFF, 0xFFFF0000, 0x00000000, 0x00000000, 0x00000000, 0x00010000, 0x00000001, 0x00000001, 0x00000000, 0x00000000, 0xFFFF0000,
    0x00000000, 0xFFFF0000, 0x00000000, 0x00000000, 0xFFFF0000, 0x00000000, 0x00000000, 0x00000000, 0x00000000, 0x0000FFFF, 0x00000002,
    0x00000000, 0x00000000, 0x00000000, 0x00000000, 0x00000000, 0x0000FFFF, 0x00000000, 0xFFFFFFFE, 0x00000000, 0x00000000, 0x00000000,
    0x00000000, 0x0000FFFF, 0x00000000, 0x00000000, 0x0000FFFF, 0x00000000, 0x00000000, 0x00000000, 0x00000001, 0x00000000, 0x00000000,
    0xFFFF0000, 0xFFFF0000, 0x0000FFFF, 0x00000000, 0x00000000, 0x00000000, 0x00000000, 0x00000000, 0x00000000, 0x00000000, 0xFFFF0001,
    0x00000000, 0x00000000, 0x00010000, 0xFFFF0001, 0x00010000, 0x00000000, 0x00000000, 0xFFFF0000, 0x00010000, 0x00000000, 0x00000001,
    0x00000001, 0x0000FFFE, 0x00000000, 0x00020000, 0xFFFF0000, 0x00000000, 0x00000000, 0x00000000, 0x00000000, 0x00000000, 0x00000000,
    0x00000001, 0x00010000, 0x00000000, 0x00000000, 0x00000000, 0x00000000, 0x00000001, 0x00000000, 0x0000FFFF, 0x00000001, 0x00000001,
    0x00000000, 0x00000000, 0x00000000, 0x00010000, 0x00000000, 0x00000000, 0x00000000, 0x00000000, 0x00000000, 0x00000001, 0x00000000,
    0x00000000, 0x00000000, 0x00000000, 0x00020000, 0xFFFF0000, 0x0000FFFF, 0xFFFF0001, 0x0000FFFE, 0x00000000, 0x00000000, 0x00010000,
    0x00000000, 0x00000000, 0x00010000, 0x00000000, 0x00000001, 0x0000FFFF, 0x00000000, 0x0000FFFF, 0x00000000, 0x00020000, 0xFFFF0001,
    0x00000000, 0x00000000, 0x00010000, 0xFFFFFFFF, 0xFFFF0000, 0x0000FFFF, 0x00000000, 0x00000000, 0x00000000, 0x00000000, 0x00000001,
    0x00000000, 0x00000000, 0x00000000, 0xFFFF0000, 0x00000000, 0x00000000, 0x0000FFFF, 0x00000000, 0x0000FFFF, 0x00000000, 0xFFFFFFFF,
    0x0000FFFF, 0x00000000, 0x00000000, 0x00000000, 0x0000FFFF, 0x00000000, 0x00000000, 0x00000000, 0x00000000, 0x00020000, 0x00000002,
    0x00000000, 0xFFFF0000, 0x00000000, 0x00000000, 0x00000001, 0x00000000, 0x00000000, 0x0000FFFF, 0x00000000, 0x00000000, 0xFFFF0000,
    0x00000000, 0x00000000, 0x00010000, 0x00000001, 0x00000000, 0x00000000, 0x00010000, 0x00000000, 0x00000000, 0x00010000, 0x00000000,
    0x00000000, 0x00000000, 0x00000000, 0x00000000, 0xFFFF0001, 0x0000FFFF, 0x00010000, 0xFFFF0000, 0xFFFE0000, 0x0000FFFF, 0x00000000,
    0x0000FFFF, 0x00000001, 0x00000000, 0x00000000, 0x00010000, 0x00000002, 0x0000FFFF, 0x00000000, 0x00000000, 0x00000000, 0x00000000,
    0xFFFF0000, 0x00000001, 0x00000000, 0xFFFFFFFF, 0x00000000, 0x00000000, 0x00010000, 0x0000FFFF, 0x00000000, 0x00000000, 0x00000000,
    0x00000000, 0x00000000, 0xFFFF0000, 0x0000FFFF, 0x00000000, 0x0000FFFF, 0x00000000, 0x00000001, 0x00000000, 0x00000000, 0x00000000,
    0x0000FFFF, 0xFFFF0000, 0x00000000, 0x00000000, 0x00000000, 0x00010000, 0x00000000, 0x00000000, 0x00000000, 0xFFFF0000, 0x00000000,
    0x00000000, 0x00000000, 0x00000000, 0x00020002, 0x00000000, 0x00000001, 0x00000000, 0x00010000, 0xFFFF0000, 0x00000000, 0x00010001,
    0x00000000, 0xFFFF0000, 0x0000FFFF, 0x00000000, 0x00000000, 0x00000000, 0x00000000, 0x00000001, 0x00000000, 0x0000FFFF, 0x00000000,
    0x00000000, 0x00020002, 0x00000000, 0x00000000, 0x00000000, 0x00000000, 0x00000000, 0x0000FFFF, 0x00000000, 0x00000000, 0x0000FFFF,
    0x00000000, 0x00000002, 0x00000000, 0x00000000, 0x00000000, 0x00000000, 0x00000000, 0x00010000, 0xFFFEFFFF, 0x0000FFFF, 0x00000001,
    0x00000000, 0x00000000, 0x00000000, 0x00000001, 0x00000000, 0x00000000, 0x0000FFFF, 0x00000001, 0x00000000, 0x00000000, 0x00000000,
    0x00000000, 0x00000000, 0xFFFF0000, 0x00000000, 0x0000FFFF, 0x00000000, 0x00000001, 0xFFFF0000, 0x00000000, 0xFFFFFFFE, 0xFFFF0000,
    0x00000000, 0x00000000, 0x00010000, 0xFFFEFFFF, 0x00010000, 0xFFFE0000, 0x0000FFFF, 0x00000000, 0x00000000, 0x00000000, 0x00000001,
    0x00010000, 0x00000000, 0x00000001, 0x00000000, 0x00000000, 0x00000000, 0x00000001, 0x00000001, 0x00000000, 0x00000000, 0xFFFF0000,
    0x00000000, 0x00000001, 0x00000000, 0x00020000, 0xFFFF0001, 0x00000000, 0xFFFF0000, 0x0000FFFE, 0xFFFF0000, 0x00000000, 0xFFFFFFFF,
    0x0000FFFF, 0x00000000, 0x00000000, 0x00000000, 0x00000001, 0x00000000, 0xFFFF0000, 0x00000000, 0x00020000, 0x00000002, 0x00000000,
    0x00000000, 0x00000000, 0x00010000, 0x0000FFFF, 0x00000000, 0x00000000, 0xFFFF0000, 0xFFFFFFFE, 0x00000000, 0x00000000, 0x00000000,
    0x00000000, 0x00000000, 0x00000000, 0x00000001, 0x00000000, 0x00000000, 0xFFFF0000, 0x00000000, 0x00000001, 0xFFFF0000, 0x00000000,
    0x0000FFFF, 0x00000000, 0xFFFF0000, 0x0000FFFE, 0x00000000, 0x00000000, 0x00000000, 0x00010000, 0x00000000, 0x00000000, 0x00000000,
    0x00000000, 0x00000000, 0x00000000, 0xFFFF0000, 0x00010000, 0x00000000, 0x00000000, 0x00000000, 0x00000000, 0x00010000, 0x00020000,
    0xFFFF0001, 0x00000000, 0x00000000, 0x00000000, 0x00000000, 0x0000FFFF, 0x00000000, 0x00000000, 0x00000000, 0x00010000, 0x00000000,
    0x00000000, 0x00000000, 0x00010000, 0x00000000, 0x00000000, 0x00000000, 0x00000000, 0x00000000, 0xFFFF0000, 0x00010001, 0x00000000,
    0x00020000, 0xFFFE0001, 0x00020000, 0x00000000, 0x00000001, 0x00000001, 0x00000000, 0x00000000, 0x00000001, 0x00000000, 0x00000000,
    0x0000FFFF, 0x00000000, 0x00000001, 0x00000000, 0xFFFF0000, 0x00000000, 0x00000000, 0x00000000, 0x00000000, 0x00000000, 0x00000000,
    0xFFFF0000, 0x00000000, 0x00000000, 0x00000000, 0x00000000, 0x00000000, 0x00000000, 0x00000000, 0x00000000, 0x00000001, 0x00000000,
    0x00000001, 0x00000000, 0x00000001, 0x00000000, 0x00000000, 0x00000000, 0x00010000, 0x00000000, 0x00000000, 0x00000000, 0x00000000,
    0x00010000, 0x00000000, 0x00000000, 0x00000000, 0x00000000, 0x00000000, 0x00000000, 0x00000000, 0x00000000, 0x00000000, 0x00000000,
    0x00000000, 0xFFFF0000, 0x0000FFFF, 0x00000000, 0x00000000, 0x00000000, 0xFFFE0000, 0x00000000, 0x0000FFFE, 0x00000001, 0xFFFF0000,
    0x00000000, 0x00020000, 0x00000001, 0x0000FFFF, 0x00000001, 0x00000000, 0xFFFF0000, 0xFFFF0000, 0x00000000, 0x00000000, 0x00000000,
    0x00010000, 0x00000000, 0x00010000, 0x00000000, 0x00000001, 0x00000000, 0x00000000, 0x00000001, 0x00000000, 0x0000FFFF, 0xFFFF0001,
    0x00010000, 0x00000000, 0x00000002, 0x0000FFFF, 0xFFFF0000, 0xFFFEFFFF, 0x00000000, 0x00000000, 0x00000000, 0x00000001, 0x00000000,
    0x00000000, 0x00000000, 0x0000FFFF, 0x00000002, 0x0000FFFF, 0x00000000, 0x00000000, 0x00000000, 0xFFFF0000, 0x00000000, 0x00000000,
    0x00000001, 0x00000000, 0x0000FFFE, 0xFFFF0000, 0x00000000, 0x00000000, 0x00000000, 0x00000000, 0x00000000, 0x00000000, 0x00010000,
    0x00000000, 0x00000000, 0x00000000, 0x00000001, 0x00000000, 0x00000001, 0x0000FFFF, 0x00000000, 0x00000000, 0x0000FFFF, 0xFFFF0000,
    0x00010000, 0x00000000, 0x00000000, 0x00000000, 0x0000FFFF, 0x00000001, 0xFFFF0000, 0x00000000, 0x00000000, 0x00000000, 0x00000000,
    0x00000000, 0x00020001, 0xFFFF0000, 0x00010000, 0x00000000, 0x00000000, 0x0000FFFF, 0xFFFF0000, 0x00000000, 0x00000000, 0x00010001,
    0xFFFF0000, 0xFFFF0000, 0x00010000, 0x0000FFFF, 0x00000000, 0x00000000, 0x00000000, 0x00000000, 0x00000000, 0x00000000, 0x00000000,
    0x00000000, 0x00000000, 0x00000001, 0x00000000, 0x0000FFFF, 0x00000000, 0x00000000, 0x00000000, 0x00000000, 0x00000000, 0x00010000,
    0xFFFF0000, 0x00000000, 0x00000000, 0xFFFFFFFF, 0x00000000, 0x00000001, 0x00000000, 0x0000FFFF, 0xFFFF0000, 0x00000000, 0x00000000,
    0x00000000, 0x00000000, 0x00010000, 0x00000000, 0xFFFF0000, 0x00000000, 0x00000000, 0x00000000, 0x00000000, 0x00000001, 0x00000001,
    0x00000000, 0x00010000, 0x00000000, 0x00000000, 0x00020000, 0xFFFF0000, 0x00000000, 0x00000000, 0x00000000, 0x00000000, 0xFFFF0000,
    0x00000000, 0x00000001, 0x00000000, 0x00000000, 0x00000001, 0xFFFF0000, 0x00000000, 0x00000000, 0x00010000, 0x00000000, 0x00000000,
    0x00000000, 0x00000001, 0x00000000, 0x0000FFFF, 0x00000000, 0x00020001, 0x00000000, 0x00000000, 0x0000FFFF, 0x00000000, 0x00000000,
    0x00000001, 0x00000000, 0x00000000, 0x0000FFFF, 0x00010000, 0x00000002, 0x00000000, 0xFFFF0000, 0x0000FFFF, 0x00010001, 0x0000FFFF,
    0x00000000, 0x00000000, 0x00000000, 0x00000001, 0x00010000, 0xFFFF0000, 0x00010000, 0x00000001, 0x00000000, 0xFFFF0000, 0x00010000,
    0x00000000, 0x00000000, 0x00000000, 0x00000000, 0x00000000, 0x00000000, 0xFFFF0000, 0xFFFFFFFE, 0x00000000, 0x00010000, 0x00000000,
    0x00000000, 0x0000FFFF, 0x00000000, 0x00000001, 0x00000000, 0x00000000, 0x00000000, 0x00000000, 0x0000FFFF, 0x00000000, 0x0000FFFF,
    0x00000000, 0x00000000, 0xFFFFFFFF, 0x00000000, 0x00000000, 0xFFFF0000, 0x00000000, 0x00000000, 0x00000000, 0xFFFF0000, 0xFFFFFFFE,
    0x0000FFFF, 0x00000000, 0x00000000, 0x00000000, 0x00000000, 0x00000000, 0x00000000, 0x00000000, 0x00000000, 0x00010000, 0xFFFF0001,
    0x00000000, 0xFFFFFFFF, 0x00000000, 0x00000001, 0x00000000, 0x00000000, 0x00000001, 0x00010000, 0xFFFF0001, 0x00000000, 0x0000FFFF,
    0x00000000, 0x00010001, 0x00000000, 0x0000FFFF, 0x00000000, 0x00000000, 0x00000000, 0x0000FFFF, 0x00000000, 0x00010000, 0x00000000,
    0x00000000, 0x00000000, 0x00000000, 0x00010000, 0x00000000, 0x00000000, 0x00010000, 0x00000000, 0x00000000, 0x00000001, 0x00000000,
    0x00000000, 0x00010002, 0x00000000, 0x00000000, 0xFFFF0000, 0x00010000, 0x00000000, 0x00000000, 0xFFFF0000, 0x0000FFFE, 0xFFFF0000,
    0x00000000, 0x00000000, 0x00000000, 0x00010001, 0x00000000, 0x00000000, 0x00010000, 0xFFFF0000, 0x00000000, 0x00000000, 0x00000000,
    0x00000000, 0x00000000, 0x00000000, 0x00000001, 0x00000000, 0x00000000, 0x00010002, 0xFFFF0000, 0x0000FFFF, 0x00000000, 0x00000001,
    0x00000000, 0x00000001, 0x00000000, 0x00000000, 0x00000001, 0x00000000, 0x00000000, 0x00010000, 0x00000000, 0x0000FFFF, 0x00000000,
    0x00000000, 0x00000000, 0x00000000, 0x00000000, 0x00000000, 0x00000000, 0x00000000, 0x00000000, 0x00000000, 0x00000000, 0x00000000,
    0x00000000, 0x00000000, 0x00000000, 0x00000000, 0x00000000, 0x00000000, 0x00000000, 0x00000000, 0x00000000, 0x00000000, 0x00000000,
    0x00000000, 0x00000000, 0x00000000, 0x00000000, 0x00000000, 0x00000000, 0x00000000, 0x00000000, 0x00000000, 0x00000000, 0x00000000,
    0x00000000, 0x00000000, 0x00000000, 0x00000000, 0x00000000, 0x00000000, 0x00000000, 0x00000000, 0x00000000, 0x00000000, 0x00000000,
    0x00000000, 0x00000000, 0x00000000, 0x00000000, 0x00000000, 0x00000000, 0x00000000, 0x00000000, 0x00000000, 0x00000000, 0x00000000,
    0x00000000, 0x00000000, 0x00000000, 0x00000000, 0x00000000, 0x00000000, 0x00000000, 0x00000000, 0x00000000, 0x00000000, 0x00000000,
    0x00000000, 0x00000000, 0x00000000, 0x00000000, 0x00000000, 0x00000000, 0x00000000, 0x00000000, 0x00000000, 0x00000000, 0x00000000,
    0x00000000, 0x00000000, 0x00000000, 0x00000000, 0x00000000, 0x00000000, 0x00000000, 0x00000000, 0x00000000, 0x00000000, 0x00000000,
    0x00000000, 0x00000000, 0x00000000, 0x00000000, 0x00000000, 0x00000000, 0x00000000, 0x00000000, 0x00000000, 0x00000000, 0x00000000,
    0x00000000, 0x00000000, 0x00000000, 0x00000000, 0x00000000, 0x00000000, 0x00000000, 0x00000000, 0x00000000, 0x00000000, 0x00000000,
    0x00000000, 0x00000000, 0x00000000, 0x00000000, 0x00000000, 0x00000000, 0x00000000, 0x00000000, 0x00000000, 0x00000000, 0x00000000,
    0x00000000, 0x00000000, 0x00000000, 0x00000000, 0x00000000, 0x00000000, 0x00000000, 0x00000000, 0x00000000, 0x00000000, 0x00000000,
    0x00000000, 0x00000000, 0x00000000, 0x00000000, 0x00000000, 0x00000000, 0x00000000, 0x00000000, 0x00000000, 0x00000000, 0x00000000,
    0x00000000, 0x00000000, 0x00000000, 0x00000000, 0x00000000, 0x00000000, 0x00000000, 0x00000000, 0x00000000, 0x00000000, 0x00000000,
    0x00000000, 0x00000000, 0x00000000, 0x00000000, 0x00000000, 0x00000000, 0x00000000, 0x00000000, 0x00000000, 0x00000000, 0x00000000,
    0x00000000, 0x00000000, 0x00000000, 0x00000000, 0x00000000, 0x00000000, 0x00000000, 0x00000000, 0x00000000, 0x00000000, 0x00000000,
    0x00000000, 0x00000000, 0x00000000, 0x00000000, 0x00000000, 0x00000000, 0x00000000, 0x00000000, 0x00000000, 0x00000000, 0x00000000,
    0x00000000, 0x00000000, 0x00000000, 0x00000000, 0x00000000, 0x00000000, 0x00000000, 0x00000000, 0x00000000, 0x00000000, 0x00000000,
    0x00000000, 0x00000000, 0x00000000, 0x00000000, 0x00000000, 0x00000000, 0x00000000, 0x00000000, 0x00000000, 0x00000000, 0x00000000,
    0x00000000, 0x00000000, 0x00000000, 0x00000000, 0x00000000, 0x00000000, 0x00000000, 0x00000000, 0x00000000, 0x00000000, 0x00000000,
    0x00000000, 0x00000000, 0x00000000,
};
