#pragma once

static const unsigned int ui_close_size = 329912;
static const unsigned int ui_close_data[82478] =
{
	0x46464952, 0x000508B0, 0x45564157, 0x20746D66, 0x00000010, 0x00020001, 0x0000AC44, 0x0002B110, 0x00100004, 0x61746164, 0x0005088C,
	0x00000000, 0x00000000, 0x00000000, 0x00000000, 0x00000000, 0x00000000, 0x00000000, 0x00000000, 0x00000000, 0x00000000, 0x00000000,
	0x00000000, 0x00000000, 0x00000000, 0x00000000, 0x00000000, 0x00000000, 0x00000000, 0x00000000, 0x00000000, 0x00000000, 0x00000000,
	0x00000000, 0x00000000, 0x00000000, 0x00000000, 0x00000000, 0x00000000, 0x00000000, 0x00000000, 0x00000000, 0x00000000, 0x00000000,
	0x00000000, 0x00000000, 0x00000000, 0x00000000, 0x00000000, 0x00000000, 0x00000000, 0x00000000, 0x00000000, 0x00000000, 0x00000000,
	0x00000000, 0x00000000, 0x00000000, 0x00000000, 0x00000000, 0x00000000, 0x00000000, 0x00000000, 0x00000000, 0x00010001, 0x00000000,
	0xFFFF0000, 0x00000000, 0xFFFF0000, 0x00000001, 0x00000001, 0xFFFF0000, 0x00000000, 0x00010001, 0x00000000, 0x00000000, 0xFFFFFFFF,
	0x00000000, 0x00010001, 0x0000FFFF, 0x0001FFFF, 0x00010000, 0x00000000, 0x00010001, 0x00000000, 0xFFFFFFFF, 0x00000000, 0x00000000,
	0x00000000, 0x00000000, 0x00000000, 0x00000000, 0x00000000, 0x00000000, 0x00000001, 0xFFFFFFFF, 0x00000000, 0x00000000, 0x00000000,
	0x00000001, 0xFFFF0000, 0x00000001, 0x00010000, 0x0000FFFE, 0x00010000, 0x00000001, 0x00000000, 0x00000000, 0x0000FFFF, 0x00000000,
	0x00000000, 0xFFFFFFFF, 0xFFFFFFFF, 0xFFFF0000, 0x00000001, 0x00000000, 0xFFFF0000, 0x00000000, 0x00000000, 0x00000000, 0x00010001,
	0x00000000, 0xFFFFFFFF, 0x00000000, 0x00010000, 0x00000000, 0x00000000, 0x00000000, 0x00000000, 0xFFFF0000, 0x00000001, 0x00010000,
	0xFFFFFFFF, 0xFFFF0000, 0xFFFF0001, 0x0000FFFF, 0x00010000, 0x00000000, 0x00000001, 0x00010000, 0x0000FFFF, 0x00010000, 0x00000000,
	0x00000000, 0x00000000, 0xFFFFFFFF, 0x00000000, 0x00010000, 0x0000FFFF, 0x00010000, 0x00010000, 0x00000000, 0x00000001, 0x00000001,
	0xFFFF0000, 0x00000000, 0x00000000, 0xFFFF0000, 0x00000000, 0x00010000, 0x00010000, 0x00000000, 0x00000000, 0x00000000, 0xFFFF0000,
	0xFFFF0000, 0xFFFF0000, 0x00000000, 0xFFFF0000, 0xFFFFFFFF, 0x00000000, 0x00010001, 0x00000001, 0x00000001, 0xFFFFFFFF, 0x0000FFFF,
	0x00010000, 0x0000FFFF, 0xFFFFFFFF, 0x00000000, 0x00000000, 0x00000000, 0x00010001, 0x00000000, 0x00000000, 0x00010000, 0x00010000,
	0x0000FFFF, 0x00000000, 0x00000001, 0x00010001, 0x0000FFFF, 0x00000000, 0x00000000, 0xFFFF0000, 0x00000000, 0x00010000, 0x00010001,
	0xFFFF0000, 0x00000000, 0x00010000, 0xFFFFFFFF, 0x00000000, 0x00000001, 0xFFFF0000, 0x00000000, 0x00000000, 0x00010000, 0x00000000,
	0xFFFFFFFF, 0x00000000, 0x00000000, 0xFFFF0000, 0x0000FFFF, 0x00010000, 0x00000000, 0x00000000, 0x00000000, 0x00000000, 0x00000000,
	0x00000000, 0x00000001, 0x00000000, 0x0001FFFF, 0x00020001, 0x00000001, 0xFFFF0000, 0x00000000, 0x00000000, 0x00000000, 0xFFFF0000,
	0xFFFF0000, 0x00000000, 0x0000FFFF, 0x00000000, 0x00000000, 0x00000000, 0x00000000, 0xFFFF0000, 0x00000001, 0xFFFF0000, 0xFFFF0000,
	0x00010001, 0x00000000, 0x00000000, 0x0000FFFF, 0x00000000, 0xFFFF0000, 0xFFFF0000, 0x00010001, 0x00000000, 0x00000000, 0x00000000,
	0xFFFFFFFF, 0x00000000, 0x00000000, 0x00000000, 0x00000000, 0x0000FFFF, 0x00010000, 0x00000000, 0xFFFF0001, 0x00010001, 0x00010000,
	0x00010000, 0x00000000, 0x00000000, 0x00000000, 0x0000FFFE, 0x0000FFFF, 0x00010000, 0x00000000, 0xFFFF0000, 0x00000001, 0xFFFFFFFF,
	0xFFFFFFFF, 0x00000000, 0xFFFFFFFF, 0x00000000, 0x00000000, 0xFFFF0000, 0x00010000, 0x0000FFFF, 0x00000001, 0x00000001, 0x00000000,
	0x00010000, 0x0000FFFF, 0x00000000, 0x00000000, 0x00000000, 0x00010001, 0xFFFF0000, 0xFFFFFFFF, 0x00010000, 0x00010001, 0x00000000,
	0xFFFFFFFE, 0x00010000, 0x00000000, 0xFFFF0000, 0x00000001, 0xFFFF0000, 0xFFFF0000, 0x00000000, 0xFFFF0000, 0xFFFF0000, 0xFFFFFFFF,
	0x0000FFFF, 0x00000000, 0x00000001, 0xFFFE0000, 0xFFFF0000, 0x00010000, 0x0000FFFF, 0x0000FFFF, 0x00000000, 0x00000001, 0xFFFF0000,
	0x0000FFFF, 0x00030001, 0x00010000, 0xFFFFFFFF, 0x00000001, 0xFFFFFFFF, 0xFFFFFFFF, 0xFFFFFFFF, 0xFFFFFFFF, 0x00000000, 0xFFFF0000,
	0x00000000, 0x00000000, 0xFFFFFFFF, 0xFFFF0000, 0x00000001, 0x00010001, 0xFFFFFFFF, 0x00000000, 0x00010000, 0x00000000, 0x00010001,
	0x00000000, 0xFFFFFFFF, 0xFFFFFFFF, 0xFFFFFFFF, 0x00000000, 0xFFFF0000, 0x00000000, 0x00010001, 0x00010000, 0x00000000, 0x00000000,
	0x00010001, 0xFFFFFFFF, 0xFFFFFFFE, 0x0001FFFF, 0xFFFFFFFF, 0x00000000, 0x00000000, 0x00000000, 0x00000000, 0x00000000, 0x00010001,
	0xFFFF0000, 0xFFFF0000, 0xFFFF0000, 0xFFFEFFFF, 0x00000000, 0x00000000, 0x00000000, 0x00000001, 0x00000001, 0x00000000, 0x00000000,
	0x00000000, 0x00000000, 0x00010001, 0x00000000, 0xFFFF0000, 0x00020002, 0x00010001, 0x00020001, 0x00030002, 0x0000FFFF, 0x00010001,
	0x00020000, 0x0000FFFF, 0xFFFF0000, 0xFFFF0000, 0x00010001, 0x00020001, 0x00020001, 0x00020001, 0x00020001, 0x00040003, 0x0000FFFF,
	0x0000FFFF, 0x00020002, 0x0000FFFF, 0xFFFFFFFF, 0xFFFF0000, 0xFFFF0000, 0x00000001, 0xFFFF0000, 0x00000000, 0x0000FFFF, 0xFFFFFFFE,
	0xFFFEFFFD, 0xFFFEFFFE, 0xFFFFFFFF, 0xFFFEFFFF, 0x0000FFFF, 0x00000000, 0xFFFF0000, 0xFFFF0000, 0x00000000, 0x00000000, 0x0000FFFF,
	0x0000FFFF, 0x0000FFFF, 0x00010000, 0x00000000, 0xFFFEFFFE, 0x00000001, 0xFFFFFFFF, 0xFFFEFFFE, 0x00020001, 0xFFFEFFFD, 0xFFFFFFFE,
	0x00010001, 0xFFFFFFFF, 0x00000000, 0xFFFFFFFF, 0x0000FFFF, 0x0000FFFF, 0xFFFFFFFF, 0x00010002, 0xFFFF0000, 0xFFFF0000, 0x00020002,
	0x00010001, 0x00000001, 0xFFFFFFFF, 0x00000000, 0x00010002, 0x00000001, 0x00000000, 0x00000000, 0xFFFFFFFF, 0x00000001, 0x00040003,
	0x00030002, 0x00010000, 0x00030003, 0x00010002, 0x00010001, 0x00020002, 0x00010001, 0x00010001, 0x0000FFFF, 0x00010001, 0x00000001,
	0xFFFFFFFF, 0x00010001, 0x00010001, 0x00020002, 0x00010001, 0xFFFF0000, 0xFFFF0001, 0x00000001, 0x00000000, 0x0000FFFF, 0x00000001,
	0x00010002, 0x00020001, 0x00020002, 0xFFFFFFFF, 0x00010001, 0x00020002, 0xFFFFFFFD, 0x0000FFFF, 0x00000000, 0xFFFFFFFF, 0xFFFFFFFF,
	0xFFFEFFFE, 0xFFFEFFFF, 0xFFFE0000, 0x00000001, 0xFFFFFFFF, 0x0000FFFE, 0x00020002, 0x00010001, 0xFFFF0000, 0x00000000, 0x00000001,
	0x00010002, 0x00010002, 0x00030003, 0x00010000, 0xFFFFFFFE, 0x00010001, 0x00000000, 0x0000FFFF, 0x00020001, 0x00000001, 0xFFFF0000,
	0x00000000, 0x00010001, 0x00000000, 0x00000001, 0x00010002, 0x00010002, 0x00000001, 0x00000000, 0x00020001, 0xFFFFFFFE, 0xFFFFFFFF,
	0x00020002, 0xFFFF0000, 0x00000001, 0x00010001, 0x00000000, 0x00010001, 0xFFFFFFFF, 0x00000001, 0x00000001, 0xFFFFFFFF, 0x0000FFFF,
	0xFFFFFFFF, 0x00010001, 0x00010001, 0x00000000, 0x00000000, 0xFFFFFFFE, 0x00000000, 0x00000000, 0xFFFFFFFF, 0xFFFFFFFF, 0x0000FFFF,
	0x00010001, 0x00010001, 0x00020002, 0x00030001, 0x0000FFFF, 0x00010002, 0x00040004, 0x00050005, 0x00020003, 0x00010002, 0x00030003,
	0x00010000, 0x00010001, 0x00020003, 0x00000000, 0xFFFFFFFF, 0xFFFFFFFF, 0x00000000, 0x00010001, 0xFFFF0000, 0xFFFF0000, 0x00010001,
	0x00010000, 0xFFFFFFFD, 0xFFFFFFFF, 0xFFFF0000, 0xFFFFFFFF, 0x0000FFFF, 0xFFFEFFFD, 0x00010000, 0x00020003, 0x00000001, 0xFFFF0000,
	0xFFFCFFFD, 0xFFFEFFFF, 0x00000000, 0x00010000, 0x00020000, 0xFFFDFFFD, 0xFFFFFFFF, 0x00010001, 0xFFFEFFFE, 0xFFFF0000, 0xFFFEFFFF,
	0xFFFFFFFF, 0xFFFF0000, 0xFFFFFFFF, 0x00010001, 0xFFFFFFFE, 0xFFFDFFFD, 0xFFFEFFFE, 0xFFFEFFFD, 0xFFFFFFFE, 0xFFFFFFFF, 0x00000001,
	0xFFFF0000, 0xFFFEFFFE, 0xFFFEFFFE, 0xFFFDFFFE, 0xFFFDFFFE, 0xFFFFFFFE, 0x00010001, 0x0000FFFF, 0xFFFFFFFF, 0x00010001, 0x00000001,
	0x00010002, 0xFFFEFFFE, 0xFFFFFFFF, 0x00010001, 0xFFFEFFFE, 0xFFFEFFFE, 0xFFFDFFFD, 0xFFFDFFFD, 0x00010002, 0xFFFEFFFF, 0xFFFEFFFE,
	0xFFFEFFFE, 0xFFFDFFFC, 0xFFFDFFFD, 0xFFFDFFFE, 0xFFFF0000, 0xFFFDFFFE, 0xFFFF0000, 0x00030004, 0xFFFFFFFF, 0xFFFDFFFD, 0x00000000,
	0x00010001, 0x00010000, 0x0000FFFF, 0x00010002, 0x00000001, 0x00000001, 0x00000000, 0xFFFFFFFE, 0x00010000, 0x00000000, 0x00000000,
	0xFFFFFFFF, 0xFFFEFFFE, 0x00010000, 0x0000FFFF, 0x00010000, 0x0000FFFF, 0xFFFFFFFD, 0x0000FFFD, 0xFFFEFFFD, 0xFFFDFFFE, 0xFFFDFFFF,
	0xFFFEFFFF, 0xFFFFFFFE, 0xFFFDFFFD, 0xFFFFFFFE, 0x0000FFFE, 0x00010001, 0x00010002, 0xFFFEFFFF, 0x00020002, 0x00030002, 0x00020001,
	0x00030003, 0x00030003, 0x00000000, 0xFFFDFFFD, 0x00000000, 0x00000000, 0xFFFFFFFF, 0xFFFEFFFE, 0xFFFEFFFD, 0x00010000, 0x00000000,
	0xFFFFFFFF, 0x00020001, 0x00010000, 0x00040003, 0xFFFF0000, 0xFFFCFFFC, 0xFFFEFFFD, 0xFFFBFFF9, 0xFFFFFFFE, 0x00000001, 0xFFFAFFFB,
	0xFFFCFFFC, 0xFFFEFFFD, 0xFFFCFFFC, 0xFFFFFFFE, 0x00020002, 0x0000FFFF, 0xFFFDFFFC, 0xFFFDFFFD, 0xFFFEFFFE, 0x0000FFFE, 0xFFFEFFFD,
	0xFFFCFFFD, 0x00010001, 0x00020002, 0x00000000, 0xFFFEFFFF, 0x00000001, 0x00030003, 0x00000001, 0x00000003, 0x00010003, 0x00020002,
	0x00030002, 0xFFFFFFFF, 0xFFFEFFFF, 0x00030003, 0x00050004, 0x00030003, 0x00040005, 0x00060005, 0x00010000, 0x00030003, 0x00040005,
	0x00010002, 0x00060005, 0x00000000, 0xFFFDFFFD, 0x0000FFFF, 0xFFFEFFFE, 0x00020002, 0xFFFF0000, 0xFFFEFFFF, 0x00020003, 0x00010002,
	0x00010001, 0x00000001, 0x00020003, 0x00020003, 0xFFFFFFFF, 0xFFFEFFFE, 0xFFFDFFFD, 0xFFFDFFFE, 0xFFFDFFFE, 0xFFFFFFFF, 0x00010001,
	0xFFFFFFFF, 0x0000FFFF, 0x00020002, 0x00020002, 0x00020003, 0x00010003, 0x00010002, 0x00020001, 0x00050004, 0x00020002, 0x00010002,
	0x00040003, 0x00010000, 0x00010001, 0x00010001, 0x00010000, 0x00030002, 0x00010001, 0x00000001, 0x00010001, 0x00010001, 0x00010002,
	0xFFFEFFFE, 0x00010000, 0x00010001, 0xFFFE0000, 0xFFFF0001, 0xFFFEFFFF, 0x00000000, 0x00000001, 0x00020003, 0x00020003, 0xFFFCFFFE,
	0x00010002, 0x00040004, 0x00010001, 0x00030004, 0x00050005, 0x00030003, 0x00020003, 0x00020004, 0x00000002, 0x00000001, 0x00040005,
	0x00030003, 0x00030003, 0x00010002, 0xFFFDFFFE, 0x00000001, 0x00020001, 0x00010000, 0x00000000, 0x00000000, 0x00020002, 0x00000000,
	0x00010001, 0x00030003, 0x00030002, 0x00030002, 0x00030003, 0x00020003, 0x00000000, 0x00010000, 0x00030002, 0x00020001, 0x00030002,
	0x00030002, 0x00050004, 0x00010001, 0xFFFEFFFE, 0x00010001, 0x00010000, 0x00020002, 0x00020002, 0x00010000, 0x00020001, 0xFFFFFFFF,
	0x00030002, 0x00040003, 0x00000000, 0x00000000, 0xFFFFFFFF, 0x00040004, 0x00040003, 0x00010000, 0x0000FFFF, 0xFFFCFFFB, 0x00010000,
	0x00040004, 0x00000000, 0x00010000, 0x00010000, 0x00020001, 0x00020002, 0xFFFFFFFF, 0xFFFFFFFE, 0x00010000, 0x00010000, 0xFFFEFFFD,
	0x00010000, 0x00020001, 0xFFFFFFFF, 0x0000FFFF, 0xFFFCFFFB, 0xFFFDFFFD, 0xFFFEFFFF, 0xFFFDFFFC, 0xFFFEFFFD, 0xFFFCFFFB, 0xFFF9FFF8,
	0xFFFAFFFA, 0x00000000, 0x00010001, 0xFFFCFFFC, 0xFFFFFFFF, 0xFFFFFFFE, 0xFFFFFFFF, 0x00030003, 0xFFFF0000, 0x00010002, 0x00010002,
	0xFFFEFFFF, 0x00010002, 0x00020002, 0xFFFFFFFF, 0xFFFEFFFE, 0x00010001, 0x00010002, 0xFFFF0000, 0x00010002, 0xFFFF0000, 0xFFFFFFFF,
	0x00010001, 0x00000000, 0x00000000, 0xFFFDFFFE, 0xFFFEFFFE, 0x0000FFFF, 0xFFFFFFFE, 0x00020003, 0x00010003, 0xFFFE0000, 0x00000001,
	0xFFFFFFFF, 0xFFFDFFFE, 0xFFFDFFFD, 0xFFFF0000, 0xFFFE0000, 0xFFFD0000, 0x00000002, 0x00010002, 0xFFFCFFFC, 0xFFF9FFF9, 0xFFFF0000,
	0xFFFF0000, 0xFFFDFFFE, 0x00010003, 0xFFFDFFFF, 0xFFFAFFFC, 0xFFFDFFFE, 0xFFFEFFFF, 0xFFFF0000, 0xFFFFFFFF, 0x00000000, 0xFFFDFFFD,
	0xFFFBFFFB, 0x00010001, 0xFFFFFFFF, 0x00000000, 0x00020001, 0x00030003, 0x00060007, 0xFFFF0000, 0xFFFEFFFF, 0x00020002, 0x00000000,
	0x00000000, 0xFFFDFFFD, 0x0000FFFE, 0x00010000, 0xFFFCFFFC, 0xFFFDFFFE, 0x0000FFFF, 0xFFFFFFFF, 0x00000001, 0x00000001, 0xFFFF0000,
	0x00010000, 0x00010001, 0xFFFEFFFE, 0xFFFDFFFD, 0xFFFDFFFC, 0xFFFFFFFE, 0x0000FFFF, 0xFFFDFFFD, 0xFFFEFFFF, 0xFFFFFFFF, 0xFFFDFFFC,
	0xFFFBFFFB, 0xFFFBFFFB, 0xFFFEFFFD, 0xFFFDFFFB, 0xFFFDFFFB, 0xFFFDFFFD, 0xFFFAFFF9, 0xFFFCFFFB, 0xFFFFFFFD, 0x00020000, 0x00020001,
	0xFFFEFFFE, 0xFFFEFFFE, 0xFFFCFFFB, 0xFFFCFFFB, 0x00010000, 0x0000FFFF, 0xFFFCFFFC, 0xFFFDFFFC, 0x0001FFFF, 0xFFFFFFFD, 0xFFFEFFFD,
	0x00040003, 0x00020001, 0x00010001, 0x00020002, 0x00020000, 0x0001FFFF, 0xFFFFFFFF, 0x00040005, 0x00020002, 0xFFFFFFFE, 0x00030003,
	0x00000001, 0x00030003, 0x00060005, 0x00010000, 0xFFFDFFFE, 0xFFFF0000, 0x00020002, 0xFFFFFFFE, 0xFFFDFFFE, 0x00030003, 0x00020002,
	0x00000000, 0xFFFEFFFF, 0x00000001, 0x00020002, 0x00030002, 0x00050005, 0x00050004, 0x00030003, 0x00000001, 0x00000002, 0x00010002,
	0xFFFEFFFE, 0x00000000, 0x00000001, 0x00000002, 0x00000003, 0xFFFAFFFC, 0xFFFDFFFE, 0xFFFCFFFB, 0xFFF7FFF7, 0xFFFBFFFB, 0xFFFBFFFB,
	0xFFFBFFFC, 0xFFFCFFFD, 0xFFFCFFFD, 0xFFFE0000, 0xFFFEFFFF, 0xFFFEFFFE, 0xFFFAFFFB, 0xFFFDFFFF, 0xFFFCFFFF, 0xFFF6FFF8, 0xFFFDFFFD,
	0xFFFDFFFD, 0xFFFBFFFC, 0x00000001, 0xFFFCFFFC, 0xFFFCFFFC, 0xFFFDFFFD, 0xFFFAFFFB, 0xFFFF0000, 0x00010002, 0xFFFEFFFF, 0x00000000,
	0x0000FFFF, 0xFFFEFFFE, 0x00010003, 0x00020002, 0x00000000, 0x00030002, 0xFFFDFFFE, 0xFFFCFFFD, 0x00020001, 0x0000FFFF, 0xFFFEFFFF,
	0xFFFF0000, 0x00030004, 0x00030004, 0xFFFE0000, 0x00040004, 0x00030003, 0xFFFEFFFD, 0xFFFDFFFD, 0xFFFEFFFD, 0x00010000, 0xFFFEFFFD,
	0xFFFEFFFC, 0x00020001, 0x00030002, 0x00040004, 0x00020002, 0x00010000, 0x0000FFFF, 0xFFFEFFFD, 0x0000FFFE, 0x0000FFFF, 0x00010001,
	0x0000FFFF, 0xFFFDFFFB, 0x0000FFFF, 0x00030003, 0x00030002, 0x00020001, 0x0000FFFE, 0xFFFFFFFF, 0x00020002, 0x00040002, 0x00020001,
	0x00030004, 0x00050005, 0x00030000, 0x0001FFFE, 0xFFFEFFFD, 0xFFFBFFFB, 0xFFFEFFFC, 0x00040001, 0x00030003, 0x00000000, 0x0000FFFF,
	0x0001FFFF, 0x00030001, 0x0000FFFF, 0xFFFEFFFE, 0x00020000, 0x0000FFFE, 0x00030002, 0x00050004, 0xFFFFFFFE, 0x0000FFFF, 0x0000FFFE,
	0xFFFEFFFE, 0xFFFFFFFF, 0xFFFDFFFB, 0x00010001, 0x00030003, 0xFFFFFFFF, 0x00000000, 0x00010001, 0xFFFFFFFF, 0xFFFEFFFE, 0x00000000,
	0xFFFEFFFF, 0xFFFEFFFF, 0x00030003, 0xFFFFFFFF, 0xFFFFFFFF, 0x00040004, 0x00000000, 0x0001FFFF, 0x00020002, 0xFFFFFFFF, 0xFFFDFFFD,
	0xFFFFFFFE, 0xFFFF0000, 0x00020002, 0x00040005, 0xFFFF0000, 0x00000001, 0x00000001, 0xFFFBFFFC, 0x00020004, 0x00050007, 0x00030004,
	0x00040004, 0xFFFFFFFF, 0xFFFEFFFF, 0x00010003, 0x00030005, 0x00020003, 0xFFFE0000, 0xFFFDFFFF, 0xFFFF0000, 0x00030004, 0x00030005,
	0x00030003, 0x00010001, 0xFFFDFFFF, 0x00010004, 0xFFFE0001, 0xFFFE0000, 0x00060007, 0xFFFF0001, 0x00000003, 0x00070009, 0x00040005,
	0x00020003, 0xFFFF0001, 0x00030005, 0x00060006, 0xFFFFFFFF, 0x00000000, 0x00000001, 0x00000001, 0x00000002, 0xFFFEFFFF, 0x00020004,
	0x00010003, 0xFFFEFFFD, 0xFFFFFFFF, 0x00000001, 0xFFFF0000, 0xFFFEFFFE, 0x0000FFFF, 0x00030003, 0x00010001, 0x00010000, 0x00040004,
	0x00030004, 0x00020003, 0x00050006, 0x00030002, 0x00020000, 0x00020002, 0x00010001, 0x00040003, 0x00020001, 0x0000FFFF, 0x00030001,
	0x00020000, 0x00030001, 0x00050003, 0x00040003, 0x0000FFFE, 0xFFFFFFFD, 0x00020001, 0x00010000, 0x00020001, 0x00070006, 0x00050004,
	0x00040002, 0x00020000, 0x00020000, 0x00070005, 0x00050003, 0x0001FFFF, 0x0000FFFF, 0xFFFFFFFF, 0x00010001, 0x00040004, 0x0000FFFF,
	0xFFFFFFFD, 0x00040004, 0x00020001, 0x0000FFFE, 0x00060005, 0x00050004, 0x00040003, 0x00030002, 0xFFFEFFFD, 0x00000000, 0x00040004,
	0x00000000, 0x00010001, 0x00030005, 0x00010001, 0xFFFFFFFE, 0x0001FFFF, 0x00020002, 0xFFFF0001, 0xFFFEFFFF, 0xFFFFFFFF, 0x0000FFFF,
	0x00000000, 0xFFFEFFFF, 0xFFFEFFFF, 0x00010001, 0xFFFFFFFF, 0xFFFEFFFE, 0x00030003, 0x00000002, 0x00010003, 0x00010003, 0xFFFDFFFF,
	0x00020003, 0x00010002, 0x00000001, 0x00050008, 0x00010003, 0xFFFAFFFC, 0xFFFE0000, 0xFFFF0002, 0xFFFCFFFF, 0xFFFF0002, 0x00020004,
	0xFFFF0001, 0x00000003, 0x00000002, 0xFFFE0000, 0x00000000, 0xFFFDFFFE, 0xFFFDFFFF, 0xFFFF0000, 0xFFFE0000, 0xFFFF0001, 0xFFFE0001,
	0xFFFE0000, 0xFFFDFFFF, 0xFFFE0001, 0xFFFE0002, 0xFFFF0001, 0x00030004, 0x00000002, 0xFFFC0000, 0xFFFF0003, 0x00010003, 0x00000001,
	0xFFFCFFFD, 0xFFFCFFFF, 0xFFFEFFFF, 0xFFFEFFFE, 0x00000002, 0xFFFE0001, 0xFFFD0000, 0xFFFF0001, 0xFFFDFFFE, 0x00020003, 0x00030003,
	0xFFFF0000, 0xFFFF0000, 0xFFFDFFFE, 0xFFFFFFFE, 0xFFFFFFFD, 0xFFFEFFFE, 0xFFFFFFFF, 0xFFFEFFFE, 0xFFFFFFFF, 0xFFFFFFFE, 0x0001FFFF,
	0x00020000, 0xFFFFFFFE, 0x00040003, 0x00040003, 0x00010000, 0x00010000, 0xFFFFFFFD, 0x00020000, 0x0001FFFF, 0xFFFEFFFC, 0x00030001,
	0x00050002, 0x00050001, 0x00060003, 0x0000FFFD, 0xFFFEFFFC, 0x0000FFFE, 0xFFFFFFFE, 0xFFFEFFFC, 0xFFFFFFFC, 0x0001FFFF, 0x0001FFFF,
	0xFFFFFFFC, 0x0000FFFC, 0x0000FFFB, 0xFFFFFFFC, 0x0000FFFD, 0x0000FFFC, 0x0002FFFD, 0x0003FFFE, 0x0000FFFC, 0x0001FFFC, 0x0003FFFE,
	0x0002FFFE, 0xFFFEFFFC, 0xFFFFFFFD, 0x0002FFFF, 0xFFFDFFFA, 0x0000FFFD, 0x00040001, 0xFFFEFFFB, 0x00040000, 0x00060004, 0x0000FFFE,
	0x0001FFFE, 0x0000FFFD, 0x0001FFFF, 0x0001FFFF, 0xFFFDFFFC, 0x00020000, 0x0000FFFE, 0xFFFDFFFC, 0x00020001, 0x00010001, 0x00010001,
	0x0000FFFF, 0x0000FFFF, 0x00030003, 0x00000001, 0x00010002, 0x00020003, 0x00000002, 0x00030005, 0x00040004, 0x00040004, 0x00040006,
	0x00010003, 0x00030004, 0x00010002, 0xFFFF0001, 0x00030006, 0x00020004, 0xFFFF0002, 0xFFFD0002, 0xFFFC0000, 0x00000002, 0x00000002,
	0x00000002, 0x00000003, 0xFFFF0003, 0x00000004, 0x00020007, 0x00010006, 0xFFFE0002, 0x00000004, 0x00020007, 0xFFFE0003, 0x00010003,
	0x00030005, 0x00000001, 0xFFFF0001, 0x00000002, 0x00000004, 0xFFFF0003, 0x00000002, 0x00010003, 0xFFFE0002, 0x00010004, 0x00050008,
	0x00040007, 0x00020005, 0x00000004, 0x00020006, 0x00000003, 0xFFFF0002, 0x00040005, 0x00030003, 0x00020004, 0x00020005, 0x00010003,
	0x00030005, 0x00030005, 0x00020004, 0xFFFFFFFF, 0xFFFEFFFE, 0x00050006, 0x00060008, 0x00030004, 0x00000000, 0x0000FFFF, 0x00010002,
	0xFFFF0000, 0x0000FFFF, 0x00010001, 0x00010001, 0x00060005, 0x00040003, 0xFFFEFFFC, 0xFFFFFFFE, 0x00010000, 0xFFFFFFFD, 0xFFFFFFFD,
	0x00020001, 0x00030001, 0x0002FFFF, 0x0001FFFF, 0xFFFFFFFC, 0x00030000, 0x00030000, 0xFFFDFFFA, 0x0000FFFD, 0x00020000, 0xFFFFFFFC,
	0x0000FFFD, 0xFFFFFFFD, 0xFFFDFFFB, 0xFFFFFFFD, 0xFFFFFFFD, 0xFFFCFFF9, 0xFFFEFFFA, 0xFFFFFFFC, 0xFFFCFFFA, 0xFFFAFFF9, 0xFFFAFFF7,
	0xFFFCFFF9, 0xFFFEFFFC, 0xFFF9FFF7, 0xFFF9FFF5, 0xFFFEFFFA, 0xFFFEFFFC, 0xFFFDFFFC, 0xFFFEFFFB, 0xFFFDFFFA, 0xFFFEFFFC, 0xFFFFFFFD,
	0xFFFDFFFC, 0xFFFDFFFB, 0xFFFDFFFC, 0xFFFDFFFC, 0xFFFFFFFD, 0x0001FFFF, 0x00000000, 0xFFFBFFFA, 0xFFFAFFF9, 0xFFFEFFFD, 0xFFFFFFFD,
	0xFFFDFFFC, 0xFFFBFFFA, 0xFFFCFFFA, 0xFFFEFFFB, 0xFFFDFFFB, 0xFFFFFFFD, 0xFFFDFFFB, 0xFFFDFFFC, 0x00030001, 0xFFFFFFFD, 0xFFFCFFFD,
	0xFFFEFFFE, 0xFFFAFFF9, 0xFFFEFFFE, 0xFFFCFFFD, 0xFFFAFFF9, 0x0000FFFE, 0xFFFDFFFC, 0xFFFBFFFC, 0xFFFDFFFE, 0xFFFCFFFA, 0xFFFDFFFC,
	0xFFFDFFFC, 0x00010001, 0x00040004, 0xFFFBFFFB, 0xFFF9FFFA, 0xFFFEFFFD, 0x0001FFFF, 0xFFFEFFFE, 0xFFFBFFFA, 0xFFFEFFFD, 0xFFFDFFFD,
	0x00000000, 0x00030003, 0xFFFBFFFC, 0xFFFDFFFE, 0xFFFFFFFF, 0xFFFBFFFB, 0x00020002, 0x00010002, 0xFFFEFFFE, 0x00000000, 0x00000000,
	0x00010000, 0xFFFFFFFD, 0xFFFEFFFD, 0xFFFEFFFD, 0xFFFBFFFB, 0xFFFE0000, 0xFFFFFFFF, 0xFFFDFFFC, 0xFFFDFFFD, 0xFFFEFFFF, 0x00020004,
	0xFFFE0000, 0xFFFBFFFC, 0x00010002, 0x00010002, 0xFFFDFFFD, 0xFFFF0000, 0x00030003, 0x00020002, 0x00000001, 0x00020002, 0x00020002,
	0x00010002, 0xFFFF0002, 0xFFFCFFFF, 0xFFFF0001, 0xFFFF0000, 0x00000000, 0x00010003, 0xFFFE0001, 0xFFFE0001, 0xFFFCFFFF, 0xFFFBFFFC,
	0x00000001, 0x00000002, 0x00010003, 0x00010004, 0xFFFDFFFF, 0xFFFF0000, 0x00000003, 0xFFFCFFFE, 0xFFFCFFFF, 0xFFFCFFFF, 0xFFF7FFF8,
	0xFFFAFFFD, 0xFFFE0001, 0xFFFAFFFB, 0xFFFCFFFF, 0xFFFF0002, 0xFFFBFFFD, 0xFFFBFFFE, 0xFFFF0002, 0xFFFBFFFD, 0xFFF8FFF9, 0xFFFE0000,
	0x00030005, 0xFFFE0001, 0xFFFE0000, 0xFFFF0000, 0xFFFCFFFF, 0xFFFCFFFE, 0xFFFAFFFD, 0xFFFBFFFE, 0xFFFDFFFF, 0xFFFCFFFE, 0xFFFDFFFF,
	0xFFFFFFFF, 0xFFFCFFFF, 0xFFFD0000, 0x00010001, 0x00020002, 0xFFFDFFFE, 0xFFFCFFFC, 0xFFFDFFFF, 0xFFFCFFFC, 0xFFF9FFF9, 0xFFFDFFFE,
	0xFFFF0002, 0xFFFCFFFF, 0xFFFCFFFF, 0xFFFFFFFF, 0xFFFDFFFC, 0xFFFAFFFA, 0xFFFCFFFB, 0xFFFEFFFD, 0xFFFDFFFD, 0xFFFFFFFF, 0x0000FFFF,
	0xFFFBFFF9, 0xFFFBFFFB, 0xFFFDFFFE, 0xFFFDFFFC, 0x0000FFFE, 0xFFFFFFFE, 0xFFFEFFFD, 0x0001FFFF, 0x00010000, 0x0001FFFF, 0x0000FFFE,
	0xFFFFFFFE, 0x0000FFFD, 0x0000FFFE, 0x0001FFFE, 0x0000FFFD, 0x0001FFFF, 0x00010000, 0xFFFFFFFF, 0x00030004, 0x00010000, 0xFFFDFFFA,
	0xFFFFFFFE, 0x0000FFFE, 0x0000FFFE, 0xFFFFFFFE, 0xFFFDFFFB, 0xFFFFFFFB, 0xFFFFFFFD, 0xFFFFFFFE, 0xFFFEFFFD, 0xFFFFFFFD, 0x0000FFFE,
	0xFFFEFFFE, 0xFFFFFFFE, 0xFFFEFFFC, 0xFFFEFFFD, 0x0000FFFF, 0xFFFFFFFF, 0x00040003, 0x00040001, 0xFFFEFFFB, 0xFFFEFFFD, 0xFFFEFFFE,
	0x0000FFFF, 0x0000FFFF, 0xFFFEFFFE, 0x0000FFFF, 0x0000FFFE, 0x00030002, 0x00020003, 0xFFFAFFFB, 0xFFFEFFFE, 0xFFFF0001, 0xFFFF0001,
	0x00050005, 0x0002FFFF, 0xFFFFFFFD, 0x00020002, 0x00010000, 0xFFFFFFFE, 0xFFFFFFFE, 0x00030001, 0x00060004, 0x00030002, 0x00020001,
	0x00030002, 0x00000001, 0xFFFDFFFE, 0x00010000, 0x00030001, 0x0000FFFE, 0x0000FFFF, 0xFFFFFFFF, 0xFFFDFFFD, 0xFFFDFFFD, 0xFFFDFFFC,
	0x0001FFFF, 0x0000FFFE, 0xFFFCFFFB, 0xFFFEFFFE, 0xFFFAFFFB, 0xFFFAFFFB, 0x00010001, 0xFFFDFFFC, 0xFFF9FFF8, 0xFFFFFFFE, 0xFFFEFFFF,
	0xFFFCFFFE, 0xFFFEFFFE, 0xFFFCFFFA, 0xFFFCFFFA, 0xFFFBFFFB, 0xFFFAFFF9, 0xFFFDFFFC, 0xFFF8FFF8, 0xFFF3FFF4, 0xFFF9FFF9, 0xFFFAFFFA,
	0xFFF5FFF6, 0xFFF7FFF6, 0xFFF9FFF7, 0xFFF6FFF7, 0xFFF4FFF6, 0xFFF3FFF4, 0xFFF2FFF1, 0xFFF2FFF2, 0xFFF3FFF3, 0xFFF1FFF3, 0xFFF0FFF2,
	0xFFF1FFF3, 0xFFF5FFF7, 0xFFF3FFF3, 0xFFF1FFF2, 0xFFFAFFFB, 0xFFF7FFF7, 0xFFEFFFEF, 0xFFF2FFF3, 0xFFF2FFF4, 0xFFF1FFF3, 0xFFF3FFF5,
	0xFFF3FFF4, 0xFFF3FFF5, 0xFFF5FFF7, 0xFFF6FFF7, 0xFFF6FFF6, 0xFFF6FFF7, 0xFFF7FFF8, 0xFFF7FFF8, 0xFFFBFFFC, 0xFFFE0000, 0xFFFEFFFE,
	0x00010000, 0x00040004, 0x00050006, 0x00050005, 0x00060006, 0x00090009, 0x00080009, 0x000B000B, 0x000D000D, 0x000C000E, 0x00100012,
	0x00110011, 0x00100010, 0x00150016, 0x00180018, 0x001A0018, 0x001A0019, 0x001A0018, 0x001E001D, 0x00200021, 0x001D001E, 0x001F0021,
	0x00240026, 0x00210022, 0x00200020, 0x00260026, 0x00280029, 0x00250026, 0x00270026, 0x00280028, 0x00280028, 0x002B002A, 0x00270027,
	0x00210022, 0x00250025, 0x00260027, 0x001E0021, 0x001D001F, 0x001E001F, 0x001D001E, 0x0019001A, 0x00170018, 0x00190019, 0x00140015,
	0x00120013, 0x00140014, 0x000F000F, 0x000F0010, 0x00110012, 0x000F000F, 0x000B000A, 0x00020002, 0xFFFFFFFF, 0xFFFFFFFF, 0xFFFCFFFC,
	0xFFFAFFFB, 0xFFF4FFF4, 0xFFF1FFF1, 0xFFF0FFF0, 0xFFEAFFEA, 0xFFE9FFE8, 0xFFE4FFE3, 0xFFE0FFDE, 0xFFE1FFE1, 0xFFDDFFDD, 0xFFD9FFD8,
	0xFFD7FFD4, 0xFFD5FFD3, 0xFFD7FFD6, 0xFFD3FFCF, 0xFFCDFFC9, 0xFFCFFFCC, 0xFFCCFFCA, 0xFFC7FFC4, 0xFFC7FFC3, 0xFFC4FFC2, 0xFFC3FFC1,
	0xFFC4FFC0, 0xFFC1FFBE, 0xFFC1FFBF, 0xFFC1FFBE, 0xFFC0FFBC, 0xFFC1FFBE, 0xFFC0FFBD, 0xFFBEFFBA, 0xFFC1FFBD, 0xFFC3FFC0, 0xFFC4FFC3,
	0xFFC5FFC4, 0xFFC7FFC5, 0xFFCBFFC6, 0xFFCBFFC7, 0xFFC9FFC7, 0xFFCCFFC9, 0xFFD4FFD1, 0xFFD6FFD4, 0xFFD0FFCF, 0xFFD3FFD0, 0xFFD9FFD8,
	0xFFDCFFDD, 0xFFDFFFE0, 0xFFE4FFE2, 0xFFEAFFE7, 0xFFEAFFE9, 0xFFEAFFEB, 0xFFF1FFF2, 0xFFF3FFF3, 0xFFF5FFF7, 0xFFFCFFFE, 0xFFFDFFFD,
	0x00030004, 0x0009000B, 0x00050007, 0x00080009, 0x000E000E, 0x00100010, 0x00150017, 0x0019001C, 0x001F0021, 0x00250027, 0x00240027,
	0x00250028, 0x002A002C, 0x0029002D, 0x002C0030, 0x00330037, 0x00330037, 0x00320037, 0x00350038, 0x0038003B, 0x003D0042, 0x003E0043,
	0x003E0042, 0x00420045, 0x003F0043, 0x003F0043, 0x00430047, 0x00440049, 0x00430049, 0x00420048, 0x00430047, 0x0048004A, 0x0049004C,
	0x00440049, 0x00430048, 0x00450048, 0x00430046, 0x00420045, 0x00450047, 0x00430047, 0x00400044, 0x003F0042, 0x00420044, 0x003F0041,
	0x0039003C, 0x003B003F, 0x003B003D, 0x00350036, 0x00360037, 0x00350037, 0x002F0030, 0x002B002C, 0x0029002C, 0x0029002B, 0x002A0029,
	0x00260025, 0x00200021, 0x001F001E, 0x001C001C, 0x0018001A, 0x0017001A, 0x00140016, 0x00100011, 0x000C000D, 0x0009000B, 0x00080009,
	0x00050006, 0x00020002, 0x0000FFFE, 0xFFFFFFFD, 0xFFFCFFFD, 0xFFF7FFF6, 0xFFF3FFF3, 0xFFF1FFF1, 0xFFEEFFED, 0xFFECFFEB, 0xFFE9FFE8,
	0xFFE6FFE4, 0xFFE5FFE3, 0xFFE4FFE3, 0xFFE0FFDE, 0xFFDBFFD9, 0xFFDDFFDB, 0xFFD8FFD7, 0xFFD6FFD4, 0xFFDDFFD9, 0xFFD8FFD5, 0xFFD3FFD0,
	0xFFD2FFCF, 0xFFCFFFCC, 0xFFCFFFCC, 0xFFCDFFC9, 0xFFCDFFC7, 0xFFCEFFC8, 0xFFC8FFC5, 0xFFC5FFC2, 0xFFC4FFBF, 0xFFC5FFC1, 0xFFC8FFC5,
	0xFFC4FFBF, 0xFFC2FFBB, 0xFFC4FFBE, 0xFFC3FFBC, 0xFFC2FFBA, 0xFFC3FFBC, 0xFFC5FFC0, 0xFFC5FFBF, 0xFFC3FFBB, 0xFFC4FFBC, 0xFFC5FFBE,
	0xFFC9FFC3, 0xFFC9FFC3, 0xFFC5FFBE, 0xFFC7FFBF, 0xFFC7FFC1, 0xFFC9FFC4, 0xFFCCFFC5, 0xFFCDFFC5, 0xFFCEFFC9, 0xFFCCFFC7, 0xFFD0FFCB,
	0xFFD7FFD3, 0xFFD8FFD2, 0xFFD8FFD4, 0xFFD9FFD5, 0xFFD9FFD5, 0xFFDDFFDB, 0xFFDEFFDC, 0xFFDEFFD9, 0xFFE0FFDC, 0xFFE6FFE2, 0xFFE8FFE5,
	0xFFE8FFE5, 0xFFE9FFE7, 0xFFEBFFEC, 0xFFECFFED, 0xFFE9FFE8, 0xFFEBFFEB, 0xFFF4FFF6, 0xFFF3FFF6, 0xFFF4FFF7, 0xFFFAFFFC, 0xFFF7FFFB,
	0xFFF90000, 0x00000005, 0xFFFE0002, 0xFFFF0004, 0x00020008, 0x00030009, 0x0004000B, 0x0005000C, 0x0007000E, 0x000C0013, 0x000B0012,
	0x00080012, 0x000F0019, 0x00110019, 0x000F0017, 0x0013001B, 0x0013001C, 0x0015001E, 0x0018001F, 0x0015001C, 0x0017001F, 0x00170020,
	0x0017001F, 0x001C0024, 0x001B0024, 0x00180020, 0x001B0022, 0x001F0026, 0x00200028, 0x001F0027, 0x00200027, 0x00210027, 0x001F0025,
	0x00210024, 0x00240028, 0x00250029, 0x00230026, 0x00210024, 0x00250026, 0x00250025, 0x00240024, 0x00280026, 0x00280026, 0x00240023,
	0x00260025, 0x00250022, 0x0023001F, 0x00290024, 0x00290025, 0x00250021, 0x0025001F, 0x0027001F, 0x002A0021, 0x002A0022, 0x002C0024,
	0x002E0024, 0x002C0021, 0x002A001E, 0x002A001F, 0x002A0022, 0x002B0021, 0x002B001E, 0x002B001F, 0x002A001E, 0x002A001F, 0x002B0021,
	0x0029001F, 0x0029001F, 0x0027001E, 0x0025001C, 0x0028001E, 0x0027001E, 0x0026001F, 0x0025001E, 0x0026001F, 0x002A0023, 0x0026001F,
	0x0021001B, 0x001F0019, 0x001D0019, 0x001F001C, 0x001E001A, 0x001C0019, 0x001A001A, 0x001A001B, 0x001A001C, 0x00150018, 0x00130018,
	0x00120018, 0x000F0014, 0x00120018, 0x00100018, 0x000B0013, 0x000B0014, 0x00090015, 0x00060013, 0x00060013, 0x00020011, 0xFFFE000F,
	0x00000011, 0x00010011, 0xFFFE000E, 0xFFFD000F, 0xFFF8000D, 0xFFF7000A, 0xFFFD000F, 0xFFF9000C, 0xFFF30009, 0xFFF5000B, 0xFFF60009,
	0xFFF7000A, 0xFFF50009, 0xFFF40008, 0xFFF20007, 0xFFEE0003, 0xFFF30007, 0xFFF50007, 0xFFF40005, 0xFFF60007, 0xFFEFFFFF, 0xFFEEFFFD,
	0xFFF10001, 0xFFECFFFB, 0xFFEBFFFA, 0xFFEEFFFC, 0xFFEEFFFB, 0xFFEEFFF9, 0xFFEDFFF7, 0xFFEEFFF9, 0xFFF2FFF9, 0xFFF1FFF5, 0xFFF0FFF2,
	0xFFF2FFF4, 0xFFF5FFF6, 0xFFF6FFF5, 0xFFFAFFF8, 0xFFF6FFF4, 0xFFF0FFED, 0xFFF6FFEF, 0xFFF9FFF0, 0xFFF7FFEE, 0xFFF6FFEC, 0xFFF7FFEB,
	0xFFFCFFED, 0xFFFCFFEC, 0xFFFAFFEA, 0xFFFDFFEC, 0x0000FFEC, 0xFFFEFFE8, 0xFFFEFFE6, 0xFFFFFFE6, 0xFFFFFFE6, 0xFFFFFFE6, 0xFFFDFFE3,
	0xFFFBFFDF, 0x0001FFE2, 0x0002FFE2, 0xFFFEFFE0, 0x0000FFE1, 0xFFFFFFDF, 0xFFFDFFDD, 0xFFFDFFDE, 0xFFF9FFD9, 0xFFFAFFD9, 0xFFFCFFDB,
	0xFFF7FFD7, 0xFFF7FFD7, 0xFFF7FFD7, 0xFFF2FFD3, 0xFFF3FFD5, 0xFFF3FFD3, 0xFFF0FFD1, 0xFFF4FFD7, 0xFFF3FFD8, 0xFFEEFFD2, 0xFFEBFFD0,
	0xFFE7FFD0, 0xFFE8FFD2, 0xFFE6FFCE, 0xFFE1FFCA, 0xFFE0FFCD, 0xFFDDFFCC, 0xFFDAFFC9, 0xFFD7FFC7, 0xFFD5FFC7, 0xFFD5FFCB, 0xFFD1FFC8,
	0xFFCCFFC5, 0xFFC9FFC4, 0xFFCAFFC4, 0xFFCAFFC5, 0xFFC4FFC3, 0xFFC5FFC7, 0xFFC3FFC7, 0xFFBBFFC0, 0xFFBFFFC5, 0xFFBDFFC7, 0xFFB6FFC3,
	0xFFBAFFC8, 0xFFB7FFC6, 0xFFB2FFC1, 0xFFB8FFC6, 0xFFB8FFC9, 0xFFB2FFC6, 0xFFB3FFC8, 0xFFB3FFCA, 0xFFB2FFC9, 0xFFB2FFCA, 0xFFB3FFCC,
	0xFFB6FFD2, 0xFFB9FFD7, 0xFFB4FFD3, 0xFFB5FFD3, 0xFFB9FFD7, 0xFFBBFFDA, 0xFFC2FFE1, 0xFFC0FFDF, 0xFFBFFFE1, 0xFFC7FFE8, 0xFFC8FFE8,
	0xFFCDFFEC, 0xFFCFFFEF, 0xFFCBFFEE, 0xFFD1FFF4, 0xFFD7FFF8, 0xFFDCFFFC, 0xFFE10001, 0xFFE1FFFF, 0xFFE50002, 0xFFED000A, 0xFFEF000D,
	0xFFF30010, 0xFFFC0016, 0x00000018, 0x0005001D, 0x000D0026, 0x000E0027, 0x0013002A, 0x001A002F, 0x001D0031, 0x00230035, 0x00260036,
	0x002D003C, 0x00320041, 0x0031003E, 0x003C0046, 0x0042004B, 0x003F0048, 0x00480051, 0x00500057, 0x00540058, 0x0058005B, 0x005B005D,
	0x005F0062, 0x00610062, 0x00660063, 0x006B0066, 0x006B0069, 0x006F006C, 0x006F0069, 0x00700068, 0x0074006E, 0x0074006E, 0x0079006F,
	0x007C0071, 0x0077006E, 0x00790070, 0x007D0072, 0x007C006E, 0x007A006C, 0x0079006D, 0x0078006B, 0x00770069, 0x00770069, 0x00740067,
	0x00700063, 0x006D0060, 0x006E0061, 0x006C005F, 0x00660059, 0x00610053, 0x00600053, 0x00610054, 0x005A004C, 0x00530046, 0x0057004B,
	0x00530046, 0x004A003E, 0x0048003D, 0x00410036, 0x003A002F, 0x0034002A, 0x002F0028, 0x002E0026, 0x0025001D, 0x0020001A, 0x001D0018,
	0x0013000D, 0x000F0009, 0x000C0006, 0x0004FFFE, 0x0002FFFD, 0xFFFFFFFA, 0xFFF9FFF4, 0xFFF5FFF0, 0xFFF0FFEC, 0xFFEBFFE8, 0xFFE5FFE3,
	0xFFDFFFDC, 0xFFDDFFDA, 0xFFD9FFD7, 0xFFD4FFD0, 0xFFD6FFD1, 0xFFD2FFCF, 0xFFC9FFC7, 0xFFC7FFC5, 0xFFC4FFC0, 0xFFC3FFBE, 0xFFC0FFBC,
	0xFFB9FFB6, 0xFFBAFFB6, 0xFFB8FFB3, 0xFFB3FFAF, 0xFFB7FFB3, 0xFFB6FFB1, 0xFFB2FFAB, 0xFFB0FFA8, 0xFFADFFA5, 0xFFB2FFA9, 0xFFB5FFAD,
	0xFFB0FFA8, 0xFFB1FFA6, 0xFFB5FFA9, 0xFFB2FFA7, 0xFFB0FFA4, 0xFFB0FFA3, 0xFFB2FFA3, 0xFFB9FFA8, 0xFFBBFFAA, 0xFFB8FFA7, 0xFFBFFFAC,
	0xFFC2FFAD, 0xFFC0FFAC, 0xFFC5FFB1, 0xFFC9FFB4, 0xFFCAFFB5, 0xFFCBFFB4, 0xFFCFFFB8, 0xFFD5FFBD, 0xFFD2FFBB, 0xFFD3FFBB, 0xFFD9FFC0,
	0xFFDDFFC5, 0xFFE1FFC9, 0xFFE2FFC9, 0xFFE7FFCD, 0xFFEEFFD5, 0xFFEFFFD7, 0xFFF0FFD7, 0xFFF1FFD7, 0xFFF4FFDB, 0xFFFAFFE2, 0xFFFBFFE4,
	0xFFFBFFE5, 0xFFFCFFE8, 0xFFFFFFEB, 0x0004FFF1, 0x0005FFF3, 0x0005FFF5, 0x0009FFF9, 0x000BFFFA, 0x000AFFFB, 0x000D0001, 0x00100005,
	0x000F0003, 0x000E0003, 0x000D0005, 0x000C0007, 0x000D0008, 0x000F000A, 0x00120010, 0x00130014, 0x00120015, 0x00140018, 0x0016001C,
	0x0015001D, 0x0014001E, 0x00150020, 0x00120020, 0x000E001F, 0x00120024, 0x00130026, 0x000F0024, 0x000E0025, 0x000A0023, 0x000A0024,
	0x000C0027, 0x00070025, 0x00040025, 0x00060029, 0x000A002D, 0x0008002B, 0x00010027, 0x00020029, 0x00010029, 0xFFFD0025, 0xFFFB0026,
	0xFFFC0027, 0xFFFD0028, 0xFFFB0027, 0xFFF80026, 0xFFF60023, 0xFFF50021, 0xFFF90025, 0xFFF70024, 0xFFF1001F, 0xFFF60023, 0xFFF60025,
	0xFFF0001F, 0xFFF40020, 0xFFF50020, 0xFFF1001C, 0xFFEE0019, 0xFFEC0017, 0xFFEE0018, 0xFFEF0019, 0xFFEE0016, 0xFFF00017, 0xFFEF0013,
	0xFFEF0012, 0xFFF30013, 0xFFF00010, 0xFFF20010, 0xFFF30012, 0xFFF0000F, 0xFFF30011, 0xFFF50010, 0xFFF6000E, 0xFFFA0010, 0xFFF7000D,
	0xFFF8000C, 0xFFFC000D, 0xFFFA0009, 0xFFFB0009, 0xFFFE000A, 0xFFFF0008, 0x00010008, 0x00030009, 0x00000007, 0x00010007, 0x00070009,
	0x00060006, 0x00030004, 0x00050004, 0x00070003, 0x00090004, 0x00050000, 0x0005FFFE, 0x000D0004, 0x000D0004, 0x00090000, 0x000BFFFF,
	0x000F0001, 0x00130005, 0x00140005, 0x000DFFFD, 0x000DFFFB, 0x0011FFFE, 0x000DFFF9, 0x000EFFFA, 0x0013FFFE, 0x000EFFF8, 0x000DFFF6,
	0x000DFFF7, 0x000CFFF7, 0x0010FFFA, 0x000EFFF6, 0x000BFFF2, 0x000EFFF6, 0x000EFFF6, 0x000EFFF4, 0x000EFFF3, 0x0009FFF1, 0x0008FFF1,
	0x0007FFEE, 0x0007FFEC, 0x0008FFEE, 0x0006FFED, 0x0006FFEC, 0x0006FFEC, 0x0003FFEA, 0x0002FFE8, 0xFFFEFFE2, 0xFFF6FFDA, 0xFFFBFFE0,
	0xFFFDFFE4, 0xFFF9FFDF, 0xFFFAFFDE, 0xFFF5FFDA, 0xFFF5FFDA, 0xFFF8FFDD, 0xFFF3FFD8, 0xFFF6FFDB, 0xFFF4FFD9, 0xFFECFFD1, 0xFFF3FFD7,
	0xFFF0FFD4, 0xFFE9FFCF, 0xFFEDFFD3, 0xFFEDFFD2, 0xFFEBFFCF, 0xFFECFFCF, 0xFFECFFCF, 0xFFEBFFCF, 0xFFE7FFCB, 0xFFE9FFCE, 0xFFE9FFCD,
	0xFFE6FFCB, 0xFFE9FFCF, 0xFFE8FFCE, 0xFFEBFFD0, 0xFFEDFFD0, 0xFFE9FFCB, 0xFFEAFFCD, 0xFFEBFFCF, 0xFFEAFFCF, 0xFFEEFFD1, 0xFFEEFFD3,
	0xFFEEFFD4, 0xFFF0FFD7, 0xFFF1FFD7, 0xFFF1FFD7, 0xFFF2FFD9, 0xFFF2FFDA, 0xFFF7FFDF, 0xFFFCFFE4, 0xFFFCFFE3, 0xFFFDFFE6, 0xFFFEFFE8,
	0x0001FFEB, 0x0004FFEE, 0x0003FFEE, 0x0009FFF6, 0x000CFFFA, 0x000AFFF9, 0x000FFFFE, 0x00110000, 0x00110002, 0x00130006, 0x00120005,
	0x0016000A, 0x001A0012, 0x001D0018, 0x0020001B, 0x0021001B, 0x00280023, 0x002C0028, 0x002E002B, 0x002E002C, 0x0029002A, 0x002C0030,
	0x00310038, 0x0031003A, 0x0035003D, 0x00390042, 0x003A0046, 0x003A0049, 0x003D004E, 0x00400052, 0x003C0050, 0x003E0055, 0x0043005B,
	0x0042005B, 0x0041005C, 0x00430060, 0x00440061, 0x0041005F, 0x00480068, 0x004A006C, 0x00460067, 0x0048006A, 0x0046006B, 0x0045006D,
	0x00470070, 0x0046006E, 0x0048006F, 0x0044006C, 0x0043006C, 0x00460072, 0x003F006B, 0x003C0067, 0x003F0069, 0x003B0067, 0x00380064,
	0x00390064, 0x003D0068, 0x00390065, 0x00360062, 0x00360061, 0x0033005D, 0x0033005C, 0x002F0058, 0x002B0054, 0x002A0054, 0x0023004D,
	0x00200048, 0x001F0044, 0x001E003F, 0x0020003F, 0x001B003B, 0x00170036, 0x00130031, 0x000E002B, 0x0010002B, 0x000F0027, 0x0008001E,
	0x0006001B, 0x00050019, 0x00010012, 0xFFFE000D, 0xFFFD000B, 0xFFF90004, 0xFFF4FFFF, 0xFFF2FFFC, 0xFFEDFFF5, 0xFFEBFFF1, 0xFFE8FFED,
	0xFFE4FFE6, 0xFFE1FFE2, 0xFFDEFFDD, 0xFFDBFFDB, 0xFFD8FFD7, 0xFFD6FFD2, 0xFFD0FFCC, 0xFFCAFFC5, 0xFFCBFFC3, 0xFFC7FFBD, 0xFFC3FFB8,
	0xFFC1FFB7, 0xFFBCFFB2, 0xFFBBFFB1, 0xFFB8FFAE, 0xFFB7FFAB, 0xFFB6FFA9, 0xFFAEFFA0, 0xFFB0FFA1, 0xFFB1FFA2, 0xFFA8FF99, 0xFFA8FF99,
	0xFFA7FF98, 0xFFA6FF97, 0xFFA5FF95, 0xFF9EFF8F, 0xFF9CFF8F, 0xFF9CFF8F, 0xFF9BFF8D, 0xFF9CFF8E, 0xFF9CFF90, 0xFF9CFF91, 0xFF9AFF8F,
	0xFF9BFF90, 0xFF99FF90, 0xFF96FF8F, 0xFF9AFF93, 0xFF9BFF92, 0xFF9CFF94, 0xFF97FF92, 0xFF92FF8F, 0xFF9AFF96, 0xFF96FF93, 0xFF93FF93,
	0xFF9DFF9D, 0xFF9CFF9B, 0xFF9BFF9A, 0xFF9FFF9F, 0xFF9DFF9F, 0xFF9FFFA3, 0xFFA1FFA6, 0xFF9FFFA5, 0xFFA4FFA9, 0xFFAAFFAF, 0xFFAAFFB0,
	0xFFACFFB4, 0xFFB0FFB9, 0xFFB1FFBA, 0xFFB5FFBC, 0xFFB6FFBE, 0xFFBAFFC3, 0xFFC1FFCA, 0xFFBFFFC7, 0xFFC0FFC9, 0xFFC9FFD3, 0xFFC9FFD2,
	0xFFCBFFD2, 0xFFD3FFDA, 0xFFD4FFDE, 0xFFD3FFDD, 0xFFD9FFE0, 0xFFDFFFE5, 0xFFDFFFE7, 0xFFE2FFEA, 0xFFE5FFEB, 0xFFEAFFED, 0xFFEFFFF3,
	0xFFEDFFF1, 0xFFF1FFF3, 0xFFF6FFF8, 0xFFF6FFF8, 0xFFFAFFFB, 0x0000FFFE, 0x0002FFFE, 0x00030000, 0x00060002, 0x000D0006, 0x000D0004,
	0x000D0004, 0x00120008, 0x00140007, 0x00170008, 0x001A000B, 0x001C000D, 0x001C000B, 0x001E000A, 0x0023000C, 0x00200009, 0x0022000B,
	0x00290013, 0x002A0013, 0x002D0014, 0x002F0013, 0x00310011, 0x00350012, 0x00340011, 0x00350012, 0x003A0015, 0x003B0015, 0x003D0015,
	0x003C0014, 0x003F0015, 0x003F0015, 0x003E0013, 0x00410015, 0x003F0011, 0x0040000F, 0x00460015, 0x00440013, 0x00410011, 0x00450013,
	0x00470014, 0x00470014, 0x00490014, 0x004D0018, 0x004D0019, 0x00490016, 0x00490016, 0x004C001B, 0x004F001E, 0x004C001C, 0x004E001D,
	0x00540023, 0x00520023, 0x004E0021, 0x00520025, 0x00550027, 0x00540028, 0x0055002B, 0x0053002D, 0x00570031, 0x005C0037, 0x005A0039,
	0x00570039, 0x0059003D, 0x005F0045, 0x0060004A, 0x00580044, 0x005B0047, 0x00640054, 0x00600056, 0x005C0054, 0x005E0058, 0x0060005C,
	0x00610061, 0x005F0065, 0x0061006B, 0x0061006E, 0x005F006E, 0x00620074, 0x00610076, 0x0061007A, 0x00650081, 0x00610082, 0x005D0083,
	0x005E0088, 0x005E008C, 0x00600090, 0x00610095, 0x00600097, 0x005C0096, 0x005C0097, 0x005C0099, 0x00580098, 0x0058009B, 0x0057009D,
	0x004E0096, 0x004E0098, 0x0050009D, 0x004C009B, 0x004A009A, 0x004A009B, 0x0046009B, 0x00410099, 0x003E0095, 0x003D0093, 0x003E0094,
	0x003B0091, 0x0036008D, 0x0035008C, 0x002E0084, 0x0027007C, 0x002A007C, 0x00260076, 0x001F006E, 0x001C006A, 0x00170063, 0x0014005E,
	0x0013005A, 0x000D0051, 0x0009004A, 0x00070045, 0x00050040, 0x00010037, 0xFFF9002B, 0xFFF60024, 0xFFF2001D, 0xFFED0014, 0xFFE7000B,
	0xFFE20001, 0xFFE1FFFA, 0xFFDEFFF2, 0xFFDCFFEB, 0xFFD8FFE3, 0xFFCFFFD5, 0xFFCBFFCD, 0xFFCAFFC7, 0xFFC8FFC1, 0xFFC7FFBB, 0xFFC2FFB2,
	0xFFBFFFAA, 0xFFB8FF9E, 0xFFB0FF91, 0xFFAEFF89, 0xFFAAFF82, 0xFFA8FF7B, 0xFFA7FF74, 0xFFA1FF6B, 0xFF9AFF62, 0xFF96FF59, 0xFF94FF54,
	0xFF90FF4E, 0xFF8CFF47, 0xFF8AFF41, 0xFF84FF3A, 0xFF7FFF34, 0xFF79FF2C, 0xFF74FF22, 0xFF72FF1E, 0xFF71FF1F, 0xFF71FF1E, 0xFF6CFF17,
	0xFF68FF11, 0xFF67FF10, 0xFF66FF10, 0xFF61FF0D, 0xFF5DFF0A, 0xFF5BFF08, 0xFF57FF04, 0xFF55FF04, 0xFF55FF06, 0xFF50FF04, 0xFF4DFF04,
	0xFF49FF04, 0xFF43FF01, 0xFF45FF05, 0xFF42FF06, 0xFF40FF08, 0xFF43FF0E, 0xFF41FF0F, 0xFF3FFF11, 0xFF3CFF15, 0xFF3BFF17, 0xFF3BFF1A,
	0xFF38FF1C, 0xFF39FF22, 0xFF3AFF27, 0xFF3DFF2F, 0xFF3FFF37, 0xFF3AFF37, 0xFF3DFF3E, 0xFF40FF44, 0xFF40FF49, 0xFF41FF51, 0xFF40FF56,
	0xFF45FF5E, 0xFF47FF64, 0xFF4BFF6B, 0xFF54FF79, 0xFF54FF7D, 0xFF56FF83, 0xFF5BFF8D, 0xFF5EFF93, 0xFF66FF9E, 0xFF68FFA4, 0xFF70FFAF,
	0xFF7AFFBB, 0xFF7BFFBF, 0xFF86FFCD, 0xFF92FFDB, 0xFF98FFE2, 0xFF9EFFE9, 0xFFA4FFF1, 0xFFAFFFFD, 0xFFB90008, 0xFFC40015, 0xFFD00020,
	0xFFD9002A, 0xFFE40034, 0xFFEC003C, 0xFFF80046, 0x00070053, 0x0015005F, 0x0022006C, 0x002A0073, 0x0033007A, 0x00420086, 0x004F008F,
	0x005A0097, 0x006700A2, 0x007500AE, 0x007F00B5, 0x008B00BE, 0x009B00CA, 0x00A500D0, 0x00B000D6, 0x00BE00E0, 0x00CC00E9, 0x00D800F0,
	0x00E400F9, 0x00F10103, 0x00F80105, 0x0105010C, 0x01130117, 0x01150117, 0x011F011B, 0x012B0122, 0x01320126, 0x013D012D, 0x0142012E,
	0x01490130, 0x01510134, 0x01570136, 0x015F013A, 0x015F0138, 0x01630139, 0x0169013B, 0x01680137, 0x016C0139, 0x016B0135, 0x016B0132,
	0x016D0131, 0x0167012A, 0x01680129, 0x01620121, 0x015A0118, 0x015C011B, 0x01560113, 0x014D0108, 0x01460101, 0x013F00FB, 0x013500F2,
	0x012B00E8, 0x012700E4, 0x011B00D9, 0x010B00C9, 0x010100C0, 0x00F300B3, 0x00E500A7, 0x00D9009C, 0x00CC0091, 0x00BE0086, 0x00AE0078,
	0x00A0006C, 0x0091005E, 0x0080004F, 0x00720045, 0x00610037, 0x004F0028, 0x003F001C, 0x002E0010, 0x001C0001, 0x000AFFF0, 0xFFFCFFE5,
	0xFFEEFFDA, 0xFFDEFFCD, 0xFFCDFFBD, 0xFFBCFFAE, 0xFFAEFFA5, 0xFF9CFF98, 0xFF8DFF8B, 0xFF7FFF7E, 0xFF6FFF72, 0xFF64FF69, 0xFF51FF5A,
	0xFF47FF52, 0xFF42FF50, 0xFF30FF3F, 0xFF26FF35, 0xFF21FF32, 0xFF16FF2B, 0xFF0EFF25, 0xFF04FF1B, 0xFEFFFF17, 0xFEFBFF14, 0xFEF2FF0D,
	0xFEEFFF0B, 0xFEECFF09, 0xFEE7FF06, 0xFEE6FF02, 0xFEE5FF00, 0xFEE4FEFF, 0xFEE5FF00, 0xFEE5FEFE, 0xFEE0FEFA, 0xFEE6FF01, 0xFEEBFF07,
	0xFEE8FF01, 0xFEF1FF06, 0xFEF9FF0D, 0xFEFAFF0E, 0xFF03FF13, 0xFF08FF17, 0xFF10FF20, 0xFF1BFF29, 0xFF23FF2D, 0xFF2EFF35, 0xFF36FF3B,
	0xFF42FF44, 0xFF4CFF4D, 0xFF52FF51, 0xFF5CFF58, 0xFF67FF61, 0xFF72FF6A, 0xFF7AFF71, 0xFF83FF76, 0xFF90FF81, 0xFF99FF89, 0xFFA3FF92,
	0xFFAEFF99, 0xFFBBFFA4, 0xFFCAFFB3, 0xFFD1FFB9, 0xFFD8FFBD, 0xFFE1FFC4, 0xFFE7FFCB, 0xFFF3FFD8, 0xFFFCFFDF, 0x0001FFE3, 0x0007FFE8,
	0x000CFFEE, 0x0013FFF3, 0x001BFFF9, 0x0021FFFF, 0x00220003, 0x00270008, 0x002D000E, 0x002A000D, 0x002C0013, 0x0032001B, 0x0034001C,
	0x0035001D, 0x0033001E, 0x00340023, 0x00370028, 0x00360028, 0x00320028, 0x002D0027, 0x002B0028, 0x002A0028, 0x00250025, 0x00210026,
	0x001B0026, 0x00160024, 0x00150025, 0x00100022, 0x000B0021, 0x0003001D, 0xFFFA0019, 0xFFF70018, 0xFFF40018, 0xFFED0015, 0xFFE60014,
	0xFFE20013, 0xFFDD000F, 0xFFD30008, 0xFFCD0007, 0xFFCB0009, 0xFFC40004, 0xFFBBFFFF, 0xFFB7FFFE, 0xFFB5FFFF, 0xFFB0FFFC, 0xFFAAFFF7,
	0xFFA7FFF5, 0xFFA6FFF6, 0xFFA1FFF3, 0xFF9BFFEF, 0xFF9BFFF1, 0xFF9CFFF2, 0xFF9AFFF0, 0xFF98FFEE, 0xFF96FFEC, 0xFF99FFED, 0xFF9AFFEE,
	0xFF9CFFF0, 0xFFA0FFF4, 0xFF9FFFF3, 0xFFA3FFF5, 0xFFA8FFF7, 0xFFAAFFF8, 0xFFB0FFFE, 0xFFB1FFFC, 0xFFB4FFFB, 0xFFBD0000, 0xFFC00002,
	0xFFCB0009, 0xFFD6000F, 0xFFD9000F, 0xFFE10016, 0xFFE80018, 0xFFF2001C, 0xFFFB0022, 0x00000023, 0x000D002A, 0x0016002F, 0x001D0033,
	0x0029003B, 0x0031003E, 0x003B0044, 0x0048004B, 0x004F004D, 0x00590052, 0x0063005B, 0x00700063, 0x00790066, 0x0081006B, 0x00900077,
	0x0098007C, 0x009F007D, 0x00AB0084, 0x00B20088, 0x00B9008D, 0x00C10091, 0x00C70095, 0x00D0009C, 0x00D6009F, 0x00DB00A2, 0x00E100A7,
	0x00E700AC, 0x00F000B3, 0x00F500B6, 0x00F400B6, 0x00F700B7, 0x00FA00B8, 0x00FD00BC, 0x00FE00BE, 0x00FC00BB, 0x010100BE, 0x010100BF,
	0x00FC00BC, 0x00FE00C0, 0x00FF00C0, 0x00F800BB, 0x00F400BA, 0x00F400BA, 0x00F200B8, 0x00EC00B4, 0x00E500B0, 0x00E200AE, 0x00DF00AB,
	0x00DA00A7, 0x00CF00A0, 0x00C8009A, 0x00C50099, 0x00B90090, 0x00AE0087, 0x00AD0088, 0x00A40083, 0x009A007B, 0x00930075, 0x0088006B,
	0x00800065, 0x0077005E, 0x006B0055, 0x00680051, 0x005E0047, 0x004E003B, 0x00470036, 0x00410031, 0x00320022, 0x00280017, 0x00210011,
	0x00130003, 0x0007FFF8, 0x0000FFF2, 0xFFF9FFEA, 0xFFF3FFE4, 0xFFEAFFDA, 0xFFDEFFCE, 0xFFD2FFC2, 0xFFC8FFB8, 0xFFC3FFB2, 0xFFBAFFA7,
	0xFFB2FF9D, 0xFFADFF97, 0xFFA1FF8B, 0xFF9BFF84, 0xFF96FF7C, 0xFF8DFF71, 0xFF8BFF70, 0xFF84FF66, 0xFF7CFF5A, 0xFF76FF52, 0xFF6BFF48,
	0xFF68FF43, 0xFF65FF3C, 0xFF5CFF30, 0xFF58FF2C, 0xFF57FF29, 0xFF55FF24, 0xFF50FF21, 0xFF4EFF1F, 0xFF4CFF1B, 0xFF47FF13, 0xFF48FF13,
	0xFF43FF0E, 0xFF3AFF06, 0xFF3FFF0A, 0xFF3EFF09, 0xFF39FF04, 0xFF3FFF08, 0xFF3FFF08, 0xFF38FF03, 0xFF38FF05, 0xFF38FF06, 0xFF35FF03,
	0xFF35FF04, 0xFF3AFF0B, 0xFF3DFF10, 0xFF3BFF10, 0xFF3AFF12, 0xFF3CFF16, 0xFF3CFF19, 0xFF3DFF1E, 0xFF3EFF22, 0xFF41FF25, 0xFF44FF2B,
	0xFF42FF2E, 0xFF41FF33, 0xFF45FF39, 0xFF4AFF41, 0xFF4FFF4C, 0xFF4EFF4F, 0xFF4FFF54, 0xFF54FF5D, 0xFF54FF61, 0xFF5AFF6B, 0xFF5EFF74,
	0xFF5FFF7B, 0xFF67FF89, 0xFF67FF8F, 0xFF6AFF96, 0xFF72FFA1, 0xFF74FFA8, 0xFF79FFB1, 0xFF7CFFB8, 0xFF80FFC1, 0xFF86FFCC, 0xFF87FFD1,
	0xFF90FFDD, 0xFF93FFE5, 0xFF92FFE7, 0xFF99FFF1, 0xFFA0FFFD, 0xFFA9000A, 0xFFAD000F, 0xFFAD0011, 0xFFB6001E, 0xFFBC0028, 0xFFC0002E,
	0xFFC60034, 0xFFCA003A, 0xFFD20045, 0xFFD9004B, 0xFFDF0050, 0xFFE50058, 0xFFE8005B, 0xFFF10063, 0xFFFA006C, 0xFFFC006F, 0x00020074,
	0x000A007A, 0x00120081, 0x00180087, 0x001F008D, 0x00280093, 0x002D0095, 0x00320099, 0x003B009F, 0x004000A1, 0x004600A5, 0x005400AE,
	0x005A00B1, 0x005C00B0, 0x006200B4, 0x006B00B8, 0x007600BD, 0x007B00BF, 0x007C00BC, 0x008500C1, 0x009200C9, 0x009B00CE, 0x009C00CC,
	0x009F00CB, 0x00AA00D2, 0x00AE00D0, 0x00AE00CC, 0x00B900D3, 0x00C000D5, 0x00C200D3, 0x00C900D6, 0x00D200D9, 0x00D200D7, 0x00D000D3,
	0x00DA00D8, 0x00E000D9, 0x00E000D5, 0x00E500D7, 0x00E700D7, 0x00E700D4, 0x00E900D2, 0x00E900CF, 0x00E700CA, 0x00E600C7, 0x00E900C6,
	0x00EB00C5, 0x00EB00C2, 0x00EA00BF, 0x00E500B9, 0x00E400B7, 0x00E300B5, 0x00DF00AE, 0x00DC00AB, 0x00D700A7, 0x00D0009F, 0x00CE009C,
	0x00C90094, 0x00BE0087, 0x00B80082, 0x00B60080, 0x00AD0076, 0x00A4006C, 0x009E0068, 0x00970060, 0x0090005A, 0x00860051, 0x00770043,
	0x0071003D, 0x006B0037, 0x005D002A, 0x00520021, 0x00470016, 0x003A000A, 0x00300001, 0x0025FFF5, 0x001AFFEA, 0x0013FFE4, 0x0008FFDA,
	0xFFFAFFCB, 0xFFF1FFC3, 0xFFE9FFBB, 0xFFDCFFB1, 0xFFD5FFAB, 0xFFCBFFA0, 0xFFBBFF90, 0xFFAFFF84, 0xFFA9FF7E, 0xFF9FFF76, 0xFF93FF6C,
	0xFF8BFF63, 0xFF85FF5A, 0xFF7BFF50, 0xFF73FF49, 0xFF6DFF42, 0xFF66FF3A, 0xFF5FFF33, 0xFF5AFF2E, 0xFF52FF25, 0xFF4DFF1F, 0xFF4FFF20,
	0xFF4AFF1A, 0xFF43FF13, 0xFF41FF0F, 0xFF3CFF08, 0xFF3CFF07, 0xFF3FFF09, 0xFF3DFF06, 0xFF3CFF04, 0xFF38FEFE, 0xFF38FEFD, 0xFF40FF04,
	0xFF3FFF02, 0xFF3EFF01, 0xFF40FF02, 0xFF42FF03, 0xFF49FF0A, 0xFF4CFF0B, 0xFF4DFF0A, 0xFF54FF10, 0xFF56FF12, 0xFF57FF12, 0xFF5DFF17,
	0xFF62FF1C, 0xFF68FF21, 0xFF6EFF26, 0xFF72FF2A, 0xFF77FF2F, 0xFF7DFF35, 0xFF82FF3A, 0xFF86FF3E, 0xFF8CFF45, 0xFF93FF4D, 0xFF97FF52,
	0xFF9BFF56, 0xFFA5FF62, 0xFFAEFF6C, 0xFFB3FF6F, 0xFFB8FF75, 0xFFBDFF7D, 0xFFC2FF86, 0xFFC8FF8C, 0xFFCFFF94, 0xFFD6FF9C, 0xFFD7FFA1,
	0xFFDEFFAC, 0xFFE8FFB8, 0xFFECFFBE, 0xFFF6FFCA, 0xFFFCFFD3, 0xFFFBFFD5, 0x0001FFDE, 0x0008FFEA, 0x000BFFF1, 0x0011FFFB, 0x00150003,
	0x001B000C, 0x00200015, 0x0021001A, 0x00290026, 0x002C002E, 0x002D0033, 0x00350040, 0x0039004A, 0x003D0053, 0x0045005F, 0x00430061,
	0x00430068, 0x004D0077, 0x00530080, 0x00550088, 0x00580090, 0x005A0096, 0x005C009E, 0x005C00A3, 0x005E00AB, 0x006100B4, 0x006200B9,
	0x006800C4, 0x006E00D0, 0x006F00D5, 0x007200DD, 0x007500E8, 0x007600ED, 0x007700F0, 0x007B00F8, 0x007D0101, 0x007B0104, 0x007A0106,
	0x00770106, 0x0078010C, 0x007E0116, 0x007D0117, 0x007D011A, 0x007F0120, 0x007B011F, 0x007B0121, 0x007C0125, 0x00780124, 0x007A0126,
	0x00790125, 0x00780127, 0x0079012A, 0x00720124, 0x00700122, 0x006C011F, 0x00670119, 0x0069011A, 0x00640114, 0x005E010D, 0x0060010C,
	0x005600FF, 0x004A00F2, 0x004D00F4, 0x004E00F1, 0x004700E5, 0x003F00DA, 0x003B00D2, 0x003700C9, 0x002E00BB, 0x002800B0, 0x002400A7,
	0x001F009D, 0x001A0092, 0x00150086, 0x0011007A, 0x000C006D, 0x0002005D, 0xFFFB0051, 0xFFF60044, 0xFFF10034, 0xFFEC0028, 0xFFE6001B,
	0xFFE3000E, 0xFFDDFFFE, 0xFFD5FFEF, 0xFFD3FFE4, 0xFFCEFFD5, 0xFFC7FFC5, 0xFFC6FFBB, 0xFFC0FFAA, 0xFFB9FF9B, 0xFFB7FF90, 0xFFB0FF7E,
	0xFFACFF70, 0xFFA9FF66, 0xFFA2FF56, 0xFFA0FF4C, 0xFFA2FF43, 0xFF9DFF37, 0xFF99FF2B, 0xFF95FF1F, 0xFF93FF14, 0xFF91FF0B, 0xFF8FFF02,
	0xFF8DFEFA, 0xFF8CFEF1, 0xFF8AFEE9, 0xFF88FEE3, 0xFF89FEDD, 0xFF89FED8, 0xFF87FED3, 0xFF82FECC, 0xFF82FEC7, 0xFF84FEC5, 0xFF82FEC0,
	0xFF82FEBD, 0xFF84FEBF, 0xFF82FEBB, 0xFF80FEBA, 0xFF82FEBC, 0xFF7EFEB9, 0xFF80FEBB, 0xFF87FEC2, 0xFF84FEC2, 0xFF80FEC1, 0xFF81FEC3,
	0xFF7FFEC5, 0xFF80FECA, 0xFF84FED1, 0xFF83FED5, 0xFF80FED9, 0xFF81FEE0, 0xFF80FEE6, 0xFF81FEED, 0xFF86FEF6, 0xFF86FEFD, 0xFF84FF02,
	0xFF85FF09, 0xFF84FF10, 0xFF87FF1B, 0xFF8AFF25, 0xFF88FF2A, 0xFF88FF33, 0xFF8CFF40, 0xFF8EFF48, 0xFF8EFF4F, 0xFF8FFF58, 0xFF92FF64,
	0xFF94FF6E, 0xFF96FF77, 0xFF9AFF81, 0xFF9CFF89, 0xFFA0FF97, 0xFFA6FFA5, 0xFFA6FFAB, 0xFFA6FFB0, 0xFFAAFFBA, 0xFFB0FFC6, 0xFFB5FFD2,
	0xFFB7FFD8, 0xFFBBFFE2, 0xFFC2FFEF, 0xFFC8FFF7, 0xFFD10001, 0xFFD70009, 0xFFDB0011, 0xFFE4001F, 0xFFE90025, 0xFFF0002C, 0xFFFD003C,
	0x00040047, 0x000B004E, 0x00160058, 0x001E005F, 0x00260067, 0x00320072, 0x003D007B, 0x0045007F, 0x004D0085, 0x005C0092, 0x006B009F,
	0x007700A9, 0x008100B0, 0x008C00B8, 0x009A00C2, 0x00A600CA, 0x00AF00CF, 0x00BA00D6, 0x00C900E0, 0x00D600E9, 0x00E100EE, 0x00EB00F6,
	0x00F80102, 0x01020108, 0x010D010C, 0x01180112, 0x0122011A, 0x012D0121, 0x01390127, 0x0143012D, 0x014B0134, 0x01500138, 0x0157013A,
	0x01630140, 0x016B0147, 0x016E0149, 0x0173014C, 0x017A0151, 0x017B0150, 0x017A014F, 0x01810156, 0x01830157, 0x017F0153, 0x01800155,
	0x017E0155, 0x017C0154, 0x017E0156, 0x0177014F, 0x016C0148, 0x01660147, 0x01600144, 0x015B013F, 0x01520138, 0x01480134, 0x01400132,
	0x01320128, 0x0120011B, 0x01140114, 0x0108010D, 0x00F80101, 0x00E700F5, 0x00DA00EF, 0x00CA00E5, 0x00B300D3, 0x00A100C7, 0x009000BD,
	0x007B00B0, 0x006500A1, 0x004E0091, 0x003B0083, 0x00290076, 0x00100063, 0xFFFA0054, 0xFFE50045, 0xFFCB0030, 0xFFB1001C, 0xFF9C000F,
	0xFF890001, 0xFF72FFEE, 0xFF56FFD8, 0xFF41FFCA, 0xFF31FFC0, 0xFF1BFFAC, 0xFF05FF99, 0xFEF2FF8C, 0xFEDFFF7D, 0xFECDFF6D, 0xFEBCFF5F,
	0xFEABFF50, 0xFE9BFF41, 0xFE8CFF32, 0xFE7DFF26, 0xFE6FFF1A, 0xFE62FF0E, 0xFE58FF01, 0xFE4CFEF4, 0xFE40FEE8, 0xFE39FEE0, 0xFE34FED9,
	0xFE2EFED0, 0xFE29FEC7, 0xFE25FEC1, 0xFE22FEBC, 0xFE23FEB8, 0xFE24FEB3, 0xFE23FEAD, 0xFE24FEAB, 0xFE2AFEAB, 0xFE31FEAC, 0xFE35FEAB,
	0xFE3AFEA9, 0xFE43FEAA, 0xFE50FEAE, 0xFE59FEB1, 0xFE62FEB6, 0xFE71FEBD, 0xFE80FEC2, 0xFE8CFEC4, 0xFE9CFECE, 0xFEB0FED9, 0xFEBFFEDE,
	0xFECDFEE4, 0xFEDFFEED, 0xFEEFFEF4, 0xFF01FEFF, 0xFF16FF0D, 0xFF29FF15, 0xFF3CFF1C, 0xFF50FF29, 0xFF61FF34, 0xFF75FF41, 0xFF8AFF4E,
	0xFF9BFF56, 0xFFACFF60, 0xFFC1FF6C, 0xFFD4FF77, 0xFFE8FF84, 0xFFF7FF8D, 0x0005FF95, 0x0017FFA2, 0x0028FFAC, 0x0036FFB3, 0x0045FFBC,
	0x0051FFC4, 0x005DFFCE, 0x006CFFD9, 0x0075FFDC, 0x007EFFE1, 0x008AFFEC, 0x0092FFF2, 0x0097FFF3, 0x009CFFF6, 0x00A3FFFB, 0x00A9FFFF,
	0x00A8FFFD, 0x00AB0000, 0x00B40009, 0x00B30008, 0x00AD0003, 0x00AE0005, 0x00AE0006, 0x00A80003, 0x00A50002, 0x00A2FFFF, 0x009CFFFC,
	0x0098FFFD, 0x0091FFFA, 0x0087FFF4, 0x0081FFF2, 0x007CFFF1, 0x0074FFEB, 0x006AFFE5, 0x0061FFDF, 0x0057FFDB, 0x004CFFD6, 0x0043FFD3,
	0x003DFFD2, 0x0035FFCC, 0x002CFFC4, 0x0021FFBF, 0x0016FFBD, 0x000DFFBB, 0x0007FFB7, 0x0000FFB1, 0xFFF8FFAD, 0xFFF4FFB1, 0xFFEEFFB2,
	0xFFE5FFAF, 0xFFE3FFAF, 0xFFE1FFAE, 0xFFDBFFAE, 0xFFD9FFB1, 0xFFD9FFB5, 0xFFDAFFB8, 0xFFD8FFBA, 0xFFD5FFBD, 0xFFDBFFC5, 0xFFE0FFCC,
	0xFFE0FFCF, 0xFFE4FFD7, 0xFFEBFFE0, 0xFFF3FFEB, 0xFFFCFFF6, 0x0000FFFC, 0x00070006, 0x00140015, 0x001E0020, 0x0028002D, 0x0034003A,
	0x0044004B, 0x0052005B, 0x00580062, 0x00690075, 0x007D008A, 0x00890096, 0x009900A7, 0x00A800B7, 0x00B500C6, 0x00C800DB, 0x00D700EB,
	0x00E700FB, 0x00FB010E, 0x010B011E, 0x011A0130, 0x0125013E, 0x0134014C, 0x0145015E, 0x0153016E, 0x0163017E, 0x016F018D, 0x017B019C,
	0x018901AB, 0x019001B4, 0x019701BD, 0x01A201CA, 0x01AB01D7, 0x01B301E1, 0x01B801E8, 0x01BE01F2, 0x01C201F9, 0x01C001F8, 0x01C80202,
	0x01CD020A, 0x01C30205, 0x01BE0204, 0x01BB0206, 0x01B60206, 0x01B50208, 0x01AD0202, 0x01A501FD, 0x019E01FB, 0x019201F2, 0x018801EB,
	0x017A01E2, 0x016701D5, 0x015901CC, 0x014B01BF, 0x013801B0, 0x012701A2, 0x01140192, 0x00FE0180, 0x00E7016D, 0x00D3015B, 0x00BD0147,
	0x00A1012E, 0x008A011B, 0x00750108, 0x005C00EF, 0x004300D6, 0x002600BB, 0x000C00A1, 0xFFF5008A, 0xFFDB0070, 0xFFC00056, 0xFFA40038,
	0xFF89001B, 0xFF730004, 0xFF5BFFEB, 0xFF3EFFCD, 0xFF22FFAF, 0xFF0AFF93, 0xFEF1FF78, 0xFEDBFF5D, 0xFEC8FF43, 0xFEB0FF26, 0xFE97FF07,
	0xFE82FEEE, 0xFE6FFED6, 0xFE5CFEBB, 0xFE4DFEA5, 0xFE41FE92, 0xFE30FE79, 0xFE1EFE5F, 0xFE10FE48, 0xFE00FE30, 0xFDF2FE1B, 0xFDE8FE07,
	0xFDDCFDF0, 0xFDD4FDDE, 0xFDCFFDD0, 0xFDC6FDBF, 0xFDBEFDAD, 0xFDBCFD9D, 0xFDB9FD91, 0xFDB9FD89, 0xFDB8FD7F, 0xFDB7FD72, 0xFDBAFD6A,
	0xFDBDFD63, 0xFDBCFD5A, 0xFDBDFD52, 0xFDC4FD51, 0xFDCCFD51, 0xFDD2FD4E, 0xFDD9FD4B, 0xFDE1FD4B, 0xFDE9FD4C, 0xFDF6FD52, 0xFE02FD56,
	0xFE0AFD58, 0xFE16FD60, 0xFE25FD6A, 0xFE2EFD6D, 0xFE3BFD75, 0xFE50FD86, 0xFE60FD93, 0xFE6BFD9C, 0xFE7AFDAB, 0xFE8DFDBC, 0xFE9AFDC9,
	0xFEA7FDD6, 0xFEB8FDE8, 0xFEC9FDFC, 0xFED9FE0D, 0xFEE9FE1E, 0xFEFBFE33, 0xFF0BFE49, 0xFF1CFE60, 0xFF2FFE79, 0xFF3CFE8A, 0xFF47FE9B,
	0xFF5AFEB5, 0xFF6CFECD, 0xFF7AFEE5, 0xFF8CFF01, 0xFF9CFF19, 0xFFA8FF30, 0xFFB8FF49, 0xFFC5FF5F, 0xFFD0FF74, 0xFFDEFF8F, 0xFFEDFFAA,
	0xFFFBFFC5, 0x000BFFE0, 0x0016FFF6, 0x0023000E, 0x0033002A, 0x003D0040, 0x00480057, 0x00550072, 0x0060008B, 0x007100A5, 0x007E00BD,
	0x008600D1, 0x009300EA, 0x009F0101, 0x00A70113, 0x00B10126, 0x00BD013C, 0x00CA0154, 0x00D60168, 0x00DF0179, 0x00E9018B, 0x00F601A0,
	0x010201B3, 0x010C01C3, 0x011901D6, 0x012401E5, 0x012D01F3, 0x013B0205, 0x01450211, 0x014E021B, 0x01590228, 0x01630234, 0x016E0240,
	0x01750246, 0x0180024F, 0x018E025C, 0x0191025F, 0x019C0267, 0x01AD0272, 0x01B20271, 0x01BC0276, 0x01C7027E, 0x01CD027F, 0x01DB0286,
	0x01E40288, 0x01E80285, 0x01F00285, 0x01F60280, 0x02000280, 0x020C0282, 0x020D027B, 0x02110277, 0x02190273, 0x0221026F, 0x02250269,
	0x0224025E, 0x022A0258, 0x022D0250, 0x022C0245, 0x0230023F, 0x022D0231, 0x022C0223, 0x022E021C, 0x0228020D, 0x022501FE, 0x022101EF,
	0x021C01DF, 0x021701D0, 0x020B01BB, 0x020301AC, 0x01FD019F, 0x01F2018B, 0x01E90179, 0x01DB0165, 0x01CA014E, 0x01BD0139, 0x01AF0125,
	0x01A20111, 0x019000FA, 0x017C00E2, 0x016C00CE, 0x015600B4, 0x013E009C, 0x012D0089, 0x0116006F, 0x00FD0054, 0x00E7003D, 0x00CE0023,
	0x00B3000A, 0x0098FFF2, 0x007FFFDB, 0x0067FFC4, 0x004AFFA9, 0x0031FF92, 0x0017FF7B, 0xFFF6FF5D, 0xFFDDFF49, 0xFFC6FF37, 0xFFA8FF1B,
	0xFF8DFF04, 0xFF72FEF1, 0xFF57FEDD, 0xFF3CFEC6, 0xFF1EFEAC, 0xFF02FE97, 0xFEE6FE84, 0xFECCFE6F, 0xFEB7FE5F, 0xFEA0FE4F, 0xFE86FE3C,
	0xFE6EFE2A, 0xFE59FE1B, 0xFE46FE0F, 0xFE30FE01, 0xFE20FDF6, 0xFE12FDED, 0xFDFFFDE0, 0xFDEBFDD3, 0xFDDBFDC8, 0xFDD2FDC4, 0xFDC8FDC0,
	0xFDB7FDB4, 0xFDAEFDAF, 0xFDA6FDAC, 0xFD99FDA5, 0xFD94FDA5, 0xFD94FDA7, 0xFD93FDA8, 0xFD90FDA8, 0xFD8DFDA9, 0xFD8FFDAD, 0xFD90FDB1,
	0xFD94FDB9, 0xFD9DFDC4, 0xFDA3FDCB, 0xFDA8FDCF, 0xFDADFDD7, 0xFDB9FDE3, 0xFDC8FDF1, 0xFDD1FDFA, 0xFDDCFE06, 0xFDEBFE15, 0xFDF7FE1F,
	0xFE08FE2D, 0xFE1AFE3F, 0xFE28FE4D, 0xFE3CFE5F, 0xFE50FE72, 0xFE60FE82, 0xFE76FE96, 0xFE8AFEA7, 0xFEA1FEBB, 0xFEB8FED0, 0xFEC6FEDE,
	0xFEDBFEF1, 0xFEF5FF08, 0xFF09FF1A, 0xFF1FFF2D, 0xFF36FF41, 0xFF4CFF55, 0xFF61FF68, 0xFF73FF79, 0xFF86FF8B, 0xFF99FF9D, 0xFFB0FFB3,
	0xFFC5FFC6, 0xFFD2FFD2, 0xFFE2FFE3, 0xFFF2FFF2, 0x0000FFFE, 0x0011000F, 0x0020001E, 0x002F002D, 0x003F003B, 0x00470044, 0x004F004E,
	0x00590059, 0x005F0060, 0x00670069, 0x00710076, 0x0078007E, 0x007B0083, 0x0081008C, 0x00870093, 0x00860094, 0x00880099, 0x008F00A4,
	0x008F00A5, 0x008B00A4, 0x008A00A8, 0x008900AA, 0x008700AA, 0x008400AB, 0x007E00AA, 0x007900A8, 0x007100A2, 0x0069009F, 0x006800A3,
	0x006400A3, 0x005E00A1, 0x0058009E, 0x0050009B, 0x004B009B, 0x00450098, 0x003D0094, 0x00360091, 0x0031008F, 0x002B008C, 0x00210086,
	0x001B0083, 0x00180082, 0x0010007D, 0x000A007C, 0x0007007C, 0x0004007B, 0x0000007A, 0xFFFA0076, 0xFFFA0076, 0xFFF60075, 0xFFF20074,
	0xFFF50078, 0xFFF50078, 0xFFF5007A, 0xFFF8007E, 0xFFF8007C, 0xFFF9007C, 0xFFFB007F, 0xFFFE0084, 0x00040088, 0x0007008B, 0x000C0091,
	0x00130096, 0x001A0098, 0x0022009F, 0x002A00A8, 0x003200AE, 0x004000B4, 0x004B00B9, 0x005100BE, 0x005E00C8, 0x006B00D0, 0x007100D2,
	0x007F00DC, 0x009000E8, 0x009A00ED, 0x00A700F6, 0x00B70101, 0x00C50108, 0x00D2010F, 0x00DF0116, 0x00F10122, 0x00FF0128, 0x0109012C,
	0x011A0138, 0x012B0141, 0x0132013F, 0x013F0143, 0x0150014D, 0x015A0151, 0x01680157, 0x0177015E, 0x0180015F, 0x018C0161, 0x019A0166,
	0x01A3016A, 0x01AA016B, 0x01B10168, 0x01BA0166, 0x01C50169, 0x01CB0168, 0x01CE0164, 0x01D60164, 0x01DD0162, 0x01E2015F, 0x01E8015F,
	0x01E9015B, 0x01EB0154, 0x01EB014C, 0x01E80142, 0x01EB013F, 0x01E70136, 0x01DE0128, 0x01E00125, 0x01DC011D, 0x01D1010C, 0x01CF0105,
	0x01C900FC, 0x01BE00EE, 0x01B600E1, 0x01AC00D6, 0x019F00C6, 0x019200B5, 0x018A00AB, 0x017D00A0, 0x016C008E, 0x01610082, 0x01520074,
	0x013E0063, 0x012F0056, 0x011D0044, 0x010C0033, 0x00F90024, 0x00E1000F, 0x00CDFFFE, 0x00BBFFF2, 0x00A6FFE4, 0x0091FFD3, 0x007AFFC0,
	0x0063FFAF, 0x004DFFA1, 0x0037FF92, 0x0023FF82, 0x000BFF71, 0xFFF0FF5F, 0xFFDAFF52, 0xFFC2FF42, 0xFFAEFF35, 0xFF96FF27, 0xFF76FF11,
	0xFF62FF04, 0xFF51FEFB, 0xFF36FEEC, 0xFF22FEE2, 0xFF09FED3, 0xFEEFFEC3, 0xFEDCFEBA, 0xFEC5FEAD, 0xFEB3FEA4, 0xFE9FFE9A, 0xFE87FE8D,
	0xFE74FE83, 0xFE5FFE76, 0xFE4DFE6D, 0xFE3AFE65, 0xFE27FE5A, 0xFE17FE52, 0xFE04FE47, 0xFDF7FE43, 0xFDEBFE3F, 0xFDD6FE30, 0xFDCBFE2B,
	0xFDC1FE28, 0xFDB0FE20, 0xFDA6FE1B, 0xFD9DFE15, 0xFD94FE10, 0xFD8AFE0A, 0xFD81FE05, 0xFD7BFE02, 0xFD79FE01, 0xFD7AFE04, 0xFD73FE00,
	0xFD6BFDFA, 0xFD6CFDFB, 0xFD68FDF7, 0xFD6AFDF9, 0xFD6EFDFD, 0xFD6EFDFB, 0xFD76FE00, 0xFD7CFE04, 0xFD7DFE03, 0xFD83FE06, 0xFD89FE07,
	0xFD91FE0A, 0xFD98FE0E, 0xFDA0FE11, 0xFDB1FE1E, 0xFDBEFE27, 0xFDC3FE27, 0xFDD3FE31, 0xFDE6FE3E, 0xFDF3FE43, 0xFE00FE4A, 0xFE12FE56,
	0xFE1EFE5F, 0xFE30FE6A, 0xFE47FE78, 0xFE55FE7F, 0xFE68FE8D, 0xFE81FEA2, 0xFE93FEAF, 0xFEA8FEC0, 0xFEBCFECF, 0xFECCFED8, 0xFEE6FEEC,
	0xFEFFFF00, 0xFF10FF0D, 0xFF28FF21, 0xFF3DFF35, 0xFF52FF48, 0xFF6CFF5F, 0xFF81FF72, 0xFF98FF87, 0xFFB2FF9F, 0xFFC8FFB4, 0xFFE0FFCB,
	0xFFF6FFE1, 0x0008FFF5, 0x001B000B, 0x00310020, 0x00470037, 0x005A004C, 0x006F0065, 0x0082007E, 0x00910090, 0x00A500A8, 0x00BA00C3,
	0x00CB00DA, 0x00D900EE, 0x00E80102, 0x00FA011B, 0x0107012E, 0x01120141, 0x01210159, 0x012B016B, 0x0139017F, 0x01440191, 0x014A01A0,
	0x015601B4, 0x015E01C3, 0x016401D2, 0x017001E6, 0x017401F3, 0x017801FF, 0x0181020E, 0x01840219, 0x01860224, 0x018D0232, 0x0192023B,
	0x0190023C, 0x018E0241, 0x018F024A, 0x018E024E, 0x018B0250, 0x018A0254, 0x018A0256, 0x01850253, 0x01840253, 0x01850257, 0x017F0253,
	0x0179024E, 0x0177024B, 0x01760248, 0x01720241, 0x016B0237, 0x016A0235, 0x0167022F, 0x015F0221, 0x015B0216, 0x01560208, 0x015301FF,
	0x015101F7, 0x014601E5, 0x014301D6, 0x014401CC, 0x014001BD, 0x013F01B2, 0x013D01A4, 0x0134018E, 0x0131017E, 0x012F0170, 0x012A015B,
	0x0129014C, 0x0128013D, 0x01230128, 0x01230119, 0x01210109, 0x012000F7, 0x012300EA, 0x012100D8, 0x011E00C5, 0x011E00B5, 0x011D00A4,
	0x011D0094, 0x011D0084, 0x011E0076, 0x011F0068, 0x011E0058, 0x011F004A, 0x011E003C, 0x01200030, 0x011F0020, 0x011A000D, 0x011C0005,
	0x011CFFFB, 0x0116FFEA, 0x0117FFDF, 0x0115FFD5, 0x0112FFCA, 0x0110FFBF, 0x010EFFB5, 0x0109FFAA, 0x0100FF9A, 0x00FCFF90, 0x00F7FF89,
	0x00EAFF7B, 0x00E2FF71, 0x00DBFF69, 0x00D3FF62, 0x00C9FF5B, 0x00BDFF4F, 0x00B0FF41, 0x00A4FF37, 0x0099FF32, 0x008AFF2B, 0x0079FF20,
	0x006AFF1A, 0x005AFF11, 0x0049FF08, 0x003AFF00, 0x0028FEF7, 0x0012FEED, 0xFFFFFEE5, 0xFFECFEDC, 0xFFD7FED2, 0xFFC2FECA, 0xFFAEFEC2,
	0xFF97FEB8, 0xFF81FEB0, 0xFF6DFEAB, 0xFF57FEA2, 0xFF3EFE98, 0xFF26FE90, 0xFF11FE89, 0xFEFCFE82, 0xFEE7FE7B, 0xFED0FE73, 0xFEB7FE69,
	0xFEA1FE62, 0xFE8FFE60, 0xFE7AFE5A, 0xFE65FE52, 0xFE57FE4F, 0xFE44FE4B, 0xFE31FE45, 0xFE24FE46, 0xFE12FE43, 0xFE03FE40, 0xFDFAFE41,
	0xFDEBFE3D, 0xFDDEFE3C, 0xFDD7FE40, 0xFDD0FE42, 0xFDC8FE43, 0xFDC3FE47, 0xFDC3FE4E, 0xFDBFFE51, 0xFDBEFE58, 0xFDC4FE66, 0xFDC3FE6A,
	0xFDC8FE75, 0xFDD1FE83, 0xFDD3FE89, 0xFDDCFE94, 0xFDE8FEA2, 0xFDF8FEB3, 0xFE0BFEC8, 0xFE13FED2, 0xFE22FEE2, 0xFE37FEF9, 0xFE4AFF0C,
	0xFE61FF23, 0xFE76FF36, 0xFE89FF47, 0xFEA3FF5F, 0xFEBDFF79, 0xFED5FF8E, 0xFEEEFFA3, 0xFF0BFFBF, 0xFF25FFD8, 0xFF40FFF0, 0xFF5F000A,
	0xFF7A0023, 0xFF97003E, 0xFFB6005A, 0xFFD50074, 0xFFF30090, 0x000C00A8, 0x002700C0, 0x004400D9, 0x006000F3, 0x007E010F, 0x00940123,
	0x00AA0139, 0x00C80154, 0x00DD0168, 0x00F00179, 0x0105018F, 0x011901A1, 0x012801AF, 0x013901BF, 0x014B01D3, 0x015601E0, 0x016001E9,
	0x016E01F5, 0x017501FD, 0x01790206, 0x017C020B, 0x017D020E, 0x01820216, 0x01820219, 0x017C0216, 0x01780214, 0x01730211, 0x016C020E,
	0x0167020B, 0x015C0203, 0x014C01F7, 0x013E01EC, 0x013101E1, 0x012101D5, 0x010C01C4, 0x00F701B1, 0x00E501A1, 0x00CE018D, 0x00B70177,
	0x00A40165, 0x008A014F, 0x006D0133, 0x0056011C, 0x003F0105, 0x002200EA, 0x000700CE, 0xFFEF00B6, 0xFFD6009B, 0xFFBE0081, 0xFFA50064,
	0xFF890045, 0xFF72002C, 0xFF57000F, 0xFF3BFFEE, 0xFF2AFFD6, 0xFF12FFB9, 0xFEFBFF9C, 0xFEEBFF83, 0xFED4FF65, 0xFEC2FF4C, 0xFEB4FF34,
	0xFEA1FF19, 0xFE91FF00, 0xFE87FEEB, 0xFE81FED7, 0xFE78FEC1, 0xFE6EFEAB, 0xFE6BFE9C, 0xFE69FE8B, 0xFE65FE78, 0xFE62FE69, 0xFE64FE5C,
	0xFE65FE4D, 0xFE69FE40, 0xFE72FE3A, 0xFE79FE32, 0xFE81FE29, 0xFE8CFE24, 0xFE96FE1E, 0xFEA4FE1B, 0xFEB5FE1C, 0xFEC5FE1D, 0xFEDAFE20,
	0xFEF0FE24, 0xFF00FE25, 0xFF14FE2A, 0xFF2DFE34, 0xFF43FE3B, 0xFF5CFE45, 0xFF75FE51, 0xFF8DFE5B, 0xFFA5FE66, 0xFFBCFE71, 0xFFD8FE81,
	0xFFF9FE94, 0x0010FEA1, 0x0027FEB2, 0x0042FEC6, 0x005CFED8, 0x0076FEEA, 0x008DFEFB, 0x00A6FF0E, 0x00BCFF1E, 0x00D1FF31, 0x00EAFF49,
	0x00FDFF59, 0x0110FF6B, 0x0126FF83, 0x0136FF97, 0x0147FFAA, 0x0158FFBE, 0x0169FFD4, 0x0174FFE6, 0x017AFFF3, 0x01860007, 0x018F0019,
	0x01930026, 0x019B0038, 0x01A1004B, 0x01A4005B, 0x01A6006A, 0x01A60076, 0x01A60084, 0x019E008D, 0x01980097, 0x019700A4, 0x019000AF,
	0x018600B8, 0x017A00BF, 0x016D00C2, 0x016100C8, 0x015900D4, 0x014C00D9, 0x013B00D9, 0x012F00E0, 0x011E00E3, 0x010A00E2, 0x00FB00E5,
	0x00E900E5, 0x00DA00E7, 0x00CB00EA, 0x00B500E5, 0x00A600E5, 0x009600E5, 0x007E00DD, 0x006900D7, 0x005B00D7, 0x004D00D7, 0x003C00D2,
	0x002F00CF, 0x002300CD, 0x001100C6, 0x000200C1, 0xFFF700BE, 0xFFEE00BB, 0xFFE400B7, 0xFFD900B1, 0xFFCD00AB, 0xFFC400A4, 0xFFBE00A0,
	0xFFB7009A, 0xFFAF0093, 0xFFAE0091, 0xFFAC008E, 0xFFAE008E, 0xFFAE008B, 0xFFAD0087, 0xFFB40088, 0xFFB60082, 0xFFB8007E, 0xFFC20081,
	0xFFC90081, 0xFFD20081, 0xFFD90080, 0xFFDF007B, 0xFFEF0080, 0xFFFD0083, 0x00050081, 0x00120085, 0x0023008B, 0x0033008E, 0x0040008F,
	0x004D0091, 0x005F0096, 0x006E0098, 0x007A009A, 0x008A00A1, 0x009B00A8, 0x00AD00AD, 0x00BD00B1, 0x00CC00B5, 0x00DC00BC, 0x00EA00C1,
	0x00F700C5, 0x010200CA, 0x010E00D1, 0x011D00D8, 0x012400D9, 0x012D00DE, 0x013A00E7, 0x013D00E6, 0x014200EB, 0x014A00F3, 0x014700F1,
	0x014A00F4, 0x014E00FA, 0x014B00F9, 0x014A00FA, 0x014600FA, 0x013F00FB, 0x013700FB, 0x013000FC, 0x012800FC, 0x011B00F8, 0x011100F7,
	0x010100F2, 0x00EF00EC, 0x00E000EA, 0x00CA00E1, 0x00B800DC, 0x00A700D8, 0x008D00CC, 0x007900C7, 0x006100C1, 0x004400B5, 0x002A00AB,
	0x0010009F, 0xFFF70097, 0xFFDA008C, 0xFFBB007E, 0xFFA30074, 0xFF840066, 0xFF630056, 0xFF470049, 0xFF2C003C, 0xFF0D002D, 0xFEEC001D,
	0xFECF000F, 0xFEB1FFFE, 0xFE95FFEE, 0xFE7AFFDF, 0xFE5CFFCD, 0xFE45FFC0, 0xFE2EFFB4, 0xFE14FFA3, 0xFDFEFF93, 0xFDE5FF81, 0xFDD1FF74,
	0xFDC1FF68, 0xFDADFF56, 0xFD9CFF47, 0xFD8DFF3A, 0xFD7DFF2B, 0xFD71FF1E, 0xFD67FF12, 0xFD60FF07, 0xFD5AFEFA, 0xFD50FEEB, 0xFD4BFEDF,
	0xFD4CFED7, 0xFD4BFECD, 0xFD4BFEC3, 0xFD53FEC0, 0xFD58FEB9, 0xFD5BFEAD, 0xFD65FEA9, 0xFD6EFEA1, 0xFD78FE98, 0xFD87FE97, 0xFD95FE94,
	0xFDA4FE8F, 0xFDB9FE8F, 0xFDC9FE8B, 0xFDD9FE84, 0xFDF0FE83, 0xFE06FE83, 0xFE1AFE81, 0xFE32FE82, 0xFE4DFE82, 0xFE6AFE85, 0xFE83FE87,
	0xFE98FE85, 0xFEB3FE85, 0xFECCFE85, 0xFEE6FE86, 0xFF02FE89, 0xFF1CFE89, 0xFF3BFE90, 0xFF55FE91, 0xFF6EFE93, 0xFF8CFE9A, 0xFF9EFE95,
	0xFFB3FE92, 0xFFD1FE98, 0xFFE8FE9B, 0xFFFFFE9E, 0x0013FE9E, 0x0026FE9C, 0x003CFEA0, 0x004CFEA0, 0x005DFEA0, 0x0071FEA2, 0x007DFE9F,
	0x008BFE9F, 0x009CFEA1, 0x00A8FEA1, 0x00B2FEA0, 0x00BBFE9F, 0x00C3FE9D, 0x00CAFE9B, 0x00CFFE9A, 0x00D3FE99, 0x00D7FE96, 0x00D9FE93,
	0x00DCFE95, 0x00DCFE94, 0x00D9FE8F, 0x00D8FE8F, 0x00D5FE8D, 0x00D0FE8B, 0x00CDFE8C, 0x00C6FE8B, 0x00BFFE88, 0x00BAFE87, 0x00B3FE89,
	0x00ACFE8D, 0x00A7FE90, 0x009EFE91, 0x0093FE92, 0x008AFE95, 0x0081FE97, 0x007DFEA0, 0x007CFEAC, 0x006EFEAB, 0x0060FEAB, 0x005EFEB9,
	0x005BFEC8, 0x0051FECF, 0x004AFED7, 0x004AFEE9, 0x0046FEF8, 0x003FFF02, 0x0043FF17, 0x0045FF2B, 0x003FFF38, 0x003EFF4C, 0x0041FF63,
	0x0049FF7D, 0x004CFF93, 0x0050FFAB, 0x005BFFCA, 0x0060FFE2, 0x0068FFFE, 0x00760021, 0x007E003E, 0x008D005F, 0x009C0080, 0x00A8009E,
	0x00BA00C3, 0x00C900E6, 0x00D80107, 0x00EE012F, 0x01040156, 0x0116017B, 0x012D01A3, 0x014501CC, 0x015B01F2, 0x0173021C, 0x018C0245,
	0x01A1026A, 0x01B90291, 0x01D202B8, 0x01EA02DE, 0x02020304, 0x0219032B, 0x02340352, 0x024D0378, 0x02620399, 0x027A03BA, 0x029203DC,
	0x02A903FC, 0x02BF041C, 0x02D00437, 0x02E1044F, 0x02F5046B, 0x03070486, 0x03120498, 0x032004AB, 0x032E04BF, 0x033904CF, 0x034304DD,
	0x034A04E9, 0x034F04F1, 0x034F04F3, 0x034E04F5, 0x035504FD, 0x035304FD, 0x034D04F7, 0x034904F3, 0x033F04EA, 0x033404DD, 0x032604CD,
	0x031804BD, 0x030904AA, 0x02F30492, 0x02E0047B, 0x02CD0464, 0x02B30445, 0x02950422, 0x027503FC, 0x025903D9, 0x023A03B3, 0x02150387,
	0x01F50360, 0x01CF0332, 0x01A302FE, 0x017902CE, 0x014C0296, 0x0121025F, 0x00F9022F, 0x00CA01F7, 0x009901BA, 0x0068017E, 0x00350143,
	0x0004010A, 0xFFD200CC, 0xFFA1008C, 0xFF70004F, 0xFF3B0011, 0xFF07FFD2, 0xFED4FF92, 0xFE9EFF4E, 0xFE6CFF12, 0xFE3AFED5, 0xFE05FE94,
	0xFDD4FE56, 0xFDA3FE1A, 0xFD71FDDC, 0xFD40FDA2, 0xFD10FD66, 0xFCE5FD2D, 0xFCBAFCF7, 0xFC8EFCC0, 0xFC68FC8F, 0xFC42FC5F, 0xFC18FC2A,
	0xFBF4FBFB, 0xFBD1FBCF, 0xFBAAFB9F, 0xFB8EFB7A, 0xFB75FB58, 0xFB55FB2F, 0xFB3FFB10, 0xFB2BFAF4, 0xFB12FAD2, 0xFB04FABD, 0xFAF5FAA6,
	0xFAE5FA8D, 0xFADDFA7E, 0xFAD3FA6F, 0xFACBFA61, 0xFAC6FA56, 0xFAC3FA4E, 0xFAC7FA4B, 0xFACCFA4A, 0xFAD2FA4C, 0xFAD9FA4F, 0xFAE4FA57,
	0xFAF2FA60, 0xFAFEFA67, 0xFB10FA76, 0xFB24FA88, 0xFB39FA9B, 0xFB54FAB3, 0xFB6BFAC5, 0xFB84FADC, 0xFBA3FAF8, 0xFBC3FB13, 0xFBE6FB34,
	0xFC05FB53, 0xFC26FB71, 0xFC4DFB96, 0xFC74FBBC, 0xFC9DFBE3, 0xFCC7FC0B, 0xFCF2FC34, 0xFD1EFC5F, 0xFD4BFC8B, 0xFD7AFCB7, 0xFDA8FCE3,
	0xFDD9FD16, 0xFE08FD44, 0xFE34FD6B, 0xFE68FD9D, 0xFE9BFDD1, 0xFECCFE03, 0xFF02FE35, 0xFF33FE64, 0xFF63FE94, 0xFF94FEC6, 0xFFC5FEF7,
	0xFFF7FF28, 0x0028FF59, 0x0059FF8A, 0x008AFFBA, 0x00BCFFEA, 0x00E90016, 0x01130040, 0x01490077, 0x017900A6, 0x01A000CC, 0x01CC00FA,
	0x01F30124, 0x021E0150, 0x024D017F, 0x026D01A1, 0x029101C8, 0x02BD01F5, 0x02DD0216, 0x02FD023A, 0x031F0260, 0x033D0281, 0x035B02A2,
	0x037202BE, 0x038802D9, 0x03A602FB, 0x03C2031B, 0x03D60334, 0x03E7034C, 0x03F90364, 0x040A037C, 0x0416038F, 0x042403A4, 0x043203B9,
	0x043C03CA, 0x044403DB, 0x044B03EB, 0x045003F9, 0x04530403, 0x0455040F, 0x04550419, 0x0450041F, 0x044E0425, 0x044A042B, 0x0443042E,
	0x043B0431, 0x042E042F, 0x0426042F, 0x041C042E, 0x04090428, 0x03F90423, 0x03E70419, 0x03D50410, 0x03C50408, 0x03AA03F7, 0x039603EF,
	0x038103E3, 0x036103CB, 0x034903BB, 0x033203AB, 0x03120394, 0x02F5037E, 0x02D90366, 0x02BA034E, 0x02980335, 0x027B031D, 0x025C0300,
	0x023902DF, 0x021702C5, 0x01F402A6, 0x01D10284, 0x01B20266, 0x018D0243, 0x016E0223, 0x014D0200, 0x012401D7, 0x010401B6, 0x00E30193,
	0x00BE016C, 0x009F0148, 0x007D0123, 0x005900FA, 0x003A00D5, 0x001C00B2, 0xFFFB008B, 0xFFDE0065, 0xFFC20040, 0xFFA3001B, 0xFF87FFF7,
	0xFF69FFD1, 0xFF4DFFAB, 0xFF38FF8C, 0xFF1FFF68, 0xFF05FF43, 0xFEF0FF24, 0xFED9FF05, 0xFEC5FEE6, 0xFEB4FEC9, 0xFEA4FEAD, 0xFE92FE90,
	0xFE82FE74, 0xFE75FE5D, 0xFE68FE47, 0xFE58FE2C, 0xFE4CFE14, 0xFE45FE01, 0xFE3BFDEE, 0xFE31FDDD, 0xFE29FDCB, 0xFE21FDB9, 0xFE20FDAE,
	0xFE1BFDA2, 0xFE19FD9A, 0xFE1BFD95, 0xFE12FD85, 0xFE11FD7D, 0xFE17FD7E, 0xFE15FD79, 0xFE15FD77, 0xFE18FD76, 0xFE1BFD77, 0xFE21FD7C,
	0xFE22FD7C, 0xFE26FD7F, 0xFE29FD83, 0xFE2AFD87, 0xFE30FD90, 0xFE35FD97, 0xFE3FFDA2, 0xFE45FDAE, 0xFE46FDB7, 0xFE4AFDC1, 0xFE4EFDCA,
	0xFE55FDD8, 0xFE5AFDE6, 0xFE5AFDEF, 0xFE61FE00, 0xFE63FE0C, 0xFE64FE17, 0xFE6DFE2B, 0xFE72FE3A, 0xFE76FE4A, 0xFE77FE59, 0xFE76FE63,
	0xFE79FE74, 0xFE77FE7F, 0xFE78FE8D, 0xFE7EFEA2, 0xFE78FEAB, 0xFE75FEB6, 0xFE7BFEC8, 0xFE78FED3, 0xFE72FEDB, 0xFE6DFEE5, 0xFE70FEF4,
	0xFE74FF03, 0xFE70FF0B, 0xFE6CFF13, 0xFE6AFF1E, 0xFE68FF28, 0xFE66FF31, 0xFE63FF37, 0xFE61FF3F, 0xFE5EFF47, 0xFE5CFF4D, 0xFE5DFF53,
	0xFE5CFF5A, 0xFE5EFF64, 0xFE5FFF69, 0xFE5EFF6C, 0xFE65FF75, 0xFE66FF7A, 0xFE64FF7D, 0xFE69FF82, 0xFE6CFF85, 0xFE74FF8A, 0xFE7CFF8F,
	0xFE82FF92, 0xFE8CFF9B, 0xFE97FFA1, 0xFEA1FFA4, 0xFEAEFFA9, 0xFEBDFFB2, 0xFECDFFBB, 0xFED7FFBC, 0xFEE6FFC3, 0xFEF8FFCD, 0xFF06FFCF,
	0xFF1BFFD8, 0xFF31FFE2, 0xFF44FFE8, 0xFF60FFF7, 0xFF77FFFF, 0xFF8E0008, 0xFFAA0017, 0xFFBE001D, 0xFFD70025, 0xFFF20033, 0x000C0040,
	0x002A004F, 0x0046005B, 0x005F0068, 0x007D0078, 0x009B0088, 0x00B80097, 0x00D300A4, 0x00F100B6, 0x010D00C7, 0x012800D6, 0x014500E6,
	0x016000F7, 0x017D010A, 0x0197011A, 0x01AE0129, 0x01C50139, 0x01D90147, 0x01F2015A, 0x02060168, 0x02150171, 0x022C0185, 0x023E0196,
	0x024A01A2, 0x025B01B1, 0x026601BB, 0x027101C7, 0x027901D3, 0x027D01DC, 0x028701E9, 0x028C01F2, 0x028E01FB, 0x02930207, 0x02900209,
	0x0289020A, 0x02860211, 0x027D0214, 0x02740216, 0x026F021A, 0x0265021B, 0x02550217, 0x02480216, 0x023B0216, 0x02290211, 0x0215020B,
	0x02040206, 0x01F001FE, 0x01DB01F5, 0x01C601ED, 0x01AD01E2, 0x019401D5, 0x017B01CA, 0x016101BC, 0x014801AC, 0x0132019E, 0x01190190,
	0x01000180, 0x00E7016F, 0x00CC015D, 0x00B4014B, 0x009D013A, 0x00820123, 0x006B0110, 0x005500FE, 0x003B00E7, 0x002500D1, 0x001300BF,
	0xFFFE00AA, 0xFFEC0093, 0xFFDD0080, 0xFFD0006E, 0xFFBE0057, 0xFFAE0042, 0xFFA70033, 0xFF9E0021, 0xFF94000D, 0xFF8CFFF9, 0xFF89FFE7,
	0xFF89FFDB, 0xFF7EFFC4, 0xFF7BFFB3, 0xFF81FFA8, 0xFF7EFF94, 0xFF80FF86, 0xFF87FF7A, 0xFF8AFF6B, 0xFF91FF5F, 0xFF99FF53, 0xFFA4FF49,
	0xFFABFF3C, 0xFFB2FF33, 0xFFC4FF31, 0xFFCEFF25, 0xFFD8FF1A, 0xFFEBFF19, 0xFFF6FF11, 0x0002FF09, 0x0014FF06, 0x0023FF04, 0x0031FF00,
	0x003FFEFA, 0x004DFEF9, 0x005AFEF8, 0x0066FEF5, 0x0076FEF5, 0x0084FEF4, 0x0090FEF3, 0x009BFEF3, 0x00A6FEF3, 0x00B0FEF3, 0x00B3FEF0,
	0x00BAFEF1, 0x00C3FEF5, 0x00C5FEF2, 0x00C5FEEE, 0x00C7FEF0, 0x00C5FEEE, 0x00C1FEEC, 0x00C0FEEE, 0x00BCFEEF, 0x00B3FEEB, 0x00A7FEE6,
	0x009CFEE2, 0x0091FEE1, 0x0083FEDE, 0x0071FED9, 0x005EFED3, 0x004AFECE, 0x0037FEC9, 0x0022FEC4, 0x0007FEBB, 0xFFEBFEB2, 0xFFD3FEAD,
	0xFFB6FEA3, 0xFF9AFE9C, 0xFF7FFE95, 0xFF5BFE89, 0xFF3BFE7E, 0xFF1DFE76, 0xFEF8FE69, 0xFED5FE5E, 0xFEB6FE57, 0xFE92FE4C, 0xFE6CFE3C,
	0xFE4BFE33, 0xFE2CFE2C, 0xFE09FE20, 0xFDE7FE16, 0xFDC7FE0D, 0xFDA4FE00, 0xFD89FDFC, 0xFD70FDF7, 0xFD4DFDE6, 0xFD32FDDF, 0xFD1DFDDF,
	0xFD01FDD5, 0xFCE8FDCD, 0xFCD5FDCB, 0xFCC5FDCB, 0xFCB4FDC8, 0xFCA5FDC6, 0xFC9DFDCA, 0xFC95FDCE, 0xFC8DFDD1, 0xFC89FDD6, 0xFC87FDDC,
	0xFC8BFDE6, 0xFC90FDEF, 0xFC96FDF9, 0xFCA1FE07, 0xFCADFE15, 0xFCBDFE26, 0xFCCEFE38, 0xFCE1FE49, 0xFCFBFE5F, 0xFD15FE75, 0xFD2FFE8B,
	0xFD4BFEA4, 0xFD6FFEC2, 0xFD99FEE1, 0xFDBAFEFB, 0xFDE1FF1A, 0xFE0FFF3F, 0xFE3BFF61, 0xFE68FF82, 0xFE94FFA4, 0xFEC5FFCC, 0xFEFAFFF4,
	0xFF2B0017, 0xFF660045, 0xFF9A006F, 0xFFC70091, 0x000300C0, 0x003A00EB, 0x006F0114, 0x00AA0145, 0x00DC016C, 0x01110196, 0x014B01C4,
	0x017B01EC, 0x01B00219, 0x01E40244, 0x0214026C, 0x02430295, 0x027002BC, 0x029C02E2, 0x02C40307, 0x02EA032A, 0x03120350, 0x03370374,
	0x03580394, 0x037303AE, 0x038D03CB, 0x03AA03EA, 0x03BC03FF, 0x03CF0416, 0x03DF042C, 0x03E7043A, 0x03F2044D, 0x03FB045E, 0x03FC0468,
	0x03FB0470, 0x03F60473, 0x03EE0475, 0x03E40479, 0x03D60476, 0x03C60472, 0x03B5046E, 0x03A50469, 0x038E0460, 0x03710451, 0x03540442,
	0x03360432, 0x0313041C, 0x02EE0404, 0x02C803EB, 0x02A003D0, 0x027503B2, 0x024C0394, 0x02200371, 0x01EF034B, 0x01C10327, 0x01940302,
	0x016602DA, 0x013402B0, 0x01020285, 0x00D4025C, 0x00A4022E, 0x007001FC, 0x004001CF, 0x001401A3, 0xFFE90174, 0xFFBE0143, 0xFF900112,
	0xFF6300DF, 0xFF3B00AD, 0xFF17007E, 0xFEEF004D, 0xFEC9001A, 0xFEAAFFEC, 0xFE8CFFBE, 0xFE70FF90, 0xFE54FF60, 0xFE3BFF31, 0xFE27FF06,
	0xFE14FEDB, 0xFE06FEB4, 0xFDF8FE8B, 0xFDE8FE5E, 0xFDE2FE3B, 0xFDE1FE1B, 0xFDDCFDF6, 0xFDDBFDD4, 0xFDDDFDB5, 0xFDE0FD96, 0xFDE8FD7A,
	0xFDF3FD61, 0xFE00FD49, 0xFE0EFD34, 0xFE1FFD21, 0xFE30FD0C, 0xFE48FD00, 0xFE62FCF4, 0xFE74FCE1, 0xFE8EFCD8, 0xFEABFCD0, 0xFEC3FCC5,
	0xFEE4FCC3, 0xFF03FCC0, 0xFF1EFCBA, 0xFF43FCBF, 0xFF63FCC2, 0xFF7EFCC0, 0xFFA2FCC6, 0xFFC6FCCF, 0xFFE5FCD5, 0x0004FCDC, 0x0024FCE5,
	0x0041FCEF, 0x0060FCFD, 0x007EFD0C, 0x0097FD15, 0x00B5FD25, 0x00D1FD38, 0x00E4FD44, 0x00F7FD51, 0x0110FD65, 0x0126FD79, 0x0134FD89,
	0x0143FD9B, 0x0151FDAD, 0x0159FDBE, 0x0162FDD1, 0x0169FDE3, 0x016DFDF4, 0x0170FE08, 0x016CFE18, 0x0168FE29, 0x0166FE3B, 0x015EFE4B,
	0x0156FE5F, 0x014BFE70, 0x0139FE79, 0x0129FE87, 0x0119FE98, 0x0105FEA7, 0x00F0FEB6, 0x00DBFEC3, 0x00BFFECD, 0x00A3FED9, 0x008DFEEB,
	0x0070FEF6, 0x004EFEFD, 0x0031FF08, 0x0011FF11, 0xFFEDFF19, 0xFFCBFF21, 0xFFA8FF28, 0xFF8AFF34, 0xFF6CFF40, 0xFF4AFF4A, 0xFF26FF50,
	0xFF03FF57, 0xFEE7FF64, 0xFECAFF6F, 0xFEABFF76, 0xFE8EFF80, 0xFE6FFF89, 0xFE54FF93, 0xFE3CFFA0, 0xFE21FFA6, 0xFE0CFFB2, 0xFDFBFFC1,
	0xFDE5FFCB, 0xFDD2FFD7, 0xFDC5FFE6, 0xFDBAFFF5, 0xFDB10004, 0xFDA90014, 0xFDA10022, 0xFD9C0030, 0xFD9D0044, 0xFDA10059, 0xFDA5006C,
	0xFDA9007E, 0xFDB30094, 0xFDBE00A9, 0xFDCA00C0, 0xFDDA00D9, 0xFDE800EC, 0xFDFC0104, 0xFE15011E, 0xFE280133, 0xFE41014F, 0xFE5E016A,
	0xFE77017D, 0xFE950197, 0xFEB201AF, 0xFECF01C6, 0xFEF301E1, 0xFF1501F8, 0xFF390213, 0xFF5B022A, 0xFF7A023B, 0xFFA20255, 0xFFC7026C,
	0xFFEA0282, 0x00110299, 0x003202AA, 0x005302BB, 0x007402C9, 0x009402D5, 0x00B802E5, 0x00D702F1, 0x00F302FA, 0x01100304, 0x012A030B,
	0x0145030F, 0x015D0313, 0x016F0311, 0x017E030D, 0x0194030F, 0x01A6030D, 0x01B10302, 0x01BF02FD, 0x01C802F2, 0x01CA02E0, 0x01D502D7,
	0x01D602C4, 0x01D002AA, 0x01D00296, 0x01C9027C, 0x01C10260, 0x01B90246, 0x01AA0226, 0x019F0208, 0x018C01E5, 0x017401BD, 0x0166019E,
	0x01500177, 0x01330148, 0x011C0122, 0x010100FA, 0x00E600CE, 0x00CC00A5, 0x00AA0075, 0x00880045, 0x006E001D, 0x004CFFEE, 0x0025FFBB,
	0x0004FF8F, 0xFFE4FF62, 0xFFC2FF32, 0xFF9DFF03, 0xFF7AFED7, 0xFF5DFEAE, 0xFF3EFE82, 0xFF1EFE58, 0xFF02FE32, 0xFEE4FE0A, 0xFEC8FDE3,
	0xFEADFDBE, 0xFE93FD9C, 0xFE7FFD80, 0xFE6AFD62, 0xFE54FD42, 0xFE42FD2A, 0xFE31FD13, 0xFE24FCFC, 0xFE1CFCEB, 0xFE15FCDD, 0xFE0EFCD2,
	0xFE09FCC9, 0xFE08FCC1, 0xFE0EFCC0, 0xFE14FCC0, 0xFE17FCBE, 0xFE1FFCC2, 0xFE29FCCA, 0xFE36FCD1, 0xFE4BFCE0, 0xFE5FFCF0, 0xFE72FD03,
	0xFE8CFD1B, 0xFEA6FD2F, 0xFEC3FD4A, 0xFEE4FD6C, 0xFF05FD8C, 0xFF29FDAF, 0xFF4CFDD1, 0xFF6EFDF5, 0xFF9AFE21, 0xFFCAFE50, 0xFFF5FE7C,
	0x001CFEA6, 0x0047FED5, 0x0079FF0B, 0x00A8FF3D, 0x00D7FF6D, 0x0107FFA0, 0x0137FFD6, 0x0166000B, 0x0194003D, 0x01C1006E, 0x01F100A2,
	0x021E00D7, 0x02480109, 0x0275013D, 0x02A30170, 0x02CB019E, 0x02F201CD, 0x031701FB, 0x03380224, 0x035A024F, 0x037B0279, 0x039802A0,
	0x03B302C4, 0x03C902E4, 0x03DE0304, 0x03F20322, 0x04000339, 0x040F0351, 0x041A0365, 0x04200377, 0x04260389, 0x04270393, 0x041F0397,
	0x041B039E, 0x041603A2, 0x040803A0, 0x03FB039D, 0x03EB0397, 0x03D6038C, 0x03BD037D, 0x03A2036C, 0x0389035D, 0x036B0348, 0x0345032C,
	0x03220313, 0x02FD02F7, 0x02D002D3, 0x02A602B1, 0x027A028D, 0x0250026A, 0x02230244, 0x01EC0214, 0x01BB01EB, 0x018601BD, 0x014B0188,
	0x011A015C, 0x00E4012B, 0x00A800F6, 0x007000C3, 0x003A0090, 0x0004005E, 0xFFC90029, 0xFF90FFF5, 0xFF5AFFBF, 0xFF24FF8A, 0xFEF0FF5B,
	0xFEB6FF27, 0xFE81FEF4, 0xFE53FEC8, 0xFE1EFE95, 0xFDEEFE68, 0xFDC1FE3C, 0xFD93FE0E, 0xFD6CFDE9, 0xFD3FFDBD, 0xFD12FD91, 0xFCEFFD6F,
	0xFCCFFD50, 0xFCB3FD34, 0xFC93FD12, 0xFC73FCF3, 0xFC5AFCDD, 0xFC41FCC4, 0xFC2FFCB1, 0xFC1EFC9F, 0xFC0FFC90, 0xFC05FC88, 0xFBF7FC7B,
	0xFBF0FC73, 0xFBEBFC6E, 0xFBE5FC6A, 0xFBEBFC70, 0xFBEAFC6F, 0xFBEBFC70, 0xFBF9FC7E, 0xFBFFFC85, 0xFC08FC8F, 0xFC19FC9F, 0xFC26FCAE,
	0xFC39FCC2, 0xFC4EFCD6, 0xFC62FCEB, 0xFC78FD03, 0xFC8FFD1B, 0xFCA8FD33, 0xFCC6FD50, 0xFCE3FD70, 0xFCFCFD8A, 0xFD1BFDA8, 0xFD3DFDCA,
	0xFD58FDE8, 0xFD79FE0B, 0xFD9CFE2E, 0xFDBEFE51, 0xFDE4FE77, 0xFE04FE96, 0xFE26FEB7, 0xFE4BFEDE, 0xFE6BFF01, 0xFE8EFF25, 0xFEB0FF46,
	0xFED5FF6C, 0xFEF8FF92, 0xFF13FFAC, 0xFF38FFD0, 0xFF5DFFF5, 0xFF74000E, 0xFF95002F, 0xFFB70050, 0xFFD2006B, 0xFFF0008B, 0x000900A3,
	0x002400BD, 0x004200DA, 0x005B00F3, 0x0073010B, 0x0089011F, 0x00A00133, 0x00B40149, 0x00C8015D, 0x00DC0170, 0x00ED0180, 0x00FE018F,
	0x010D019F, 0x011901A9, 0x012801B3, 0x013501C1, 0x013F01CD, 0x014801D5, 0x015501DE, 0x015E01E6, 0x016301E9, 0x016701ED, 0x016B01EF,
	0x017101F2, 0x017601F6, 0x017301F4, 0x017301F3, 0x017701F4, 0x017801F3, 0x017B01F4, 0x017501ED, 0x016E01E5, 0x016E01E2, 0x016A01DB,
	0x016401D5, 0x015F01CF, 0x015801C6, 0x015201BE, 0x014B01B5, 0x014401AC, 0x013B01A0, 0x01320194, 0x012A018B, 0x01230182, 0x01180174,
	0x01090162, 0x00FF0154, 0x00F70149, 0x00EB013A, 0x00DE012A, 0x00D10119, 0x00C60107, 0x00BA00F4, 0x00AB00E2, 0x009F00D3, 0x009400C2,
	0x008800B1, 0x007E00A0, 0x006C0086, 0x005F0071, 0x00590064, 0x0049004C, 0x003C0036, 0x00330024, 0x00260010, 0x001DFFFD, 0x0011FFE6,
	0x0005FFD0, 0xFFFBFFBB, 0xFFEDFFA2, 0xFFE6FF90, 0xFFE0FF80, 0xFFD4FF67, 0xFFCFFF55, 0xFFCDFF45, 0xFFC2FF2D, 0xFFB9FF17, 0xFFB6FF06,
	0xFFB1FEF3, 0xFFAEFEE3, 0xFFB0FED6, 0xFFADFEC2, 0xFFA9FEAF, 0xFFA9FEA2, 0xFFA8FE92, 0xFFA9FE82, 0xFFB0FE79, 0xFFB3FE6C, 0xFFB1FE5F,
	0xFFB7FE57, 0xFFBCFE4D, 0xFFC1FE44, 0xFFCCFE40, 0xFFD2FE37, 0xFFDCFE35, 0xFFEFFE3A, 0xFFF7FE34, 0x0001FE33, 0x000FFE37, 0x0017FE36,
	0x0025FE3B, 0x0036FE42, 0x0042FE47, 0x0050FE4F, 0x005FFE57, 0x0072FE65, 0x0081FE71, 0x0092FE7F, 0x00A8FE94, 0x00B8FEA2, 0x00C8FEB2,
	0x00DAFEC6, 0x00EDFEDB, 0x0102FEF6, 0x0113FF0C, 0x0124FF22, 0x0135FF3A, 0x0142FF50, 0x0153FF6D, 0x0167FF8B, 0x017AFFAA, 0x0188FFC7,
	0x0191FFE1, 0x01A40004, 0x01B40026, 0x01BE0043, 0x01CD0069, 0x01D80089, 0x01E000A5, 0x01ED00C9, 0x01F500EC, 0x01FA010A, 0x0201012D,
	0x020A0151, 0x0209016B, 0x02080188, 0x021101AE, 0x021101CD, 0x020F01EB, 0x0212020D, 0x020D0228, 0x020A0245, 0x02060261, 0x01FD0278,
	0x01F60292, 0x01EB02A9, 0x01DF02BE, 0x01D702D5, 0x01CB02E8, 0x01C002FC, 0x01B2030D, 0x01A00319, 0x0195032B, 0x0187033A, 0x01720342,
	0x01640350, 0x01540359, 0x01390356, 0x01240357, 0x0114035D, 0x01030362, 0x00EF0362, 0x00D8035C, 0x00C20356, 0x00AE0350, 0x00990348,
	0x0082033E, 0x0069032E, 0x0053031F, 0x003F0311, 0x00290300, 0x001402ED, 0xFFFC02D5, 0xFFEB02C2, 0xFFDA02AD, 0xFFC0028F, 0xFFAC0274,
	0xFF980257, 0xFF830237, 0xFF73021B, 0xFF6001F9, 0xFF4D01D6, 0xFF3B01B3, 0xFF25018B, 0xFF150168, 0xFF070142, 0xFEF70119, 0xFEE800F2,
	0xFED800C8, 0xFEC900A0, 0xFEBC0077, 0xFEAF004B, 0xFEA50023, 0xFE98FFF8, 0xFE8AFFCB, 0xFE7EFF9F, 0xFE71FF73, 0xFE63FF45, 0xFE59FF1A,
	0xFE50FEF1, 0xFE41FEC2, 0xFE38FE98, 0xFE32FE71, 0xFE24FE42, 0xFE1DFE1B, 0xFE14FDF3, 0xFE04FDC3, 0xFDFCFD9E, 0xFDF1FD77, 0xFDE7FD51,
	0xFDDEFD2E, 0xFDCEFD05, 0xFDC6FCE5, 0xFDBBFCC1, 0xFDACFC9B, 0xFDA4FC7E, 0xFD92FC5B, 0xFD83FC3B, 0xFD7DFC24, 0xFD70FC08, 0xFD62FBED,
	0xFD54FBD3, 0xFD46FBBC, 0xFD37FBA5, 0xFD27FB8F, 0xFD1AFB7D, 0xFD09FB67, 0xFCFCFB58, 0xFCF3FB50, 0xFCE1FB3F, 0xFCD0FB32, 0xFCC2FB29,
	0xFCB5FB21, 0xFCA8FB1C, 0xFC99FB16, 0xFC8CFB13, 0xFC7EFB10, 0xFC71FB0E, 0xFC68FB13, 0xFC5CFB16, 0xFC53FB1C, 0xFC49FB22, 0xFC3DFB27,
	0xFC39FB35, 0xFC33FB40, 0xFC2CFB4A, 0xFC29FB5A, 0xFC26FB6C, 0xFC29FB81, 0xFC2AFB94, 0xFC2DFBA9, 0xFC36FBC3, 0xFC3CFBDB, 0xFC48FBFA,
	0xFC52FC15, 0xFC5BFC2E, 0xFC6FFC53, 0xFC7EFC73, 0xFC8CFC8F, 0xFCA6FCB4, 0xFCC0FCDB, 0xFCDAFD02, 0xFCF9FD2C, 0xFD18FD55, 0xFD37FD7D,
	0xFD5AFDAA, 0xFD83FDD9, 0xFDAAFE03, 0xFDD3FE32, 0xFE05FE69, 0xFE32FE97, 0xFE60FEC5, 0xFE97FEFA, 0xFECCFF2E, 0xFF03FF63, 0xFF3FFF9A,
	0xFF79FFCF, 0xFFB40003, 0xFFF30039, 0x0030006F, 0x007100A7, 0x00B800E4, 0x00FC011A, 0x013F0151, 0x0187018D, 0x01CF01C8, 0x021501FF,
	0x02560234, 0x029C026B, 0x02E902A7, 0x032902D8, 0x036C030B, 0x03B70347, 0x03F90379, 0x043F03AD, 0x048203E3, 0x04BC040F, 0x04FC0440,
	0x0538046E, 0x05720499, 0x05AD04C6, 0x05E004EE, 0x06170519, 0x064A053F, 0x0674055E, 0x06A20584, 0x06C805A5, 0x06E805BE, 0x070A05D8,
	0x072905F1, 0x0744060B, 0x0757061E, 0x0768062C, 0x0779063D, 0x07840649, 0x0788064F, 0x07850652, 0x07820655, 0x077F0657, 0x07730651,
	0x0765064E, 0x07520648, 0x07360637, 0x07190628, 0x06F70613, 0x06D105FE, 0x06AD05E8, 0x068205CD, 0x065205B0, 0x061F0590, 0x05EA056D,
	0x05B00548, 0x056E051B, 0x052D04F1, 0x04F004C8, 0x04AB0499, 0x04610465, 0x0416042E, 0x03CE03FD, 0x038503CA, 0x0335038E, 0x02E50353,
	0x02910315, 0x024002D7, 0x01F1029F, 0x019D025F, 0x014F0223, 0x00FF01E4, 0x00A8019E, 0x005C0162, 0x000E0125, 0xFFBD00E2, 0xFF7400A5,
	0xFF270063, 0xFEDD0024, 0xFE9BFFED, 0xFE55FFAF, 0xFE14FF74, 0xFDD7FF3D, 0xFD9CFF04, 0xFD68FED3, 0xFD32FE9F, 0xFCFCFE6A, 0xFCD0FE3C,
	0xFCA5FE0C, 0xFC7EFDE1, 0xFC5BFDB9, 0xFC3BFD90, 0xFC21FD6D, 0xFC07FD49, 0xFBF2FD28, 0xFBE6FD11, 0xFBDCFCF8, 0xFBD4FCE0, 0xFBCEFCCD,
	0xFBCDFCBD, 0xFBD0FCB0, 0xFBD5FCA3, 0xFBE1FC9D, 0xFBEFFC98, 0xFBFDFC94, 0xFC13FC96, 0xFC29FC98, 0xFC40FC9E, 0xFC5CFCA7, 0xFC78FCAD,
	0xFC9AFCBC, 0xFCBBFCCB, 0xFCDBFCD7, 0xFD02FCED, 0xFD28FD02, 0xFD4DFD16, 0xFD75FD30, 0xFD9CFD48, 0xFDC4FD62, 0xFDEFFD81, 0xFE16FD9C,
	0xFE3BFDB6, 0xFE62FDD4, 0xFE85FDF0, 0xFEABFE0F, 0xFED3FE34, 0xFEF2FE51, 0xFF10FE6C, 0xFF2DFE89, 0xFF4AFEA7, 0xFF68FEC7, 0xFF7AFEDD,
	0xFF8BFEF4, 0xFFA2FF14, 0xFFB2FF2A, 0xFFBEFF40, 0xFFC4FF54, 0xFFC9FF65, 0xFFD0FF7B, 0xFFCEFF88, 0xFFCAFF95, 0xFFC5FFA3, 0xFFB6FFA5,
	0xFFADFFAE, 0xFF9EFFB4, 0xFF88FFB2, 0xFF77FFB6, 0xFF5FFFB5, 0xFF40FFAE, 0xFF22FFA5, 0xFF04FF9D, 0xFEE5FF94, 0xFEBCFF81, 0xFE93FF6E,
	0xFE6EFF5F, 0xFE44FF4A, 0xFE1AFF35, 0xFDEFFF1D, 0xFDC0FF02, 0xFD90FEE6, 0xFD60FEC7, 0xFD32FEA9, 0xFD04FE8A, 0xFCD5FE69, 0xFCA4FE44,
	0xFC75FE20, 0xFC4AFDFD, 0xFC1AFDD3, 0xFBF1FDAE, 0xFBCEFD8E, 0xFBA6FD68, 0xFB80FD43, 0xFB5DFD1F, 0xFB40FCFC, 0xFB24FCD9, 0xFB08FCB3,
	0xFAF4FC98, 0xFAE0FC77, 0xFACDFC53, 0xFAC4FC39, 0xFABBFC1F, 0xFAB8FC0A, 0xFAB7FBF4, 0xFAB7FBD8, 0xFAC0FBC9, 0xFACBFBBC, 0xFADAFBAF,
	0xFAEAFBA2, 0xFAFFFB97, 0xFB23FB98, 0xFB42FB95, 0xFB61FB92, 0xFB8BFB9A, 0xFBB6FBA0, 0xFBE8FBAD, 0xFC18FBBA, 0xFC4BFBC7, 0xFC8BFBDF,
	0xFCC8FBF5, 0xFD05FC0F, 0xFD4DFC32, 0xFD98FC55, 0xFDE1FC7A, 0xFE2BFCA0, 0xFE78FCCA, 0xFEC7FCF5, 0xFF17FD23, 0xFF6DFD5B, 0xFFC5FD95,
	0x001CFDCE, 0x0070FE06, 0x00C2FE3E, 0x0119FE7E, 0x0175FEC1, 0x01CEFF04, 0x0221FF46, 0x0276FF89, 0x02CDFFCF, 0x031B0011, 0x036E005C,
	0x03C200AA, 0x040D00ED, 0x04560134, 0x04A00180, 0x04E701C9, 0x052B020F, 0x056B0254, 0x05AA029C, 0x05E302E1, 0x061B0327, 0x0650036E,
	0x067903A8, 0x06A403E7, 0x06CE0428, 0x06EE0460, 0x070E0498, 0x072704CE, 0x073D0502, 0x07530537, 0x07610564, 0x076C058F, 0x077305B8,
	0x077105DC, 0x07700600, 0x076A0620, 0x075E063A, 0x07530656, 0x073E066A, 0x07250677, 0x0713068C, 0x06F8069A, 0x06D4069F, 0x06B406A7,
	0x069006AB, 0x066706AA, 0x063C06A4, 0x060E069A, 0x05E40695, 0x05B2068A, 0x057C0679, 0x054B0668, 0x05180653, 0x04E4063D, 0x04AC0623,
	0x04720607, 0x043B05EB, 0x040405CD, 0x03CF05B0, 0x0397058C, 0x035B0562, 0x03270541, 0x02EE0518, 0x02B604EE, 0x028504C8, 0x024E049B,
	0x021E0475, 0x01F0044B, 0x01B90418, 0x018B03EC, 0x016003C3, 0x01310393, 0x01080367, 0x00E2033C, 0x00B8030C, 0x009202DD, 0x007302B5,
	0x00520288, 0x0031025A, 0x0011022C, 0xFFF201FD, 0xFFDE01D9, 0xFFC701B1, 0xFFAC0183, 0xFF99015F, 0xFF840136, 0xFF6E010A, 0xFF6200E7,
	0xFF5600C3, 0xFF45009D, 0xFF370078, 0xFF2B0053, 0xFF1C002A, 0xFF100005, 0xFF09FFE8, 0xFEFDFFC4, 0xFEEBFF9A, 0xFEDEFF75, 0xFED7FF54,
	0xFECDFF34, 0xFEBEFF0F, 0xFEB1FEEB, 0xFEA6FEC9, 0xFE97FEA4, 0xFE88FE80, 0xFE77FE5C, 0xFE6AFE3C, 0xFE5BFE1A, 0xFE44FDF1, 0xFE34FDD0,
	0xFE20FDAD, 0xFE08FD85, 0xFDF2FD61, 0xFDD4FD38, 0xFDB8FD11, 0xFD9EFCEB, 0xFD7FFCC1, 0xFD61FC9B, 0xFD41FC73, 0xFD22FC4C, 0xFD00FC24,
	0xFCD6FBF6, 0xFCB3FBCF, 0xFC8FFBA8, 0xFC66FB7C, 0xFC41FB56, 0xFC18FB2C, 0xFBECFB00, 0xFBC4FAD7, 0xFB9CFAB1, 0xFB74FA8B, 0xFB4BFA62,
	0xFB23FA3E, 0xFAF8FA1A, 0xFACEF9F5, 0xFAA9F9D4, 0xFA82F9B1, 0xFA5EF995, 0xFA41F980, 0xFA1EF961, 0xF9FCF944, 0xF9DFF931, 0xF9C0F91B,
	0xF9A6F909, 0xF994F8FD, 0xF980F8F0, 0xF96DF8E6, 0xF961F8E4, 0xF95AF8E3, 0xF954F8E3, 0xF94DF8E6, 0xF94BF8EE, 0xF950F8F9, 0xF957F905,
	0xF960F918, 0xF970F931, 0xF985F94C, 0xF99DF96B, 0xF9BBF991, 0xF9DBF9B9, 0xF9FAF9DF, 0xFA27FA10, 0xFA57FA47, 0xFA82FA7B, 0xFAB7FAB6,
	0xFAF1FAF5, 0xFB2CFB35, 0xFB73FB83, 0xFBB5FBCC, 0xFBF7FC14, 0xFC45FC69, 0xFC92FCBB, 0xFCE3FD11, 0xFD3DFD70, 0xFD92FDCC, 0xFDE7FE29,
	0xFE46FE8D, 0xFEA3FEEF, 0xFEFDFF4E, 0xFF60FFB8, 0xFFC30022, 0x00200086, 0x008600F2, 0x00EB015D, 0x014B01C5, 0x01AF0233, 0x0212029D,
	0x02710303, 0x02D4036C, 0x033403D4, 0x038D0436, 0x03E70497, 0x044504FD, 0x049D055F, 0x04ED05B7, 0x05400611, 0x058C0666, 0x05D306B6,
	0x061B0708, 0x065E0753, 0x069C079A, 0x06CF07D6, 0x0700080F, 0x07360850, 0x07630883, 0x078508AA, 0x07A808D6, 0x07C508FC, 0x07D90918,
	0x07E7092D, 0x07F60941, 0x07FB094C, 0x07FA0951, 0x07F60950, 0x07E90946, 0x07DD093D, 0x07C8092E, 0x07A6090E, 0x078A08F1, 0x076808CF,
	0x073B08A2, 0x070C0873, 0x06D8083A, 0x06A20801, 0x066607C2, 0x06200779, 0x05DB072B, 0x059506DD, 0x054E068D, 0x05000635, 0x04AB05D6,
	0x04590578, 0x04050516, 0x03AC04AE, 0x03510442, 0x02F603D9, 0x0298036B, 0x023602F4, 0x01DA0284, 0x017C0212, 0x011B019A, 0x00C10127,
	0x006200B0, 0x0003003B, 0xFFABFFCB, 0xFF51FF55, 0xFEF9FEE2, 0xFE9CFE6C, 0xFE42FDF9, 0xFDF4FD8E, 0xFDA2FD1E, 0xFD54FCB3, 0xFD0CFC4E,
	0xFCC4FBE5, 0xFC83FB87, 0xFC45FB2C, 0xFC06FACF, 0xFBD0FA7C, 0xFB9DFA2B, 0xFB6CF9DC, 0xFB40F994, 0xFB18F950, 0xFAF8F913, 0xFADEF8DD,
	0xFAC3F8A9, 0xFAAEF87A, 0xFA9DF850, 0xFA8FF827, 0xFA89F809, 0xFA85F7F1, 0xFA84F7DA, 0xFA8EF7CF, 0xFA98F7C5, 0xFAA4F7C1, 0xFABAF7C8,
	0xFACFF7CF, 0xFAE9F7DB, 0xFB08F7F0, 0xFB29F805, 0xFB50F820, 0xFB7CF842, 0xFBA9F869, 0xFBD8F893, 0xFC0CF8C1, 0xFC42F8F6, 0xFC78F92B,
	0xFCB0F963, 0xFCEBF9A1, 0xFD25F9E1, 0xFD66FA27, 0xFDA9FA70, 0xFDE8FAB8, 0xFE2AFB03, 0xFE6EFB52, 0xFEAEFBA0, 0xFEF2FBF3, 0xFF3BFC4A,
	0xFF7DFC9B, 0xFFBEFCEE, 0x0005FD49, 0x0043FD9C, 0x007FFDEC, 0x00C3FE46, 0x0103FE9C, 0x013EFEEE, 0x0178FF43, 0x01B1FF97, 0x01EBFFE9,
	0x021F0036, 0x024F0082, 0x027E00D0, 0x02AC011D, 0x02DB0167, 0x030601AE, 0x032C01F4, 0x034F0238, 0x0372027A, 0x038D02B3, 0x03A502EA,
	0x03C10329, 0x03D4035C, 0x03E6038D, 0x03F803C1, 0x040003E9, 0x0406040E, 0x040E0438, 0x04170460, 0x04170483, 0x040F049B, 0x040B04B7,
	0x040604D1, 0x03F804E3, 0x03EF04FB, 0x03E1050C, 0x03CD0516, 0x03B90523, 0x03A00529, 0x038A0530, 0x03720534, 0x03530533, 0x03370535,
	0x03190532, 0x02F9052D, 0x02D70529, 0x02AF051E, 0x028A0510, 0x02660505, 0x023E04F9, 0x021104E8, 0x01E704D6, 0x01C304C7, 0x019B04B5,
	0x017104A2, 0x0146048C, 0x011A0474, 0x00EF045F, 0x00C40448, 0x0097042F, 0x006B0415, 0x004503FF, 0x001E03E8, 0xFFEF03C7, 0xFFC203AA,
	0xFF9C0393, 0xFF760377, 0xFF4F0358, 0xFF260337, 0xFF04031E, 0xFEE10305, 0xFEB802E2, 0xFE9602C4, 0xFE7802AB, 0xFE5C0290, 0xFE3F0273,
	0xFE200252, 0xFE060236, 0xFDED0218, 0xFDD201F9, 0xFDB901DA, 0xFDA201BA, 0xFD9301A0, 0xFD810182, 0xFD69015E, 0xFD590140, 0xFD4F0125,
	0xFD420106, 0xFD3500E4, 0xFD2A00C4, 0xFD2300A7, 0xFD1D0089, 0xFD19006D, 0xFD15004F, 0xFD0D0029, 0xFD0A0007, 0xFD0EFFEC, 0xFD0FFFCB,
	0xFD0DFFA8, 0xFD12FF8B, 0xFD17FF6B, 0xFD19FF45, 0xFD22FF26, 0xFD2AFF08, 0xFD31FEE6, 0xFD3CFEC4, 0xFD45FEA3, 0xFD51FE85, 0xFD5DFE65,
	0xFD6BFE43, 0xFD7BFE27, 0xFD84FE03, 0xFD94FDE3, 0xFDA8FDC7, 0xFDB2FDA1, 0xFDC1FD83, 0xFDD4FD68, 0xFDE1FD47, 0xFDF1FD28, 0xFE01FD0A,
	0xFE15FCF1, 0xFE2BFCDA, 0xFE39FCBE, 0xFE4AFCA4, 0xFE5EFC8D, 0xFE71FC75, 0xFE82FC5E, 0xFE92FC47, 0xFEA2FC30, 0xFEB1FC1A, 0xFEC1FC09,
	0xFED3FBFB, 0xFEE6FBEE, 0xFEF6FBE0, 0xFF01FBD0, 0xFF12FBC4, 0xFF25FBBC, 0xFF32FBB2, 0xFF3CFBAB, 0xFF4CFBA7, 0xFF5DFBA5, 0xFF6DFBA3,
	0xFF7AFBA4, 0xFF84FBA4, 0xFF8BFBA2, 0xFF9BFBA9, 0xFFAEFBB5, 0xFFB9FBBC, 0xFFC4FBC7, 0xFFCEFBD3, 0xFFD7FBE0, 0xFFE1FBF0, 0xFFECFC00,
	0xFFF8FC14, 0x0001FC28, 0x000DFC3F, 0x001BFC5A, 0x0026FC73, 0x0031FC8F, 0x003BFCAA, 0x0046FCC8, 0x0054FCEA, 0x005EFD0A, 0x006AFD2E,
	0x0076FD53, 0x0083FD76, 0x0093FD9F, 0x009EFDC4, 0x00A7FDE6, 0x00BBFE14, 0x00CBFE40, 0x00D5FE66, 0x00E5FE90, 0x00F5FEBA, 0x0102FEE3,
	0x0111FF10, 0x0122FF3B, 0x0132FF63, 0x0146FF92, 0x0157FFBF, 0x0165FFE6, 0x01770010, 0x018A003B, 0x019B0062, 0x01AA0088, 0x01BD00AF,
	0x01D100D7, 0x01E100FA, 0x01F3011E, 0x02060143, 0x02170164, 0x022D0189, 0x023F01A6, 0x024901BE, 0x025B01DC, 0x026F01F9, 0x02820214,
	0x0290022C, 0x029C023F, 0x02A90252, 0x02B50263, 0x02C20273, 0x02CD0281, 0x02D9028F, 0x02E5029A, 0x02EB02A0, 0x02F202A6, 0x02F702A9,
	0x02FC02AB, 0x030302B1, 0x030802B1, 0x030702AD, 0x030602A8, 0x030602A3, 0x0303029D, 0x02FE0292, 0x02FA028B, 0x02F40281, 0x02EA0272,
	0x02E10265, 0x02D20254, 0x02C20241, 0x02B50233, 0x02A50221, 0x0290020D, 0x027E01FB, 0x026D01EA, 0x025001CF, 0x023501B6, 0x022201A7,
	0x02070192, 0x01ED017F, 0x01D00169, 0x01A9014B, 0x018E013A, 0x016F0125, 0x014A010B, 0x012B00FD, 0x010400E8, 0x00D700CE, 0x00B100B9,
	0x008C00A8, 0x00650096, 0x00390080, 0x00130073, 0xFFEF0068, 0xFFC00053, 0xFF930043, 0xFF6A0036, 0xFF400028, 0xFF17001F, 0xFEEE0015,
	0xFEC6000C, 0xFE9F0004, 0xFE74FFFE, 0xFE48FFF7, 0xFE22FFF3, 0xFDFDFFF1, 0xFDD3FFEB, 0xFDB0FFEB, 0xFD8EFFEE, 0xFD67FFE9, 0xFD46FFE9,
	0xFD29FFF0, 0xFD0DFFF6, 0xFCF0FFFA, 0xFCD2FFFC, 0xFCBA0004, 0xFCA4000E, 0xFC8D0013, 0xFC7B001B, 0xFC6B0026, 0xFC5D0032, 0xFC51003F,
	0xFC47004B, 0xFC3F0057, 0xFC370062, 0xFC330070, 0xFC35007E, 0xFC37008B, 0xFC3D009B, 0xFC4400AD, 0xFC4B00BB, 0xFC5900CA, 0xFC6A00DB,
	0xFC7800E9, 0xFC8A00F6, 0xFCA20107, 0xFCBB0118, 0xFCD50126, 0xFCF10136, 0xFD0D0142, 0xFD300152, 0xFD550162, 0xFD77016D, 0xFDA0017E,
	0xFDC7018C, 0xFDEE0195, 0xFE1D01A4, 0xFE4D01B2, 0xFE7801BB, 0xFEA301C4, 0xFED001CC, 0xFEFF01D3, 0xFF2E01D9, 0xFF6001E1, 0xFF9001E8,
	0xFFBF01EA, 0xFFF301F1, 0x002801F8, 0x005601F8, 0x008401F7, 0x00B001F6, 0x00DE01F7, 0x011101FA, 0x013901F2, 0x015F01E9, 0x018C01EB,
	0x01B101E3, 0x01D701D9, 0x01FF01D3, 0x021701C1, 0x023101B3, 0x025301AA, 0x02680195, 0x027E0184, 0x02940176, 0x02A40160, 0x02B2014B,
	0x02BE0134, 0x02C4011A, 0x02C800FF, 0x02CA00E4, 0x02C800C7, 0x02C300A9, 0x02BF008B, 0x02B20067, 0x02A30044, 0x02970024, 0x0280FFFA,
	0x026BFFD5, 0x0255FFB2, 0x0235FF86, 0x0217FF5D, 0x01F5FF2F, 0x01CFFF00, 0x01AEFED9, 0x0187FEAD, 0x015EFE7E, 0x0133FE4F, 0x0107FE1E,
	0x00DAFDF0, 0x00ACFDC2, 0x007EFD94, 0x004EFD64, 0x001BFD32, 0xFFEBFD01, 0xFFBAFCD1, 0xFF8DFCA6, 0xFF5EFC79, 0xFF2CFC4B, 0xFEFFFC23,
	0xFED2FBF8, 0xFEA6FBCF, 0xFE7BFBA5, 0xFE52FB7E, 0xFE2FFB5E, 0xFE07FB3A, 0xFDE4FB1B, 0xFDC6FAFE, 0xFDA7FADF, 0xFD91FACB, 0xFD7AFAB3,
	0xFD61FA9A, 0xFD53FA8E, 0xFD44FA7E, 0xFD34FA6E, 0xFD2FFA68, 0xFD2CFA62, 0xFD2AFA5F, 0xFD30FA64, 0xFD3BFA6D, 0xFD41FA70, 0xFD4DFA78,
	0xFD61FA8A, 0xFD75FA9D, 0xFD8EFAB4, 0xFDABFACD, 0xFDC9FAE8, 0xFDE9FB07, 0xFE0DFB2B, 0xFE3BFB59, 0xFE68FB85, 0xFE92FBAD, 0xFEC4FBE2,
	0xFEF9FC19, 0xFF31FC51, 0xFF6BFC8D, 0xFFA0FCC9, 0xFFDAFD09, 0x0014FD4B, 0x0052FD94, 0x0091FDDD, 0x00CBFE20, 0x010EFE72, 0x0150FEC5,
	0x018BFF0F, 0x01CCFF62, 0x020EFFB7, 0x02490009, 0x0285005C, 0x02C000B0, 0x02FB0107, 0x0332015C, 0x036501AE, 0x03960200, 0x03C50251,
	0x03F602A8, 0x042202FB, 0x04470347, 0x046B0396, 0x048D03E3, 0x04A9042D, 0x04C40476, 0x04DD04BE, 0x04EE0501, 0x04FA053F, 0x0502057B,
	0x050605B4, 0x050705EB, 0x0503061D, 0x04F9064A, 0x04ED0676, 0x04E106A0, 0x04CD06C0, 0x04B506DE, 0x049A06FB, 0x04770710, 0x04520721,
	0x042A072D, 0x03FF0732, 0x03D10738, 0x039B0737, 0x03630730, 0x032C0725, 0x02EC0710, 0x02AE06FE, 0x026C06E9, 0x022706C9, 0x01E806AB,
	0x01A30686, 0x0159065A, 0x01120631, 0x00C405FB, 0x007805C4, 0x002F058F, 0xFFE20550, 0xFF970511, 0xFF4704CB, 0xFEFA0483, 0xFEB5043F,
	0xFE6E03F4, 0xFE2403A4, 0xFDDE0357, 0xFD9B0306, 0xFD5702B0, 0xFD130259, 0xFCD60206, 0xFC9901AD, 0xFC5D0151, 0xFC2D00FE, 0xFBFF00AC,
	0xFBCE0054, 0xFBA1FFFC, 0xFB79FFA6, 0xFB54FF52, 0xFB31FEFB, 0xFB14FEA6, 0xFAFCFE55, 0xFAE7FE06, 0xFAD3FDB8, 0xFAC5FD6B, 0xFABFFD23,
	0xFAB7FCD9, 0xFAB4FC92, 0xFAB6FC50, 0xFABAFC0F, 0xFAC7FBD5, 0xFAD1FB9A, 0xFAE0FB61, 0xFAF9FB33, 0xFB0BFAFF, 0xFB22FAD2, 0xFB46FAB1,
	0xFB66FA8C, 0xFB89FA6B, 0xFBAEFA4F, 0xFBD6FA37, 0xFC00FA23, 0xFC29FA0E, 0xFC58FA01, 0xFC86F9F7, 0xFCB5F9F2, 0xFCE5F9F1, 0xFD10F9EB,
	0xFD45F9F1, 0xFD7CF9FF, 0xFDACFA08, 0xFDE1FA19, 0xFE15FA2C, 0xFE48FA42, 0xFE7BFA5D, 0xFEADFA76, 0xFEE2FA96, 0xFF12FAB8, 0xFF3BFAD7,
	0xFF67FAFC, 0xFF94FB23, 0xFFBFFB4E, 0xFFE8FB7B, 0x0010FBAA, 0x0035FBDB, 0x0055FC09, 0x0076FC3A, 0x0094FC6C, 0x00AEFC9F, 0x00C8FCD6,
	0x00E1FD0B, 0x00FAFD46, 0x010BFD7F, 0x0116FDB1, 0x0129FDEC, 0x0138FE22, 0x013FFE57, 0x0148FE92, 0x014FFECA, 0x0153FF00, 0x0157FF38,
	0x015AFF70, 0x015DFFA8, 0x015AFFDA, 0x0156000D, 0x01540045, 0x014F0078, 0x014A00AA, 0x014100DA, 0x01380107, 0x0138013A, 0x0133016C,
	0x01270197, 0x012201C6, 0x011F01F3, 0x0117021B, 0x01140247, 0x01110270, 0x010B0295, 0x010802BB, 0x010802DF, 0x010A0305, 0x010C032A,
	0x010F034D, 0x0113036F, 0x011B0390, 0x012403AF, 0x012C03CB, 0x013903EB, 0x0148040A, 0x01570424, 0x016A043F, 0x017C0458, 0x018E046E,
	0x01A80489, 0x01C0049E, 0x01D604B0, 0x01F404C8, 0x021204DB, 0x022E04E8, 0x024D04F9, 0x026E0508, 0x028E0516, 0x02B10523, 0x02D3052C,
	0x02F50536, 0x031A0541, 0x033C0545, 0x035A0545, 0x03780545, 0x039B0548, 0x03C0054A, 0x03DB0542, 0x03F7053D, 0x04140537, 0x04280524,
	0x04420518, 0x045D0510, 0x046D04FB, 0x047C04E6, 0x048A04CF, 0x049404B5, 0x049F049D, 0x04A4047F, 0x04A5045D, 0x04A20439, 0x049B0412,
	0x049103E9, 0x048203BA, 0x0471038C, 0x04580359, 0x043D0322, 0x041F02EC, 0x03F702AE, 0x03D40272, 0x03AF0236, 0x037C01F0, 0x034901AE,
	0x030D0164, 0x02CF0116, 0x029700D1, 0x02510080, 0x0207002E, 0x01BFFFE0, 0x0171FF8B, 0x0122FF38, 0x00CEFEE1, 0x0076FE87, 0x0021FE32,
	0xFFCAFDDB, 0xFF70FD82, 0xFF12FD28, 0xFEB1FCCC, 0xFE52FC70, 0xFDF5FC1A, 0xFD97FBC5, 0xFD35FB6D, 0xFCD7FB18, 0xFC7AFAC5, 0xFC1AFA6F,
	0xFBC3FA24, 0xFB6CF9D7, 0xFB14F98A, 0xFAC2F946, 0xFA6FF901, 0xFA20F8BE, 0xF9D5F881, 0xF98BF845, 0xF949F812, 0xF90EF7E2, 0xF8D1F7B3,
	0xF89BF78C, 0xF870F76E, 0xF846F751, 0xF81CF733, 0xF7FEF722, 0xF7E6F719, 0xF7D1F711, 0xF7C5F710, 0xF7BBF713, 0xF7B9F71A, 0xF7C1F72D,
	0xF7CCF745, 0xF7DEF764, 0xF7F6F786, 0xF816F7AF, 0xF840F7E4, 0xF86DF81A, 0xF89EF855, 0xF8D7F896, 0xF916F8DF, 0xF95CF930, 0xF9A5F983,
	0xF9F3F9DB, 0xFA47FA38, 0xFA9DFA98, 0xFAF9FB00, 0xFB5FFB6F, 0xFBC6FBDF, 0xFC2FFC51, 0xFC9DFCC9, 0xFD0FFD44, 0xFD82FDC1, 0xFDF7FE40,
	0xFE6DFEC1, 0xFEE6FF47, 0xFF61FFCE, 0xFFD90051, 0x005400D6, 0x00D20160, 0x014B01E8, 0x01C2026D, 0x023B02F2, 0x02B50378, 0x032A03FB,
	0x039B047B, 0x040E04FA, 0x047C0574, 0x04E205E9, 0x0547065E, 0x05A606CB, 0x06010733, 0x0659079A, 0x06AA07FA, 0x06F60853, 0x073C08A7,
	0x077908F4, 0x07B4093C, 0x07E9097D, 0x081209B3, 0x083909E7, 0x08590A11, 0x08710A30, 0x08800A4D, 0x08840A5F, 0x08860A6A, 0x08810A6D,
	0x08710A64, 0x085E0A58, 0x08440A43, 0x08210A25, 0x07F80A01, 0x07C709D0, 0x0790099A, 0x0752095B, 0x070C0915, 0x06C408CC, 0x06730877,
	0x061B081B, 0x05C107BB, 0x055F0750, 0x04FC06E3, 0x04920671, 0x042405F7, 0x03B7057A, 0x034104F6, 0x02C6046F, 0x024E03E5, 0x01D40357,
	0x015402C5, 0x00D30231, 0x0057019F, 0xFFDA0109, 0xFF57006D, 0xFED8FFD7, 0xFE5EFF44, 0xFDDFFEAA, 0xFD5FFE0F, 0xFCE8FD7D, 0xFC74FCEB,
	0xFC00FC59, 0xFB90FBCE, 0xFB21FB41, 0xFAB8FAB8, 0xFA56FA38, 0xF9F3F9B6, 0xF999F93D, 0xF947F8CD, 0xF8F5F85D, 0xF8ABF7F6, 0xF868F795,
	0xF829F73A, 0xF7F5F6E9, 0xF7C7F69F, 0xF79EF65A, 0xF779F619, 0xF75FF5E6, 0xF74EF5BE, 0xF740F598, 0xF73AF57C, 0xF73CF56A, 0xF743F55D,
	0xF752F55A, 0xF768F561, 0xF78AF571, 0xF7B2F58B, 0xF7DCF5AA, 0xF80FF5D3, 0xF84AF604, 0xF88AF63B, 0xF8CFF67A, 0xF91BF6C2, 0xF96BF70E,
	0xF9C1F763, 0xFA20F7C2, 0xFA83F828, 0xFAE8F890, 0xFB53F900, 0xFBBDF973, 0xFC2FF9ED, 0xFCA9FA6F, 0xFD1EFAEF, 0xFD98FB77, 0xFE1AFC07,
	0xFE99FC92, 0xFF18FD20, 0xFF99FDB4, 0x001AFE49, 0x009DFEDF, 0x011EFF75, 0x01A0000C, 0x022300A6, 0x02A20139, 0x032101CD, 0x039E0262,
	0x041602F4, 0x04920386, 0x050B0415, 0x057A049C, 0x05E70521, 0x065105A4, 0x06BB0625, 0x072006A2, 0x077B0715, 0x07D60787, 0x082D07F5,
	0x08780857, 0x08C608BA, 0x09120919, 0x094E0967, 0x098509B4, 0x09BC09FF, 0x09E90A3B, 0x0A0F0A71, 0x0A2F0AA2, 0x0A4A0ACB, 0x0A600AEF,
	0x0A6D0B0A, 0x0A720B1C, 0x0A760B2A, 0x0A760B34, 0x0A6C0B34, 0x0A560B28, 0x0A3C0B14, 0x0A220AFF, 0x09FE0AE2, 0x09D20ABC, 0x09A50A91,
	0x09700A5E, 0x09350A27, 0x08F709EB, 0x08B509A6, 0x086C095C, 0x081B090E, 0x07C808BA, 0x07740863, 0x071A0806, 0x06BA07A4, 0x0656073E,
	0x05EF06D2, 0x0589066A, 0x051D05FD, 0x04AC0587, 0x043B0511, 0x03C8049C, 0x03530424, 0x02E003AC, 0x026C0334, 0x01F302B8, 0x017A023C,
	0x010101C0, 0x00880146, 0x000F00CD, 0xFF91004C, 0xFF16FFCE, 0xFEA5FF5B, 0xFE2EFEE4, 0xFDB7FE6D, 0xFD48FDFF, 0xFCD4FD8A, 0xFC62FD18,
	0xFBFBFCB2, 0xFB91FC4A, 0xFB24FBDF, 0xFAC2FB7E, 0xFA64FB21, 0xFA01FAC0, 0xF9A5FA67, 0xF952FA16, 0xF8FEF9C4, 0xF8ADF977, 0xF862F92F,
	0xF818F8E9, 0xF7D6F8AA, 0xF796F86D, 0xF759F832, 0xF726F802, 0xF6F5F7D4, 0xF6C3F7A5, 0xF69AF77D, 0xF679F75C, 0xF659F73D, 0xF63AF720,
	0xF626F70C, 0xF617F6FC, 0xF609F6EC, 0xF5FFF6DF, 0xF5F9F6D5, 0xF5F8F6D1, 0xF600F6D3, 0xF604F6D2, 0xF60CF6D6, 0xF620F6E5, 0xF632F6EE,
	0xF646F6F6, 0xF663F70A, 0xF682F720, 0xF6A4F737, 0xF6CDF752, 0xF6F4F76C, 0xF71EF789, 0xF74CF7A9, 0xF77DF7C8, 0xF7B0F7EC, 0xF7E5F812,
	0xF81CF838, 0xF858F862, 0xF897F88F, 0xF8D2F8B7, 0xF90FF8E0, 0xF952F90F, 0xF997F941, 0xF9D9F970, 0xFA21F9A5, 0xFA69F9D9, 0xFAABFA06,
	0xFAF3FA3A, 0xFB41FA73, 0xFB89FAA9, 0xFBD0FADF, 0xFC1AFB17, 0xFC65FB4F, 0xFCADFB86, 0xFCF8FBC0, 0xFD44FBFE, 0xFD89FC37, 0xFDD1FC72,
	0xFE1FFCB3, 0xFE67FCF1, 0xFEB0FD31, 0xFEF9FD73, 0xFF3DFDB0, 0xFF84FDF3, 0xFFCBFE37, 0x000FFE78, 0x0057FEC0, 0x009BFF06, 0x00DCFF4C,
	0x0121FF96, 0x0163FFDC, 0x01A00023, 0x01DC0069, 0x021A00B0, 0x025C0100, 0x0297014C, 0x02D00196, 0x030F01E7, 0x03430230, 0x03760277,
	0x03B302CA, 0x03EA031A, 0x041D0365, 0x045103B4, 0x04830402, 0x04B80450, 0x04E8049E, 0x051304E8, 0x05410535, 0x056E0581, 0x059605C9,
	0x05C00612, 0x05EE065E, 0x061406A3, 0x063406E2, 0x06590726, 0x067D0769, 0x069A07A5, 0x06BB07E4, 0x06DB0820, 0x06F30853, 0x070E0888,
	0x072908BE, 0x073F08EC, 0x0757091A, 0x076F0947, 0x077D0969, 0x078B0987, 0x079D09A9, 0x07A809C1, 0x07B309D5, 0x07C109EB, 0x07C409F6,
	0x07C309FA, 0x07CA0A02, 0x07CB0A05, 0x07C509FE, 0x07C309F6, 0x07BD09E8, 0x07B309D5, 0x07AB09C1, 0x079F09A6, 0x078E0982, 0x077B095C,
	0x07660934, 0x0755090D, 0x074008DD, 0x072308A5, 0x0707086E, 0x06E8082F, 0x06C507EA, 0x06A307A8, 0x06800761, 0x06560711, 0x062C06BF,
	0x0603066C, 0x05D9061A, 0x05AB05C5, 0x05770567, 0x05440508, 0x051104AB, 0x04D80449, 0x04A103E6, 0x04690383, 0x042D031D, 0x03F202B7,
	0x03B30250, 0x037101E6, 0x03330180, 0x02F20118, 0x02B100AF, 0x0271004C, 0x022AFFE5, 0x01E0FF7D, 0x01A0FF1B, 0x015BFEBA, 0x0110FE56,
	0x00C9FDF7, 0x0084FD9B, 0x003BFD3E, 0xFFF3FCE4, 0xFFAEFC91, 0xFF6AFC41, 0xFF27FBF3, 0xFEE2FBA5, 0xFE9CFB5A, 0xFE5AFB15, 0xFE14FACE,
	0xFDD0FA8D, 0xFD93FA57, 0xFD53FA1F, 0xFD13F9EA, 0xFCDAF9BE, 0xFC9DF98D, 0xFC64F966, 0xFC31F948, 0xFBF9F926, 0xFBCAF90E, 0xFB9DF8FB,
	0xFB6BF8E3, 0xFB41F8D7, 0xFB16F8CD, 0xFAE9F8C1, 0xFAC9F8C2, 0xFAA7F8C2, 0xFA83F8C3, 0xFA69F8CF, 0xFA51F8DD, 0xFA3BF8EC, 0xFA27F8FF,
	0xFA16F916, 0xFA0EF935, 0xFA06F952, 0xF9FDF971, 0xF9FAF996, 0xF9FAF9BD, 0xF9FCF9E7, 0xFA02FA12, 0xFA0CFA3F, 0xFA1AFA71, 0xFA27FAA2,
	0xFA36FAD3, 0xFA4BFB09, 0xFA61FB3F, 0xFA79FB76, 0xFA96FBB0, 0xFAB7FBEA, 0xFAD7FC21, 0xFAF7FC59, 0xFB1FFC99, 0xFB49FCD7, 0xFB6EFD0E,
	0xFB98FD4A, 0xFBC5FD87, 0xFBEFFDBF, 0xFC1DFDF9, 0xFC4CFE32, 0xFC7DFE6A, 0xFCB0FEA4, 0xFCE0FED9, 0xFD10FF0E, 0xFD40FF40, 0xFD6DFF6E,
	0xFD9FFFA0, 0xFDD1FFCF, 0xFDFEFFF9, 0xFE2E0025, 0xFE5C004F, 0xFE870074, 0xFEB00096, 0xFED600B4, 0xFEFE00D5, 0xFF2400F2, 0xFF420107,
	0xFF63011E, 0xFF850137, 0xFFA2014A, 0xFFBC015A, 0xFFD00165, 0xFFE0016D, 0xFFEF0175, 0xFFFF017B, 0x000B017E, 0x000F017B, 0x00140179,
	0x00180177, 0x0012016C, 0x000C0161, 0x00050158, 0xFFF50145, 0xFFE90135, 0xFFE0012A, 0xFFC90115, 0xFFB000FD, 0xFF9900E7, 0xFF8000CC,
	0xFF6400B3, 0xFF430098, 0xFF21007B, 0xFF020060, 0xFEDF0041, 0xFEB6001D, 0xFE91FFFD, 0xFE6AFFDD, 0xFE42FFBE, 0xFE18FF9C, 0xFDEDFF78,
	0xFDC7FF59, 0xFD9EFF37, 0xFD71FF12, 0xFD4DFEF6, 0xFD27FED7, 0xFD01FEB5, 0xFCE2FE9C, 0xFCBEFE7E, 0xFC9BFE5F, 0xFC85FE4C, 0xFC68FE31,
	0xFC48FE12, 0xFC34FDFD, 0xFC22FDE7, 0xFC11FDD3, 0xFC06FDC5, 0xFBFBFDB6, 0xFBF6FDA8, 0xFBF9FDA0, 0xFBFBFD99, 0xFBFDFD90, 0xFC08FD8C,
	0xFC1AFD8E, 0xFC2EFD90, 0xFC45FD93, 0xFC62FD99, 0xFC81FDA0, 0xFCA6FDAE, 0xFCD1FDBE, 0xFCFBFDC9, 0xFD2FFDDD, 0xFD68FDFA, 0xFD9EFE12,
	0xFDDBFE2A, 0xFE1EFE48, 0xFE65FE6B, 0xFEACFE8D, 0xFEF4FEAE, 0xFF45FED5, 0xFF9AFF01, 0xFFEDFF2B, 0x0045FF5A, 0x009EFF88, 0x00F8FFB8,
	0x0159FFEF, 0x01B70022, 0x02150056, 0x0274008E, 0x02D200C2, 0x033800FC, 0x039F013B, 0x03FE0178, 0x045E01B6, 0x04BC01F0, 0x0519022B,
	0x057B026D, 0x05D402AA, 0x062B02E4, 0x068B0329, 0x06DE0365, 0x07260399, 0x077703D6, 0x07C40414, 0x0806044A, 0x08490483, 0x088704B9,
	0x08BC04EB, 0x08F0051E, 0x091F054B, 0x09470576, 0x096F05A6, 0x099005D4, 0x09A705F9, 0x09BC061D, 0x09CE063F, 0x09D4065C, 0x09D50676,
	0x09D20690, 0x09C906A5, 0x09B906B6, 0x09A606C5, 0x098A06CD, 0x096906D4, 0x094706DA, 0x091A06D8, 0x08E706D2, 0x08B206CD, 0x087706C0,
	0x083706AD, 0x07F00698, 0x07A40680, 0x07580668, 0x07030644, 0x06A8061B, 0x065105F9, 0x05F405CF, 0x0590059C, 0x052F056D, 0x04C9053A,
	0x04610500, 0x03F704C5, 0x038C0487, 0x03220449, 0x02B40403, 0x024703BD, 0x01DB0377, 0x01680327, 0x00FA02D9, 0x0091028D, 0x00230239,
	0xFFB901E8, 0xFF520194, 0xFEEA013D, 0xFE8C00EE, 0xFE2B0099, 0xFDCB0040, 0xFD73FFEF, 0xFD19FF96, 0xFCC5FF3E, 0xFC79FEED, 0xFC2CFE9A,
	0xFBE4FE47, 0xFBA2FDF4, 0xFB64FDA3, 0xFB2CFD56, 0xFAF3FD04, 0xFAC3FCB8, 0xFA9CFC71, 0xFA72FC27, 0xFA50FBE4, 0xFA39FBA6, 0xFA24FB68,
	0xFA14FB2E, 0xFA04FAF0, 0xF9F8FAB5, 0xF9FAFA88, 0xF9FEFA5D, 0xFA01FA2D, 0xFA0AFA02, 0xFA1BF9DE, 0xFA2DF9BD, 0xFA43F99F, 0xFA5FF986,
	0xFA7BF96E, 0xFA9AF95B, 0xFAC0F94E, 0xFAE6F942, 0xFB0CF939, 0xFB3AF939, 0xFB6AF93C, 0xFB99F93F, 0xFBCAF947, 0xFBFAF951, 0xFC2BF95D,
	0xFC5FF970, 0xFC91F986, 0xFCC2F99C, 0xFCF4F9B5, 0xFD27F9D2, 0xFD59F9F2, 0xFD8AFA16, 0xFDB7FA3B, 0xFDE3FA62, 0xFE10FA8D, 0xFE3CFABC,
	0xFE62FAE8, 0xFE84FB15, 0xFEA7FB47, 0xFEC8FB7A, 0xFEE4FBAC, 0xFEFCFBE0, 0xFF16FC19, 0xFF2EFC53, 0xFF41FC8E, 0xFF51FCCA, 0xFF5DFD04,
	0xFF63FD3C, 0xFF69FD77, 0xFF70FDB7, 0xFF6FFDF3, 0xFF6DFE2F, 0xFF6AFE6E, 0xFF60FEA9, 0xFF55FEE5, 0xFF4CFF25, 0xFF3FFF61, 0xFF2FFF9C,
	0xFF1CFFD5, 0xFF08000E, 0xFEF5004C, 0xFEDE0086, 0xFEC900C1, 0xFEB70100, 0xFE9D0135, 0xFE820168, 0xFE6A019E, 0xFE4E01D0, 0xFE390208,
	0xFE260240, 0xFE0F026F, 0xFDFD02A3, 0xFDEB02D5, 0xFDD80304, 0xFDCC0336, 0xFDBB0360, 0xFDAE038C, 0xFDAE03C0, 0xFDA503E7, 0xFD9D040D,
	0xFD9E0438, 0xFD9D045B, 0xFDA40482, 0xFDB004AA, 0xFDB404C7, 0xFDC104E9, 0xFDD6050C, 0xFDE70527, 0xFDFC0543, 0xFE16055D, 0xFE340575,
	0xFE57058F, 0xFE7905A4, 0xFE9D05B7, 0xFEC605C8, 0xFEED05D5, 0xFF1905E2, 0xFF4805ED, 0xFF7B05F7, 0xFFB005FE, 0xFFE10601, 0x00140603,
	0x004D0603, 0x00880600, 0x00C105FB, 0x00F905F2, 0x013105E6, 0x016905D6, 0x01A105C5, 0x01DB05B3, 0x020E0599, 0x023F057B, 0x0273055F,
	0x02A2053D, 0x02D20519, 0x030304F5, 0x032C04C9, 0x0353049C, 0x0379046C, 0x039C0438, 0x03BC0404, 0x03D503C7, 0x03EA0387, 0x03FD0345,
	0x040B02FF, 0x041702B9, 0x041D026E, 0x041C021D, 0x041D01D0, 0x0416017D, 0x04060122, 0x03F600CB, 0x03E0006F, 0x03C3000D, 0x03A7FFAE,
	0x0382FF49, 0x0359FEE3, 0x0330FE81, 0x02FFFE17, 0x02C7FDA8, 0x028FFD3A, 0x0250FCCC, 0x020EFC5E, 0x01CAFBF0, 0x0184FB7E, 0x013BFB0D,
	0x00ECFA9A, 0x009BFA2A, 0x0050F9C0, 0xFFFFF951, 0xFFA6F8DE, 0xFF50F874, 0xFEFDF80D, 0xFEA7F7A2, 0xFE4EF738, 0xFDF4F6D1, 0xFD9EF670,
	0xFD49F611, 0xFCF5F5B3, 0xFCA6F55E, 0xFC53F509, 0xFC02F4B6, 0xFBBBF46E, 0xFB72F425, 0xFB2BF3E3, 0xFAEDF3AC, 0xFAAFF376, 0xFA74F343,
	0xFA40F31A, 0xFA10F2F9, 0xF9E8F2DF, 0xF9C6F2CC, 0xF9A7F2BE, 0xF98CF2B7, 0xF97BF2BC, 0xF972F2CA, 0xF96BF2DC, 0xF96AF2F5, 0xF975F31B,
	0xF985F348, 0xF99AF37C, 0xF9B9F3BC, 0xF9DFF402, 0xFA09F44F, 0xFA3AF4A7, 0xFA74F50B, 0xFAB6F577, 0xFAFBF5E8, 0xFB49F661, 0xFBA3F6E8,
	0xFC00F775, 0xFC5DF803, 0xFCC4F89F, 0xFD33F945, 0xFDA4F9ED, 0xFE1DFA9F, 0xFE9CFB59, 0xFF1EFC16, 0xFFA4FCDB, 0x002EFDA8, 0x00BAFE77,
	0x014CFF4C, 0x01DF0024, 0x027300FD, 0x030C01DD, 0x03A502BE, 0x043C03A0, 0x04D50487, 0x056F056F, 0x06050656, 0x069D073B, 0x07330821,
	0x07C70906, 0x085709E9, 0x08E30AC8, 0x09690BA1, 0x09EF0C79, 0x0A740D50, 0x0AEF0E1C, 0x0B630EE1, 0x0BD40FA3, 0x0C3C105D, 0x0C9A110D,
	0x0CF711B9, 0x0D4C125A, 0x0D9212EF, 0x0DD61380, 0x0E131408, 0x0E431481, 0x0E6C14EF, 0x0E8C1552, 0x0E9D15A6, 0x0EA415EE, 0x0EA4162A,
	0x0E9B165B, 0x0E87167F, 0x0E691694, 0x0E42169F, 0x0E0E1698, 0x0DD01683, 0x0D891663, 0x0D391634, 0x0CDF15F9, 0x0C7A15AF, 0x0C091555,
	0x0B9114EE, 0x0B11147A, 0x0A8513FA, 0x09F3136E, 0x095A12D5, 0x08BA1230, 0x0813117F, 0x076310C3, 0x06AB0FF9, 0x05EC0F23, 0x052C0E4A,
	0x04680D69, 0x039E0C7B, 0x02CF0B83, 0x01F80A81, 0x0121097C, 0x004E0875, 0xFF750764, 0xFE9A064E, 0xFDC10535, 0xFCE9041A, 0xFC1102FC,
	0xFB3801D9, 0xFA6200B8, 0xF98EFF94, 0xF8BBFE6E, 0xF7F0FD4F, 0xF725FC2E, 0xF660FB0E, 0xF5A6F9F8, 0xF4E9F8DF, 0xF437F7CF, 0xF390F6CA,
	0xF2E6F5C0, 0xF249F4C3, 0xF1B8F3D2, 0xF127F2E1, 0xF0A1F1FA, 0xF026F11D, 0xEFB4F04A, 0xEF4DEF85, 0xEEEBEEC5, 0xEE91EE0F, 0xEE46ED68,
	0xEE07ECCE, 0xEDD2EC41, 0xEDA5EBBD, 0xED85EB48, 0xED71EAE3, 0xED64EA89, 0xED64EA3E, 0xED71EA01, 0xED86E9CF, 0xEDA8E9AD, 0xEDD3E99A,
	0xEE06E991, 0xEE44E996, 0xEE8EE9AB, 0xEEE0E9CC, 0xEF3BE9F9, 0xEFA3EA37, 0xF010EA80, 0xF084EAD2, 0xF106EB35, 0xF18FEBA4, 0xF21BEC19,
	0xF2AFEC9C, 0xF348ED28, 0xF3E9EDBF, 0xF492EE61, 0xF540EF0C, 0xF5F1EFBE, 0xF6A6F075, 0xF761F137, 0xF820F201, 0xF8DEF2CC, 0xF99FF39D,
	0xFA62F474, 0xFB27F550, 0xFBF0F633, 0xFCB9F715, 0xFD7FF7F7, 0xFE44F8DB, 0xFF08F9C0, 0xFFCEFAA7, 0x0092FB8D, 0x014FFC6F, 0x020AFD50,
	0x02C6FE30, 0x037CFF0C, 0x042EFFE5, 0x04DB00BA, 0x05830189, 0x06270253, 0x06C30316, 0x075A03D2, 0x07EF048C, 0x087A053B, 0x08FD05E2,
	0x097C0685, 0x09F0071A, 0x0A5D07A9, 0x0AC70833, 0x0B2708AE, 0x0B7F0921, 0x0BD0098D, 0x0C1809EE, 0x0C590A46, 0x0C8E0A90, 0x0CC20AD5,
	0x0CF00B15, 0x0D0A0B3E, 0x0D210B62, 0x0D390B87, 0x0D420B9A, 0x0D420BA3, 0x0D3C0BA4, 0x0D2D0B9A, 0x0D1A0B89, 0x0D000B72, 0x0CDE0B51,
	0x0CB50B2B, 0x0C880AFB, 0x0C530AC3, 0x0C1E0A8A, 0x0BE40A4D, 0x0B9C0A03, 0x0B4D09B2, 0x0B000961, 0x0AAD0907, 0x0A5708AC, 0x09FF0851,
	0x099F07EF, 0x093D078B, 0x08D90724, 0x087206BC, 0x080D0657, 0x07A505EF, 0x073A0587, 0x06CD051D, 0x065F04B2, 0x05F4044C, 0x058403E5,
	0x0514037D, 0x04AB0320, 0x043E02BF, 0x03CD025C, 0x03640203, 0x02FD01AE, 0x0295015A, 0x022D0109, 0x01CA00BD, 0x01670073, 0x0105002E,
	0x00AAFFF3, 0x0051FFB9, 0xFFFAFF80, 0xFFA6FF4F, 0xFF51FF1E, 0xFF03FEF3, 0xFEBAFED2, 0xFE6FFEAF, 0xFE2BFE91, 0xFDECFE7B, 0xFDADFE66,
	0xFD70FE55, 0xFD39FE49, 0xFD07FE42, 0xFCD8FE3E, 0xFCA9FE3C, 0xFC7FFE3F, 0xFC59FE43, 0xFC32FE47, 0xFC0EFE4E, 0xFBF0FE59, 0xFBD6FE68,
	0xFBBDFE78, 0xFBA9FE8B, 0xFB9BFEA1, 0xFB8AFEB5, 0xFB7BFEC8, 0xFB70FEDE, 0xFB67FEF4, 0xFB61FF0B, 0xFB5FFF26, 0xFB5EFF3E, 0xFB5BFF51,
	0xFB5CFF66, 0xFB61FF7E, 0xFB64FF91, 0xFB6AFFA3, 0xFB71FFB7, 0xFB78FFC9, 0xFB84FFDB, 0xFB92FFEC, 0xFB9FFFF9, 0xFBAF0007, 0xFBBD0011,
	0xFBCB001C, 0xFBDD0029, 0xFBEE0030, 0xFC010035, 0xFC19003E, 0xFC2F0046, 0xFC42004A, 0xFC58004B, 0xFC720050, 0xFC890052, 0xFCA00052,
	0xFCBE0055, 0xFCD70053, 0xFCF00051, 0xFD0E0053, 0xFD2D0055, 0xFD4C0059, 0xFD670057, 0xFD840055, 0xFDAA005D, 0xFDCC0060, 0xFDEA0061,
	0xFE0C0066, 0xFE31006A, 0xFE550070, 0xFE780077, 0xFE9C007F, 0xFEC6008E, 0xFEEB0098, 0xFF1200A2, 0xFF3E00B4, 0xFF6200C0, 0xFF8800CF,
	0xFFB600E7, 0xFFE200FE, 0x000D0115, 0x0036012D, 0x005D0144, 0x008A0160, 0x00B5017D, 0x00DA0196, 0x010701B7, 0x013601DA, 0x015A01F4,
	0x01850216, 0x01B2023B, 0x01D40256, 0x01FB0279, 0x0223029C, 0x024602B8, 0x026E02DD, 0x02940300, 0x02B3031B, 0x02D20338, 0x02EE0352,
	0x0308036C, 0x03260389, 0x034203A1, 0x035A03B8, 0x036A03CA, 0x037B03D8, 0x039103E9, 0x03A003F3, 0x03A803F9, 0x03B103FD, 0x03B703FC,
	0x03BB03FA, 0x03BE03F5, 0x03BB03EA, 0x03B703DD, 0x03AE03CA, 0x03A003B0, 0x03900394, 0x037F0376, 0x03690353, 0x0351032B, 0x033502FC,
	0x031602C9, 0x02F30294, 0x02CC0259, 0x02A3021A, 0x027701D8, 0x0244018F, 0x02120143, 0x01DF00F6, 0x01A500A4, 0x016A0051, 0x012BFFF7,
	0x00E7FF97, 0x00A8FF3D, 0x0062FEDD, 0x0018FE76, 0xFFD0FE11, 0xFF84FDA8, 0xFF35FD3F, 0xFEE4FCD4, 0xFE90FC66, 0xFE41FBFE, 0xFDF1FB95,
	0xFD9FFB29, 0xFD4BFABE, 0xFCF3FA4E, 0xFCA0F9E7, 0xFC4CF980, 0xFBF5F915, 0xFBA6F8B6, 0xFB54F856, 0xFB00F7F3, 0xFAB3F79C, 0xFA66F746,
	0xFA1AF6F4, 0xF9D4F6A8, 0xF98BF65C, 0xF945F616, 0xF906F5D9, 0xF8CBF59F, 0xF891F569, 0xF859F53B, 0xF826F513, 0xF7F9F4F0, 0xF7D2F4D5,
	0xF7AEF4C1, 0xF78DF4B2, 0xF775F4AE, 0xF75FF4AD, 0xF74FF4B5, 0xF74BF4CC, 0xF745F4E0, 0xF745F4FC, 0xF754F528, 0xF763F553, 0xF776F585,
	0xF795F5C5, 0xF7B3F605, 0xF7D9F64D, 0xF80CF6A0, 0xF841F6F6, 0xF87BF753, 0xF8C1F7BB, 0xF90AF826, 0xF953F890, 0xF9A8F909, 0xFA0BF98B,
	0xFA6BFA09, 0xFACDFA8A, 0xFB39FB17, 0xFBAAFBA6, 0xFC1CFC33, 0xFC93FCC2, 0xFD13FD5A, 0xFD98FDF7, 0xFE1BFE90, 0xFEA0FF29, 0xFF2EFFC6,
	0xFFC50069, 0x00580109, 0x00E601A1, 0x017A023E, 0x020E02D7, 0x02A0036A, 0x033D0408, 0x03D804A2, 0x046C0531, 0x050305C2, 0x0597064C,
	0x062806D3, 0x06BC075B, 0x074907D8, 0x07D1084F, 0x085A08C8, 0x08DA0933, 0x09550997, 0x09D309FE, 0x0A470A59, 0x0AB10AAA, 0x0B1C0AFA,
	0x0B7D0B40, 0x0BD60B7D, 0x0C2B0BB8, 0x0C770BE6, 0x0CBB0C0C, 0x0CFC0C2F, 0x0D320C4A, 0x0D5D0C59, 0x0D810C5F, 0x0D9B0C5E, 0x0DA90C51,
	0x0DB10C3E, 0x0DB70C2D, 0x0DAC0C0D, 0x0D960BE3, 0x0D810BBC, 0x0D590B82, 0x0D290B42, 0x0CFC0B08, 0x0CBC0ABC, 0x0C700A69, 0x0C220A17,
	0x0BC709BA, 0x0B67095A, 0x0B0008F2, 0x0A900884, 0x0A180814, 0x0998079E, 0x09130725, 0x088906AB, 0x07F6062A, 0x076105A8, 0x06C90524,
	0x062A049D, 0x05870416, 0x04E2038F, 0x04360303, 0x03840272, 0x02D601E9, 0x02270161, 0x017100D3, 0x00C0004B, 0x000FFFC5, 0xFF5CFF3C,
	0xFEADFEB9, 0xFDFFFE37, 0xFD51FDB7, 0xFCA5FD3B, 0xFBFCFCBF, 0xFB59FC4A, 0xFAB8FBD6, 0xFA1DFB68, 0xF988FB01, 0xF8F5FA9A, 0xF86CFA3D,
	0xF7E8F9E4, 0xF765F98A, 0xF6F1F93E, 0xF685F8F7, 0xF61DF8B1, 0xF5BFF874, 0xF566F83A, 0xF517F808, 0xF4D4F7E0, 0xF497F7B9, 0xF463F799,
	0xF435F77E, 0xF40FF768, 0xF3F9F75E, 0xF3ECF75B, 0xF3E4F75A, 0xF3E9F761, 0xF3FAF771, 0xF40FF784, 0xF42CF79C, 0xF458F7BF, 0xF48BF7E5,
	0xF4C3F80E, 0xF504F83F, 0xF54EF874, 0xF5A3F8B2, 0xF5FEF8F4, 0xF659F935, 0xF6C0F97D, 0xF732F9CD, 0xF7A4FA1B, 0xF81DFA70, 0xF8A1FACF,
	0xF922FB29, 0xF9A3FB81, 0xFA33FBE7, 0xFAC6FC4E, 0xFB51FCAD, 0xFBE4FD16, 0xFC79FD80, 0xFD0BFDE7, 0xFDA4FE54, 0xFE3BFEC0, 0xFECFFF2B,
	0xFF66FF99, 0xFFF90004, 0x0087006C, 0x011400D6, 0x01A0013F, 0x022601A5, 0x02A60208, 0x0325026D, 0x039E02CE, 0x040E0327, 0x04780381,
	0x04DF03D9, 0x05430432, 0x059D0484, 0x05E704C8, 0x06320512, 0x0678055A, 0x06AE0595, 0x06DF05CE, 0x070A0606, 0x072C0638, 0x07450666,
	0x0755068E, 0x075E06B2, 0x075B06CE, 0x075106E6, 0x074206FD, 0x07250707, 0x0702070F, 0x06D70713, 0x06A2070C, 0x066C0709, 0x062F0700,
	0x05E306ED, 0x059406D7, 0x053E06B9, 0x04E40698, 0x048A0678, 0x04270650, 0x03BD0622, 0x035005F0, 0x02E205BD, 0x026E0583, 0x01F50543,
	0x017E0504, 0x010404C0, 0x00880476, 0x000E042D, 0xFF9103DF, 0xFF180393, 0xFEA10347, 0xFE2802F1, 0xFDB4029D, 0xFD44024A, 0xFCD201F2,
	0xFC65019A, 0xFBFC0141, 0xFB9700E5, 0xFB38008D, 0xFAE20036, 0xFA8DFFDB, 0xFA3CFF7E, 0xF9F7FF28, 0xF9B6FED3, 0xF979FE7B, 0xF949FE27,
	0xF91FFDD4, 0xF8FAFD83, 0xF8DCFD35, 0xF8C6FCE6, 0xF8B7FC98, 0xF8ADFC4B, 0xF8AFFC05, 0xF8BBFBC4, 0xF8C9FB7E, 0xF8DFFB3E, 0xF900FB04,
	0xF925FAC9, 0xF94FFA91, 0xF981FA5E, 0xF9BAFA2E, 0xF9FCFA02, 0xFA44F9DA, 0xFA8FF9B5, 0xFADFF994, 0xFB36F975, 0xFB90F959, 0xFBECF93F,
	0xFC4EF92C, 0xFCB4F91C, 0xFD1CF90E, 0xFD88F907, 0xFDF4F903, 0xFE60F900, 0xFECEF8FF, 0xFF41F906, 0xFFB3F911, 0x001EF919, 0x008CF925,
	0x00FCF935, 0x0169F945, 0x01D8F95F, 0x0241F97A, 0x02A6F995, 0x030EF9BA, 0x036DF9DC, 0x03C7F9FF, 0x0423FA29, 0x0477FA4F, 0x04C6FA7A,
	0x0512FAAB, 0x0557FADB, 0x0599FB0D, 0x05D2FB3D, 0x060AFB72, 0x0641FBAF, 0x066CFBE6, 0x0691FC1F, 0x06B4FC5C, 0x06CEFC96, 0x06E4FCD2,
	0x06F3FD0F, 0x06FCFD4F, 0x0701FD8E, 0x0700FDCC, 0x06FCFE0D, 0x06F2FE4E, 0x06E4FE90, 0x06D0FED1, 0x06B2FF0D, 0x0697FF50, 0x0678FF93,
	0x064FFFCE, 0x0626000E, 0x05FD0050, 0x05D20092, 0x05A000D1, 0x0568010B, 0x05310148, 0x04FA0184, 0x04C001C1, 0x04880200, 0x04480237,
	0x0408026D, 0x03CC02A7, 0x038E02DD, 0x03510315, 0x03130349, 0x02D20378, 0x029803AB, 0x026103DF, 0x02280410, 0x01F0043F, 0x01BD046E,
	0x018C049C, 0x015804C5, 0x012804EF, 0x00FF051C, 0x00D50541, 0x00AB0564, 0x0089058B, 0x006B05B2, 0x004D05D3, 0x003405F5, 0x001D0616,
	0x00050633, 0xFFF60654, 0xFFEC0673, 0xFFE2068C, 0xFFDD06A8, 0xFFD806C0, 0xFFD506D5, 0xFFDC06F1, 0xFFE20707, 0xFFE70719, 0xFFF1072D,
	0xFFFC073B, 0x00090748, 0x00190758, 0x002A0766, 0x003A076E, 0x004B0773, 0x0061077A, 0x0076077D, 0x0089077C, 0x009E077B, 0x00B00775,
	0x00C3076D, 0x00D80766, 0x00E9075A, 0x00F7074A, 0x01020734, 0x010D071C, 0x011A0707, 0x012106EC, 0x012406CA, 0x012506A4, 0x0123067A,
	0x011D064F, 0x0113061E, 0x010605E7, 0x00F405AD, 0x00DA056B, 0x00BC0526, 0x009D04DE, 0x007B0495, 0x00530447, 0x002503F0, 0xFFF70398,
	0xFFBF0337, 0xFF7F02CF, 0xFF43026E, 0xFEFD0202, 0xFEAD018C, 0xFE600119, 0xFE0C009F, 0xFDB70024, 0xFD5CFFA5, 0xFCFAFF1E, 0xFC9CFE9D,
	0xFC3BFE18, 0xFBD3FD8C, 0xFB67FCFD, 0xFAF6FC69, 0xFA8AFBD9, 0xFA1FFB4D, 0xF9ACFAB6, 0xF939FA21, 0xF8C8F98F, 0xF858F8FD, 0xF7EBF86E,
	0xF77CF7DC, 0xF710F74E, 0xF6A7F6C5, 0xF640F63C, 0xF5DDF5B5, 0xF57CF532, 0xF520F4B6, 0xF4CFF442, 0xF480F3CE, 0xF433F35E, 0xF3EBF2F6,
	0xF3ABF295, 0xF375F23E, 0xF348F1F0, 0xF321F1A8, 0xF301F167, 0xF2EBF12E, 0xF2DFF101, 0xF2DAF0DD, 0xF2E1F0C6, 0xF2F6F0BD, 0xF310F0B7,
	0xF330F0B8, 0xF360F0CA, 0xF39AF0E6, 0xF3DBF109, 0xF42CF13C, 0xF488F17D, 0xF4E9F1C3, 0xF55AF21A, 0xF5D6F27D, 0xF656F2E5, 0xF6E4F35D,
	0xF77BF3DE, 0xF81AF468, 0xF8C7F505, 0xF979F5A5, 0xFA32F64D, 0xFAFAF705, 0xFBC5F7C3, 0xFC96F889, 0xFD6DF956, 0xFE4AFA2B, 0xFF2FFB0B,
	0x0015FBED, 0x00FFFCD4, 0x01F3FDC9, 0x02E4FEBD, 0x03D6FFB4, 0x04CE00B4, 0x05C301B2, 0x06B602B0, 0x07AA03B2, 0x089A04B2, 0x098905B6,
	0x0A7906BD, 0x0B6007BC, 0x0C4208B8, 0x0D2409B6, 0x0DFB0AAA, 0x0ECB0B9B, 0x0F980C8C, 0x10580D70, 0x11100E50, 0x11BB0F24, 0x125A0FED,
	0x12FB10BC, 0x138E117D, 0x1410122E, 0x148C12DB, 0x14F51377, 0x15521407, 0x15A6148F, 0x15E91506, 0x16211574, 0x164915D3, 0x16601621,
	0x16731668, 0x1673169D, 0x165F16BD, 0x164116D4, 0x161816DD, 0x15DF16D5, 0x159116B7, 0x153A1690, 0x14DC1660, 0x14691618, 0x13E915C0,
	0x135F155D, 0x12C314E4, 0x121E1461, 0x117013D2, 0x10B51332, 0x0FED1283, 0x0F1A11C5, 0x0E4110FD, 0x0D5D1028, 0x0C700F45, 0x0B7E0E59,
	0x0A820D5F, 0x097B0C57, 0x08730B4A, 0x07640A33, 0x064D090D, 0x053307E1, 0x041906B0, 0x02F90577, 0x01D60438, 0x00B402F7, 0xFF8F01AD,
	0xFE6C0062, 0xFD49FF13, 0xFC22FDBE, 0xFB00FC6B, 0xF9E1FB19, 0xF8C5F9C6, 0xF7B1F878, 0xF69CF728, 0xF589F5D9, 0xF483F496, 0xF37FF353,
	0xF27EF20F, 0xF189F0D8, 0xF0A1EFAE, 0xEFBEEE8A, 0xEEE4ED6D, 0xEE16EC5D, 0xED4EEB54, 0xEC8CEA54, 0xEBD7E962, 0xEB32E87F, 0xEA97E7AA,
	0xEA06E6E1, 0xE984E629, 0xE910E581, 0xE8A6E4E6, 0xE84AE45C, 0xE7FDE3E6, 0xE7BCE37F, 0xE78BE32C, 0xE765E2E9, 0xE74FE2B9, 0xE748E29F,
	0xE74BE291, 0xE75EE296, 0xE781E2B3, 0xE7ADE2DF, 0xE7EAE321, 0xE836E375, 0xE88BE3D7, 0xE8EFE44F, 0xE964E4DC, 0xE9E5E57A, 0xEA6FE627,
	0xEB04E6E4, 0xEBA9E7B7, 0xEC57E897, 0xED0DE984, 0xEDD0EA82, 0xEE9CEB8B, 0xEF70ECA2, 0xF04EEDC9, 0xF137EEFD, 0xF224F039, 0xF317F17D,
	0xF416F2D1, 0xF518F429, 0xF61BF583, 0xF729F6EB, 0xF839F856, 0xF949F9C4, 0xFA60FB3A, 0xFB73FCAB, 0xFC8BFE23, 0xFDA3FF9A, 0xFEB7010A,
	0xFFD00282, 0x00E303F2, 0x01ED0557, 0x030006C3, 0x04110828, 0x05140981, 0x06110AD2, 0x070C0C1B, 0x08030D5D, 0x08F30E95, 0x09DB0FC0,
	0x0AB910DE, 0x0B8F11F0, 0x0C5D12F8, 0x0D1F13EC, 0x0DD614CF, 0x0E8915AB, 0x0F321678, 0x0FCD1733, 0x105C17DC, 0x10E11873, 0x115C18FE,
	0x11CB1977, 0x122B19DC, 0x12821A32, 0x12CE1A79, 0x130D1AAE, 0x133F1AD0, 0x13641AE0, 0x13811AE3, 0x13931AD6, 0x13991AB8, 0x13901A89,
	0x137D1A4C, 0x13661A06, 0x134219AF, 0x13101946, 0x12D618D2, 0x12941851, 0x124917C4, 0x11F8172E, 0x119D168D, 0x113515DD, 0x10C51524,
	0x10531468, 0x0FDB13A2, 0x0F5B12D2, 0x0ED81200, 0x0E4F1129, 0x0DC1104B, 0x0D310F68, 0x0C9F0E83, 0x0C080D9D, 0x0B6B0CAF, 0x0ACF0BC3,
	0x0A320AD7, 0x099109EA, 0x08F40900, 0x08540813, 0x07B20724, 0x07180640, 0x067E055E, 0x05DD0477, 0x053E0394, 0x04A502B8, 0x040E01E2,
	0x0376010C, 0x02E3003F, 0x0256FF79, 0x01C8FEB3, 0x013EFDF4, 0x00B6FD3B, 0x0033FC87, 0xFFB9FBE1, 0xFF40FB3D, 0xFEC4FA99, 0xFE4CF9FC,
	0xFDDBF967, 0xFD70F8DB, 0xFD03F850, 0xFC9AF7CB, 0xFC3BF753, 0xFBDBF6DC, 0xFB7FF66C, 0xFB28F602, 0xFAD0F599, 0xFA80F53C, 0xFA32F4E5,
	0xF9E6F490, 0xF9A1F444, 0xF95EF3FA, 0xF918F3B0, 0xF8D7F36D, 0xF89EF333, 0xF867F2FD, 0xF82DF2C9, 0xF7F7F298, 0xF7C8F26D, 0xF79AF244,
	0xF76EF222, 0xF742F200, 0xF71CF1E2, 0xF6FBF1CB, 0xF6D6F1B1, 0xF6B6F19F, 0xF69DF193, 0xF683F185, 0xF66CF17D, 0xF656F177, 0xF644F174,
	0xF635F178, 0xF624F179, 0xF61AF182, 0xF616F192, 0xF60FF19C, 0xF60FF1AF, 0xF614F1CB, 0xF616F1E2, 0xF61EF1FF, 0xF62EF223, 0xF63BF245,
	0xF64CF26C, 0xF668F29F, 0xF683F2D0, 0xF698F2FF, 0xF6B9F339, 0xF6E1F37A, 0xF708F3B9, 0xF734F3FF, 0xF767F44B, 0xF799F497, 0xF7CDF4E7,
	0xF80AF543, 0xF84BF5A3, 0xF88CF602, 0xF8D5F66A, 0xF922F6D8, 0xF96EF746, 0xF9BEF7B9, 0xFA11F82F, 0xFA67F8AA, 0xFAC4F92E, 0xFB22F9B2,
	0xFB84FA39, 0xFBE8FAC4, 0xFC4EFB52, 0xFCB8FBE7, 0xFD24FC80, 0xFD90FD16, 0xFDFEFDAC, 0xFE6FFE4A, 0xFEE2FEEF, 0xFF52FF91, 0xFFC70036,
	0x003F00DF, 0x00B10183, 0x0126022D, 0x019E02D6, 0x0213037A, 0x028C0424, 0x030104CC, 0x0372056F, 0x03E40614, 0x045306B5, 0x04C00755,
	0x052F07F7, 0x05990890, 0x05FF0925, 0x066209B8, 0x06C20A48, 0x07200AD5, 0x077B0B5B, 0x07D30BDC, 0x08220C54, 0x086D0CC7, 0x08B80D38,
	0x08FB0D9F, 0x09360DFE, 0x096D0E55, 0x099E0EA4, 0x09CB0EEE, 0x09F10F2D, 0x0A100F61, 0x0A270F8E, 0x0A350FB0, 0x0A410FCC, 0x0A420FDA,
	0x0A390FDC, 0x0A320FDF, 0x0A200FD4, 0x0A030FBA, 0x09E50F9C, 0x09BC0F71, 0x098A0F3B, 0x09510EF9, 0x090D0EAA, 0x08C70E56, 0x087C0DFA,
	0x08250D8F, 0x07C50D1B, 0x07610CA2, 0x06F70C21, 0x06820B90, 0x06090AF9, 0x058D0A5F, 0x050909BA, 0x047E090D, 0x03EE0858, 0x035B079D,
	0x02C706E1, 0x022A061A, 0x0187054C, 0x00E4047E, 0x003D03AA, 0xFF9502D5, 0xFEEA01FE, 0xFE3C0123, 0xFD8B0044, 0xFCDAFF66, 0xFC2CFE8D,
	0xFB7FFDB6, 0xFAD1FCDA, 0xFA27FC05, 0xF97CFB32, 0xF8D0FA5F, 0xF831F998, 0xF796F8D5, 0xF6F5F810, 0xF65AF753, 0xF5CBF6A1, 0xF541F5F6,
	0xF4BAF550, 0xF437F4B0, 0xF3C0F41B, 0xF356F397, 0xF2F0F319, 0xF28FF2A4, 0xF23BF23D, 0xF1EEF1DE, 0xF1AFF18F, 0xF17BF14F, 0xF14DF114,
	0xF12FF0EA, 0xF11EF0D0, 0xF112F0BC, 0xF113F0B8, 0xF123F0C1, 0xF13DF0D8, 0xF163F0FF, 0xF193F12D, 0xF1D5F16D, 0xF222F1BB, 0xF274F20D,
	0xF2D7F270, 0xF349F2E0, 0xF3C1F358, 0xF445F3DE, 0xF4D4F46D, 0xF572F509, 0xF61BF5B0, 0xF6C7F658, 0xF780F70D, 0xF844F7CB, 0xF90CF88A,
	0xF9DDF953, 0xFAB7FA24, 0xFB98FAFA, 0xFC7FFBD3, 0xFD69FCAA, 0xFE58FD85, 0xFF4EFE67, 0x0043FF47, 0x01380023, 0x02320100, 0x032E01DC,
	0x042902B6, 0x0524038D, 0x061B045F, 0x0710052D, 0x080305F7, 0x08EC06B5, 0x09D5076F, 0x0ABC0824, 0x0B9608CA, 0x0C6C096E, 0x0D390A0A,
	0x0DF80A95, 0x0EB10B1A, 0x0F600B92, 0x10020BFC, 0x109B0C5F, 0x11250CB3, 0x11A30CFA, 0x12160D37, 0x127A0D63, 0x12D30D85, 0x131A0D9A,
	0x134F0DA0, 0x137D0D9C, 0x13980D86, 0x13A10D66, 0x13A00D40, 0x138F0D09, 0x136F0CC3, 0x13400C73, 0x12FF0C17, 0x12B00BAF, 0x12530B3C,
	0x11E80ABE, 0x11700A39, 0x10E909A9, 0x1052090E, 0x0FB0086C, 0x0F0507C4, 0x0E4F0714, 0x0D8C065E, 0x0CBF05A5, 0x0BE704E4, 0x0B07041D,
	0x0A1F0354, 0x092F0288, 0x083801B9, 0x073E00EA, 0x0641001C, 0x053AFF4B, 0x0431FE7B, 0x032AFDAF, 0x021EFCE4, 0x0112FC1D, 0x0006FB58,
	0xFEF9FA93, 0xFDF6F9DB, 0xFCF5F92A, 0xFBF0F876, 0xFAF5F7CE, 0xFA01F72E, 0xF90FF693, 0xF826F603, 0xF745F57A, 0xF66CF4F9, 0xF59CF483,
	0xF4D9F419, 0xF423F3BB, 0xF373F364, 0xF2CDF315, 0xF23AF2D7, 0xF1B3F2A5, 0xF136F27C, 0xF0CAF261, 0xF070F256, 0xF01BF24F, 0xEFD2F252,
	0xEF9EF268, 0xEF78F288, 0xEF60F2B2, 0xEF5CF2EE, 0xEF63F331, 0xEF76F37F, 0xEF99F3D8, 0xEFCAF43A, 0xF00EF4AD, 0xF05DF529, 0xF0B6F5A7,
	0xF124F636, 0xF19FF6CF, 0xF21DF769, 0xF2AAF80F, 0xF349F8C0, 0xF3EDF975, 0xF49CFA32, 0xF55AFAFA, 0xF61DFBC3, 0xF6E3FC8D, 0xF7B8FD65,
	0xF894FE3E, 0xF96DFF11, 0xFA51FFED, 0xFB3C00CB, 0xFC2401A4, 0xFD0F0282, 0xFE020364, 0xFEF30442, 0xFFE0051B, 0x00CF05F6, 0x01BF06D0,
	0x02AC07A6, 0x03940878, 0x04740941, 0x05510A07, 0x062D0ACB, 0x06FF0B85, 0x07C90C39, 0x088A0CE4, 0x093E0D7F, 0x09EF0E1B, 0x0A980EB2,
	0x0B2F0F35, 0x0BBE0FB2, 0x0C441028, 0x0CB8108E, 0x0D2310EC, 0x0D821142, 0x0DCD1184, 0x0E0D11BD, 0x0E4311EF, 0x0E681211, 0x0E7C1224,
	0x0E85122E, 0x0E81122C, 0x0E6E121D, 0x0E4B1200, 0x0E1811D3, 0x0DDA119D, 0x0D90115E, 0x0D351110, 0x0CCD10B4, 0x0C5A104D, 0x0BD90FDD,
	0x0B4A0F61, 0x0AAF0ED7, 0x0A0C0E44, 0x095E0DA8, 0x08A40D01, 0x07E00C50, 0x07170B97, 0x06490ADA, 0x056F0A12, 0x048D0940, 0x03AD086C,
	0x02C70791, 0x01D706AC, 0x00E205BF, 0xFFF004D1, 0xFEFD03E2, 0xFE0702EC, 0xFD1301F6, 0xFC210100, 0xFB2F0009, 0xFA3EFF0E, 0xF951FE11,
	0xF869FD16, 0xF788FC1E, 0xF6ABFB27, 0xF5D7FA32, 0xF509F93F, 0xF43EF84C, 0xF381F763, 0xF2CDF67D, 0xF21EF597, 0xF17DF4BA, 0xF0E5F3E2,
	0xF057F30E, 0xEFD8F247, 0xEF65F187, 0xEEFCF0CA, 0xEEA1F018, 0xEE50EF6C, 0xEE0AEEC9, 0xEDD7EE30, 0xEDAEED9D, 0xED91ED13, 0xED86EC9B,
	0xED86EC2B, 0xED8BEBBA, 0xEDA2EB59, 0xEDC8EB06, 0xEDF3EAB6, 0xEE2FEA74, 0xEE7BEA40, 0xEECDEA12, 0xEF29E9EE, 0xEF93E9D8, 0xF006E9CB,
	0xF082E9C7, 0xF106E9CC, 0xF194E9DD, 0xF22BE9F9, 0xF2C8EA1B, 0xF36EEA4A, 0xF41AEA83, 0xF4CCEAC5, 0xF583EB0F, 0xF63DEB5F, 0xF6F9EBB9,
	0xF7BBEC1E, 0xF87EEC87, 0xF945ECFB, 0xFA12ED7D, 0xFADCEE02, 0xFBA3EE87, 0xFC6EEF19, 0xFD39EFB4, 0xFDFEF051, 0xFEC5F0F6, 0xFF8EF1A3,
	0x0051F254, 0x0110F309, 0x01CCF3C3, 0x0285F482, 0x033AF548, 0x03EDF613, 0x049BF6DF, 0x0543F7AD, 0x05E4F87E, 0x067EF952, 0x0715FA29,
	0x07A9FB05, 0x0835FBE0, 0x08B7FCBA, 0x0938FD9A, 0x09B6FE7E, 0x0A29FF5C, 0x0A950039, 0x0B03011E, 0x0B670200, 0x0BBF02DE, 0x0C1703C0,
	0x0C6D04A1, 0x0CB7057B, 0x0CFC0653, 0x0D3C072B, 0x0D760800, 0x0DAE08D5, 0x0DE309A9, 0x0E100A75, 0x0E370B3F, 0x0E5D0C06, 0x0E7A0CC4,
	0x0E930D7E, 0x0EAC0E3A, 0x0EC20EF0, 0x0ED10F9D, 0x0EDE1048, 0x0EE710EB, 0x0EED1188, 0x0EF51225, 0x0EF712B9, 0x0EF11341, 0x0EEB13C3,
	0x0EE71441, 0x0EE014BA, 0x0ED5152B, 0x0EC41591, 0x0EB715F4, 0x0EA91652, 0x0E9316A2, 0x0E7A16E8, 0x0E681730, 0x0E52176E, 0x0E32179C,
	0x0E1517C7, 0x0DF917EE, 0x0DD81807, 0x0DB51819, 0x0D941827, 0x0D6F182B, 0x0D461826, 0x0D1C181A, 0x0CF01806, 0x0CC217E9, 0x0C8E17C2,
	0x0C5B1796, 0x0C281765, 0x0BEF172A, 0x0BB216E6, 0x0B77169D, 0x0B36164B, 0x0AF015F1, 0x0AAA1593, 0x0A62152D, 0x0A1314BD, 0x09C11449,
	0x096E13CF, 0x0916134C, 0x08BA12C4, 0x085A1236, 0x07F511A3, 0x078E110B, 0x07221069, 0x06B10FC3, 0x063E0F1A, 0x05C70E6B, 0x054B0DB5,
	0x04CB0CFD, 0x04460C3E, 0x03BF0B79, 0x03340AB2, 0x02A009E3, 0x02090910, 0x0173083E, 0x00D70765, 0x00330686, 0xFF8F05A6, 0xFEE804C2,
	0xFE3C03DB, 0xFD8D02F4, 0xFCDC0207, 0xFC260117, 0xFB720028, 0xFAB8FF36, 0xF9FAFE3C, 0xF93EFD46, 0xF880FC50, 0xF7BAFB51, 0xF6F9FA55,
	0xF63BF95D, 0xF578F862, 0xF4B2F764, 0xF3F2F668, 0xF331F56B, 0xF26EF46E, 0xF1AEF376, 0xF0F3F27E, 0xF03BF187, 0xEF84F092, 0xEECEEF9E,
	0xEE1EEEAE, 0xED73EDC4, 0xECCDECDE, 0xEC2AEBFB, 0xEB8CEB19, 0xEAF4EA3C, 0xEA64E968, 0xE9DCE89C, 0xE95AE7D4, 0xE8DEE70F, 0xE86CE655,
	0xE804E5A3, 0xE7A4E4F6, 0xE74DE452, 0xE702E3BB, 0xE6C1E32D, 0xE688E2A5, 0xE65AE229, 0xE638E1B9, 0xE622E154, 0xE618E0FC, 0xE619E0AE,
	0xE625E06B, 0xE63EE036, 0xE664E00E, 0xE697DFF4, 0xE6D7DFEB, 0xE723DFEF, 0xE77DE001, 0xE7E1E01E, 0xE852E04B, 0xE8D4E08D, 0xE961E0DB,
	0xE9F7E135, 0xEA9BE1A0, 0xEB4AE21A, 0xEC05E2A2, 0xECD0E33E, 0xEDA1E3E4, 0xEE79E499, 0xEF64E566, 0xF058E63E, 0xF14DE71D, 0xF251E811,
	0xF361E915, 0xF475EA24, 0xF592EB41, 0xF6B4EC6A, 0xF7DAED9E, 0xF90AEEE3, 0xFA40F033, 0xFB77F18A, 0xFCB2F2ED, 0xFDF0F459, 0xFF2FF5CD,
	0x0070F74C, 0x01B1F8D1, 0x02F3FA5B, 0x0436FBEC, 0x0574FD82, 0x06B3FF1E, 0x07F200C0, 0x0927025E, 0x0A5403FB, 0x0B80059E, 0x0CA90742,
	0x0DCA08E2, 0x0EE20A7D, 0x0FF20C17, 0x10FA0DAC, 0x11F80F3C, 0x12EE10C5, 0x13D81246, 0x14B513BE, 0x1588152F, 0x164F1694, 0x170717E7,
	0x17B31933, 0x18531A78, 0x18E31BA6, 0x19631CC3, 0x19D81DD5, 0x1A3F1ED7, 0x1A9A1FC8, 0x1AE420A5, 0x1B18216B, 0x1B3F2222, 0x1B5C22C7,
	0x1B662353, 0x1B6123CB, 0x1B4E242F, 0x1B272478, 0x1AF224AD, 0x1AAF24CF, 0x1A5D24D6, 0x19FD24C7, 0x199024A2, 0x19122465, 0x188B2412,
	0x17F823AA, 0x17532328, 0x16A12290, 0x15E821E2, 0x15252120, 0x14542048, 0x13761F58, 0x12931E58, 0x11AB1D46, 0x10B71C1E, 0x0FB81AE3,
	0x0EB6199A, 0x0DB01841, 0x0CA216D5, 0x0B8D155B, 0x0A7613D7, 0x09601248, 0x084510AB, 0x07270F01, 0x060B0D54, 0x04EE0B9F, 0x03D109E1,
	0x02BA0821, 0x01A3065D, 0x008A0493, 0xFF7702C9, 0xFE6C0101, 0xFD64FF3B, 0xFC62FD79, 0xFB67FBBB, 0xFA73FA02, 0xF988F852, 0xF8A3F6A9,
	0xF7C8F50A, 0xF6F6F375, 0xF62FF1EE, 0xF574F077, 0xF4C4EF0C, 0xF41DEDAF, 0xF381EC63, 0xF2F1EB27, 0xF26FE9FD, 0xF1FBE8EB, 0xF194E7ED,
	0xF137E6FF, 0xF0E9E629, 0xF0A6E56C, 0xF071E4C3, 0xF04CE431, 0xF034E3B5, 0xF027E352, 0xF028E30B, 0xF039E2DA, 0xF055E2BF, 0xF07CE2BC,
	0xF0B0E2D2, 0xF0F4E300, 0xF141E345, 0xF196E39F, 0xF1F9E410, 0xF268E498, 0xF2DFE534, 0xF362E5E9, 0xF3EDE6B2, 0xF47DE788, 0xF518E873,
	0xF5BAE970, 0xF660EA7B, 0xF710EB99, 0xF7C3ECC1, 0xF877EDF2, 0xF937EF38, 0xF9FFF08E, 0xFAC2F1E4, 0xFB82F33E, 0xFC47F4A2, 0xFD0CF60B,
	0xFDD0F778, 0xFE96F8EB, 0xFF5CFA64, 0x001CFBD9, 0x00D4FD46, 0x018CFEB4, 0x02420023, 0x02EE0187, 0x039702E5, 0x043D0440, 0x04D7058F,
	0x056A06D6, 0x05FB0816, 0x06800947, 0x06FC0A69, 0x07700B81, 0x07DB0C8C, 0x083C0D89, 0x08920E75, 0x08DC0F4E, 0x091E1019, 0x095610D3,
	0x097F1178, 0x09A21211, 0x09BD129B, 0x09C7130C, 0x09C9136C, 0x09C213BD, 0x09AE13F8, 0x098F1421, 0x09691439, 0x0937143D, 0x08FE1433,
	0x08BE141B, 0x087213EE, 0x081C13B2, 0x07C11367, 0x075C130A, 0x06F112A2, 0x06831230, 0x060E11AD, 0x0591111C, 0x050F1080, 0x04890FDA,
	0x03FF0F2C, 0x03720E74, 0x02E10DB2, 0x024D0CE9, 0x01B90C1C, 0x01250B49, 0x008D0A6E, 0xFFF3098D, 0xFF5C08AD, 0xFECA07CE, 0xFE3706EB,
	0xFDA10604, 0xFD12051F, 0xFC85043C, 0xFBF80358, 0xFB710276, 0xFAED0197, 0xFA6900B9, 0xF9ECFFE2, 0xF979FF12, 0xF905FE43, 0xF895FD7A,
	0xF82EFCB9, 0xF7CBFBFA, 0xF76CFB41, 0xF711FA90, 0xF6BCF9E8, 0xF670F947, 0xF629F8AB, 0xF5E3F815, 0xF5A5F78A, 0xF56EF708, 0xF539F689,
	0xF50CF614, 0xF4E4F5A6, 0xF4BEF53C, 0xF4A0F4DC, 0xF489F489, 0xF472F439, 0xF45EF3EE, 0xF453F3AC, 0xF44DF371, 0xF446F339, 0xF443F30B,
	0xF444F2E4, 0xF449F2C1, 0xF44FF2A0, 0xF45AF287, 0xF46AF277, 0xF479F26A, 0xF486F25C, 0xF498F254, 0xF4B0F257, 0xF4CAF25E, 0xF4E2F265,
	0xF4FCF26E, 0xF51BF27D, 0xF539F28D, 0xF559F2A3, 0xF57EF2BF, 0xF5A3F2DC, 0xF5C5F2F9, 0xF5EAF31A, 0xF614F341, 0xF642F36B, 0xF66EF395,
	0xF699F3C2, 0xF6C9F3F4, 0xF6FEF42A, 0xF734F461, 0xF76AF49B, 0xF7A3F4D8, 0xF7E0F518, 0xF820F55D, 0xF862F5A2, 0xF8A5F5EA, 0xF8F1F63A,
	0xF942F690, 0xF994F6E5, 0xF9E7F73D, 0xFA3FF799, 0xFA9FF7FD, 0xFB05F865, 0xFB6BF8CF, 0xFBD7F93F, 0xFC4BF9B6, 0xFCC0FA2D, 0xFD3BFAA9,
	0xFDBDFB2C, 0xFE3EFBAD, 0xFEC5FC32, 0xFF58FCC3, 0xFFEBFD57, 0x0081FDEE, 0x0122FE8D, 0x01C7FF2C, 0x026CFFCB, 0x031A0073, 0x03CE0122,
	0x048201D1, 0x053A0281, 0x05F80336, 0x06BB03F1, 0x077D04AB, 0x083F0564, 0x09090622, 0x09D806E3, 0x0AA107A0, 0x0B6B085E, 0x0C3C0922,
	0x0D0C09E3, 0x0DD90AA0, 0x0EA60B5D, 0x0F730C17, 0x103D0CD0, 0x11060D88, 0x11CE0E3D, 0x12910EEC, 0x134D0F94, 0x14041038, 0x14BA10D6,
	0x156B116F, 0x16151202, 0x16B7128D, 0x1753130F, 0x17E7138A, 0x187113F9, 0x18F21460, 0x196C14C0, 0x19DB1514, 0x1A40155C, 0x1A971598,
	0x1AE115C5, 0x1B2515EA, 0x1B5C1605, 0x1B7F160D, 0x1B98160A, 0x1BAA15FF, 0x1BA815DF, 0x1B9515B0, 0x1B791578, 0x1B4E152F, 0x1B1214D5,
	0x1AC81471, 0x1A6B13FE, 0x1A01137B, 0x198B12EC, 0x19061250, 0x186F11A5, 0x17C710E8, 0x170D101E, 0x16470F4A, 0x15730E68, 0x148E0D78,
	0x139E0C7F, 0x12A00B7C, 0x11900A69, 0x1070094A, 0x0F460823, 0x0E1206F4, 0x0CD105BF, 0x0B81047E, 0x0A270337, 0x08C601EF, 0x0758009D,
	0x05E1FF46, 0x0466FDEF, 0x02DEFC90, 0x0150FB30, 0xFFC0F9D4, 0xFE2AF877, 0xFC90F71A, 0xFAF5F5C1, 0xF955F469, 0xF7B3F314, 0xF610F1C6,
	0xF46CF07B, 0xF2CFEF3B, 0xF136EE05, 0xEF9CECD6, 0xEE09EBB3, 0xEC7FEA9B, 0xEAF8E98C, 0xE97EE88E, 0xE810E7A2, 0xE6A7E6BE, 0xE54BE5EA,
	0xE3FFE52B, 0xE2BEE47A, 0xE188E3D9, 0xE065E34F, 0xDF56E2DA, 0xDE54E273, 0xDD62E21C, 0xDC8AE1E4, 0xDBC8E1C4, 0xDB13E1B1, 0xDA76E1B5,
	0xD9F5E1D5, 0xD983E205, 0xD927E249, 0xD8E8E2A6, 0xD8BFE316, 0xD8ACE39E, 0xD8B7E442, 0xD8DAE4F6, 0xD914E5BB, 0xD967E697, 0xD9D3E787,
	0xDA58E889, 0xDAF8E9A2, 0xDBB2EACF, 0xDC81EC0B, 0xDD65ED52, 0xDE60EEAA, 0xDF75F013, 0xE0A0F18A, 0xE1E2F30D, 0xE339F49E, 0xE49DF635,
	0xE610F7D1, 0xE79FF97C, 0xE940FB2F, 0xEAEBFCE4, 0xECA4FE9C, 0xEE6D0058, 0xF0400216, 0xF21C03D4, 0xF4020592, 0xF5F30750, 0xF7EA0909,
	0xF9E20AB8, 0xFBDD0C62, 0xFDDF0E08, 0xFFE10FA4, 0x01E11137, 0x03DA12BB, 0x05CD142F, 0x07C1159B, 0x09AF16FD, 0x0B911849, 0x0D691983,
	0x0F361AAE, 0x10F31BC2, 0x12A11CC3, 0x14441DB4, 0x15D51E8E, 0x17501F50, 0x18BB1FFE, 0x1A132097, 0x1B532118, 0x1C7D2181, 0x1D9221D3,
	0x1E8D2209, 0x1F702229, 0x203C2234, 0x20EB2221, 0x217D21F4, 0x21F721B4, 0x22562159, 0x229920E5, 0x22C2205F, 0x22CD1FBE, 0x22B91F03,
	0x228C1E36, 0x22451D56, 0x21E71C63, 0x21701B5D, 0x20DB1A40, 0x202B190F, 0x1F6517CE, 0x1E88167D, 0x1D91151B, 0x1C8613AD, 0x1B65122F,
	0x1A2F10A3, 0x18E80F0E, 0x17900D72, 0x16270BCC, 0x14AD0A1C, 0x13250867, 0x119506AF, 0x0FF904F1, 0x0E50032E, 0x0C9F016C, 0x0AE9FFAB,
	0x092CFDE7, 0x076CFC25, 0x05ABFA68, 0x03E8F8AF, 0x0228F6FD, 0x006DF554, 0xFEB1F3B1, 0xFCF9F214, 0xFB4BF082, 0xF9A5EEFC, 0xF807ED81,
	0xF677EC15, 0xF4F4EAB9, 0xF37BE969, 0xF213E82A, 0xF0BDE6FB, 0xEF73E5DA, 0xEE3CE4CE, 0xED1EE3DA, 0xEC13E2F6, 0xEB18E222, 0xEA32E165,
	0xE962E0B9, 0xE8AAE021, 0xE80BDFA2, 0xE782DF38, 0xE710DEE4, 0xE6BADEA8, 0xE67BDE7F, 0xE655DE70, 0xE649DE78, 0xE64FDE90, 0xE66FDEBD,
	0xE6AEDF08, 0xE703DF64, 0xE76BDFD2, 0xE7EDE05A, 0xE885E0F4, 0xE92EE19B, 0xE9F0E25B, 0xEAC6E32F, 0xEBACE411, 0xECA6E505, 0xEDB2E60C,
	0xEECDE720, 0xEFFAE845, 0xF137E97B, 0xF27DEABD, 0xF3CEEC09, 0xF52DED61, 0xF693EEC2, 0xF800F02E, 0xF975F1A2, 0xFAEFF31C, 0xFC6BF49B,
	0xFDEAF624, 0xFF6EF7B1, 0x00F1F93F, 0x026CFACB, 0x03E2FC56, 0x055AFDE7, 0x06D1FF79, 0x083B0103, 0x099B0289, 0x0AF4040D, 0x0C410589,
	0x0D7F06FC, 0x0EB1086A, 0x0FD709D1, 0x10EE0B2D, 0x11F30C7D, 0x12E80DC0, 0x13CB0EF8, 0x149C1025, 0x15591143, 0x16021251, 0x1695134D,
	0x1712143A, 0x177E151A, 0x17D415EA, 0x181016A4, 0x1834174A, 0x184317E1, 0x183E1867, 0x182318D8, 0x17F01934, 0x17A81980, 0x174C19BA,
	0x16DC19E1, 0x165819F8, 0x15BC19F9, 0x150B19E2, 0x144D19C1, 0x137B198E, 0x12931945, 0x11A018ED, 0x109F1885, 0x0F8C180A, 0x0E6E1783,
	0x0D4516EF, 0x0C0F164A, 0x0AD2159B, 0x098C14E0, 0x083C1415, 0x06E91341, 0x05901265, 0x0432117F, 0x02D41092, 0x01760F9F, 0x00170EA4,
	0xFEBC0DA4, 0xFD630CA0, 0xFC0B0B97, 0xFABC0A90, 0xF9750987, 0xF836087D, 0xF6FF0773, 0xF5D00669, 0xF4AD0563, 0xF3980462, 0xF2900362,
	0xF1950267, 0xF0AB0173, 0xEFD10086, 0xEF08FFA3, 0xEE51FEC9, 0xEDA7FDF3, 0xED0EFD24, 0xEC8AFC62, 0xEC1AFBAB, 0xEBBDFAFC, 0xEB70FA58,
	0xEB37F9C2, 0xEB15F939, 0xEB02F8B6, 0xEB01F83E, 0xEB14F7D7, 0xEB3CF77D, 0xEB76F72F, 0xEBC3F6ED, 0xEC1EF6B5, 0xEC89F688, 0xED05F669,
	0xED8FF655, 0xEE26F64C, 0xEECEF650, 0xEF81F65B, 0xF03CF66E, 0xF106F68E, 0xF1DCF6B8, 0xF2B9F6EB, 0xF39CF725, 0xF489F76A, 0xF57CF7B3,
	0xF66EF7FF, 0xF764F852, 0xF863F8B1, 0xF963F911, 0xFA5FF971, 0xFB5BF9DA, 0xFC56FA46, 0xFD4CFAAF, 0xFE43FB1D, 0xFF36FB8E, 0x0022FBFE,
	0x0109FC6C, 0x01E6FCD6, 0x02B7FD3C, 0x0384FDA4, 0x044AFE0B, 0x0505FE6E, 0x05B7FED0, 0x065EFF2D, 0x06F5FF7F, 0x0782FFD0, 0x0804001F,
	0x08780064, 0x08E100A3, 0x094200E0, 0x09930114, 0x09D3013C, 0x0A0A0163, 0x0A340185, 0x0A4F019C, 0x0A6001AB, 0x0A6601B3, 0x0A5F01B3,
	0x0A4E01AF, 0x0A3201A3, 0x0A0A0190, 0x09DB0177, 0x099D0152, 0x09550124, 0x090B00FA, 0x08BB00CC, 0x085E0091, 0x07FA0051, 0x0792000D,
	0x0725FFC4, 0x06B6FF78, 0x0640FF28, 0x05C7FED4, 0x054DFE7E, 0x04CEFE20, 0x044CFDC0, 0x03CFFD64, 0x0351FD05, 0x02D2FCA4, 0x0257FC46,
	0x01D6FBE1, 0x0159FB7F, 0x00E8FB26, 0x0074FAC8, 0x0001FA68, 0xFF9AFA12, 0xFF32F9BB, 0xFECCF965, 0xFE74F91C, 0xFE20F8D3, 0xFDC8F886,
	0xFD7DF846, 0xFD39F80C, 0xFCF8F7D1, 0xFCC1F79F, 0xFC90F775, 0xFC63F74F, 0xFC3FF736, 0xFC20F720, 0xFC06F70D, 0xFBF6F708, 0xFBEDF709,
	0xFBE7F70C, 0xFBE9F71C, 0xFBF2F734, 0xFBFDF74F, 0xFC10F774, 0xFC2BF7A3, 0xFC48F7D7, 0xFC67F80F, 0xFC8EF853, 0xFCBAF89F, 0xFCE7F8F2,
	0xFD16F949, 0xFD4CF9A8, 0xFD87FA0F, 0xFDC0FA79, 0xFDF9FAE6, 0xFE38FB5A, 0xFE79FBD5, 0xFEBAFC52, 0xFEFCFCD3, 0xFF42FD59, 0xFF86FDE1,
	0xFFC3FE69, 0x0000FEF2, 0x0044FF81, 0x008B0013, 0x00C900A0, 0x00FE0128, 0x013801B5, 0x01760242, 0x01AC02C8, 0x01DE034D, 0x020E03D1,
	0x023A044E, 0x026304C6, 0x028C053C, 0x02AE05AA, 0x02CD0613, 0x02E90676, 0x02FE06CF, 0x030F0721, 0x031F076E, 0x032907B0, 0x032B07E8,
	0x032A0818, 0x0327083E, 0x0320085B, 0x0313086E, 0x02FE0876, 0x02E50872, 0x02CA0864, 0x02AE084E, 0x028E0831, 0x02650806, 0x023507CB,
	0x0204078A, 0x01D00740, 0x019806EB, 0x0161068F, 0x0124062A, 0x00E105B9, 0x009D0540, 0x005604BD, 0x000C0433, 0xFFC403A8, 0xFF7B0317,
	0xFF2B0279, 0xFEDE01D9, 0xFE96013B, 0xFE470096, 0xFDF8FFEC, 0xFDADFF44, 0xFD63FE9C, 0xFD18FDF3, 0xFCD3FD4E, 0xFC8FFCAB, 0xFC4BFC06,
	0xFC0BFB66, 0xFBD2FACE, 0xFB9FFA3C, 0xFB6FF9B1, 0xFB43F92C, 0xFB1BF8B0, 0xFAFAF840, 0xFAE2F7DB, 0xFAD0F780, 0xFAC5F730, 0xFAC2F6EF,
	0xFAC7F6BD, 0xFAD3F698, 0xFAE8F681, 0xFB07F67A, 0xFB30F684, 0xFB63F6A1, 0xFBA0F6CF, 0xFBE6F70C, 0xFC31F75A, 0xFC88F7B9, 0xFCECF82D,
	0xFD5CF8B5, 0xFDD4F94D, 0xFE52F9F5, 0xFEDBFAAE, 0xFF70FB7B, 0x000DFC57, 0x00B3FD44, 0x0163FE42, 0x021BFF4F, 0x02D80069, 0x039C0191,
	0x046A02C7, 0x053F0409, 0x06170555, 0x06F206AA, 0x07D30809, 0x08B90970, 0x09A00ADB, 0x0A890C4B, 0x0B740DBE, 0x0C5F0F34, 0x0D4710A9,
	0x0E2A121A, 0x0F0B138C, 0x0FED14FC, 0x10C71662, 0x119717BE, 0x12641915, 0x132A1A62, 0x13E41BA1, 0x14961CD5, 0x153D1DF8, 0x15D51F04,
	0x16602000, 0x16DE20EB, 0x174921BD, 0x17A62278, 0x17F3231E, 0x182923A8, 0x184D2417, 0x1863246D, 0x186624A8, 0x184E24C3, 0x182024BC,
	0x17E02498, 0x178B2456, 0x171C23F3, 0x16982370, 0x15FD22CD, 0x15482206, 0x147B211D, 0x13982015, 0x129C1EEA, 0x11891D9E, 0x10641C36,
	0x0F281AAC, 0x0DD51901, 0x0C70173D, 0x0AF8155D, 0x0968135D, 0x07C51141, 0x06110F0B, 0x044E0CBE, 0x027B0A5C, 0x009807E3, 0xFEA80556,
	0xFCAF02B8, 0xFAA80007, 0xF898FD49, 0xF686FA86, 0xF46EF7B6, 0xF24EF4D9, 0xF02FF1F9, 0xEE0FEF19, 0xEBECEC34, 0xE9CBE94E, 0xE7B3E66F,
	0xE5A3E397, 0xE39AE0C8, 0xE197DE01, 0xDFA1DB47, 0xDDBCD8A0, 0xDBE3D606, 0xDA18D37C, 0xD866D10E, 0xD6C9CEBA, 0xD53DCC7B, 0xD3C8CA57,
	0xD26EC855, 0xD12FC673, 0xD00BC4B0, 0xCF03C310, 0xCE19C196, 0xCD4EC045, 0xCCA1BF17, 0xCC16BE10, 0xCBB2BD38, 0xCB6FBC8A, 0xCB4DBC05,
	0xCB4CBBAC, 0xCB6CBB80, 0xCBB4BB82, 0xCC25BBB5, 0xCCB5BC11, 0xCD66BC98, 0xCE40BD50, 0xCF3EBE35, 0xD05ABF42, 0xD19BC07E, 0xD301C1E6,
	0xD484C376, 0xD625C531, 0xD7E3C711, 0xD9BFC917, 0xDBBCCB44, 0xDDD3CD95, 0xE003D007, 0xE24BD299, 0xE4A7D548, 0xE716D811, 0xE99CDAF7,
	0xEC35DDF7, 0xEED9E10B, 0xF18CE433, 0xF44BE76D, 0xF711EAB3, 0xF9DFEE06, 0xFCB4F166, 0xFF8BF4CE, 0x025FF838, 0x0531FBA3, 0x0804FF10,
	0x0AD3027D, 0x0D9C05E7, 0x105C094A, 0x130F0CA1, 0x15B30FEB, 0x18481328, 0x1ACC1655, 0x1D3E1970, 0x1F9F1C7E, 0x21EA1F75, 0x2418224C,
	0x2630250B, 0x283227B5, 0x2A152A40, 0x2BDA2CA8, 0x2D832EF4, 0x2F0F3122, 0x307F332F, 0x31CF3519, 0x32FA36DC, 0x3402387C, 0x34EB39FA,
	0x35B33B51, 0x365A3C84, 0x36DF3D94, 0x37453E7D, 0x378A3F40, 0x37A93FDA, 0x37A6404F, 0x378840A4, 0x374E40D7, 0x36EF40E4, 0x367040CD,
	0x35D74095, 0x3524403E, 0x34563FC6, 0x336D3F2F, 0x326A3E7A, 0x31533DAA, 0x30243CBD, 0x2EDE3BB5, 0x2D883A98, 0x2C213965, 0x2AA53817,
	0x291B36B6, 0x27873548, 0x25E733C7, 0x24383231, 0x227F308B, 0x20C22EDD, 0x1F062D2A, 0x1D412B6A, 0x1B74299D, 0x19A727CB, 0x17DC25F3,
	0x160E2413, 0x14452232, 0x12802052, 0x10BD1E6E, 0x0F011C8C, 0x0D4C1AAE, 0x0B9B18CD, 0x09F216EF, 0x0857151A, 0x06C11347, 0x05341175,
	0x03B70FAE, 0x02450DED, 0x00DC0C30, 0xFF800A7B, 0xFE3108D0, 0xFCEB072E, 0xFBB10591, 0xFA8303F9, 0xF963026C, 0xF84E00E9, 0xF744FF6C,
	0xF648FDF7, 0xF559FC8C, 0xF471FB29, 0xF395F9CC, 0xF2C8F879, 0xF203F72D, 0xF140F5E3, 0xF085F49F, 0xEFD8F367, 0xEF32F233, 0xEE8EF0FF,
	0xEDF0EFD3, 0xED5BEEB0, 0xECCCED92, 0xEC3FEC75, 0xEBB5EB5B, 0xEB2FEA45, 0xEAADE935, 0xEA2DE829, 0xE9AEE71E, 0xE92DE615, 0xE8ABE50E,
	0xE82BE40A, 0xE7AFE30C, 0xE732E210, 0xE6B1E116, 0xE630E020, 0xE5AEDF2D, 0xE52ADE3B, 0xE4A6DD4F, 0xE421DC68, 0xE39ADB83, 0xE315DAA6,
	0xE28FD9CE, 0xE206D8FA, 0xE180D82C, 0xE0FAD767, 0xE072D6A9, 0xDFECD5F1, 0xDF69D542, 0xDEEAD49E, 0xDE6FD407, 0xDDF4D379, 0xDD7CD2F4,
	0xDD0ED27E, 0xDCA5D217, 0xDC40D1BB, 0xDBE6D172, 0xDB95D138, 0xDB48D109, 0xDB07D0EE, 0xDAD3D0E6, 0xDAA8D0EE, 0xDA8CD10B, 0xDA7DD139,
	0xDA7AD17B, 0xDA88D1D8, 0xDAA2D248, 0xDAC9D2C5, 0xDB07D35E, 0xDB5AD413, 0xDBB5D4D4, 0xDC24D5AD, 0xDCAFD6A5, 0xDD47D7AB, 0xDDF1D8C6,
	0xDEB4D9FF, 0xDF86DB49, 0xE068DCA5, 0xE166DE1C, 0xE278DFA7, 0xE399E142, 0xE4CFE2F4, 0xE61AE4BB, 0xE77AE692, 0xE8EBE879, 0xEA6EEA70,
	0xEC03EC78, 0xEDA9EE8D, 0xEF5EF0AA, 0xF128F2DA, 0xF303F518, 0xF4E3F758, 0xF6CFF99F, 0xF8CCFBEF, 0xFAD3FE43, 0xFCE5009B, 0xFF0002F8,
	0x011F0551, 0x034507AB, 0x05730A05, 0x07A10C58, 0x09D00EA6, 0x0C0110EE, 0x0E2D1327, 0x10591558, 0x12861784, 0x14A8199D, 0x16C21BA4,
	0x18D71DA0, 0x1ADE1F86, 0x1CD72158, 0x1EC8231A, 0x20AB24C6, 0x227C265A, 0x243E27D8, 0x25EB2938, 0x27812A7B, 0x29042BA9, 0x2A722CBC,
	0x2BC72DB0, 0x2D062E88, 0x2E272F41, 0x2F2B2FD9, 0x30183056, 0x30EA30B5, 0x319C30F0, 0x3230310F, 0x32A7310F, 0x32FD30EE, 0x333530B0,
	0x334D3054, 0x33422FD4, 0x331A2F38, 0x32D52E82, 0x326D2DAD, 0x31E32CBC, 0x313D2BB3, 0x30782A8E, 0x2F91294D, 0x2E8B27F2, 0x2D6B2684,
	0x2C2F2500, 0x2AD72367, 0x296121BA, 0x27D21FFC, 0x262B1E2D, 0x246B1C4D, 0x22921A5F, 0x20A51867, 0x1EA61666, 0x1C96145B, 0x1A721246,
	0x183F102C, 0x15FD0E0F, 0x13AF0BEE, 0x115A09CB, 0x0EFD07AC, 0x0C94058C, 0x0A23036E, 0x07B5015B, 0x0549FF52, 0x02D4FD48, 0x0060FB47,
	0xFDF7F957, 0xFB92F770, 0xF92EF593, 0xF6DAF3CD, 0xF496F218, 0xF258F06C, 0xF026EED2, 0xEE07ED52, 0xEBFAEBE3, 0xEA00EA87, 0xE818E940,
	0xE647E811, 0xE492E6FD, 0xE2F5E5FE, 0xE16CE511, 0xDFFFE440, 0xDEB1E38A, 0xDD7DE2E8, 0xDC67E260, 0xDB73E1F6, 0xDA9CE1A1, 0xD9E4E165,
	0xD94FE144, 0xD8D9E13B, 0xD882E147, 0xD84AE169, 0xD831E1A1, 0xD83BE1F3, 0xD868E260, 0xD8B4E2E2, 0xD91FE378, 0xD9A8E41F, 0xDA4CE4D7,
	0xDB13E5A6, 0xDBF9E689, 0xDCF6E777, 0xDE0EE876, 0xDF43E987, 0xE08DEAA1, 0xE1EDEBC8, 0xE366ED01, 0xE4F3EE44, 0xE692EF8D, 0xE842F0DE,
	0xEA04F239, 0xEBD7F39C, 0xEDB3F501, 0xEF98F668, 0xF187F7D3, 0xF37EF941, 0xF57AFAAE, 0xF77CFC1F, 0xF97FFD8E, 0xFB7FFEF5, 0xFD81005C,
	0xFF8201C1, 0x0178031C, 0x03660471, 0x055005C2, 0x072F0708, 0x09010843, 0x0AC40973, 0x0C770A9A, 0x0E1E0BBB, 0x0FB50CCE, 0x11310DCA,
	0x129B0EBC, 0x13F50FA7, 0x1534107C, 0x1656113E, 0x176511F6, 0x185B129E, 0x19341330, 0x19F413B3, 0x1A991425, 0x1B211485, 0x1B8D14D2,
	0x1BDC150C, 0x1C0F1534, 0x1C281549, 0x1C201549, 0x1BFA1535, 0x1BBA1510, 0x1B6014D8, 0x1AEB1490, 0x1A5A1435, 0x19AD13C4, 0x18E71342,
	0x180912B0, 0x1714120D, 0x160A115A, 0x14E71094, 0x13AC0FBC, 0x12610ED8, 0x11040DE4, 0x0F950CE0, 0x0E180BD3, 0x0C8B0AB6, 0x0AED0987,
	0x09490854, 0x079E071B, 0x05E505D3, 0x04270482, 0x0267032D, 0x009F01CD, 0xFED40067, 0xFD0BFF02, 0xFB41FD97, 0xF97AFC27, 0xF7BAFAB9,
	0xF600F94B, 0xF44DF7DF, 0xF2A5F675, 0xF105F50E, 0xEF70F3AB, 0xEDE8F251, 0xEC6EF0FD, 0xEB07EFB3, 0xE9B5EE76, 0xE873ED42, 0xE740EC16,
	0xE625EAFA, 0xE523E9F0, 0xE437E8F6, 0xE360E80B, 0xE2A1E731, 0xE1FEE66C, 0xE174E5BD, 0xE105E522, 0xE0B2E49F, 0xE07AE432, 0xE05CE3DB,
	0xE05CE39E, 0xE07BE37C, 0xE0B5E372, 0xE10AE384, 0xE17BE3B2, 0xE209E3F8, 0xE2B3E45A, 0xE376E4D9, 0xE453E573, 0xE54CE626, 0xE661E6F7,
	0xE790E7E4, 0xE8D6E8ED, 0xEA31EA0F, 0xEBA3EB4A, 0xED2DECA0, 0xEEC9EE0C, 0xF077EF8F, 0xF23CF130, 0xF414F2EA, 0xF5F1F4AC, 0xF7D8F67D,
	0xF9D6F86C, 0xFBE0FA6D, 0xFDEBFC74, 0x0000FE8B, 0x022100B5, 0x044302E3, 0x06650519, 0x088C075C, 0x0AB1099F, 0x0CCF0BDF, 0x0EEE0E26,
	0x1107106C, 0x131312A9, 0x151814E3, 0x1716171B, 0x19031943, 0x1ADF1B5C, 0x1CAF1D6B, 0x1E6F1F6D, 0x2018215B, 0x21AB2330, 0x232924F1,
	0x249726A0, 0x25ED2835, 0x272229A7, 0x28392AFB, 0x29342C35, 0x2A162D4F, 0x2ADC2E47, 0x2B812F1A, 0x2C052FC9, 0x2C6A3054, 0x2CAE30B8,
	0x2CD130F2, 0x2CD53109, 0x2CB630F5, 0x2C7230B4, 0x2C143050, 0x2B942FC6, 0x2AEC2F0D, 0x2A252E2C, 0x29412D24, 0x28382BEF, 0x270E2A91,
	0x25CA2912, 0x246A276C, 0x22EC25A2, 0x215223B4, 0x1F9C21A0, 0x1DD01F6B, 0x1BEA1D1A, 0x19EA1AA8, 0x17D7181B, 0x15B41576, 0x137C12B7,
	0x11330FE3, 0x0EDC0CFA, 0x0C7909FF, 0x0A0C06F7, 0x079303E1, 0x050F00BD, 0x028BFD96, 0x0003FA6B, 0xFD75F737, 0xFAE9F404, 0xF863F0D9,
	0xF5DEEDB0, 0xF35DEA8D, 0xF0E7E777, 0xEE79E46B, 0xEC15E16E, 0xE9BFDE82, 0xE774DBA7, 0xE53BD8E5, 0xE318D640, 0xE104D3B1, 0xDF04D13C,
	0xDD1BCEE8, 0xDB49CCB4, 0xD992CAA1, 0xD7F4C8B4, 0xD66EC6E9, 0xD504C546, 0xD3BAC3CC, 0xD28BC277, 0xD176C14B, 0xD084C04D, 0xCFB0BF7A,
	0xCEFABED0, 0xCE63BE55, 0xCDEDBE07, 0xCD97BDE3, 0xCD60BDEB, 0xCD47BE21, 0xCD4DBE82, 0xCD72BF0D, 0xCDB9BFC4, 0xCE1EC0A8, 0xCE9CC1B2,
	0xCF37C2E2, 0xCFF2C43E, 0xD0C9C5C3, 0xD1B9C76A, 0xD2C0C932, 0xD3DFCB1B, 0xD516CD25, 0xD665CF50, 0xD7CBD198, 0xD943D3F9, 0xDACED675,
	0xDC6BD908, 0xDE19DBAF, 0xDFD7DE6B, 0xE1A0E138, 0xE375E414, 0xE559E6FD, 0xE745E9F2, 0xE939ECEF, 0xEB36EFF3, 0xED39F2FB, 0xEF3EF604,
	0xF148F911, 0xF355FC1E, 0xF562FF24, 0xF7700226, 0xF97E0522, 0xFB860813, 0xFD870AF5, 0xFF880DD0, 0x018810A0, 0x037E135D, 0x056A1605,
	0x0751189F, 0x092C1B23, 0x0AF81D8D, 0x0CBF1FE5, 0x0E80222A, 0x102F2452, 0x11CE265E, 0x13632851, 0x14E82A25, 0x165F2BDF, 0x17CB2D83,
	0x19232F05, 0x1A693066, 0x1BA531AF, 0x1CD032DA, 0x1DE833E3, 0x1EF234D0, 0x1FEA359E, 0x20CF364D, 0x21A636DF, 0x22693752, 0x231837A6,
	0x23BA37E4, 0x244C3803, 0x24C737FF, 0x253237E2, 0x259037AF, 0x25DE3760, 0x261A36F8, 0x26423674, 0x265935D7, 0x26633528, 0x265F3462,
	0x26473382, 0x261E328D, 0x25E83189, 0x25A23072, 0x254B2F46, 0x24E62E09, 0x24772CC1, 0x23FA2B6B, 0x236A2A02, 0x22CD288B, 0x22282710,
	0x21782589, 0x20BA23F5, 0x1FED225A, 0x1F1220B6, 0x1E2E1F0A, 0x1D421D5A, 0x1C4B1BA6, 0x1B4819EE, 0x1A3F1837, 0x192D167A, 0x181014B8,
	0x16EC12F9, 0x15C2113C, 0x148E0F7D, 0x13580DC2, 0x121D0C0C, 0x10D70A54, 0x0F8B08A0, 0x0E3F06F4, 0x0CF0054D, 0x0B9F03AA, 0x0A4A020D,
	0x08EE0074, 0x0790FEE1, 0x0634FD5A, 0x04D7FBDA, 0x037AFA60, 0x0221F8F0, 0x00C8F789, 0xFF71F62A, 0xFE1DF4D5, 0xFCCAF389, 0xFB76F242,
	0xFA29F106, 0xF8E4EFD6, 0xF7A1EEAF, 0xF662ED90, 0xF52BEC7C, 0xF3FCEB72, 0xF2D2EA73, 0xF1AFE97E, 0xF095E88F, 0xEF84E7A9, 0xEE7CE6CF,
	0xED7CE600, 0xEC87E53B, 0xEB9DE47D, 0xEAB9E3C5, 0xE9E3E319, 0xE91AE278, 0xE858E1DC, 0xE7A0E149, 0xE6F9E0C2, 0xE65FE041, 0xE5CEDFC6,
	0xE548DF57, 0xE4D1DEEF, 0xE469DE8E, 0xE40FDE37, 0xE3C0DDE8, 0xE37EDD9F, 0xE34ADD5D, 0xE322DD23, 0xE30ADCF3, 0xE300DCCA, 0xE300DCA2,
	0xE30DDC84, 0xE32BDC75, 0xE357DC6A, 0xE38FDC65, 0xE3D7DC6C, 0xE429DC78, 0xE485DC88, 0xE4F2DCA4, 0xE56FDCCA, 0xE5F8DCF8, 0xE68CDD2C,
	0xE728DD65, 0xE7D1DDAA, 0xE88ADDFE, 0xE94DDE57, 0xEA19DEB5, 0xEAF5DF23, 0xEBD9DF9A, 0xECC3E016, 0xEDBDE09F, 0xEEC3E134, 0xEFCEE1D0,
	0xF0E0E278, 0xF1FDE32C, 0xF324E3EC, 0xF453E4B7, 0xF586E58B, 0xF6C1E66A, 0xF806E758, 0xF94DE84E, 0xFA99E94E, 0xFBEEEA5F, 0xFD45EB79,
	0xFE9DEC9D, 0xFFFCEDCF, 0x015DEF0C, 0x02BFF053, 0x0426F1AC, 0x058FF30E, 0x06F1F472, 0x0853F5E2, 0x09B8F760, 0x0B1AF8E7, 0x0C78FA77,
	0x0DD3FC11, 0x0F2BFDB3, 0x107FFF5B, 0x11CB010C, 0x130F02C4, 0x14500485, 0x15880648, 0x16B5080B, 0x17D909D5, 0x18F30BA3, 0x1A020D72,
	0x1B060F44, 0x1BFC1116, 0x1CE312E5, 0x1DBB14B1, 0x1E84167B, 0x1F401843, 0x1FED1A08, 0x20861BC5, 0x210A1D77, 0x217D1F22, 0x21DF20C6,
	0x222E2260, 0x226823EF, 0x2289256C, 0x229226D9, 0x228A283E, 0x226E2995, 0x223A2AD4, 0x21EE2C01, 0x218A2D1D, 0x210F2E24, 0x20812F17,
	0x1FDB2FF3, 0x1F1930B4, 0x1E3F315D, 0x1D5131F1, 0x1C4D326C, 0x1B3032CD, 0x19FB3311, 0x18B33338, 0x175A3345, 0x15EB3337, 0x1465330C,
	0x12CA32C3, 0x111F325D, 0x0F6331DA, 0x0D963139, 0x0BB9307A, 0x09CE2FA0, 0x07D62EA9, 0x05D22D97, 0x03C42C6C, 0x01AC2B22, 0xFF8B29BA,
	0xFD66283C, 0xFB3B26A4, 0xF90724EF, 0xF6D32323, 0xF4A62148, 0xF2781F55, 0xF0461D46, 0xEE1B1B28, 0xEBFC18FF, 0xE9E416C4, 0xE7D01471,
	0xE5C61210, 0xE3CC0FA8, 0xE1E10D37, 0xE0050ABB, 0xDE3D0838, 0xDC8A05B0, 0xDAE60321, 0xD9560090, 0xD7E2FE00, 0xD68AFB72, 0xD54AF8E5,
	0xD422F65B, 0xD318F3DA, 0xD22CF161, 0xD15FEEF1, 0xD0B1EC8A, 0xD020EA31, 0xCFAFE7E6, 0xCF61E5AC, 0xCF37E383, 0xCF2BE16A, 0xCF41DF68,
	0xCF7DDD7D, 0xCFDADBA6, 0xD059D9E7, 0xD0FAD842, 0xD1B8D6B3, 0xD296D53D, 0xD399D3E6, 0xD4BBD2AB, 0xD5F7D18B, 0xD754D08A, 0xD8CECFA7,
	0xDA61CEDE, 0xDC0FCE34, 0xDDD8CDAB, 0xDFB8CD3D, 0xE1AACCEB, 0xE3B1CCBA, 0xE5CCCCA8, 0xE7F5CCAF, 0xEA2ACCCF, 0xEC6FCD0E, 0xEEBFCD6A,
	0xF118CDE1, 0xF378CE72, 0xF5DCCF1C, 0xF840CFDA, 0xFAA6D0AF, 0xFD0DD19D, 0xFF6AD29C, 0x01BFD3AC, 0x040FD4D0, 0x0658D608, 0x0897D750,
	0x0AC5D8A4, 0x0CE0DA02, 0x0EEADB6C, 0x10E4DCE1, 0x12C6DE5E, 0x1490DFE3, 0x1641E16F, 0x17D8E2FC, 0x1958E48D, 0x1ABDE623, 0x1C02E7B9,
	0x1D28E94D, 0x1E32EAE0, 0x1F19EC6E, 0x1FE0EDFA, 0x2089EF84, 0x210FF104, 0x2174F27C, 0x21BAF3F2, 0x21DFF55E, 0x21E3F6C1, 0x21CAF820,
	0x2190F973, 0x2132FAB5, 0x20BAFBF1, 0x2029FD26, 0x1F7BFE50, 0x1EB1FF6D, 0x1DCC007F, 0x1CD00188, 0x1BBF0287, 0x1A9B037D, 0x19630469,
	0x181A054B, 0x16C10623, 0x155E06F4, 0x13F007BF, 0x12760881, 0x10F5093A, 0x0F7209F0, 0x0DEA0AA1, 0x0C630B50, 0x0ADF0BFA, 0x095B0C9E,
	0x07DE0D41, 0x066C0DE6, 0x05020E86, 0x03A10F24, 0x02510FC8, 0x0111106D, 0xFFE0110E, 0xFEC611B7, 0xFDC21266, 0xFCCF1315, 0xFBF413CA,
	0xFB321483, 0xFA8A153D, 0xF9FE15FD, 0xF99016C4, 0xF93A1791, 0xF9011862, 0xF8E61937, 0xF8EC1A14, 0xF9121AFA, 0xF9501BE2, 0xF9A81CC7,
	0xFA221DB4, 0xFABD1EAB, 0xFB701FA2, 0xFC3B2096, 0xFD22218B, 0xFE262284, 0xFF41237E, 0x00712475, 0x01B72568, 0x03102659, 0x047A2745,
	0x05F3282A, 0x077A2909, 0x091229E1, 0x0AB52AAF, 0x0C5D2B6F, 0x0E0B2C25, 0x0FBE2CD1, 0x11702D6A, 0x131D2DF0, 0x14C92E67, 0x16742ECF,
	0x18142F1F, 0x19A92F5B, 0x1B332F84, 0x1CAD2F94, 0x1E152F8A, 0x1F6C2F68, 0x20AC2F2C, 0x21D12ED2, 0x22DE2E60, 0x23D42DD3, 0x24AA2D29,
	0x25622C62, 0x25FC2B80, 0x26702A7C, 0x26C0295B, 0x26F02822, 0x26FC26CC, 0x26E02555, 0x269F23C2, 0x26352214, 0x25A3204A, 0x24EE1E6A,
	0x24151C73, 0x230F1A60, 0x21E21836, 0x209115F9, 0x1F1A13A6, 0x1D7F1141, 0x1BC30ECE, 0x19E10C48, 0x17DC09B2, 0x15BC0716, 0x137F0471,
	0x112201BF, 0x0EADFF0B, 0x0C20FC56, 0x097CF99B, 0x06C8F6E5, 0x0404F436, 0x012EF189, 0xFE47EEDE, 0xFB59EC3E, 0xF866E9AE, 0xF56EE72D,
	0xF272E4BA, 0xEF78E259, 0xEC83E00E, 0xE997DDDB, 0xE6B5DBC2, 0xE3DBD9C1, 0xE10FD7DB, 0xDE56D612, 0xDBAFD467, 0xD91FD2DD, 0xD6ABD17A,
	0xD454D03A, 0xD216CF18, 0xCFF9CE1C, 0xCE00CD4C, 0xCC2ACCA1, 0xCA76CC18, 0xC8EBCBB8, 0xC78ACB82, 0xC651CB72, 0xC547CB8B, 0xC46BCBCC,
	0xC3B8CC31, 0xC333CCBB, 0xC2DCCD6C, 0xC2B5CE44, 0xC2BDCF41, 0xC2F3D05D, 0xC35AD19A, 0xC3F2D2FB, 0xC4B3D478, 0xC59ED610, 0xC6BAD7C5,
	0xC804D993, 0xC976DB78, 0xCB11DD75, 0xCCD2DF85, 0xCEB4E19E, 0xD0BAE3C8, 0xD2ECE608, 0xD53AE850, 0xD79EEA98, 0xDA22ECEA, 0xDCC5EF44,
	0xDF77F198, 0xE236F3E5, 0xE50DF634, 0xE7F5F880, 0xEAE5FABE, 0xEDDEFCF2, 0xF0E1FF1D, 0xF3E20134, 0xF6E40339, 0xF9E5052C, 0xFCDF0709,
	0xFFCF08CE, 0x02B70A7C, 0x05900C0D, 0x08560D7E, 0x0B0A0ED3, 0x0DAC100D, 0x10361126, 0x12A5121D, 0x14F512F2, 0x172313A2, 0x1934142E,
	0x1B241498, 0x1CEF14DD, 0x1E9414FD, 0x201114F8, 0x216614CE, 0x22911481, 0x23931412, 0x246A137D, 0x251012C2, 0x258C11E9, 0x25E110F2,
	0x26050FD8, 0x25F90E9C, 0x25C10D45, 0x25600BD3, 0x24D20A45, 0x241C089F, 0x233B06E2, 0x222F050D, 0x20FA0325, 0x1FA0012E, 0x1E22FF26,
	0x1C83FD10, 0x1AC5FAF2, 0x18E3F8C9, 0x16E1F695, 0x14C5F45D, 0x1293F226, 0x104AEFF0, 0x0DECEDBA, 0x0B7CEB88, 0x08FFE95F, 0x0674E73F,
	0x03DDE527, 0x0140E31C, 0xFEA0E126, 0xFBFFDF41, 0xF95DDD6D, 0xF6BFDBB0, 0xF42ADA0D, 0xF19CD882, 0xEF19D711, 0xECA6D5C0, 0xEA48D48F,
	0xE7FBD37D, 0xE5C3D28C, 0xE3A4D1C1, 0xE1A1D11A, 0xDFBED098, 0xDDF8D03C, 0xDC52D008, 0xDAD1CFFE, 0xD978D01F, 0xD842D067, 0xD732D0D7,
	0xD650D174, 0xD59BD23C, 0xD50ED32D, 0xD4B1D44C, 0xD482D595, 0xD47ED702, 0xD4A8D89A, 0xD504DA60, 0xD58EDC4A, 0xD646DE5A, 0xD732E094,
	0xD84BE2F3, 0xD98FE572, 0xDB02E816, 0xDCA2EADD, 0xDE6BEDC0, 0xE062F0C3, 0xE286F3E6, 0xE4C9F71C, 0xE72EFA69, 0xE9C2FDD4, 0xEC7A0154,
	0xEF4904DF, 0xF237087C, 0xF5490C2C, 0xF8720FE4, 0xFBAF13A2, 0xFF03176A, 0x026B1B36, 0x05DE1EFF, 0x095F22C9, 0x0CEC2692, 0x107C2A53,
	0x14132E0B, 0x17AF31BA, 0x1B483559, 0x1EDB38E5, 0x22663C60, 0x25E63FC6, 0x29594314, 0x2CBE4648, 0x3010495E, 0x334B4C52, 0x366D4F27,
	0x397651DA, 0x3C605467, 0x3F2A56C9, 0x41D05903, 0x44535B12, 0x46B05CF4, 0x48E15EA3, 0x4AE56022, 0x4CC16174, 0x4E6E6291, 0x4FE66374,
	0x512E6425, 0x524564A0, 0x532564E2, 0x53CF64EB, 0x544664BF, 0x54866459, 0x548D63B7, 0x545E62DC, 0x53F761CA, 0x5357607C, 0x52815EF8,
	0x51755D3C, 0x502E5B45, 0x4EB25918, 0x4D0456B8, 0x4B1F5422, 0x49075158, 0x46C24E5F, 0x444D4B36, 0x41A547D8, 0x3ED1444E, 0x3BD6409D,
	0x38AF3CC3, 0x355F38C1, 0x31EB349A, 0x2E57304F, 0x2AA62BE9, 0x26DA2768, 0x22F222C9, 0x1EEF1E11, 0x1AD91947, 0x16B2146D, 0x127D0F83,
	0x0E3B0A8D, 0x09EE058D, 0x059B0088, 0x014AFB84, 0xFCFAF683, 0xF8A8F182, 0xF45CEC88, 0xF01EE79C, 0xEBEAE2BE, 0xE7C1DDEC, 0xE3ADD930,
	0xDFB1D48F, 0xDBCAD006, 0xD7F8CB96, 0xD442C745, 0xD0AFC31A, 0xCD3FBF18, 0xC9F1BB3D, 0xC6C4B786, 0xC3BEB3FC, 0xC0E6B0A5, 0xBE38AD7E,
	0xBBB5AA87, 0xB95EA7C5, 0xB736A53A, 0xB53EA2E5, 0xB376A0C9, 0xB1E09EE9, 0xB07E9D45, 0xAF4E9BDB, 0xAE519AAE, 0xAD8899C0, 0xACF49912,
	0xAC90989B, 0xAC5B985E, 0xAC5A9862, 0xAC8C98A7, 0xACEF9928, 0xAD8299E4, 0xAE469ADA, 0xAF379C09, 0xB0529D72, 0xB1999F13, 0xB309A0E6,
	0xB49FA2EB, 0xB65FA526, 0xB843A793, 0xBA47AA29, 0xBC6BACEA, 0xBEB1AFD9, 0xC113B2EF, 0xC38BB625, 0xC61BB97E, 0xC8C3BCF9, 0xCB7FC090,
	0xCE4BC43D, 0xD127C800, 0xD410CBD9, 0xD702CFC3, 0xD9FAD3B8, 0xDCF7D7B7, 0xDFF9DBBE, 0xE2FCDFC8, 0xE5FDE3D6, 0xE8FDE7E5, 0xEBF8EBEF,
	0xEEEBEFED, 0xF1D4F3E0, 0xF4B3F7C9, 0xF783FBA1, 0xFA44FF64, 0xFCF60315, 0xFF9606AF, 0x02220A2E, 0x049B0D91, 0x06FF10D6, 0x094A13FB,
	0x0B7F16FF, 0x0D9B19DF, 0x0F991C95, 0x117D1F25, 0x134C2193, 0x14FF23D8, 0x169025EC, 0x180327D2, 0x195E2991, 0x1A9F2B28, 0x1BC22C91,
	0x1CC72DCA, 0x1DAE2ED4, 0x1E7C2FB5, 0x1F30306C, 0x1FC630F1, 0x203F3147, 0x209F3175, 0x20E9317C, 0x21183157, 0x212F310A, 0x21323098,
	0x211F3000, 0x20F62F43, 0x20B62E61, 0x20632D5E, 0x20012C3C, 0x1F8F2AFC, 0x1F0C299F, 0x1E7B282B, 0x1DDD269F, 0x1D3024FA, 0x1C792342,
	0x1BBC217B, 0x1AF41FA0, 0x1A221DB8, 0x194D1BCA, 0x187619D3, 0x179617D1, 0x16B015C8, 0x15CA13BD, 0x14E311B1, 0x13FF0FA8, 0x131C0DA6,
	0x12390BA9, 0x115909B1, 0x107B07C1, 0x0FA005DC, 0x0ECA0403, 0x0DFC023B, 0x0D340083, 0x0C71FEDA, 0x0BB7FD44, 0x0B04FBC2, 0x0A59FA55,
	0x09B7F8FF, 0x091EF7C0, 0x088AF696, 0x0800F587, 0x0784F494, 0x0711F3B8, 0x06A2F2F1, 0x063EF247, 0x05E6F1BB, 0x0596F147, 0x0550F0EF,
	0x0513F0B3, 0x04DEF08E, 0x04B0F081, 0x048CF091, 0x046FF0BA, 0x0459F0F8, 0x044DF14D, 0x0445F1BC, 0x0443F241, 0x0449F2DA, 0x0457F387,
	0x0467F446, 0x047BF519, 0x0493F5FB, 0x04B0F6EB, 0x04CFF7EA, 0x04F2F8F8, 0x0518FA12, 0x053FFB37, 0x0567FC63, 0x058EFD96, 0x05B8FECF,
	0x05E30012, 0x060C0157, 0x0631029B, 0x065903E3, 0x0682052E, 0x06A60676, 0x06C407B7, 0x06E308F7, 0x07000A35, 0x07190B6D, 0x072E0C9C,
	0x07420DC6, 0x07520EE6, 0x075B0FFA, 0x07621106, 0x076B120C, 0x076B1302, 0x076113E7, 0x075714C2, 0x07511597, 0x07411658, 0x07271704,
	0x070F17AA, 0x06F91846, 0x06D918CD, 0x06B61942, 0x069419AD, 0x066C1A08, 0x06401A52, 0x06141A8F, 0x05E41ABD, 0x05AE1AD7, 0x05791AE5,
	0x054B1AED, 0x05191AE5, 0x04E21ACC, 0x04A91AA6, 0x04701A73, 0x04391A34, 0x040419EC, 0x03CD1998, 0x03951938, 0x036118CF, 0x0330185F,
	0x02FC17E1, 0x02C9175A, 0x029E16D0, 0x02751640, 0x024815A5, 0x021C1503, 0x01F9145E, 0x01D913B5, 0x01B71303, 0x0197124C, 0x017D1192,
	0x016410D4, 0x014A1012, 0x01350F50, 0x01280E8F, 0x011B0DC8, 0x010D0CFD, 0x01010C32, 0x00F60B65, 0x00ED0A94, 0x00E509C3, 0x00DD08F0,
	0x00D6081D, 0x00D3074D, 0x00D0067A, 0x00C705A2, 0x00BE04CA, 0x00B803F7, 0x00AE0320, 0x009E0243, 0x00900168, 0x007D008D, 0x0064FFAC,
	0x0049FECC, 0x002EFDEE, 0x000AFD0B, 0xFFDFFC25, 0xFFB1FB3F, 0xFF7CFA56, 0xFF3FF96A, 0xFEFDF87D, 0xFEB4F790, 0xFE62F69C, 0xFE06F5A4,
	0xFDA1F4A9, 0xFD34F3AD, 0xFCC3F2B3, 0xFC47F1B5, 0xFBBDF0AF, 0xFB2BEFA7, 0xFA93EEA2, 0xF9F1ED9A, 0xF943EC8D, 0xF88CEB7F, 0xF7CDEA70,
	0xF703E95E, 0xF630E84C, 0xF555E73A, 0xF471E627, 0xF386E514, 0xF294E404, 0xF199E2F6, 0xF099E1EA, 0xEF94E0E0, 0xEE88DFD7, 0xED77DED2,
	0xEC64DDD4, 0xEB4DDCDA, 0xEA34DBE5, 0xE91ADAF8, 0xE7FEDA12, 0xE6E2D935, 0xE5CED864, 0xE4BDD79E, 0xE3ACD6DE, 0xE29FD62B, 0xE19AD589,
	0xE09BD4F1, 0xDFA8D468, 0xDEC1D3F2, 0xDDE2D38A, 0xDD0CD330, 0xDC46D2E9, 0xDB93D2B9, 0xDAF1D29D, 0xDA5ED295, 0xD9DDD2A1, 0xD972D2C3,
	0xD91BD2FD, 0xD8D9D34D, 0xD8ADD3B4, 0xD89DD434, 0xD8A7D4CE, 0xD8C9D57E, 0xD905D649, 0xD961D732, 0xD9D7D833, 0xDA68D94B, 0xDB1CDA81,
	0xDBEFDBD2, 0xDCDADD38, 0xDDE5DEBB, 0xDF13E05B, 0xE05FE20F, 0xE1C6E3D8, 0xE350E5BF, 0xE4FDE7C2, 0xE6C6E9DA, 0xE8AAEC08, 0xEAA8EE4A,
	0xECC4F09F, 0xEF00F309, 0xF15AF589, 0xF3C9F818, 0xF64EFAB6, 0xF8EDFD63, 0xFBA3001E, 0xFE6B02E2, 0x014805B4, 0x0436088E, 0x07300B6E,
	0x0A380E54, 0x0D4E113F, 0x106E142A, 0x13931713, 0x16BC19FB, 0x19E71CDE, 0x1D101FBB, 0x203B2292, 0x2361255E, 0x267C281A, 0x298D2AC8,
	0x2C932D68, 0x2F8A2FF7, 0x3270326F, 0x354134D2, 0x37FA371C, 0x3A97394A, 0x3D183B5C, 0x3F7D3D4F, 0x41C13F21, 0x43DF40D0, 0x45D7425E,
	0x47A943C8, 0x4951450A, 0x4ACB4623, 0x4C174713, 0x4D3347D8, 0x4E1B486F, 0x4ECE48D9, 0x4F4F4917, 0x4F9C4926, 0x4FB04901, 0x4F8A48AE,
	0x4F2B482D, 0x4E904779, 0x4DBD4692, 0x4CB2457E, 0x4B694438, 0x49E342BE, 0x48264115, 0x462F3F3D, 0x43FB3D34, 0x41913AFD, 0x3EF2389A,
	0x3C193609, 0x3909334C, 0x35C83068, 0x32572D5B, 0x2EB42A26, 0x2AE726D0, 0x26F1235A, 0x22CE1FBF, 0x1E821C04, 0x1A161830, 0x158B1441,
	0x10E2103A, 0x0C200C22, 0x074807F8, 0x025C03BE, 0xFD62FF7A, 0xF85DFB30, 0xF34DF6DD, 0xEE38F284, 0xE926EE2E, 0xE418E9DF, 0xDF10E595,
	0xDA13E154, 0xD525DD1E, 0xD04AD8FA, 0xCB88D4EA, 0xC6E2D0F3, 0xC25ACD15, 0xBDF5C954, 0xB9B6C5B2, 0xB59EC230, 0xB1B4BED3, 0xADFEBBA3,
	0xAA7DB89D, 0xA731B5C3, 0xA41FB319, 0xA14AB0A1, 0x9EB3AE5D, 0x9C5FAC50, 0x9A50AA7C, 0x9885A8DE, 0x9703A77D, 0x95CEA65D, 0x94E1A579,
	0x943FA4D0, 0x93EBA469, 0x93E4A443, 0x9429A45A, 0x94BEA4B4, 0x95A3A551, 0x96D4A62E, 0x9853A74B, 0x9A1FA8A6, 0x9C34AA40, 0x9E94AC1B,
	0xA13FAE35, 0xA42EB087, 0xA75FB30F, 0xAAD4B5D2, 0xAE8AB8CB, 0xB27BBBF7, 0xB6A9BF59, 0xBB12C2EC, 0xBFAAC6A8, 0xC472CA8E, 0xC968CE9F,
	0xCE86D2D1, 0xD3C9D722, 0xD92FDB95, 0xDEB1E022, 0xE44BE4C6, 0xE9FEE980, 0xEFC1EE4A, 0xF58DF31F, 0xFB62F7FF, 0x013AFCE6, 0x070E01CD,
	0x0CDB06B0, 0x12A20B91, 0x185B106B, 0x1E001538, 0x238D19F3, 0x28FD1E99, 0x2E4D2328, 0x337B279F, 0x38822BF9, 0x3D5C3033, 0x4209344A,
	0x46813838, 0x4AC43BF8, 0x4ED23F90, 0x52A542FC, 0x56344634, 0x59834938, 0x5C944C0B, 0x5F5E4EA4, 0x61DE5100, 0x64175324, 0x6609550F,
	0x67B156BD, 0x690B582C, 0x6A19595C, 0x6ADA5A4C, 0x6B505AFD, 0x6B7A5B70, 0x6B565BA3, 0x6AE65B96, 0x6A2E5B4B, 0x692D5AC1, 0x67E259FA,
	0x665258F9, 0x647F57BC, 0x62685643, 0x600F5493, 0x5D7952B1, 0x5AA85098, 0x579E4E4A, 0x545E4BCD, 0x50ED4927, 0x4D4C4654, 0x497E4355,
	0x45894032, 0x41713CEF, 0x3D35398B, 0x38D93606, 0x34633267, 0x2FD92EB3, 0x2B402AED, 0x269A2719, 0x21E62335, 0x1D2A1F45, 0x186D1B4D,
	0x13B11754, 0x0EFC135B, 0x0A4F0F63, 0x05AF0B71, 0x0120078B, 0xFCA403B3, 0xF83CFFE5, 0xF3F1FC28, 0xEFC8F884, 0xEBBFF4F9, 0xE7D3F184,
	0xE40DEE2B, 0xE073EAF3, 0xDD06E7DB, 0xD9C5E4E6, 0xD6B3E218, 0xD3D2DF71, 0xD123DCF0, 0xCEA8DA98, 0xCC64D86D, 0xCA57D671, 0xC880D49F,
	0xC6E0D2FA, 0xC576D183, 0xC447D03D, 0xC353CF27, 0xC296CE3F, 0xC20FCD86, 0xC1BFCCFA, 0xC1A6CC9D, 0xC1C1CC6F, 0xC210CC6D, 0xC293CC96,
	0xC349CCEA, 0xC42ECD6B, 0xC53FCE14, 0xC67ACEDD, 0xC7DFCFCA, 0xC96DD0DD, 0xCB20D216, 0xCCF4D36B, 0xCEE8D4D9, 0xD0FAD663, 0xD327D808,
	0xD56DD9C4, 0xD7C5DB91, 0xDA2CDD6D, 0xDCA4DF56, 0xDF2AE14E, 0xE1BAE353, 0xE44DE55C, 0xE6E2E764, 0xE97AE971, 0xEC11EB81, 0xEEA1ED8A,
	0xF127EF8B, 0xF3A4F185, 0xF612F377, 0xF871F55A, 0xFABDF72D, 0xFCF5F8ED, 0xFF14FA9B, 0x011CFC34, 0x030BFDB7, 0x04DCFF21, 0x068E006F,
	0x082001A1, 0x099302B8, 0x0AE203B2, 0x0C0B048A, 0x0D110540, 0x0DF505D9, 0x0EB50653, 0x0F4C06A9, 0x0FBD06DC, 0x100906EF, 0x102D06E0,
	0x102C06AF, 0x10090661, 0x0FC405F5, 0x0F560565, 0x0EC404B4, 0x0E1203E8, 0x0D430304, 0x0C540206, 0x0B4500EB, 0x0A18FFB5, 0x08D4FE6F,
	0x077BFD19, 0x0609FBAC, 0x0482FA2E, 0x02EDF8A7, 0x0145F713, 0xFF88F56F, 0xFDC3F3C8, 0xFBFAF221, 0xFA29F076, 0xF851EEC9, 0xF67AED22,
	0xF4A3EB7F, 0xF2CEE9E1, 0xF0FEE84F, 0xEF34E6C8, 0xED72E54E, 0xEBC0E3E9, 0xEA1FE29A, 0xE88BE15D, 0xE708E035, 0xE59BDF26, 0xE444DE32,
	0xE306DD5E, 0xE1E4DCAA, 0xE0DEDC16, 0xDFF3DBA1, 0xDF28DB4F, 0xDE7BDB21, 0xDDEDDB17, 0xDD83DB36, 0xDD3EDB7B, 0xDD19DBE4, 0xDD19DC77,
	0xDD41DD35, 0xDD8CDE18, 0xDDF9DF20, 0xDE8BE051, 0xDF42E1A9, 0xE01DE326, 0xE11BE4CA, 0xE240E695, 0xE385E882, 0xE4E7EA8E, 0xE66AECBD,
	0xE811EF0E, 0xE9D4F17A, 0xEBAFF400, 0xEDA6F6A1, 0xEFBBF95D, 0xF1E5FC2F, 0xF421FF11, 0xF66F0206, 0xF8D2050B, 0xFB43081A, 0xFDBF0B31,
	0x00450E50, 0x02D51176, 0x056D149E, 0x080717C4, 0x0AA31AE5, 0x0D3D1DFE, 0x0FD1210D, 0x125E2410, 0x14E52704, 0x176329E7, 0x19D22CB5,
	0x1C302F6C, 0x1E7E3208, 0x20B93487, 0x22DD36E8, 0x24E93929, 0x26D93B43, 0x28AF3D37, 0x2A6A3F04, 0x2C0640A8, 0x2D7E4220, 0x2ED44369,
	0x30084485, 0x31174570, 0x3202462A, 0x32C846B2, 0x33664705, 0x33DB4722, 0x3429470D, 0x345146C3, 0x344F4641, 0x34244589, 0x33D244A0,
	0x33594381, 0x32B7422B, 0x31EF40A2, 0x31033EE9, 0x2FF23CFE, 0x2EBD3AE0, 0x2D683893, 0x2BF1361A, 0x2A583376, 0x28A030A7, 0x26CC2DB0,
	0x24E12A94, 0x22DE2756, 0x20C123F7, 0x1E8E2078, 0x1C4D1CE1, 0x19FE1933, 0x179B156C, 0x152B1191, 0x12B80DAB, 0x103F09B9, 0x0DBC05BC,
	0x0B3701B8, 0x08B5FDB4, 0x0635F9B0, 0x03BAF5B2, 0x0147F1BD, 0xFEDCEDD0, 0xFC7FE9F2, 0xFA32E628, 0xF7F3E272, 0xF5C3DECF, 0xF3A6DB47,
	0xF1A2D7E1, 0xEFB9D49E, 0xEDE8D17E, 0xEC30CE81, 0xEA94CBAE, 0xE918C907, 0xE7B9C68C, 0xE677C43F, 0xE558C226, 0xE45BC040, 0xE37EBE8E,
	0xE2C6BD13, 0xE230BBD1, 0xE1B9BAC2, 0xE166B9EF, 0xE13BB95C, 0xE12EB8FF, 0xE13DB8D6, 0xE173B8EB, 0xE1CCB940, 0xE240B9CB, 0xE2D4BA91,
	0xE388BB8F, 0xE454BCC1, 0xE53CBE2D, 0xE640BFD1, 0xE758C1A4, 0xE887C3A7, 0xE9CEC5DF, 0xEB26C845, 0xEC8CCAD3, 0xEE06CD8C, 0xEF8DD06D,
	0xF11DD371, 0xF2B7D698, 0xF458D9DB, 0xF5FCDD38, 0xF7A7E0B1, 0xF955E443, 0xFAFDE7E3, 0xFCA2EB90, 0xFE49EF4D, 0xFFE8F313, 0x017AF6DB,
	0x0304FAA5, 0x0485FE6D, 0x05F80233, 0x075D05F3, 0x08B009A6, 0x09EF0D47, 0x0B2110DA, 0x0C40145C, 0x0D4617C3, 0x0E361B0F, 0x0F141E42,
	0x0FD92154, 0x10842442, 0x111A270F, 0x119729B7, 0x11F92C36, 0x12462E8C, 0x127B30B7, 0x129332B2, 0x12953481, 0x12823621, 0x12573790,
	0x121438CF, 0x11B939DC, 0x11493AB4, 0x10C83B5E, 0x10353BD7, 0x0F8B3C1C, 0x0ECF3C2C, 0x0E063C0E, 0x0D2E3BC1, 0x0C483B46, 0x0B563A9A,
	0x0A5639BD, 0x094C38B5, 0x083B3787, 0x0723362F, 0x060534AF, 0x04E6330B, 0x03C23144, 0x02992F59, 0x01722D51, 0x004D2B2D, 0xFF2728EC,
	0xFE072696, 0xFCEF242D, 0xFBD921AD, 0xFAC81F1B, 0xF9C21C7F, 0xF8C619D8, 0xF7D21725, 0xF6EA146F, 0xF60E11B6, 0xF53C0EFB, 0xF4790C42,
	0xF3C2098C, 0xF31806DA, 0xF27D0431, 0xF1F40196, 0xF179FF09, 0xF10CFC8B, 0xF0ADFA1E, 0xF05DF7C1, 0xF01DF579, 0xEFEEF349, 0xEFCDF132,
	0xEFBAEF36, 0xEFB5ED52, 0xEFBDEB88, 0xEFD3E9DD, 0xEFFAE852, 0xF02AE6E5, 0xF066E596, 0xF0AEE46A, 0xF0FFE35C, 0xF157E26B, 0xF1BEE19F,
	0xF22FE0F7, 0xF2A3E06C, 0xF31CDFFE, 0xF39EDFB2, 0xF424DF86, 0xF4ADDF78, 0xF53BDF89, 0xF5CDDFB7, 0xF65DE000, 0xF6EEE065, 0xF780E0E3,
	0xF810E179, 0xF89FE226, 0xF92EE2EC, 0xF9B6E3C2, 0xFA38E4A9, 0xFAB9E5A5, 0xFB37E6B5, 0xFBA9E7CF, 0xFC12E8F1, 0xFC79EA20, 0xFCDBEB5A,
	0xFD31EC99, 0xFD7EEDDD, 0xFDC1EF26, 0xFDFAF06E, 0xFE2CF1B7, 0xFE56F301, 0xFE72F445, 0xFE81F581, 0xFE8BF6BC, 0xFE8BF7F0, 0xFE7FF918,
	0xFE6BFA36, 0xFE4BFB46, 0xFE1DFC46, 0xFDEAFD3D, 0xFDB2FE27, 0xFD6BFEFB, 0xFD1BFFBE, 0xFCCB0075, 0xFC700115, 0xFC06019D, 0xFB9C0217,
	0xFB310282, 0xFABD02D4, 0xFA43030F, 0xF9C9033A, 0xF94C0351, 0xF8CB0351, 0xF84B033D, 0xF7C90316, 0xF74602DC, 0xF6CA0294, 0xF652023B,
	0xF5D801CD, 0xF5640150, 0xF4F800C5, 0xF48E002A, 0xF429FF81, 0xF3D2FECE, 0xF386FE12, 0xF33FFD49, 0xF300FC78, 0xF2D0FBA1, 0xF2AFFAC7,
	0xF299F9E7, 0xF28DF902, 0xF290F81A, 0xF2A5F733, 0xF2C9F64D, 0xF2FAF568, 0xF33CF488, 0xF392F3AF, 0xF3F7F2DA, 0xF46AF209, 0xF4EFF140,
	0xF587F084, 0xF632EFD5, 0xF6EFEF30, 0xF7BAEE93, 0xF894EE02, 0xF981ED82, 0xFA81ED15, 0xFB8DECB3, 0xFCA6EC5E, 0xFDD3EC1E, 0xFF11EBF2,
	0x0054EBD2, 0x01A3EBC1, 0x0303EBC5, 0x046CEBDB, 0x05D9EBFF, 0x0751EC36, 0x08D3EC80, 0x0A5BECDB, 0x0BE9ED4A, 0x0D78EDC8, 0x0F01EE4C,
	0x108CEEE0, 0x121FEF8B, 0x13AEF045, 0x1532F105, 0x16B4F1D6, 0x1834F2B6, 0x19A6F39C, 0x1B0BF488, 0x1C6AF580, 0x1DBCF682, 0x1EFBF787,
	0x202AF893, 0x214BF9A6, 0x2259FABE, 0x2351FBD7, 0x2436FCF3, 0x2508FE0F, 0x25BFFF29, 0x265B003F, 0x26DE0158, 0x2749026F, 0x27980380,
	0x27CD048D, 0x27E80596, 0x27E30697, 0x27BF078F, 0x27800881, 0x2726096D, 0x26AE0A51, 0x26170B2A, 0x25620BF8, 0x24900CBC, 0x23A60D79,
	0x229F0E2B, 0x217A0ED0, 0x203F0F6E, 0x1EED1004, 0x1D7F108B, 0x1BF71106, 0x1A5D117A, 0x18AE11E4, 0x16EC1244, 0x151A129A, 0x133812E7,
	0x1146132E, 0x0F4A136F, 0x0D4413A8, 0x0B3113D5, 0x091B13FF, 0x07021426, 0x04E31447, 0x02C01461, 0x00A11479, 0xFE881491, 0xFC7614A8,
	0xFA6A14BD, 0xF86514D0, 0xF66B14E3, 0xF48014F7, 0xF2A3150D, 0xF0D61524, 0xEF1F1540, 0xED7C1560, 0xEBED1581, 0xEA7615A7, 0xE91A15D3,
	0xE7D91603, 0xE6B21637, 0xE5A61670, 0xE4B616B0, 0xE3E816F6, 0xE3391740, 0xE2A8178E, 0xE23A17E6, 0xE1EC1844, 0xE1BB18A1, 0xE1AD1904,
	0xE1C3196E, 0xE1F619D8, 0xE2441A43, 0xE2B41AB2, 0xE3451B25, 0xE3F41B99, 0xE4BF1C0D, 0xE5A41C7D, 0xE6A21CE9, 0xE7BC1D54, 0xE8EF1DBE,
	0xEA321E1E, 0xEB8B1E79, 0xECFB1ED0, 0xEE761F1B, 0xEFFB1F5A, 0xF1931F93, 0xF33A1FC1, 0xF4E51FDE, 0xF6951FEE, 0xF8491FEF, 0xF9FC1FDB,
	0xFBAE1FB6, 0xFD611F82, 0xFF0D1F3B, 0x00B11EDF, 0x02511E70, 0x03E21DE8, 0x05601D44, 0x06D11C8D, 0x08331BC2, 0x097E1ADB, 0x0AB419DA,
	0x0BD418C2, 0x0CDA1791, 0x0DC51645, 0x0E9714E2, 0x0F4A1364, 0x0FDC11CD, 0x10541022, 0x10AE0E5F, 0x10E00C7E, 0x10EE0A85, 0x10E0087C,
	0x10B3065F, 0x1061042C, 0x0FEC01E7, 0x0F55FF90, 0x0E9CFD25, 0x0DC2FAAC, 0x0CC9F828, 0x0BAEF597, 0x0A74F2F9, 0x091FF055, 0x07ACEDAA,
	0x061BEAF8, 0x0471E841, 0x02B2E58B, 0x00DCE2D5, 0xFEEFE020, 0xFCEFDD6E, 0xFADDDAC3, 0xF8BCD820, 0xF690D588, 0xF45AD2FD, 0xF219D07E,
	0xEFCFCE0F, 0xED84CBB1, 0xEB39C967, 0xE8EEC731, 0xE6A5C516, 0xE462C313, 0xE223C128, 0xDFEEBF59, 0xDDC8BDAB, 0xDBB2BC1C, 0xD9ABBAAB,
	0xD7B8B95B, 0xD5DCB82F, 0xD414B727, 0xD263B644, 0xD0CFB589, 0xCF5AB4F2, 0xCE03B482, 0xCCCCB43B, 0xCBB5B41C, 0xCAC3B426, 0xC9FAB45B,
	0xC956B4B8, 0xC8D3B53A, 0xC878B5E5, 0xC84AB6BD, 0xC846B7BD, 0xC86CB8E3, 0xC8BFBA35, 0xC93CBBAD, 0xC9E0BD47, 0xCAB1BF06, 0xCBB1C0EB,
	0xCCDCC2F6, 0xCE32C526, 0xCFB5C776, 0xD15FC9E3, 0xD331CC6D, 0xD52CCF17, 0xD751D1DF, 0xD99ED4C2, 0xDC10D7BE, 0xDEA7DAD1, 0xE161DDFB,
	0xE43BE138, 0xE735E487, 0xEA4DE7E7, 0xED82EB56, 0xF0D3EED4, 0xF43FF260, 0xF7C0F5F2, 0xFB50F987, 0xFEF5FD27, 0x02AF00CF, 0x06740477,
	0x0A41081C, 0x0E1A0BC1, 0x11F90F61, 0x15DA12F9, 0x19BC168F, 0x1DA01A1D, 0x217E1D9C, 0x2554210E, 0x29212474, 0x2CE227C9, 0x30962B0B,
	0x34392E39, 0x37C33151, 0x3B353450, 0x3E943739, 0x41D83A06, 0x44FA3CB8, 0x47FB3F4C, 0x4ADB41C0, 0x4D934413, 0x50254646, 0x528E4855,
	0x54C94A3E, 0x56D74C03, 0x58B64DA3, 0x5A634F18, 0x5BDE5065, 0x5D25518A, 0x5E365286, 0x5F0F5354, 0x5FB253F7, 0x601B546E, 0x604854B6,
	0x603C54D3, 0x5FF754C6, 0x5F77548B, 0x5EBB541F, 0x5DC45385, 0x5C9352BF, 0x5B2851CE, 0x598250AF, 0x57A34F64, 0x558C4DF0, 0x533D4C4E,
	0x50B94A81, 0x4E03488F, 0x4B1A4676, 0x47FE4433, 0x44B641CB, 0x41403F40, 0x3D9D3C92, 0x39D339C4, 0x35E736D7, 0x31D433CC, 0x2DA130A5,
	0x29532D66, 0x24EB2A0E, 0x206C26A3, 0x1BD92327, 0x17331F97, 0x12801BF8, 0x0DC71851, 0x0904149B, 0x043A10DD, 0xFF780D22, 0xFABB0965,
	0xF5FF05A3, 0xF14F01E6, 0xECB3FE35, 0xE823FA88, 0xE3A5F6E1, 0xDF45F34B, 0xDB01EFC6, 0xD6D9EC53, 0xD2D7E8F7, 0xCEF5E5B1, 0xCB37E280,
	0xC7A8DF6F, 0xC449DC7E, 0xC114D9A7, 0xBE0FD6F3, 0xBB3FD463, 0xB8A2D1F7, 0xB63CCFB3, 0xB412CD99, 0xB21DCBA5, 0xB061C9D9, 0xAEE6C83E,
	0xADA6C6CF, 0xAC9CC587, 0xABD1C470, 0xAB48C38C, 0xAAF8C2D3, 0xAAE1C245, 0xAB0BC1E7, 0xAB6FC1B8, 0xAC0BC1B6, 0xACDFC1E3, 0xADECC23E,
	0xAF30C2C6, 0xB0A6C376, 0xB24FC44E, 0xB429C54F, 0xB62FC678, 0xB861C7CB, 0xBABFC943, 0xBD44CADC, 0xBFEACC92, 0xC2B1CE68, 0xC598D05C,
	0xC89AD269, 0xCBB3D492, 0xCEE4D6D5, 0xD227D929, 0xD577DB8B, 0xD8D0DDFB, 0xDC32E07C, 0xDF9FE30B, 0xE310E5A2, 0xE67BE839, 0xE9DEEAD1,
	0xED3EED70, 0xF096F00F, 0xF3DFF2A5, 0xF719F535, 0xFA42F7BE, 0xFD55FA3C, 0x0050FCAE, 0x0334FF10, 0x05FB015F, 0x08A20399, 0x0B2805BF,
	0x0D8F07D0, 0x0FD509C9, 0x11F60BA9, 0x13EF0D6B, 0x15C00F10, 0x176A1099, 0x18EB1202, 0x1A43134A, 0x1B731473, 0x1C76157A, 0x1D4E165D,
	0x1E001721, 0x1E8917C3, 0x1EE31840, 0x1F15189D, 0x1F2218D8, 0x1F0618EE, 0x1EC318E1, 0x1E5C18B5, 0x1DD21869, 0x1D2417FE, 0x1C551774,
	0x1B6416CA, 0x1A581605, 0x19321527, 0x17EF142C, 0x16921313, 0x152111E7, 0x139D10A9, 0x12050F54, 0x105D0DEA, 0x0EA90C70, 0x0CE80AE7,
	0x0B1F094F, 0x094A07A9, 0x077205FB, 0x059B0449, 0x03C2028D, 0x01E600CA, 0x0011FF08, 0xFE40FD46, 0xFC75FB80, 0xFAB6F9BE, 0xF902F802,
	0xF755F648, 0xF5B7F496, 0xF432F2F4, 0xF2BBF15B, 0xF152EFC9, 0xF000EE47, 0xEEC2ECD5, 0xED96EB6F, 0xEC87EA1E, 0xEB94E8E3, 0xEAB5E7B9,
	0xE9EFE6A5, 0xE947E5A6, 0xE8B5E4BA, 0xE83FE3E8, 0xE7E7E332, 0xE7A7E28F, 0xE782E205, 0xE780E19C, 0xE795E14C, 0xE7C0E10F, 0xE80BE0F0,
	0xE86FE0EC, 0xE8E8E0FE, 0xE97FE12F, 0xEA33E17F, 0xEAF9E1E4, 0xEBD4E262, 0xECC9E2FD, 0xEDCEE3AB, 0xEEE6E472, 0xF018E557, 0xF15CE652,
	0xF2ABE761, 0xF40AE886, 0xF579E9C1, 0xF6F4EB0E, 0xF87AEC6E, 0xFA0DEDE3, 0xFBA9EF68, 0xFD4AF0FC, 0xFEF2F2A0, 0x00A0F451, 0x0252F60F,
	0x0406F7D9, 0x05BDF9AC, 0x0776FB89, 0x092AFD6C, 0x0AD7FF53, 0x0C870144, 0x0E36033A, 0x0FD9052C, 0x11750723, 0x130E091F, 0x149B0B14,
	0x161D0D02, 0x17990EF0, 0x190610D9, 0x1A6512B9, 0x1BBE1498, 0x1D08166E, 0x1E3B1833, 0x1F6419EF, 0x20851BA4, 0x21901D46, 0x228B1EDA,
	0x23792064, 0x245221DB, 0x2519233F, 0x25D62495, 0x268125D9, 0x27162706, 0x279A2821, 0x280F2929, 0x28772A1E, 0x28CD2AFC, 0x290D2BC1,
	0x29402C74, 0x29672D14, 0x29792D99, 0x297B2E05, 0x29732E5E, 0x295C2EA1, 0x29332ECC, 0x29002EE3, 0x28C42EE5, 0x28762ECD, 0x28192E9C,
	0x27B62E5B, 0x27492E05, 0x26CF2D99, 0x264D2D1A, 0x25C32C87, 0x252E2BDF, 0x24942B28, 0x23F12A5E, 0x23442980, 0x22962896, 0x21E4279F,
	0x21292694, 0x2067257A, 0x1FA22455, 0x1EDB2326, 0x1E1221ED, 0x1D4520A7, 0x1C721F55, 0x1B9E1DFD, 0x1AC81C9D, 0x19ED1B35, 0x191419CA,
	0x183B185C, 0x175A16E5, 0x1679156E, 0x159D13F8, 0x14B9127C, 0x13D010FA, 0x12EB0F7E, 0x12020E03, 0x11180C8B, 0x102E0B18, 0x0F3B09A3,
	0x0E470831, 0x0D5706CA, 0x0C5F0564, 0x0B5F0400, 0x0A6002A6, 0x095F0155, 0x08540005, 0x0745FEBD, 0x0637FD82, 0x0520FC4C, 0x03FDFB1B,
	0x02D9F9F7, 0x01B3F8DB, 0x007FF7C1, 0xFF46F6B4, 0xFE0AF5B4, 0xFCC4F4B8, 0xFB73F3C0, 0xFA1CF2D5, 0xF8BEF1F3, 0xF757F117, 0xF5EBF045,
	0xF476EF7B, 0xF2F5EEB3, 0xF16EEDF2, 0xEFE6ED3D, 0xEE53EC8F, 0xECB4EBE1, 0xEB10EB38, 0xE969EA98, 0xE7BBE9FD, 0xE608E967, 0xE452E8D4,
	0xE297E844, 0xE0D4E7B5, 0xDF14E72E, 0xDD55E6AB, 0xDB91E625, 0xD9CAE59E, 0xD809E51E, 0xD64AE4A2, 0xD48FE427, 0xD2DBE3AE, 0xD12AE333,
	0xCF7EE2B6, 0xCDDCE23D, 0xCC42E1C5, 0xCAB5E150, 0xC938E0E0, 0xC7C7E06F, 0xC662DFFB, 0xC50EDF89, 0xC3CFDF1C, 0xC2A3DEB1, 0xC186DE46,
	0xC081DDDE, 0xBF98DD7D, 0xBEC6DD20, 0xBE0CDCC8, 0xBD6EDC74, 0xBCECDC23, 0xBC87DBDA, 0xBC40DB98, 0xBC18DB5B, 0xBC10DB26, 0xBC2ADAFB,
	0xBC65DADC, 0xBCC4DAC6, 0xBD44DAB8, 0xBDE6DAB6, 0xBEAEDAC4, 0xBF9BDADD, 0xC0AADAFF, 0xC1DEDB31, 0xC336DB72, 0xC4B1DBC2, 0xC64EDC20,
	0xC811DC90, 0xC9F7DD11, 0xCBFCDDA1, 0xCE23DE41, 0xD06BDEF3, 0xD2D2DFB7, 0xD557E08E, 0xD7F7E174, 0xDAB2E26B, 0xDD89E375, 0xE078E490,
	0xE37BE5BA, 0xE694E6F6, 0xE9BFE842, 0xECFCE9A1, 0xF049EB0F, 0xF39FEC88, 0xF700EE11, 0xFA6DEFA8, 0xFDDEF14A, 0x014DF2F4, 0x04BEF4AA,
	0x0832F66E, 0x0BA3F838, 0x0F0BFA08, 0x126BFBE1, 0x15BEFDBC, 0x18FEFF96, 0x1C360178, 0x1F5D035D, 0x2267053B, 0x255C0719, 0x283908F5,
	0x2AF60AC7, 0x2D9A0C94, 0x30210E5D, 0x327F1017, 0x34B611C6, 0x36CF136F, 0x38C31508, 0x3A88168C, 0x3C261803, 0x3D991968, 0x3EDB1AB7,
	0x3FF41BF4, 0x40E31D1F, 0x419E1E2C, 0x42291F22, 0x42882006, 0x42B420CE, 0x42B1217B, 0x4282220D, 0x42222283, 0x419522DD, 0x40D9231B,
	0x3FEE233D, 0x3ED62344, 0x3D95232F, 0x3C2A22FC, 0x3A9722AA, 0x38DC223D, 0x36FD21B7, 0x34FB2116, 0x32D6205A, 0x30931F83, 0x2E331E93,
	0x2BB71D8B, 0x291F1C6B, 0x266F1B34, 0x23B019EB, 0x20E31890, 0x1E031721, 0x1B1615A2, 0x18221416, 0x15231278, 0x122210CE, 0x0F210F1E,
	0x0C1F0D63, 0x09200BA0, 0x062B09D9, 0x033F0811, 0x005C0648, 0xFD87047E, 0xFAC602B7, 0xF81400F2, 0xF578FF36, 0xF2FBFD88, 0xF093FBDF,
	0xEE41FA3D, 0xEC11F8AB, 0xEA03F72B, 0xE814F5B8, 0xE646F45A, 0xE49DF310, 0xE31BF1DB, 0xE1C3F0BF, 0xE08EEFB9, 0xDF7FEECA, 0xDE9CEDF6,
	0xDDE3ED3F, 0xDD54ECA5, 0xDCEFEC27, 0xDCB5EBC4, 0xDCA6EB7F, 0xDCC1EB5A, 0xDD04EB54, 0xDD6FEB6C, 0xDE06EBA4, 0xDEC7EBFD, 0xDFAEEC74,
	0xE0BAED08, 0xE1EBEDB9, 0xE33DEE87, 0xE4B4EF74, 0xE64DF07D, 0xE800F19E, 0xE9D1F2DB, 0xEBC2F435, 0xEDCDF5A5, 0xEFECF72A, 0xF220F8C3,
	0xF467FA6F, 0xF6C2FC2F, 0xF928FDFC, 0xFB9AFFDA, 0xFE1A01C8, 0x009E03BC, 0x032505B8, 0x05B107BD, 0x083C09C5, 0x0AC60BD2, 0x0D4D0DE1,
	0x0FC90FEB, 0x123911F0, 0x149F13EF, 0x16F815EA, 0x194217DC, 0x1B7219BB, 0x1D891B89, 0x1F8E1D4F, 0x217D1F05, 0x234D20A3, 0x25002228,
	0x26942398, 0x280424EC, 0x294F2624, 0x2A782742, 0x2B7C2842, 0x2C582922, 0x2D1029E3, 0x2D9D2A7F, 0x2DFE2AF6, 0x2E372B4D, 0x2E432B80,
	0x2E232B8D, 0x2DDB2B77, 0x2D662B3A, 0x2CC32AD5, 0x2BF82A4D, 0x2B01299D, 0x29DE28C9, 0x289427D3, 0x272126B6, 0x25852575, 0x23C22414,
	0x21D62290, 0x1FCC20EC, 0x1DA21F2C, 0x1B531D4B, 0x18E41B4E, 0x165B1939, 0x13B9170D, 0x10FD14CA, 0x0E281271, 0x0B401005, 0x084A0D8C,
	0x05420B03, 0x022E086F, 0xFF1405D6, 0xFBF40336, 0xF8CE0090, 0xF5A7FDE8, 0xF281FB42, 0xEF5FF89E, 0xEC43F600, 0xE933F36B, 0xE630F0E3,
	0xE33BEE66, 0xE05CEBFD, 0xDD94E9A7, 0xDADFE764, 0xD844E535, 0xD5C5E31E, 0xD366E122, 0xD128DF43, 0xCF0ADD81, 0xCD13DBE0, 0xCB43DA61,
	0xC99CD904, 0xC820D7CB, 0xC6CDD6B6, 0xC5A6D5C7, 0xC4B1D502, 0xC3E6D460, 0xC347D3E1, 0xC2DAD38C, 0xC29ED360, 0xC292D35B, 0xC2B8D37E,
	0xC30CD3C8, 0xC390D437, 0xC442D4CA, 0xC51FD580, 0xC62ED65D, 0xC76BD75E, 0xC8CFD87D, 0xCA5AD9B9, 0xCC0EDB14, 0xCDEEDC8F, 0xCFF2DE22,
	0xD213DFC8, 0xD455E186, 0xD6B8E35B, 0xD938E544, 0xDBD1E73C, 0xDE80E940, 0xE144EB4E, 0xE41BED67, 0xE700EF85, 0xE9F3F1A9, 0xECF2F3D0,
	0xEFF3F5F1, 0xF2FAF812, 0xF609FA31, 0xF913FC46, 0xFC18FE50, 0xFF18004F, 0x02100240, 0x04FF0425, 0x07E105F9, 0x0AAF07B5, 0x0D6A095A,
	0x10100AE7, 0x12A20C60, 0x151D0DC1, 0x177B0F05, 0x19BD102B, 0x1BE01133, 0x1DE61220, 0x1FCB12F0, 0x218B139D, 0x232A142A, 0x24A61497,
	0x25F814DF, 0x2726150A, 0x28301517, 0x29111501, 0x29CB14CD, 0x2A63147C, 0x2AD3140B, 0x2B181377, 0x2B3612C6, 0x2B3211FD, 0x2B071117,
	0x2AB21012, 0x2A3F0EF9, 0x29AB0DCA, 0x28EF0C80, 0x28150B25, 0x271E09BB, 0x2605083A, 0x24D006AA, 0x237F050D, 0x22120362, 0x209001AF,
	0x1EF7FFF6, 0x1D4AFE36, 0x1B89FC71, 0x19B5FAA6, 0x17D0F8DC, 0x15DEF713, 0x13E1F550, 0x11DEF394, 0x0FD2F1E1, 0x0DBDF033, 0x0BA2EE8E,
	0x0984ECF5, 0x0768EB6D, 0x054DE9F5, 0x0333E88C, 0x0120E738, 0xFF15E5F9, 0xFD0DE4CD, 0xFB12E3BB, 0xF922E2C2, 0xF73EE1DF, 0xF568E117,
	0xF3A2E069, 0xF1EDDFD7, 0xF04BDF61, 0xEEB9DF08, 0xED3EDED0, 0xEBD9DEB4, 0xEA89DEB2, 0xE950DED1, 0xE834DF14, 0xE731DF75, 0xE644DFEE,
	0xE56FE084, 0xE4B9E13B, 0xE41CE20C, 0xE398E2F6, 0xE335E404, 0xE2EDE52D, 0xE2C0E66A, 0xE2B3E7C5, 0xE2BFE938, 0xE2E3EAC1, 0xE32AEC61,
	0xE386EE11, 0xE3F7EFD1, 0xE48EF1AD, 0xE540F399, 0xE604F58D, 0xE6E1F78F, 0xE7D7F99F, 0xE8E3FBB8, 0xEA05FDDB, 0xEB3C0006, 0xEC850233,
	0xEDE10462, 0xEF510696, 0xF0CF08C9, 0xF2570AF5, 0xF3EF0D21, 0xF5980F4B, 0xF748116A, 0xF8FE137D, 0xFABA1588, 0xFC7E1787, 0xFE4A197A,
	0x00161B5A, 0x01E01D29, 0x03AB1EE9, 0x05732093, 0x07332225, 0x08F123A3, 0x0AAC250F, 0x0C5A265D, 0x0DF8278D, 0x0F8F28A9, 0x111C29AA,
	0x12922A88, 0x13FB2B4C, 0x15542BF8, 0x16952C81, 0x17C62CED, 0x18DF2D39, 0x19DE2D65, 0x1ACC2D78, 0x1B9E2D69, 0x1C522D39, 0x1CF42CF2,
	0x1D782C89, 0x1DDA2BFD, 0x1E2A2B5D, 0x1E5C2A9F, 0x1E6B29C0, 0x1E6228CC, 0x1E3C27BD, 0x1DF82693, 0x1D9D2554, 0x1D2223FF, 0x1C8B2295,
	0x1BDE211B, 0x1B151F8D, 0x1A311DED, 0x19371C3D, 0x18231A7D, 0x16F818B1, 0x15BC16E0, 0x146C1505, 0x130A1320, 0x11981137, 0x10170F4E,
	0x0E850D62, 0x0CE90B74, 0x0B410984, 0x0991079B, 0x07E005BB, 0x062603DE, 0x04680205, 0x02AE003D, 0x00F0FE7D, 0xFF33FCC7, 0xFD83FB24,
	0xFBD5F98F, 0xFA2AF808, 0xF88EF696, 0xF6FCF533, 0xF579F3E5, 0xF40BF2B4, 0xF2A6F194, 0xF150F085, 0xF013EF91, 0xEEE9EEB4, 0xEDD5EDEF,
	0xECD8ED41, 0xEBF4ECAF, 0xEB2CEC3A, 0xEA79EBDA, 0xE9DDEB8E, 0xE962EB60, 0xE901EB49, 0xE8B8EB48, 0xE88EEB63, 0xE87EEB93, 0xE88CEBDA,
	0xE8B9EC3B, 0xE8FBECAD, 0xE957ED33, 0xE9D0EDCF, 0xEA5FEE7B, 0xEB08EF37, 0xEBCDF009, 0xECA5F0E6, 0xED8EF1CF, 0xEE94F2CB, 0xEFADF3D0,
	0xF0D1F4D9, 0xF20AF5F2, 0xF350F712, 0xF49EF830, 0xF5FFF95A, 0xF76BFA8A, 0xF8D5FBB2, 0xFA4CFCDC, 0xFBCCFE0A, 0xFD48FF31, 0xFEC80056,
	0x00470175, 0x01C0028A, 0x0339039C, 0x04AA04A0, 0x060F0597, 0x07720688, 0x08CB076E, 0x0A140842, 0x0B4E0904, 0x0C7609B6, 0x0D900A5A,
	0x0E9B0AEE, 0x0F8E0B6B, 0x10710BD7, 0x113F0C2F, 0x11F40C6F, 0x12920C9B, 0x13160CB2, 0x13840CB3, 0x13DD0CA1, 0x141A0C76, 0x143D0C35,
	0x14490BDF, 0x14390B71, 0x140F0AED, 0x13CE0A53, 0x137209A1, 0x12FF08DD, 0x12750808, 0x11D2071C, 0x11150617, 0x10450501, 0x0F6203DD,
	0x0E6A02A6, 0x0D5D015C, 0x0C400007, 0x0B12FEA4, 0x09D2FD32, 0x0883FBB0, 0x0729FA24, 0x05C7F893, 0x0459F6F6, 0x02DEF54F, 0x0161F3A7,
	0xFFDEF1F9, 0xFE54F043, 0xFCCCEE8F, 0xFB40ECDB, 0xF9B6EB28, 0xF830E979, 0xF6A6E7C6, 0xF525E61B, 0xF3B5E481, 0xF244E2E4, 0xF0D9E14E,
	0xEF81DFCD, 0xEE32DE54, 0xECF0DCE5, 0xEBC1DB87, 0xEA9FDA37, 0xE98AD8F8, 0xE889D7CE, 0xE7A0D6BB, 0xE6CCD5BC, 0xE607D4CE, 0xE557D3F7,
	0xE4C2D33A, 0xE43FD291, 0xE3D4D204, 0xE385D196, 0xE349D13D, 0xE325D0FF, 0xE31ED0E2, 0xE32CD0DE, 0xE350D0F2, 0xE38DD125, 0xE3E2D179,
	0xE44CD1E8, 0xE4D1D276, 0xE56FD323, 0xE620D3EA, 0xE6E6D4CF, 0xE7C1D5D0, 0xE8ABD6E9, 0xE9ACD821, 0xEAC3D979, 0xEBE8DAE8, 0xED1EDC72,
	0xEE64DE16, 0xEFB5DFD0, 0xF119E1A8, 0xF287E394, 0xF3FBE592, 0xF57CE7A7, 0xF704E9CE, 0xF894EC08, 0xFA32EE5C, 0xFBCCF0BA, 0xFD65F321,
	0xFF06F599, 0x00A7F81D, 0x0247FAAD, 0x03E6FD46, 0x0581FFE3, 0x071C0289, 0x08AE0533, 0x0A3207D9, 0x0BB30A84, 0x0D300D33, 0x0EA00FDC,
	0x10031280, 0x115D1521, 0x12A517B8, 0x13E11A46, 0x15101CCB, 0x162E1F42, 0x173921AC, 0x1836240B, 0x19222658, 0x19F6288E, 0x1ABB2AB6,
	0x1B6F2CCB, 0x1C0B2EC3, 0x1C9430A7, 0x1D0A3277, 0x1D683429, 0x1DB535C0, 0x1DEF3740, 0x1E1338A4, 0x1E1F39E8, 0x1E183B0C, 0x1E003C15,
	0x1DD13CFE, 0x1D8B3DC5, 0x1D3A3E72, 0x1CD43EFD, 0x1C573F63, 0x1BCE3FAE, 0x1B303FD6, 0x1A7F3FDA, 0x19C73FC4, 0x18FE3F8D, 0x18203F30,
	0x173B3EB8, 0x16473E1E, 0x15443D61, 0x143C3C8D, 0x132C3B9D, 0x120E3A8A, 0x10EA395D, 0x0FC23818, 0x0E9136B4, 0x0D583534, 0x0C1F33A2,
	0x0AE431F8, 0x09A53035, 0x086B2E61, 0x072E2C78, 0x05ED2A78, 0x04B4286D, 0x037F2653, 0x02462424, 0x011621EB, 0xFFEE1FA8, 0xFECA1D56,
	0xFDB01AFE, 0xFCA018A5, 0xFB931643, 0xFA8E13D8, 0xF995116D, 0xF8A90F03, 0xF7C30C95, 0xF6E90A25, 0xF62007BC, 0xF5610557, 0xF4AA02F6,
	0xF402009E, 0xF366FE4D, 0xF2D6FC02, 0xF252F9C0, 0xF1DDF78D, 0xF179F56C, 0xF11BF353, 0xF0C5F143, 0xF07FEF45, 0xF046ED57, 0xF01AEB7A,
	0xEFFCE9B3, 0xEFE4E7FB, 0xEFD4E655, 0xEFD1E4C5, 0xEFD5E346, 0xEFE1E1DC, 0xEFF6E087, 0xF012DF47, 0xF039DE1F, 0xF064DD0C, 0xF093DC0B,
	0xF0C9DB21, 0xF100DA4C, 0xF13BD98E, 0xF17BD8E8, 0xF1BAD851, 0xF1FBD7CF, 0xF241D768, 0xF283D713, 0xF2C5D6CF, 0xF307D69E, 0xF347D681,
	0xF386D67A, 0xF3C3D683, 0xF3FBD69B, 0xF42DD6C3, 0xF45BD6FA, 0xF487D743, 0xF4B1D799, 0xF4D4D7FC, 0xF4F3D86C, 0xF50BD8E8, 0xF51DD96D,
	0xF52BD9FE, 0xF534DA98, 0xF537DB3A, 0xF534DBE4, 0xF52FDC98, 0xF528DD54, 0xF515DE0E, 0xF4FEDECC, 0xF4ECDF94, 0xF4D2E05E, 0xF4B2E129,
	0xF495E1FA, 0xF474E2C9, 0xF452E398, 0xF432E46B, 0xF40FE53B, 0xF3F1E60D, 0xF3D6E6E0, 0xF3B5E7AC, 0xF39BE87B, 0xF389E949, 0xF379EA10,
	0xF372EAD9, 0xF36EEBA0, 0xF36CEC5E, 0xF37CED24, 0xF395EDE8, 0xF3AEEEA1, 0xF3D5EF5C, 0xF40EF01A, 0xF44AF0D1, 0xF491F185, 0xF4EAF23E,
	0xF54EF2F0, 0xF5BCF39E, 0xF63FF456, 0xF6D0F50F, 0xF769F5BF, 0xF818F675, 0xF8D6F72F, 0xF99AF7E2, 0xFA72F89B, 0xFB5DF95A, 0xFC4FFA14,
	0xFD50FAD1, 0xFE68FB9A, 0xFF8FFC66, 0x00BDFD30, 0x01F8FE02, 0x0341FEDB, 0x0492FFB2, 0x05EE008D, 0x075B0173, 0x08CD025D, 0x0A450349,
	0x0BC90440, 0x0D4F0539, 0x0ED90636, 0x106B073B, 0x11FD0841, 0x138D094B, 0x15220A5F, 0x16B30B77, 0x18400C91, 0x19C70DAC, 0x1B450EC8,
	0x1CC00FE9, 0x1E32110C, 0x1F95122E, 0x20EF1353, 0x223B1477, 0x23761596, 0x24A016B6, 0x25B617D2, 0x26BA18EB, 0x27A919FE, 0x287C1B07,
	0x29391C0B, 0x29E01D09, 0x2A6D1E00, 0x2ADF1EEE, 0x2B311FCE, 0x2B65209F, 0x2B7B2162, 0x2B712218, 0x2B4A22C2, 0x2B04235C, 0x2A9923E0,
	0x2A0B2452, 0x295F24B5, 0x28942507, 0x27A5253F, 0x2691255E, 0x2561256C, 0x24112567, 0x22992543, 0x21052509, 0x1F5724BA, 0x1D872450,
	0x1B9923CD, 0x198F2332, 0x176B227E, 0x152F21B4, 0x12D720CC, 0x10681FCB, 0x0DE91EB9, 0x0B551D8E, 0x08AE1C49, 0x05FB1AEF, 0x0338197F,
	0x006917F9, 0xFD8D165C, 0xFAAD14AF, 0xF7CD12F4, 0xF4E61123, 0xF1FF0F45, 0xEF1E0D5E, 0xEC380B62, 0xE95B095D, 0xE6930758, 0xE3CE0543,
	0xE1110324, 0xDE6C0108, 0xDBD8FEE8, 0xD954FCC3, 0xD6ECFAA3, 0xD49EF886, 0xD267F66B, 0xD04EF459, 0xCE58F253, 0xCC7FF052, 0xCAC7EE5D,
	0xC937EC79, 0xC7CBEAA4, 0xC684E8DD, 0xC567E72B, 0xC472E58D, 0xC3AAE409, 0xC30FE29D, 0xC29BE144, 0xC256E006, 0xC241DEE5, 0xC256DDE1,
	0xC298DCFC, 0xC307DC34, 0xC3A2DB87, 0xC46FDAFF, 0xC565DA96, 0xC684DA4C, 0xC7D5DA27, 0xC94FDA21, 0xCAEDDA3A, 0xCCB5DA78, 0xCEA3DAD5,
	0xD0B7DB55, 0xD2EFDBF2, 0xD544DCAB, 0xD7BCDD87, 0xDA53DE85, 0xDD03DF9B, 0xDFCEE0CD, 0xE2B2E21D, 0xE5A8E385, 0xE8B0E504, 0xEBC9E69C,
	0xEEEFE848, 0xF21FEA06, 0xF55AEBD7, 0xF89CEDB9, 0xFBDDEFA6, 0xFF1DF1A2, 0x025FF3A9, 0x0599F5B5, 0x08CDF7CA, 0x0BF8F9E5, 0x0F11FBFD,
	0x121FFE17, 0x151F0032, 0x18060245, 0x1AD50450, 0x1D8B0654, 0x20290851, 0x22AC0A44, 0x250B0C22, 0x274B0DF2, 0x296D0FB3, 0x2B67115D,
	0x2D3B12F1, 0x2EEB1472, 0x307015D7, 0x31CE1724, 0x33021857, 0x3409196C, 0x34E81A66, 0x359C1B41, 0x361F1BFB, 0x36781C97, 0x36A71D12,
	0x36A91D6D, 0x36811DA9, 0x362D1DC2, 0x35AD1DB9, 0x35031D8E, 0x34301D43, 0x33351CD8, 0x32171C4F, 0x30D31BA7, 0x2F681ADE, 0x2DDB19F5,
	0x2C3118F3, 0x2A6617D6, 0x287E169E, 0x267D154D, 0x246013E2, 0x222C1263, 0x1FE910D5, 0x1D900F30, 0x1B250D78, 0x18AF0BB3, 0x162C09E2,
	0x13A6080A, 0x11190628, 0x0E7F0438, 0x0BEB024B, 0x095E0062, 0x06CCFE72, 0x0440FC81, 0x01BEFA95, 0xFF46F8B0, 0xFCDFF6D9, 0xFA88F50B,
	0xF83CF345, 0xF608F195, 0xF3EEEFFA, 0xF1E4EE69, 0xEFF1ECE9, 0xEE1EEB87, 0xEC69EA40, 0xEAD0E910, 0xE954E7F6, 0xE7F9E6FA, 0xE6C1E61E,
	0xE5AFE565, 0xE4C0E4CB, 0xE3EEE44D, 0xE343E3F1, 0xE2BCE3B6, 0xE25BE39E, 0xE225E3B0, 0xE212E3E3, 0xE21EE433, 0xE251E4A9, 0xE2ABE543,
	0xE327E5FF, 0xE3C4E6D9, 0xE480E7D4, 0xE562E8F3, 0xE664EA30, 0xE781EB88, 0xE8BEED01, 0xEA13EE94, 0xEB81F040, 0xED0BF208, 0xEEA9F3E3,
	0xF058F5CF, 0xF21DF7D1, 0xF3F0F9E5, 0xF5D1FC07, 0xF7C2FE38, 0xF9BC0072, 0xFBBC02B4, 0xFDBF04F9, 0xFFC30741, 0x01CA098B, 0x03CF0BD3,
	0x05D20E1C, 0x07D21061, 0x09C41297, 0x0BA914C0, 0x0D8416E0, 0x0F5118F1, 0x110C1AF1, 0x12B61CDC, 0x14481EAE, 0x15C42069, 0x1728220B,
	0x18702390, 0x199C24F5, 0x1AAD263F, 0x1BA1276B, 0x1C732871, 0x1D262953, 0x1DBA2A12, 0x1E262AA6, 0x1E6D2B14, 0x1E972B61, 0x1E9A2B82,
	0x1E782B7A, 0x1E352B4D, 0x1DCB2AF2, 0x1D3E2A71, 0x1C9029CA, 0x1BBB28F8, 0x1AC227FD, 0x19A926DD, 0x186E2594, 0x17152427, 0x159E2298,
	0x140920E6, 0x12571F12, 0x10881D1C, 0x0EA11B0A, 0x0CA218DC, 0x0A8B168F, 0x0865142C, 0x062B11B2, 0x03DC0F1F, 0x01860C81, 0xFF2409D1,
	0xFCB1070F, 0xFA3B0447, 0xF7C20175, 0xF53DFE95, 0xF2BCFBB7, 0xF040F8DC, 0xEDC3F5FE, 0xEB4BF320, 0xE8DAF048, 0xE675ED79, 0xE41DEAB7,
	0xE1D4E804, 0xDF98E560, 0xDD6DE2CB, 0xDB57E049, 0xD957DDDC, 0xD76DDB88, 0xD5A1D951, 0xD3ECD733, 0xD252D530, 0xD0D9D351, 0xCF7DD191,
	0xCE42CFF2, 0xCD27CE75, 0xCC28CD17, 0xCB53CBE4, 0xCAA4CADB, 0xCA11C9F1, 0xC9A4C92C, 0xC95EC891, 0xC93AC81F, 0xC93EC7D8, 0xC968C7B7,
	0xC9B3C7B9, 0xCA24C7E5, 0xCAB6C837, 0xCB6CC8AD, 0xCC4AC94E, 0xCD46CA13, 0xCE61CAF9, 0xCFA2CC04, 0xD0FFCD2F, 0xD279CE7A, 0xD411CFE6,
	0xD5C4D16F, 0xD794D317, 0xD97CD4D9, 0xDB76D6B1, 0xDD88D8A2, 0xDFB2DAAD, 0xE1EDDCC8, 0xE43ADEF4, 0xE697E134, 0xE8FDE381, 0xEB6EE5DA,
	0xEDEDE83E, 0xF073EAAC, 0xF2FDED20, 0xF58CEF99, 0xF81FF214, 0xFAB5F492, 0xFD4CF713, 0xFFDDF98E, 0x0269FC07, 0x04F5FE7E, 0x077200E6,
	0x09E40343, 0x0C57059F, 0x0EBB07ED, 0x110E0A2A, 0x13580C5B, 0x158F0E7B, 0x17B5108D, 0x19CB128F, 0x1BCC147A, 0x1DBB1652, 0x1F961818,
	0x215819C3, 0x23071B5C, 0x24A01CE1, 0x261E1E4C, 0x27891FA1, 0x28DB20DE, 0x2A112201, 0x2B30230F, 0x2C342402, 0x2D1D24DB, 0x2DF425A3,
	0x2EB12653, 0x2F4E26E5, 0x2FD72763, 0x304927CF, 0x309E281E, 0x30DB2856, 0x3106287E, 0x31172890, 0x310E2888, 0x30F32870, 0x30C32847,
	0x307B280A, 0x302227BD, 0x2FB4275E, 0x2F3226EC, 0x2EA1266E, 0x2DFF25E3, 0x2D4B254A, 0x2C8724A2, 0x2BB423EE, 0x2AD72332, 0x29EC226C,
	0x28F22198, 0x27F020BD, 0x26E61FDC, 0x25D11EF5, 0x24B21E07, 0x23881D10, 0x22591C15, 0x21291B1A, 0x1FF21A18, 0x1EB71913, 0x1D79180C,
	0x1C321701, 0x1AEC15F7, 0x19A814EF, 0x186113E3, 0x171812D8, 0x15D011CE, 0x148A10C5, 0x13470FBF, 0x12050EB9, 0x10C30DB1, 0x0F840CAC,
	0x0E480BAC, 0x0D100AAE, 0x0BDB09B1, 0x0AAC08BA, 0x098107C7, 0x085606D2, 0x073205E2, 0x061904F8, 0x04FB040B, 0x03E30322, 0x02D80245,
	0x01CB0165, 0x00BF0085, 0xFFBFFFAD, 0xFEC4FED8, 0xFDC9FE03, 0xFCD3FD33, 0xFBE1FC65, 0xFAF4FB9A, 0xFA0EFAD4, 0xF929FA0F, 0xF845F94A,
	0xF769F88E, 0xF692F7D5, 0xF5B9F71A, 0xF4E6F664, 0xF416F5B1, 0xF341F4FC, 0xF277F44F, 0xF1B3F3A7, 0xF0E7F2F9, 0xF022F254, 0xEF66F1B7,
	0xEEA4F115, 0xEDE4F077, 0xED29EFE1, 0xEC6BEF49, 0xEBB3EEB4, 0xEB00EE27, 0xEA4EED9F, 0xE99FED1B, 0xE8F0EC98, 0xE842EC19, 0xE79CEBA3,
	0xE6F8EB32, 0xE658EAC3, 0xE5BCEA5A, 0xE521E9F6, 0xE48BE999, 0xE3FDE947, 0xE374E8F9, 0xE2EEE8AF, 0xE26FE86C, 0xE1F8E834, 0xE189E803,
	0xE122E7DB, 0xE0C3E7BC, 0xE06AE7A4, 0xE01AE794, 0xDFD7E791, 0xDF9CE796, 0xDF6AE7A3, 0xDF45E7BD, 0xDF2BE7DD, 0xDF1BE806, 0xDF1CE83D,
	0xDF2AE87F, 0xDF42E8C9, 0xDF68E91F, 0xDF9EE981, 0xDFE1E9EB, 0xE030EA60, 0xE090EAE3, 0xE100EB6E, 0xE17AEBFF, 0xE207EC9D, 0xE2A6ED48,
	0xE350EDF8, 0xE408EEB1, 0xE4D0EF74, 0xE5A6F041, 0xE68BF114, 0xE77AF1EB, 0xE878F2CC, 0xE988F3B9, 0xEAA1F4A7, 0xEBC3F597, 0xECF4F691,
	0xEE30F78E, 0xEF74F88E, 0xF0C3F993, 0xF216FA97, 0xF371FB9B, 0xF4D7FCA3, 0xF640FDAA, 0xF7ABFEAE, 0xF91AFFB0, 0xFA8C00B2, 0xFC0401B5,
	0xFD7A02B1, 0xFEE803A3, 0x00590495, 0x01CD0586, 0x03330669, 0x04910741, 0x05F1081D, 0x074D08F1, 0x089709B1, 0x09D80A69, 0x0B110B1C,
	0x0C3B0BC1, 0x0D580C59, 0x0E6C0CEC, 0x0F720D74, 0x10650DEC, 0x11460E57, 0x12150EB3, 0x12D50F06, 0x13880F52, 0x14260F8E, 0x14AA0FB6,
	0x151D0FD4, 0x15850FEE, 0x15D20FF4, 0x16050FEA, 0x162F0FDB, 0x16450FC0, 0x163E0F94, 0x16270F61, 0x15FD0F20, 0x15BC0ED3, 0x156F0E85,
	0x150F0E2B, 0x149A0DC3, 0x14180D58, 0x13850CE6, 0x12DE0C69, 0x12290BE7, 0x11670B5E, 0x10970AD1, 0x0FBE0A42, 0x0ED709AB, 0x0DE50913,
	0x0CEF087F, 0x0BF007E5, 0x0AE70746, 0x09DA06AC, 0x08CB0615, 0x07B6057B, 0x069E04E2, 0x0587044F, 0x046F03BF, 0x035A0333, 0x024A02AE,
	0x0139022B, 0x002C01AB, 0xFF290135, 0xFE2C00C6, 0xFD36005D, 0xFC4BFFFB, 0xFB6AFFA0, 0xFA91FF4C, 0xF9C4FF02, 0xF904FEC1, 0xF851FE87,
	0xF7ACFE58, 0xF718FE34, 0xF692FE16, 0xF619FE00, 0xF5B0FDF3, 0xF558FDEE, 0xF512FDF2, 0xF4DEFDFE, 0xF4B7FE11, 0xF4A2FE2F, 0xF4A2FE57,
	0xF4B0FE82, 0xF4CFFEB5, 0xF500FEF0, 0xF53FFF2D, 0xF594FF74, 0xF5FCFFC3, 0xF66A000C, 0xF6EA005E, 0xF78100BC, 0xF81F0115, 0xF8CD0171,
	0xF98C01D5, 0xFA520233, 0xFB250292, 0xFC0A02F8, 0xFCF6035C, 0xFDEC03BD, 0xFEEC041D, 0xFFF20479, 0x010304D8, 0x021D0537, 0x03370589,
	0x045505D6, 0x057F062A, 0x06AB0677, 0x07D206B6, 0x08FF06F3, 0x0A2E072E, 0x0B59075E, 0x0C83078A, 0x0DAD07B1, 0x0ED207CD, 0x0FF507E2,
	0x111207F2, 0x122707F8, 0x133507F4, 0x143907E8, 0x153907D8, 0x162F07BF, 0x1716079A, 0x17F4076E, 0x18C5073B, 0x198606FC, 0x1A3C06B8,
	0x1AE6066E, 0x1B7E061A, 0x1C0705BF, 0x1C7F0559, 0x1CE204ED, 0x1D37047D, 0x1D7A0404, 0x1DAB0385, 0x1DC70302, 0x1DCC0274, 0x1DBD01E1,
	0x1D9B014D, 0x1D6600B5, 0x1D1D0017, 0x1CC0FF75, 0x1C4CFED0, 0x1BC0FE26, 0x1B1EFD7A, 0x1A6BFCCD, 0x19A4FC20, 0x18C4FB70, 0x17CFFABE,
	0x16CBFA0E, 0x15B4F962, 0x1485F8B3, 0x1346F804, 0x11F5F75A, 0x1090F6B1, 0x0F1CF60B, 0x0D9AF56A, 0x0C05F4CA, 0x0A63F42E, 0x08B6F39A,
	0x06FCF30A, 0x0539F282, 0x036EF202, 0x0195F182, 0xFFB6F108, 0xFDD4F09E, 0xFBEBF039, 0xFA00EFD9, 0xF815EF82, 0xF625EF34, 0xF436EEEF,
	0xF24EEEB5, 0xF06BEE86, 0xEE8CEE5F, 0xECB1EE41, 0xEADFEE2D, 0xE91CEE28, 0xE764EE2C, 0xE5B7EE39, 0xE41BEE52, 0xE290EE77, 0xE110EEA3,
	0xDFA4EED9, 0xDE50EF1D, 0xDD13EF6E, 0xDBE9EFC9, 0xDAD7F02C, 0xD9E0F09B, 0xD902F115, 0xD840F199, 0xD799F226, 0xD70AF2BC, 0xD697F35A,
	0xD645F403, 0xD614F4B7, 0xD5FFF572, 0xD60CF636, 0xD637F703, 0xD678F7D1, 0xD6D9F8A7, 0xD761F989, 0xD802FA6C, 0xD8BCFB4F, 0xD99AFC40,
	0xDA97FD35, 0xDBA9FE27, 0xDCD8FF21, 0xDE230020, 0xDF85011C, 0xE101021A, 0xE294031C, 0xE4390419, 0xE5F10514, 0xE7BE0613, 0xE99C0710,
	0xEB8A0807, 0xED8408FB, 0xEF8A09EC, 0xF1990ADB, 0xF3B40BC3, 0xF5D50CA5, 0xF7F70D80, 0xFA1C0E56, 0xFC450F23, 0xFE6D0FE9, 0x008E10A6,
	0x02A61158, 0x04BD11FF, 0x06D012A0, 0x08D21334, 0x0AC513BA, 0x0CB1143C, 0x0E8C14B1, 0x104C150F, 0x11FB1562, 0x139D15AD, 0x152415EB,
	0x1692161A, 0x17E9163B, 0x1928164A, 0x1A49164D, 0x1B4D1644, 0x1C36162C, 0x1D011603, 0x1DAA15C9, 0x1E341581, 0x1EA1152A, 0x1EEE14C3,
	0x1F19144F, 0x1F2413CE, 0x1F0E133C, 0x1ED8129A, 0x1E8711EF, 0x1E141137, 0x1D7F106D, 0x1CCE0F98, 0x1BFD0EB7, 0x1B0F0DCA, 0x1A080CD3,
	0x18E30BCE, 0x17A10ABC, 0x164F09A7, 0x14E60889, 0x1361075D, 0x11C8062B, 0x101D04F2, 0x0E6003B4, 0x0C960274, 0x0ABC012B, 0x08D2FFDD,
	0x06E4FE91, 0x04EDFD45, 0x02EFFBF5, 0x00EDFAA4, 0xFEE9F953, 0xFCE3F809, 0xFADEF6C0, 0xF8D8F575, 0xF6D9F430, 0xF4E6F2FB, 0xF2FAF1C8,
	0xF118F098, 0xEF47EF74, 0xED83EE5D, 0xEBCBED4F, 0xEA29EC4E, 0xE89BEB58, 0xE720EA70, 0xE5BDE997, 0xE474E8CE, 0xE345E814, 0xE230E76B,
	0xE133E6D0, 0xE056E649, 0xDF9DE5DC, 0xDF00E580, 0xDE7EE533, 0xDE22E4FD, 0xDDE7E4DE, 0xDDCCE4D3, 0xDDD5E4DE, 0xDE01E4FD, 0xDE4EE533,
	0xDEBEE584, 0xDF4FE5EB, 0xE001E663, 0xE0D7E6F2, 0xE1D0E79A, 0xE2E9E856, 0xE421E927, 0xE57AEA0D, 0xE6F0EB09, 0xE882EC17, 0xEA30ED38,
	0xEBFCEE6F, 0xEDE2EFBA, 0xEFDFF113, 0xF1F1F279, 0xF418F3F1, 0xF653F578, 0xF89EF708, 0xFAFCF8A7, 0xFD6CFA56, 0xFFE3FC0B, 0x025DFDC0,
	0x04E5FF81, 0x0778014D, 0x0A070315, 0x0C9504DA, 0x0F2906A5, 0x11BB0874, 0x14430A3E, 0x16C50C05, 0x193F0DC6, 0x1BAB0F7D, 0x1E09112A,
	0x205812D0, 0x2297146A, 0x24BE15F1, 0x26CD176A, 0x28C818D7, 0x2AAB1A32, 0x2C6F1B75, 0x2E131CA2, 0x2F9B1DBD, 0x31031EBF, 0x324A1FA8,
	0x3370207B, 0x34712133, 0x354821CB, 0x35F92248, 0x368622AB, 0x36EC22F0, 0x37262314, 0x37372319, 0x371F22FD, 0x36E022C6, 0x367C2272,
	0x35EC21FC, 0x35312167, 0x345120B6, 0x33481FE6, 0x32151EF4, 0x30BC1DE6, 0x2F401CBD, 0x2DA21B79, 0x2BE11A1B, 0x29FE18A4, 0x27F91714,
	0x25D6156D, 0x239713B0, 0x213D11DE, 0x1ECD0FFC, 0x1C460E0A, 0x19A90C08, 0x16F909F6, 0x143707D6, 0x116905B1, 0x0E93038A, 0x0BB10158,
	0x08C6FF21, 0x05DDFCF1, 0x02F1FABE, 0xFFFFF888, 0xFD15F65E, 0xFA33F43B, 0xF753F21C, 0xF485F00E, 0xF1C4EE11, 0xEF0BEC1D, 0xEC67EA3E,
	0xE9DDE875, 0xE763E6BC, 0xE501E51C, 0xE2BEE39B, 0xE093E231, 0xDE83E0E0, 0xDC94DFB0, 0xDAC9DE9F, 0xD922DDAE, 0xD79CDCDF, 0xD635DC2F,
	0xD4F7DBA5, 0xD3E4DB40, 0xD2F4DAFC, 0xD22ADADD, 0xD18ADAE3, 0xD112DB0D, 0xD0C4DB5F, 0xD09BDBD5, 0xD098DC6C, 0xD0C1DD29, 0xD114DE0E,
	0xD186DF12, 0xD21DE035, 0xD2DCE17A, 0xD3BBE2DE, 0xD4BAE460, 0xD5DEE600, 0xD721E7BA, 0xD87FE98B, 0xD9F8EB75, 0xDB8BED75, 0xDD38EF89,
	0xDEFCF1B1, 0xE0D0F3E7, 0xE2B7F628, 0xE4AFF876, 0xE6AFFACB, 0xE8B5FD21, 0xEAC8FF7E, 0xECE801E2, 0xEF0A0445, 0xF12A06A1, 0xF34908F5,
	0xF5660B41, 0xF77E0D89, 0xF98F0FC3, 0xFB9011E7, 0xFD8513F7, 0xFF7215FC, 0x015017EC, 0x031819BF, 0x04CD1B7B, 0x066C1D1E, 0x07F41EA0,
	0x09672004, 0x0ABF2149, 0x0BF8226C, 0x0D17236E, 0x0E1A244C, 0x0EFF2505, 0x0FC5259B, 0x106A2609, 0x10F0264E, 0x115B2671, 0x11A62670,
	0x11CA2641, 0x11CF25EA, 0x11B82572, 0x118424D6, 0x11332415, 0x10C0232C, 0x102C221E, 0x0F7E20EE, 0x0EB81F9D, 0x0DD81E2D, 0x0CE01C9D,
	0x0BCF1AF1, 0x0AAA1929, 0x0976174A, 0x082B1551, 0x06CA133E, 0x05591116, 0x03E00EDE, 0x025F0C9B, 0x00D50A49, 0xFF3E07E7, 0xFDA1057D,
	0xFC02030D, 0xFA600095, 0xF8BFFE1D, 0xF723FBA7, 0xF58BF932, 0xF3F8F6C2, 0xF270F45A, 0xF0EBF1F7, 0xEF70EF9D, 0xEE08ED54, 0xECB0EB1B,
	0xEB64E8F3, 0xEA2BE6E0, 0xE906E4DD, 0xE7F3E2EF, 0xE6F7E11F, 0xE613DF69, 0xE544DDC8, 0xE48EDC44, 0xE3F5DAE3, 0xE375D9A1, 0xE30DD87B,
	0xE2C0D775, 0xE28FD691, 0xE27AD5CE, 0xE285D52E, 0xE2AAD4B2, 0xE2E5D456, 0xE33BD41A, 0xE3B3D403, 0xE447D411, 0xE4F0D43F, 0xE5B4D48D,
	0xE693D4FD, 0xE78AD58E, 0xE899D63F, 0xE9BDD70D, 0xEAF3D7F6, 0xEC41D8FF, 0xEDA8DA28, 0xEF1DDB65, 0xF09EDCB6, 0xF231DE25, 0xF3D6DFAC,
	0xF584E141, 0xF73CE2E7, 0xF903E4A6, 0xFAD3E671, 0xFCA5E846, 0xFE7EEA2C, 0x005CEC1C, 0x023AEE0F, 0x041AF00A, 0x05FDF20E, 0x07DEF414,
	0x09BBF61B, 0x0B94F821, 0x0D63FA22, 0x0F2DFC22, 0x10EFFE1D, 0x12A5000D, 0x145201F7, 0x15F703DB, 0x178A05B0, 0x190C0776, 0x1A840932,
	0x1BEF0AE0, 0x1D460C7B, 0x1E8A0E06, 0x1FBF0F7E, 0x20DF10E1, 0x21E91230, 0x22E0136E, 0x23C91498, 0x249D15AA, 0x255716A4, 0x25FB1789,
	0x268F185A, 0x27101913, 0x277919B4, 0x27CA1A3E, 0x28091AB2, 0x28341B0F, 0x284A1B59, 0x284F1B8F, 0x28401BAD, 0x281B1BB6, 0x27E31BAD,
	0x279C1B91, 0x27431B5F, 0x26D91B1D, 0x265F1ACB, 0x25D51A66, 0x253D19F4, 0x24991978, 0x23E618ED, 0x23251855, 0x225D17B3, 0x218A1709,
	0x20AB1656, 0x1FC11598, 0x1ED114D5, 0x1DDD1411, 0x1CE31349, 0x1BE0127B, 0x1AD811AB, 0x19CD10DC, 0x18C0100F, 0x17B30F45, 0x16A00E79,
	0x158A0DAD, 0x147A0CEC, 0x136C0C32, 0x125D0B7C, 0x11520ACE, 0x10480A28, 0x0F3D0987, 0x0E3A08F3, 0x0D3B0866, 0x0C3A07DF, 0x0B43076A,
	0x0A550703, 0x0969069E, 0x08840644, 0x07A505FB, 0x06C705BA, 0x05F20583, 0x0526055C, 0x045E0540, 0x039D052E, 0x02E40527, 0x022F052B,
	0x01800539, 0x00D60551, 0x00320571, 0xFF930598, 0xFEFA05C9, 0xFE680602, 0xFDDB0643, 0xFD4E0688, 0xFCC306D2, 0xFC400721, 0xFBC10774,
	0xFB4307CC, 0xFAC70827, 0xFA4B087E, 0xF9D108D5, 0xF95D0932, 0xF8E4098A, 0xF86809DB, 0xF7F20A30, 0xF77D0A84, 0xF7020ACE, 0xF6860B12,
	0xF6080B4F, 0xF5860B84, 0xF5050BB4, 0xF4830BDD, 0xF3FD0BFB, 0xF3710C0E, 0xF2E30C19, 0xF2530C1C, 0xF1BD0C12, 0xF1200BF9, 0xF0840BD8,
	0xEFE90BAE, 0xEF460B73, 0xEE9D0B2B, 0xEDF30AD9, 0xED430A79, 0xEC910A0D, 0xEBDF0997, 0xEB290914, 0xEA740886, 0xE9BE07EB, 0xE9010742,
	0xE8430690, 0xE78E05DB, 0xE6D9051B, 0xE61C0448, 0xE55E036D, 0xE4AB0294, 0xE3FE01B4, 0xE34F00C7, 0xE2A2FFD3, 0xE1FDFEDB, 0xE15FFDE1,
	0xE0C8FCE6, 0xE038FBE7, 0xDFB0FAE5, 0xDF31F9E6, 0xDEBBF8E9, 0xDE4EF7E9, 0xDDEDF6EA, 0xDD99F5F2, 0xDD50F4FE, 0xDD11F40D, 0xDCE5F324,
	0xDCCAF246, 0xDCBAF16B, 0xDCB6F095, 0xDCC4EFCA, 0xDCE2EF0C, 0xDD14EE58, 0xDD57EDAF, 0xDDA9ED12, 0xDE09EC7F, 0xDE7FEBFB, 0xDF0BEB87,
	0xDFA2EB1E, 0xE045EABD, 0xE104EA71, 0xE1D9EA37, 0xE2B6EA06, 0xE3A3E9E4, 0xE4A8E9D4, 0xE5B9E9CD, 0xE6D4E9D1, 0xE801E9E8, 0xE942EA10,
	0xEA90EA44, 0xEBE9EA82, 0xED4EEACE, 0xEEC0EB26, 0xF03BEB89, 0xF1BFEBF8, 0xF34CEC72, 0xF4E1ECF2, 0xF67BED7B, 0xF818EE0B, 0xF9BCEEA5,
	0xFB66EF46, 0xFD0DEFEA, 0xFEB3F090, 0x005BF13B, 0x0202F1EA, 0x03A3F298, 0x0541F346, 0x06D9F3F5, 0x0869F4A2, 0x09EFF54B, 0x0B6CF5F1,
	0x0CE0F694, 0x0E48F732, 0x0F9FF7C9, 0x10E7F857, 0x1221F8DC, 0x134DF95B, 0x146AF9D4, 0x1577FA43, 0x166CFAA4, 0x174AFAF7, 0x1818FB43,
	0x18D3FB83, 0x1973FBB4, 0x1A00FBDC, 0x1A77FBF6, 0x1AD4FBFF, 0x1B21FC03, 0x1B59FBFB, 0x1B70FBDE, 0x1B74FBB6, 0x1B65FB87, 0x1B3CFB4A,
	0x1B00FB01, 0x1AAEFAAC, 0x1A42FA4B, 0x19C8F9E5, 0x193BF976, 0x1893F8FA, 0x17DEF879, 0x171AF7F5, 0x1641F765, 0x1557F6CF, 0x1461F63A,
	0x1361F5A3, 0x1253F509, 0x113BF46F, 0x1019F3D6, 0x0EEFF33D, 0x0DBCF2A7, 0x0C85F215, 0x0B4CF18A, 0x0A0FF105, 0x08D2F088, 0x0795F014,
	0x0658EFA7, 0x051FEF45, 0x03EFEEF5, 0x02C2EEAF, 0x0197EE74, 0x007BEE4C, 0xFF69EE34, 0xFE5DEE28, 0xFD64EE31, 0xFC77EE4C, 0xFB92EE75,
	0xFAC4EEB7, 0xFA09EF10, 0xF959EF76, 0xF8BDEFF1, 0xF837F082, 0xF7C1F125, 0xF75DF1DB, 0xF70FF2A7, 0xF6DDF38C, 0xF6BFF484, 0xF6AFF58B,
	0xF6B5F6A7, 0xF6D8F7D9, 0xF70CF919, 0xF756FA68, 0xF7B7FBCA, 0xF82AFD3B, 0xF8B1FEBB, 0xF950004B, 0xFA0101E6, 0xFAC10388, 0xFB930536,
	0xFC7806EE, 0xFD6C08AC, 0xFE6E0A6F, 0xFF7E0C38, 0x009B0E04, 0x01C50FD3, 0x02F911A2, 0x0433136E, 0x05771539, 0x06C61702, 0x081518C1,
	0x09641A75, 0x0AB51C21, 0x0C091DC6, 0x0D5D1F5F, 0x0EAD20E8, 0x0FFC2266, 0x114623D6, 0x1284252E, 0x13BE2678, 0x14F227B2, 0x161428D0,
	0x172829D7, 0x18362ACE, 0x19342BAC, 0x1A1E2C6F, 0x1AF72D1A, 0x1BC02DAE, 0x1C792E27, 0x1D1C2E86, 0x1DA92EC8, 0x1E1D2EEC, 0x1E7B2EF7,
	0x1EC62EEA, 0x1EFA2EC1, 0x1F142E7B, 0x1F152E19, 0x1EF92D98, 0x1EC72D00, 0x1E822C53, 0x1E1D2B87, 0x1D9F2AA2, 0x1D0C29AA, 0x1C592893,
	0x1B8F2765, 0x1AB42627, 0x19BC24D1, 0x18A82363, 0x178421E9, 0x164A205A, 0x14F51EB6, 0x138C1D05, 0x12111B46, 0x1085197A, 0x0EE917A3,
	0x0D3915C1, 0x0B7A13D4, 0x09B011E1, 0x07D70FE6, 0x05EB0DE1, 0x03F80BDB, 0x020409D6, 0x000407CC, 0xFDF905BE, 0xFBEA03B3, 0xF9DA01AB,
	0xF7C9FFA8, 0xF5B4FDA8, 0xF3A0FBAD, 0xF194F9BD, 0xEF88F7D4, 0xED7BF5EE, 0xEB7AF415, 0xE984F24A, 0xE796F08A, 0xE5B2EED6, 0xE3D7ED2C,
	0xE20CEB94, 0xE054EA0F, 0xDEA7E896, 0xDD0DE72D, 0xDB87E5D8, 0xDA10E491, 0xD8B0E35D, 0xD76AE240, 0xD639E134, 0xD51FE03C, 0xD41DDF57,
	0xD332DE83, 0xD263DDC7, 0xD1B1DD22, 0xD11BDC91, 0xD09FDC12, 0xD040DBA8, 0xCFFCDB54, 0xCFD5DB14, 0xCFCDDAE8, 0xCFE2DAD0, 0xD016DACD,
	0xD068DAE1, 0xD0D5DB05, 0xD161DB3F, 0xD20EDB8F, 0xD2D4DBED, 0xD3B2DC5B, 0xD4B1DCDE, 0xD5CBDD73, 0xD701DE1B, 0xD854DED6, 0xD9BBDF9C,
	0xDB3CE071, 0xDCDCE15B, 0xDE8EE24E, 0xE052E34C, 0xE230E45C, 0xE421E578, 0xE623E69C, 0xE839E7CE, 0xEA63E90D, 0xEC97EA53, 0xEED7EB9F,
	0xF125ECF6, 0xF37FEE54, 0xF5E1EFB8, 0xF84BF120, 0xFABAF28A, 0xFD2DF3F9, 0xFFA8F573, 0x0221F6EB, 0x0497F85F, 0x0710F9D7, 0x0985FB4F,
	0x0BF0FCC3, 0x0E58FE36, 0x10B9FFA8, 0x130E0115, 0x155B0281, 0x179A03E5, 0x19C4053D, 0x1BE10690, 0x1DF007DF, 0x1FEA0923, 0x21D00A5E,
	0x239F0B8E, 0x25580CB4, 0x26FB0DCF, 0x28820EDA, 0x29EA0FD5, 0x2B3F10CA, 0x2C7D11B6, 0x2D96128A, 0x2E8F134E, 0x2F6E1407, 0x302B14AD,
	0x30C61541, 0x314615C6, 0x31A4163A, 0x31E2169E, 0x320016F1, 0x31FA172E, 0x31D41758, 0x318E1774, 0x3126177E, 0x30A21775, 0x2FFE1756,
	0x2F361726, 0x2E5216EA, 0x2D4F169A, 0x2C2C1635, 0x2AF015C2, 0x2998153E, 0x282314A8, 0x26991406, 0x24F41353, 0x2332128B, 0x216311BC,
	0x1F8210E3, 0x1D830FF3, 0x1B740EF9, 0x195C0DF9, 0x172F0CE9, 0x14F20BCC, 0x12B30AAC, 0x10650983, 0x0E0A084E, 0x0BAB0716, 0x094805D9,
	0x06E30496, 0x047F0352, 0x02160207, 0xFFAC00B9, 0xFD4DFF70, 0xFAEFFE24, 0xF88FFCD2, 0xF641FB89, 0xF403FA49, 0xF1C6F903, 0xEF90F7BB,
	0xED70F681, 0xEB61F553, 0xE95FF429, 0xE76DF305, 0xE591F1EC, 0xE3CBF0DE, 0xE217EFD7, 0xE077EEDB, 0xDEF2EDEF, 0xDD87ED12, 0xDC32EC3E,
	0xDAF4EB79, 0xD9D1EAC2, 0xD8C4EA17, 0xD7D7E980, 0xD70BE8FE, 0xD654E888, 0xD5B6E821, 0xD539E7CF, 0xD4D8E78C, 0xD490E75B, 0xD466E73F,
	0xD455E732, 0xD45AE732, 0xD482E74A, 0xD4C7E777, 0xD521E7B1, 0xD598E7FF, 0xD62AE862, 0xD6CFE8D1, 0xD78BE950, 0xD85FE9E3, 0xD94DEA87,
	0xDA51EB3C, 0xDB67EBFE, 0xDC8DECCD, 0xDDC6EDAC, 0xDF11EE96, 0xE06DEF8F, 0xE1DBF098, 0xE359F1AC, 0xE4E4F2CB, 0xE679F3F3, 0xE813F520,
	0xE9B8F654, 0xEB6AF794, 0xED24F8DB, 0xEEE0FA25, 0xF0A2FB75, 0xF268FCC9, 0xF430FE1F, 0xF5FBFF79, 0xF7C700D3, 0xF98C0226, 0xFB4E0378,
	0xFD1204CE, 0xFECF061C, 0x00850764, 0x023808AA, 0x03E209E8, 0x05810B1A, 0x07170C46, 0x08A20D69, 0x0A220E81, 0x0B960F8E, 0x0CFB108E,
	0x0E52117E, 0x0F9A1260, 0x10D31336, 0x11FE1400, 0x131814B7, 0x141D155A, 0x151115EB, 0x15F3166D, 0x16C616DE, 0x1785173B, 0x182F1784,
	0x18C817BD, 0x194B17DF, 0x19B817ED, 0x1A1517EB, 0x1A6117D7, 0x1A9A17AF, 0x1AC01776, 0x1ACE1727, 0x1ACB16C4, 0x1AB81653, 0x1A9215D0,
	0x1A5C153D, 0x1A15149C, 0x19BD13E9, 0x19561327, 0x18E1125A, 0x185C117F, 0x17C81097, 0x17290FA5, 0x16800EAB, 0x15CB0DA6, 0x150B0C9A,
	0x14440B8D, 0x13740A78, 0x129B095C, 0x11BE0840, 0x10DD0724, 0x0FF70607, 0x0F0D04EB, 0x0E2003D1, 0x0D3502BF, 0x0C4901B0, 0x0B5B00A4,
	0x0A73FFA4, 0x098DFEAE, 0x08A8FDBF, 0x07C9FCDA, 0x06EEFC00, 0x061DFB37, 0x0558FA81, 0x0496F9D4, 0x03DAF935, 0x032CF8AB, 0x0287F830,
	0x01EDF7C7, 0x015FF770, 0x00D8F72A, 0x005FF6F9, 0xFFF3F6DC, 0xFF94F6D3, 0xFF44F6DF, 0xFEFFF6FE, 0xFEC6F72E, 0xFE9AF771, 0xFE7AF7C6,
	0xFE67F82E, 0xFE60F8A8, 0xFE65F933, 0xFE7BF9D1, 0xFE99FA7D, 0xFEBFFB37, 0xFEF1FC00, 0xFF2AFCD3, 0xFF6DFDB3, 0xFFBFFEA3, 0x0014FF9A,
	0x006C0094, 0x00CB0197, 0x013102A3, 0x019D03B2, 0x020A04C0, 0x027B05D0, 0x02ED06E3, 0x035B07F1, 0x03CD0900, 0x043F0A0B, 0x04A90B0B,
	0x05140C04, 0x057D0CF7, 0x05D90DDA, 0x06340EB7, 0x068A0F89, 0x06D51048, 0x071910F8, 0x07551199, 0x07871229, 0x07B012A8, 0x07CA130F,
	0x07DB1365, 0x07E413A8, 0x07DB13D0, 0x07C713E3, 0x07A713E1, 0x077913C8, 0x07401398, 0x06F8134F, 0x06A412F1, 0x06481280, 0x05DC11F4,
	0x0562114F, 0x04DE1095, 0x044C0FC3, 0x03AE0EDA, 0x03080DE0, 0x025A0CD3, 0x01A00BB0, 0x00D90A77, 0x000E0931, 0xFF3F07DD, 0xFE620675,
	0xFD7F04FD, 0xFC9B037A, 0xFBB101EE, 0xFAC9005B, 0xF9DDFEBC, 0xF8EAFD10, 0xF7FDFB65, 0xF70EF9B4, 0xF61FF7FC, 0xF535F645, 0xF44BF48D,
	0xF368F2D7, 0xF28DF126, 0xF1B0EF75, 0xF0DEEDCD, 0xF018EC2F, 0xEF55EA95, 0xEE9DE908, 0xEDEEE788, 0xED47E611, 0xECB0E4AA, 0xEC26E356,
	0xEBA5E20F, 0xEB2EE0D5, 0xEAC4DFAF, 0xEA6ADEA0, 0xEA1EDDA5, 0xE9DDDCBC, 0xE9AEDBEC, 0xE989DB2F, 0xE96EDA86, 0xE967D9F9, 0xE96DD984,
	0xE980D927, 0xE9A2D8E2, 0xE9CCD8AF, 0xEA03D896, 0xEA48D898, 0xEA98D8AE, 0xEAF6D8DE, 0xEB5ED926, 0xEBCFD985, 0xEC4ED9FB, 0xECD4DA86,
	0xED5FDB26, 0xEDF5DBDB, 0xEE91DCA2, 0xEF35DD7C, 0xEFDEDE6A, 0xF08BDF6A, 0xF142E07D, 0xF1FBE19E, 0xF2B5E2CC, 0xF375E40B, 0xF433E552,
	0xF4F0E6A3, 0xF5B4E805, 0xF676E96F, 0xF737EAE1, 0xF7F5EC59, 0xF8B0EDD7, 0xF96FEF5F, 0xFA2BF0E9, 0xFADFF270, 0xFB96F401, 0xFC48F593,
	0xFCF1F720, 0xFD99F8AE, 0xFE3CFA39, 0xFEDAFBC2, 0xFF74FD49, 0x0002FEC5, 0x008E003E, 0x011B01B3, 0x01A00321, 0x02210489, 0x029B05E6,
	0x030C0737, 0x037D0883, 0x03EA09C7, 0x04500AFF, 0x04B30C2B, 0x05100D4A, 0x05690E5E, 0x05BE0F66, 0x060F1061, 0x06631155, 0x06B0123A,
	0x06F5130F, 0x073D13DB, 0x0787149D, 0x07CD1551, 0x081015F8, 0x08511692, 0x08961723, 0x08D817A5, 0x0917181B, 0x095E188C, 0x09A118ED,
	0x09DF193F, 0x0A291992, 0x0A7419DB, 0x0ABB1A15, 0x0B071A47, 0x0B541A71, 0x0BA61A95, 0x0BFA1AB1, 0x0C4A1AC2, 0x0C9F1ACF, 0x0CF81AD7,
	0x0D501AD8, 0x0DAF1AD6, 0x0E0F1ACC, 0x0E711ABD, 0x0EDC1AB1, 0x0F441AA0, 0x0FA91A85, 0x10131A6B, 0x107E1A51, 0x10E91A34, 0x11591A17,
	0x11C919FA, 0x123719D8, 0x12A019B2, 0x130C198F, 0x137D1970, 0x13E7194D, 0x144E1929, 0x14B51906, 0x151618DF, 0x157718BC, 0x15D7189B,
	0x162B1874, 0x167A184D, 0x16C41827, 0x170A1802, 0x174B17DD, 0x178217B4, 0x17B3178C, 0x17DD1765, 0x17F81737, 0x180D1707, 0x181916D5,
	0x1814169D, 0x18081664, 0x17F41629, 0x17D115E6, 0x17A1159E, 0x17611552, 0x17151500, 0x16BC14A6, 0x16551447, 0x15E513E7, 0x1564137B,
	0x14CF1300, 0x142F1283, 0x137D11FC, 0x12BB116A, 0x11F110D5, 0x11151032, 0x10250F81, 0x0F2D0ECB, 0x0E210E06, 0x0D030D34, 0x0BE00C5F,
	0x0AAE0B7F, 0x096A0A8D, 0x08190991, 0x06BC088E, 0x05570782, 0x03E6066B, 0x02670546, 0x00DC0414, 0xFF4B02DC, 0xFDBA01A0, 0xFC1E0058,
	0xFA74FF02, 0xF8C9FDAB, 0xF71BFC4E, 0xF569FAE7, 0xF3B8F97D, 0xF203F80C, 0xF04DF697, 0xEE9EF524, 0xECF1F3AE, 0xEB45F232, 0xE9A4F0BC,
	0xE808EF46, 0xE670EDCD, 0xE4E1EC59, 0xE364EAEF, 0xE1F5E98B, 0xE08CE826, 0xDF34E6CC, 0xDDF2E57F, 0xDCBBE437, 0xDB96E2FA, 0xDA8AE1D0,
	0xD990E0B0, 0xD8AADF9E, 0xD7DEDE9C, 0xD728DDA8, 0xD68FDCC9, 0xD60EDBFC, 0xD5A2DB3E, 0xD554DA97, 0xD526DA08, 0xD512D98A, 0xD517D91F,
	0xD538D8CD, 0xD57AD893, 0xD5DAD870, 0xD655D862, 0xD6EDD86D, 0xD79FD88D, 0xD871D8C9, 0xD962D91E, 0xDA69D985, 0xDB8ADA04, 0xDCC9DA9A,
	0xDE1DDB40, 0xDF8BDBFF, 0xE114DCD9, 0xE2AEDDC2, 0xE45CDEBB, 0xE624DFCC, 0xE7FCE0EC, 0xE9E1E219, 0xEBD7E358, 0xEDDDE4A9, 0xEFEEE605,
	0xF206E767, 0xF428E8D4, 0xF653EA4E, 0xF880EBCF, 0xFAB0ED55, 0xFCE1EEDD, 0xFF10F069, 0x013EF1F8, 0x0365F385, 0x0585F511, 0x07A1F69C,
	0x09AEF822, 0x0BB0F9A2, 0x0DA4FB1A, 0x0F86FC86, 0x1159FDEC, 0x131AFF4A, 0x14C40097, 0x165A01D8, 0x17D9030C, 0x193C042D, 0x1A84053B,
	0x1BB4063B, 0x1CCA072C, 0x1DC10809, 0x1E9808CF, 0x1F560985, 0x1FF50A28, 0x206F0AB2, 0x20CC0B28, 0x210F0B8C, 0x21310BDC, 0x21330C18,
	0x21150C3C, 0x20D80C4C, 0x20800C4C, 0x200A0C38, 0x1F760C10, 0x1EC80BD8, 0x1E000B92, 0x1D1E0B3A, 0x1C240AD1, 0x1B130A5C, 0x19ED09DD,
	0x18B30950, 0x176708B8, 0x16090817, 0x149B0771, 0x132406C7, 0x119E0613, 0x100B0556, 0x0E76049E, 0x0CDE03EB, 0x0B3C0333, 0x0998027B,
	0x07F701CC, 0x06560120, 0x04B80078, 0x0321FFDB, 0x0190FF46, 0x0007FEB9, 0xFE8BFE39, 0xFD1AFDC8, 0xFBB5FD63, 0xFA61FD0C, 0xF91EFCC4,
	0xF7EBFC8C, 0xF6CEFC67, 0xF5C5FC53, 0xF4CCFC4D, 0xF3EBFC5D, 0xF325FC81, 0xF275FCBA, 0xF1DFFD06, 0xF15FFD62, 0xF0F4FDCE, 0xF0A7FE51,
	0xF076FEEB, 0xF058FF91, 0xF0510045, 0xF0670110, 0xF09501ED, 0xF0D702D4, 0xF13003C9, 0xF1A404D1, 0xF22D05E7, 0xF2C70706, 0xF375082F,
	0xF4390963, 0xF50A0A9B, 0xF5E80BD8, 0xF6DA0D1D, 0xF7DA0E68, 0xF8E30FB3, 0xF9F710FD, 0xFB131245, 0xFC351389, 0xFD5B14C8, 0xFE861603,
	0xFFB7173B, 0x00E91869, 0x0219198A, 0x03481AA0, 0x04731BAA, 0x05971CA3, 0x06B81D92, 0x07D21E6F, 0x08DC1F34, 0x09DD1FE6, 0x0AD7208B,
	0x0BC32118, 0x0CA0218C, 0x0D7121EB, 0x0E322234, 0x0EE62268, 0x0F882282, 0x1010227D, 0x1085225E, 0x10F02230, 0x114921E9, 0x118A2184,
	0x11B72106, 0x11D2206F, 0x11D71FBF, 0x11C91EF8, 0x11A81E18, 0x11771D24, 0x11351C1C, 0x10DB1AFB, 0x106E19C4, 0x0FF4187D, 0x0F681723,
	0x0ECC15B6, 0x0E23143B, 0x0D6712AE, 0x0C9C1112, 0x0BC80F6C, 0x0AE80DBC, 0x09FB0C00, 0x09040A3A, 0x0805086E, 0x06FF069B, 0x05F004C4,
	0x04DA02EB, 0x03C30114, 0x02A8FF3B, 0x018AFD63, 0x006AFB8E, 0xFF47F9BB, 0xFE27F7EF, 0xFD03F629, 0xFBE3F46A, 0xFACCF2BA, 0xF9B6F10F,
	0xF8A1EF6F, 0xF79AEDE3, 0xF697EC62, 0xF596EAEA, 0xF4A5E988, 0xF3BAE835, 0xF2D4E6F0, 0xF1FEE5C2, 0xF132E4A6, 0xF06EE399, 0xEFBBE2A8,
	0xEF16E1CB, 0xEE77E0FD, 0xEDEAE047, 0xED6EDFAB, 0xECFADF1F, 0xEC94DEA8, 0xEC41DE4B, 0xEBF8DE02, 0xEBBDDDCC, 0xEB96DDB0, 0xEB7BDDA9,
	0xEB6EDDB7, 0xEB74DDDC, 0xEB86DE12, 0xEBAADE5F, 0xEBDCDEC1, 0xEC14DF30, 0xEC61DFB5, 0xECC1E050, 0xED29E0FA, 0xEDA1E1B7, 0xEE29E285,
	0xEEB9E35F, 0xEF59E44A, 0xF003E540, 0xF0B7E643, 0xF180E758, 0xF250E876, 0xF325E99A, 0xF408EAC9, 0xF4F7EC03, 0xF5EFED48, 0xF6EFEE94,
	0xF7F3EFE3, 0xF902F136, 0xFA19F28E, 0xFB36F3EC, 0xFC58F54C, 0xFD7DF6AB, 0xFEA9F80D, 0xFFD8F971, 0x0106FAD0, 0x023BFC31, 0x0372FD90,
	0x04A2FEE4, 0x05D50037, 0x070C0189, 0x083D02D3, 0x096C0417, 0x0A960552, 0x0BB90682, 0x0CD807AB, 0x0DF508CF, 0x0F0A09E7, 0x10150AF2,
	0x111A0BF6, 0x12170CF1, 0x13050DD9, 0x13EA0EB7, 0x14C80F8C, 0x1592104F, 0x16501103, 0x170411AD, 0x17A51247, 0x183A12D4, 0x18C31355,
	0x193613C2, 0x199A141F, 0x19EC146F, 0x1A2D14B2, 0x1A5F14E7, 0x1A7A1509, 0x1A83151D, 0x1A7F1527, 0x1A61151E, 0x1A311507, 0x19F314E5,
	0x199C14B1, 0x19341470, 0x18B81421, 0x182613C4, 0x1787135E, 0x16D512EA, 0x160D1267, 0x153711DD, 0x144E1146, 0x135410A5, 0x12501000,
	0x11350F4A, 0x10060E86, 0x0ED30DC5, 0x0D920CFB, 0x0C3E0C23, 0x0AE30B49, 0x097F0A6B, 0x080A0980, 0x06900897, 0x051707B2, 0x038D06BE,
	0x01FA05C8, 0x006E04DD, 0xFED503E5, 0xFD3002E2, 0xFB9601EE, 0xF9FC00FC, 0xF8600007, 0xF6CDFF1A, 0xF535FE2B, 0xF39CFD3A, 0xF20FFC51,
	0xF085FB6B, 0xEF03FA8A, 0xED8DF9B4, 0xEC1CF8DE, 0xEAB4F80F, 0xE959F748, 0xE807F689, 0xE6C5F5D1, 0xE58FF520, 0xE468F476, 0xE34DF3D4,
	0xE23DF33A, 0xE143F2AD, 0xE05DF22C, 0xDF85F1B2, 0xDEC2F143, 0xDE0EF0DC, 0xDD67F07C, 0xDCDAF02A, 0xDC5FEFE2, 0xDBF4EFA2, 0xDBA2EF71,
	0xDB5FEF46, 0xDB2DEF24, 0xDB13EF12, 0xDB0BEF07, 0xDB17EF06, 0xDB3CEF16, 0xDB71EF2D, 0xDBB5EF49, 0xDC0BEF6F, 0xDC73EFA0, 0xDCEEEFDA,
	0xDD7CF01C, 0xDE1CF067, 0xDECCF0BC, 0xDF8BF11B, 0xE05AF180, 0xE136F1E9, 0xE223F25E, 0xE323F2DE, 0xE427F35C, 0xE53DF3E4, 0xE665F47A,
	0xE78BF50D, 0xE8BBF5A1, 0xE9FCF63F, 0xEB42F6E0, 0xEC96F78A, 0xEDF1F837, 0xEF4DF8E2, 0xF0B6F995, 0xF223FA4C, 0xF38FFB01, 0xF507FBBC,
	0xF680FC77, 0xF7F7FD32, 0xF976FDF1, 0xFAF3FEAE, 0xFC6EFF69, 0xFDEA0024, 0xFF6400DE, 0x00E2019B, 0x025F0258, 0x03D40311, 0x054703CA,
	0x06B6047E, 0x081C052C, 0x098205DA, 0x0AE40687, 0x0C3B072D, 0x0D8B07D0, 0x0ED70870, 0x101D090A, 0x115709A0, 0x12880A31, 0x13B10ABC,
	0x14D10B40, 0x15E80BC0, 0x16F60C3B, 0x17F80CAC, 0x18EF0D18, 0x19DA0D7D, 0x1AB80DDA, 0x1B8D0E31, 0x1C570E80, 0x1D150EC8, 0x1DC80F09,
	0x1E690F3E, 0x1EFF0F6C, 0x1F8C0F95, 0x20070FB2, 0x207A0FCB, 0x20E30FDD, 0x21360FDF, 0x21830FDE, 0x21C30FD6, 0x21F10FBF, 0x22170FA2,
	0x222E0F7C, 0x22350F4E, 0x22360F1C, 0x22280EDD, 0x220A0E93, 0x21E60E47, 0x21B30DF3, 0x21700D91, 0x21260D29, 0x20D40CC1, 0x20770C52,
	0x200B0BD6, 0x1F950B53, 0x1F1B0AD1, 0x1E910A45, 0x1DFA09B0, 0x1D63091D, 0x1CC00882, 0x1C1307E1, 0x1B630740, 0x1AAC069C, 0x19EA05F1,
	0x19230546, 0x1858049B, 0x178403ED, 0x16AB033C, 0x15D3028F, 0x14F501E1, 0x14110132, 0x132B0086, 0x1243FFDC, 0x1159FF34, 0x1070FE90,
	0x0F83FDEE, 0x0E95FD4F, 0x0DA9FCB7, 0x0CBBFC22, 0x0BCEFB94, 0x0AE3FB0B, 0x09F6FA86, 0x090FFA0B, 0x082CF998, 0x0746F929, 0x0669F8C7,
	0x058DF86B, 0x04ADF811, 0x03D6F7C4, 0x0305F785, 0x0239F74D, 0x0171F71B, 0x00A9F6F2, 0xFFEAF6D6, 0xFF32F6C4, 0xFE77F6B5, 0xFDC7F6B5,
	0xFD1FF6C2, 0xFC74F6CF, 0xFBD1F6E7, 0xFB39F70C, 0xFA9FF737, 0xFA0BF76B, 0xF980F7A7, 0xF8F6F7E9, 0xF870F832, 0xF7F3F886, 0xF779F8DD,
	0xF702F938, 0xF692F99D, 0xF628FA08, 0xF5BDFA72, 0xF557FAE1, 0xF4F5FB53, 0xF492FBC7, 0xF439FC3F, 0xF3E3FCB8, 0xF38AFD2D, 0xF337FDA6,
	0xF2E8FE1F, 0xF299FE96, 0xF24AFF08, 0xF1FBFF77, 0xF1B2FFE6, 0xF16E0052, 0xF12600B7, 0xF0DE0118, 0xF0970173, 0xF04F01C5, 0xF00E0215,
	0xEFCC025E, 0xEF86029D, 0xEF4502D9, 0xEF04030B, 0xEEBF0330, 0xEE7D034F, 0xEE3B0368, 0xEDFA0378, 0xEDB9037E, 0xED76037B, 0xED36036E,
	0xECF60354, 0xECB40334, 0xEC790311, 0xEC3C02E0, 0xEBFD02A4, 0xEBC50266, 0xEB8A0220, 0xEB5001CF, 0xEB1C0178, 0xEAE9011B, 0xEAB700B8,
	0xEA86004E, 0xEA57FFDD, 0xEA2FFF6B, 0xEA0AFEF6, 0xE9E6FE7B, 0xE9C8FDFE, 0xE9AFFD80, 0xE999FD00, 0xE986FC7D, 0xE976FBF8, 0xE96DFB77,
	0xE96AFAF8, 0xE96DFA7A, 0xE975F9FD, 0xE980F981, 0xE994F90D, 0xE9AFF89E, 0xE9CBF830, 0xE9F1F7C7, 0xEA21F769, 0xEA52F710, 0xEA8AF6BE,
	0xEAC9F672, 0xEB0DF629, 0xEB59F5EC, 0xEBAAF5B9, 0xEC02F58E, 0xEC64F56D, 0xECC7F553, 0xED30F540, 0xEDA1F53A, 0xEE15F53A, 0xEE90F546,
	0xEF15F55E, 0xEF99F57B, 0xF022F5A1, 0xF0B3F5D3, 0xF146F60D, 0xF1DCF64E, 0xF275F697, 0xF311F6E6, 0xF3AFF73B, 0xF452F79A, 0xF4FBF804,
	0xF5A4F871, 0xF64AF8E0, 0xF6F4F955, 0xF79DF9D0, 0xF848FA52, 0xF8F7FAD8, 0xF9A2FB5D, 0xFA4BFBE5, 0xFAF9FC74, 0xFBA3FD01, 0xFC4AFD8B,
	0xFCF2FE18, 0xFD98FEA5, 0xFE3DFF32, 0xFEDFFFBD, 0xFF7F0046, 0x001E00D2, 0x00B80158, 0x014F01D8, 0x01E90258, 0x027E02D5, 0x030D034B,
	0x039C03BD, 0x0429042B, 0x04B20494, 0x053804F8, 0x05BD0557, 0x064505B4, 0x06C8060B, 0x07430657, 0x07BF06A0, 0x083B06E3, 0x08B50720,
	0x0931075C, 0x09AB0793, 0x0A2107C1, 0x0A9507EA, 0x0B0E0812, 0x0B890835, 0x0C01084F, 0x0C760864, 0x0CF1087B, 0x0D6A088B, 0x0DE20895,
	0x0E6108A1, 0x0EE308AE, 0x0F6308B4, 0x0FE608B7, 0x106D08BB, 0x10F508BD, 0x117D08BC, 0x120908BB, 0x129808BA, 0x132908BA, 0x13C108BC,
	0x145908BF, 0x14EE08BE, 0x158808C0, 0x162A08C8, 0x16CC08D0, 0x176F08D7, 0x181208E0, 0x18B408EB, 0x195E08FC, 0x1A09090F, 0x1AAF0920,
	0x1B550934, 0x1BFD094D, 0x1CA60969, 0x1D4B0986, 0x1DEB09A3, 0x1E8A09C3, 0x1F2609E5, 0x1FBF0A0B, 0x20560A35, 0x20E50A5C, 0x216D0A83,
	0x21F30AB1, 0x226E0ADF, 0x22DD0B06, 0x234A0B30, 0x23AC0B5A, 0x23FF0B82, 0x244A0BAA, 0x248C0BD1, 0x24C00BF5, 0x24E80C18, 0x24FF0C35,
	0x25080C4F, 0x25030C67, 0x24EE0C78, 0x24C90C85, 0x24910C8D, 0x24480C8F, 0x23EE0C8C, 0x23810C80, 0x23000C6D, 0x22700C55, 0x21CC0C37,
	0x21120C0F, 0x20450BDB, 0x1F630B9C, 0x1E6C0B57, 0x1D610B0A, 0x1C430AB3, 0x1B120A53, 0x19CF09E9, 0x18760973, 0x170708F1, 0x15880866,
	0x13FA07D2, 0x12580733, 0x10A10689, 0x0EDA05D2, 0x0D040510, 0x0B1E0447, 0x092B0374, 0x072B0297, 0x052101B3, 0x030900C6, 0x00E3FFCD,
	0xFEB7FECC, 0xFC85FDC6, 0xFA48FCB7, 0xF804FBA0, 0xF5BDFA84, 0xF374F963, 0xF12AF83D, 0xEEDCF713, 0xEC90F5E6, 0xEA49F4B8, 0xE801F383,
	0xE5BFF24E, 0xE38BF120, 0xE15BEFF0, 0xDF31EEBF, 0xDD14ED93, 0xDB03EC69, 0xD902EB45, 0xD710EA25, 0xD52AE909, 0xD35BE7F9, 0xD1A1E6F2,
	0xCFF7E5F1, 0xCE66E4FC, 0xCCEEE413, 0xCB8BE334, 0xCA44E266, 0xC916E1A6, 0xC802E0F4, 0xC70BE053, 0xC634DFC1, 0xC57BDF40, 0xC4E0DED2,
	0xC461DE76, 0xC408DE32, 0xC3D1DE02, 0xC3B6DDE2, 0xC3BEDDDB, 0xC3EADDED, 0xC435DE0F, 0xC4A1DE47, 0xC530DE99, 0xC5DFDF01, 0xC6B1DF7F,
	0xC7A4E013, 0xC8B7E0BF, 0xC9E9E180, 0xCB3AE256, 0xCCACE346, 0xCE3BE44B, 0xCFE2E562, 0xD1AAE690, 0xD38FE7D3, 0xD588E924, 0xD799EA89,
	0xD9C6EC06, 0xDC06ED90, 0xDE53EF20, 0xE0B7F0C0, 0xE32EF272, 0xE5AEF42B, 0xE83EF5EF, 0xEADEF7C1, 0xED83F995, 0xF02FFB6E, 0xF2E5FD4F,
	0xF59BFF30, 0xF8510110, 0xFB0902F1, 0xFDBF04D1, 0x006E06AB, 0x0313087C, 0x05B70A4A, 0x08560C15, 0x0AE00DCD, 0x0D5A0F77, 0x0FCD111B,
	0x122A12AD, 0x1474142F, 0x16AE15A0, 0x18C816F7, 0x1ACE183E, 0x1CC11974, 0x1E911A8A, 0x20461B8A, 0x21E31C76, 0x235F1D46, 0x24BF1DFC,
	0x25FE1E95, 0x27161F10, 0x28131F75, 0x28F31FBD, 0x29AC1FE5, 0x2A421FF3, 0x2AB81FE4, 0x2B0C1FB8, 0x2B3D1F71, 0x2B4E1F0E, 0x2B3D1E8F,
	0x2B071DF3, 0x2AB41D41, 0x2A451C79, 0x29B11B95, 0x29041A9A, 0x283D198C, 0x27531865, 0x2654172F, 0x254015E9, 0x240D148F, 0x22CA132B,
	0x217611BB, 0x20051039, 0x1E860EB0, 0x1CFE0D24, 0x1B660B8F, 0x19C209F8, 0x18170860, 0x166206C5, 0x14A50529, 0x12E70394, 0x112A0207,
	0x0F6A0080, 0x0DAEFF03, 0x0BF6FD92, 0x0A41FC2A, 0x0897FAD2, 0x06F7F98B, 0x055AF851, 0x03CEF72D, 0x0253F61E, 0x00E2F520, 0xFF87F43D,
	0xFE3DF370, 0xFD00F2B6, 0xFBDFF21E, 0xFAD3F19F, 0xF9D7F134, 0xF8F9F0E6, 0xF831F0B3, 0xF77FF09B, 0xF6E5F09D, 0xF662F0B9, 0xF5FEF0F4,
	0xF5B1F14A, 0xF575F1B1, 0xF559F238, 0xF55BF2DD, 0xF56FF397, 0xF59BF466, 0xF5E2F54C, 0xF63BF645, 0xF6A8F753, 0xF72CF875, 0xF7C7F9AA,
	0xF872FAEB, 0xF92BFC38, 0xF9F6FD93, 0xFAD2FEFA, 0xFBBD006B, 0xFCB401E5, 0xFDB1035F, 0xFEB904DD, 0xFFCE0662, 0x00DF07E2, 0x01F60961,
	0x031B0AE2, 0x043A0C59, 0x05580DCA, 0x067A0F35, 0x07941092, 0x08A811E3, 0x09B71328, 0x0ABC145B, 0x0BB8157C, 0x0CAB168D, 0x0D92178C,
	0x0E6E1879, 0x0F3D194F, 0x0FFA1A0D, 0x10A51AB3, 0x113B1B3D, 0x11C21BAE, 0x12391C07, 0x129C1C47, 0x12E91C6A, 0x131E1C71, 0x13421C61,
	0x13521C36, 0x13441BE9, 0x13231B83, 0x12F21B06, 0x12A61A6C, 0x124419B9, 0x11CE18EB, 0x113E1801, 0x109C1701, 0x0FE815EC, 0x0F1D14BD,
	0x0E3E1378, 0x0D501223, 0x0C5310BE, 0x0B3F0F42, 0x0A160DB0, 0x08E50C14, 0x07A60A6D, 0x065608B5, 0x050206F7, 0x039E052B, 0x022A0353,
	0x00B6017A, 0xFF3AFF9D, 0xFDB4FDBA, 0xFC30FBD9, 0xFAA5F9F6, 0xF914F810, 0xF788F632, 0xF5FBF456, 0xF46BF27E, 0xF2E4F0B3, 0xF162EEF1,
	0xEFE0ED35, 0xEE63EB82, 0xECF2E9DE, 0xEB8CE84B, 0xEA2BE6C3, 0xE8D8E54F, 0xE795E3F0, 0xE65AE29F, 0xE52DE160, 0xE411E038, 0xE301DF22,
	0xE204DE23, 0xE11BDD3B, 0xE03EDC67, 0xDF75DBAE, 0xDEC3DB0F, 0xDE20DA83, 0xDD93DA11, 0xDD21D9BA, 0xDCBED97B, 0xDC6DD953, 0xDC35D946,
	0xDC14D94F, 0xDC03D96F, 0xDC09D9AB, 0xDC2ADA02, 0xDC5BDA69, 0xDC9FDAE7, 0xDD01DB84, 0xDD75DC35, 0xDDF8DCF5, 0xDE94DDCB, 0xDF40DEB5,
	0xDFFBDFAF, 0xE0D1E0BE, 0xE1BCE1E1, 0xE2B3E312, 0xE3B9E450, 0xE4D2E59B, 0xE5F8E6F3, 0xE72CE858, 0xE873E9CA, 0xE9C2EB41, 0xEB18ECBF,
	0xEC83EE4B, 0xEDF5EFD9, 0xEF68F167, 0xF0EEF302, 0xF27CF4A0, 0xF406F635, 0xF59CF7CF, 0xF735F968, 0xF8C9FAFB, 0xFA68FC90, 0xFC0AFE23,
	0xFDA5FFAB, 0xFF3F0129, 0x00D802A0, 0x026F0414, 0x04040580, 0x058F06DC, 0x0714082B, 0x08940973, 0x0A0A0AAC, 0x0B7A0BD9, 0x0CE10CF6,
	0x0E390E04, 0x0F890F0A, 0x10CD0FFE, 0x11FD10D9, 0x132211A7, 0x1442126C, 0x15531320, 0x165013BF, 0x173D144D, 0x181914CA, 0x18E31535,
	0x19A01593, 0x1A5115E3, 0x1AEB161E, 0x1B741648, 0x1BF31668, 0x1C5C1675, 0x1CAF1670, 0x1CF51662, 0x1D281642, 0x1D491614, 0x1D6115E0,
	0x1D6715A0, 0x1D59154F, 0x1D3F14F6, 0x1D161497, 0x1CD8142A, 0x1C8C13B0, 0x1C371332, 0x1BD412AF, 0x1B631225, 0x1AE71196, 0x1A601104,
	0x19CC106C, 0x192D0FD0, 0x18850F32, 0x17D60E96, 0x171F0DF9, 0x165D0D57, 0x15950CB5, 0x14C80C16, 0x13F40B79, 0x131B0ADD, 0x123F0A43,
	0x115E09AC, 0x107C091A, 0x0F95088B, 0x0EAC0801, 0x0DC6077F, 0x0CD906FC, 0x0BEB067D, 0x0B06060A, 0x0A1D0598, 0x09310529, 0x084E04C5,
	0x07680464, 0x06810405, 0x05A403B0, 0x04C70360, 0x03EB0314, 0x031302CC, 0x023E028A, 0x016F024E, 0x00A10213, 0xFFD501DA, 0xFF1301A8,
	0xFE54017A, 0xFD93014B, 0xFCDA011F, 0xFC2600F6, 0xFB7100CC, 0xFAC200A6, 0xFA180081, 0xF971005B, 0xF8CC0034, 0xF82C000F, 0xF791FFEB,
	0xF6F6FFC3, 0xF65CFF98, 0xF5C9FF6D, 0xF53BFF40, 0xF4AEFF12, 0xF424FEE2, 0xF39BFEAE, 0xF316FE76, 0xF296FE3D, 0xF216FE00, 0xF198FDBE,
	0xF11CFD79, 0xF0A4FD33, 0xF035FCED, 0xEFC5FC9F, 0xEF54FC4C, 0xEEECFBFD, 0xEE88FBA9, 0xEE24FB4F, 0xEDC7FAF6, 0xED70FA9F, 0xED19FA44,
	0xECC9F9E6, 0xEC80F988, 0xEC3AF92B, 0xEBF9F8CE, 0xEBC2F874, 0xEB8DF817, 0xEB5FF7B9, 0xEB3FF760, 0xEB21F70A, 0xEB07F6B4, 0xEAFFF666,
	0xEAFFF61D, 0xEB02F5D5, 0xEB10F592, 0xEB26F551, 0xEB45F514, 0xEB74F4E2, 0xEBA7F4B2, 0xEBE6F488, 0xEC34F468, 0xEC88F44D, 0xECE7F43B,
	0xED57F431, 0xEDC9F429, 0xEE47F42B, 0xEED8F43A, 0xEF6FF44A, 0xF00EF462, 0xF0BEF488, 0xF175F4B1, 0xF230F4DC, 0xF2FAF513, 0xF3CFF555,
	0xF4A8F599, 0xF589F5E1, 0xF67AF637, 0xF770F693, 0xF866F6F0, 0xF969F754, 0xFA70F7BC, 0xFB79F827, 0xFC90F89C, 0xFDA8F913, 0xFEBBF988,
	0xFFD4FA03, 0x00EFFA81, 0x0208FAFC, 0x0326FB7B, 0x0441FBFC, 0x055AFC7F, 0x0674FD03, 0x078CFD85, 0x089EFE06, 0x09ACFE83, 0x0AB2FEFC,
	0x0BB2FF76, 0x0CB0FFF1, 0x0DA60066, 0x0E8F00D4, 0x0F710141, 0x104D01AE, 0x11200213, 0x11E70272, 0x12A502CF, 0x13560329, 0x13FE037C,
	0x149903C9, 0x1524040E, 0x15A4044F, 0x161C048E, 0x168704CB, 0x16E50503, 0x17340533, 0x1776055E, 0x17B00589, 0x17D705AB, 0x17EC05C2,
	0x17FD05DD, 0x180505F9, 0x17FC060E, 0x17E90621, 0x17C90631, 0x179D063D, 0x17680649, 0x172B0652, 0x16E10659, 0x168C065F, 0x162F0666,
	0x15CB066E, 0x155C0674, 0x14E60679, 0x146D0683, 0x13EC068C, 0x13630696, 0x12D506A4, 0x124006B2, 0x11A906C3, 0x111106D8, 0x106F06EC,
	0x0FCE0707, 0x0F2E0727, 0x0E840744, 0x0DDA0766, 0x0D33078F, 0x0C8B07B9, 0x0BE507E8, 0x0B390817, 0x0A8C084A, 0x09E80885, 0x094208C0,
	0x089908FD, 0x07F90941, 0x07580984, 0x06B509C8, 0x061B0A16, 0x05840A66, 0x04E90AB2, 0x04550B01, 0x03C80B55, 0x03370BA6, 0x02A80BF6,
	0x02220C4A, 0x01A00C9F, 0x011E0CF1, 0x00A20D45, 0x00260D97, 0xFFAC0DE4, 0xFF3B0E30, 0xFECA0E7B, 0xFE590EC3, 0xFDEE0F08, 0xFD850F45,
	0xFD1E0F7D, 0xFCBC0FB5, 0xFC590FE7, 0xFBF91012, 0xFB9D1036, 0xFB411053, 0xFAEA106C, 0xFA95107D, 0xFA3A1081, 0xF9E2107F, 0xF9911077,
	0xF9401064, 0xF8EB1047, 0xF89B1023, 0xF84E0FF7, 0xF7FC0FBF, 0xF7AC0F7A, 0xF7600F2F, 0xF70E0ED7, 0xF6BC0E75, 0xF6730E0C, 0xF6240D92,
	0xF5D10D0C, 0xF5840C83, 0xF5310BEA, 0xF4DC0B44, 0xF48F0A98, 0xF43D09DF, 0xF3E8091A, 0xF39C0853, 0xF34A077E, 0xF2F1069A, 0xF29A05AD,
	0xF24404B8, 0xF1EE03BC, 0xF19502B6, 0xF13A01A5, 0xF0E30090, 0xF089FF72, 0xF02BFE4E, 0xEFD4FD29, 0xEF7AFBFA, 0xEF19FABF, 0xEEBCF983,
	0xEE61F847, 0xEE03F705, 0xEDA4F5C0, 0xED47F478, 0xECEBF32F, 0xEC8EF1E4, 0xEC30F098, 0xEBD5EF4E, 0xEB79EE03, 0xEB1EECBA, 0xEAC6EB77,
	0xEA70EA38, 0xEA1DE8FE, 0xE9CCE7C7, 0xE97BE693, 0xE92DE567, 0xE8E2E442, 0xE89AE325, 0xE857E214, 0xE818E10B, 0xE7DCE00B, 0xE7A6DF18,
	0xE775DE2E, 0xE74CDD53, 0xE72ADC87, 0xE70ADBC5, 0xE6EEDB0E, 0xE6DADA68, 0xE6D2D9D3, 0xE6D1D94E, 0xE6D6D8D7, 0xE6E7D875, 0xE701D822,
	0xE71DD7DB, 0xE749D7AC, 0xE782D792, 0xE7BCD781, 0xE804D783, 0xE85DD79E, 0xE8BBD7CB, 0xE924D809, 0xE99AD858, 0xEA1AD8B9, 0xEAA8D92E,
	0xEB44D9B6, 0xEBEBDA50, 0xEC9FDAFF, 0xED5EDBBD, 0xEE24DC86, 0xEEF4DD5E, 0xEFD4DE4B, 0xF0C6DF4E, 0xF1C1E05E, 0xF2C5E179, 0xF3D9E2A5,
	0xF4F0E3DB, 0xF612E51D, 0xF747E672, 0xF87CE7CD, 0xF9B7E92E, 0xFB06EAA0, 0xFC5EEC1B, 0xFDB8ED9C, 0xFF1CEF27, 0x0085F0B5, 0x01F5F24B,
	0x036EF3E9, 0x04E3F586, 0x065CF725, 0x07E1F8CB, 0x0968FA73, 0x0AECFC1B, 0x0C74FDC2, 0x0DFDFF69, 0x0F83010D, 0x110802B0, 0x128C044F,
	0x140E05EC, 0x158F0784, 0x17070916, 0x18770AA0, 0x19E80C29, 0x1B550DAB, 0x1CB30F21, 0x1E0A108F, 0x1F5911F7, 0x209B1353, 0x21DA14AA,
	0x230F15FA, 0x2432173A, 0x254A1870, 0x2657199C, 0x27541ABC, 0x28451BD3, 0x292B1CE1, 0x2A001DE2, 0x2AC21ED6, 0x2B751FBC, 0x2C1A2099,
	0x2CB2216D, 0x2D372233, 0x2DA922EA, 0x2E072392, 0x2E562431, 0x2E9B24CA, 0x2ECA2555, 0x2EE025D1, 0x2EEA2644, 0x2EE326AA, 0x2EC82703,
	0x2E9C2754, 0x2E5F279A, 0x2E1027D3, 0x2DAD27FF, 0x2D382821, 0x2CB6283B, 0x2C212848, 0x2B7A284B, 0x2AC72848, 0x29FE2836, 0x29222818,
	0x283D27F5, 0x274627C6, 0x263F278A, 0x252F2747, 0x240A26F6, 0x22D5269C, 0x219A263C, 0x204B25D0, 0x1EEE255A, 0x1D8C24DF, 0x1C1C2457,
	0x1A9C23C4, 0x19142329, 0x17822284, 0x15E521D5, 0x1440211E, 0x1290205D, 0x10D61F90, 0x0F181EBC, 0x0D551DE1, 0x0B841CFA, 0x09AD1C08,
	0x07D71B10, 0x05F81A10, 0x04171906, 0x023617F4, 0x004A16D4, 0xFE5815AD, 0xFC6E1486, 0xFA851353, 0xF8951214, 0xF6A410CF, 0xF4B90F86,
	0xF2D30E39, 0xF0ED0CE1, 0xEF070B80, 0xED290A1F, 0xEB5308BB, 0xE97F074F, 0xE7B005DC, 0xE5EB0468, 0xE43102F4, 0xE27E017D, 0xE0D40000,
	0xDF3AFE85, 0xDDACFD0C, 0xDC2AFB93, 0xDAB8FA1C, 0xD950F8A4, 0xD7F6F72E, 0xD6AFF5BD, 0xD57BF450, 0xD45AF2E8, 0xD348F187, 0xD247F029,
	0xD160EED7, 0xD08EED8E, 0xCFCEEC4A, 0xCF26EB10, 0xCE96E9E2, 0xCE1BE8BF, 0xCDBAE7AA, 0xCD6DE69D, 0xCD39E59E, 0xCD23E4B2, 0xCD20E3CF,
	0xCD36E2FA, 0xCD70E23E, 0xCDBCE18F, 0xCE1CE0EB, 0xCE9BE058, 0xCF32DFD7, 0xCFE1DF69, 0xD0ABDF0E, 0xD18DDEC2, 0xD286DE88, 0xD397DE5F,
	0xD4BFDE49, 0xD5FDDE45, 0xD74DDE50, 0xD8B4DE6F, 0xDA33DEA2, 0xDBC0DEE0, 0xDD5CDF2D, 0xDF0EDF8D, 0xE0CDDFFB, 0xE29DE07A, 0xE47CE10A,
	0xE664E1A4, 0xE855E24A, 0xEA50E2FC, 0xEC55E3BB, 0xEE61E484, 0xF070E554, 0xF285E62E, 0xF49BE713, 0xF6B1E7FA, 0xF8C6E8E7, 0xFADBE9DD,
	0xFCEFEAD9, 0xFEF9EBD3, 0x00FAECCC, 0x02F9EDCA, 0x04EDEEC7, 0x06D4EFC0, 0x08B4F0BC, 0x0A87F1B8, 0x0C45F2AA, 0x0DF7F395, 0x0F99F47E,
	0x1127F564, 0x12A5F643, 0x140CF715, 0x155BF7DD, 0x169CF8A2, 0x17C6F95B, 0x18D6FA07, 0x19D3FAAB, 0x1AB7FB44, 0x1B7FFBCF, 0x1C2EFC4E,
	0x1CCAFCC3, 0x1D4EFD2E, 0x1DB3FD88, 0x1E03FDD7, 0x1E3FFE1F, 0x1E5BFE55, 0x1E61FE7F, 0x1E56FEA1, 0x1E2BFEB0, 0x1DEAFEB6, 0x1D9BFEB8,
	0x1D37FEAE, 0x1CBCFE97, 0x1C2BFE77, 0x1B87FE50, 0x1AD8FE24, 0x1A19FDEF, 0x1945FDB0, 0x1867FD70, 0x177BFD29, 0x167FFCDA, 0x157DFC8E,
	0x1472FC42, 0x135EFBF0, 0x1246FB9F, 0x112AFB53, 0x1006FB06, 0x0EE1FAB8, 0x0DBAFA6E, 0x0C94FA2E, 0x0B72F9F5, 0x0A4FF9BB, 0x092EF988,
	0x0815F961, 0x0701F943, 0x05F1F92A, 0x04EEF920, 0x03F6F924, 0x0302F92B, 0x0219F93E, 0x0143F964, 0x0074F996, 0xFFB0F9D1, 0xFEFFFA1C,
	0xFE5AFA76, 0xFDC2FADD, 0xFD3BFB52, 0xFCC4FBD5, 0xFC5CFC67, 0xFC03FD07, 0xFBBAFDB4, 0xFB85FE71, 0xFB5BFF39, 0xFB3D000B, 0xFB3500EC,
	0xFB3A01D7, 0xFB4B02CB, 0xFB6E03CE, 0xFBA104DD, 0xFBDF05F2, 0xFC29070F, 0xFC7F0834, 0xFCE0095E, 0xFD4B0A8E, 0xFDC00BC2, 0xFE3F0CFB,
	0xFEC50E34, 0xFF500F6C, 0xFFE510A9, 0x007F11E5, 0x011C131B, 0x01BA144B, 0x025E1578, 0x030516A4, 0x03A717C6, 0x044618DC, 0x04EA19EB,
	0x05891AEF, 0x06211BE6, 0x06B91CD4, 0x07481DB0, 0x07CF1E7F, 0x08561F43, 0x08D01FF0, 0x093B2085, 0x09A62111, 0x0A06218C, 0x0A5621F1,
	0x0A9F2242, 0x0AD9227C, 0x0B02229E, 0x0B2222AD, 0x0B3822A9, 0x0B3C228D, 0x0B302259, 0x0B1A2211, 0x0AF621B1, 0x0ABD2137, 0x0A7820A9,
	0x0A292008, 0x09C81F4F, 0x09551E7E, 0x08D81D9B, 0x08501CA8, 0x07B91BA0, 0x07131A83, 0x06611951, 0x05A2180D, 0x04D516BB, 0x0400155D,
	0x032013ED, 0x0237126D, 0x014910E6, 0x00510F57, 0xFF4B0DB7, 0xFE410C0B, 0xFD340A5A, 0xFC2308A8, 0xFB1106F3, 0xF9F90536, 0xF8DC0377,
	0xF7C101B7, 0xF6A5FFF6, 0xF58CFE38, 0xF479FC85, 0xF364FAD0, 0xF24FF91B, 0xF144F771, 0xF046F5D7, 0xEF4CF445, 0xEE52F2B7, 0xED68F138,
	0xEC8BEFC9, 0xEBB0EE62, 0xEAE4ED0D, 0xEA2DEBCF, 0xE979EA9D, 0xE8D4E97C, 0xE844E871, 0xE7BEE777, 0xE749E690, 0xE6E9E5C1, 0xE696E506,
	0xE653E45F, 0xE624E3CD, 0xE605E351, 0xE5FBE2EF, 0xE606E2A3, 0xE61FE26C, 0xE64BE24A, 0xE68EE240, 0xE6E2E24C, 0xE746E26B, 0xE7BDE2A1,
	0xE847E2EB, 0xE8E0E344, 0xE98DE3B4, 0xEA52E43D, 0xEB21E4D5, 0xEBFDE57B, 0xECECE636, 0xEDE9E6FF, 0xEEF0E7D4, 0xF007E8B6, 0xF12BE9A6,
	0xF25EEAA5, 0xF39CEBAF, 0xF4DDECBE, 0xF62BEDD8, 0xF786EEFD, 0xF8E4F025, 0xFA44F150, 0xFBABF280, 0xFD17F3B3, 0xFE88F4E9, 0xFFFAF61F,
	0x0169F752, 0x02D6F881, 0x0447F9B2, 0x05B8FAE1, 0x0724FC0A, 0x0888FD2C, 0x09E6FE48, 0x0B42FF5F, 0x0C97006E, 0x0DE10171, 0x0F22026D,
	0x105E0362, 0x118A0446, 0x12A7051E, 0x13C005EF, 0x14CB06B2, 0x15C60769, 0x16B80817, 0x179608B3, 0x1862093D, 0x192609C0, 0x19DA0A38,
	0x1A7B0AA2, 0x1B0B0AFB, 0x1B8A0B46, 0x1BFC0B87, 0x1C5F0BBD, 0x1CAC0BE2, 0x1CEA0BFC, 0x1D1A0C0C, 0x1D350C0E, 0x1D430C08, 0x1D430BFB,
	0x1D300BDF, 0x1D0C0BB8, 0x1CDB0B89, 0x1C9D0B52, 0x1C4E0B15, 0x1BF10AD1, 0x1B870A87, 0x1B120A35, 0x1A9109DE, 0x1A060986, 0x196D0928,
	0x18C808C6, 0x181B0862, 0x176207FA, 0x16A20790, 0x15DE0728, 0x151206C1, 0x143E065B, 0x136205F4, 0x1281058D, 0x119E052B, 0x10B604CC,
	0x0FC8046C, 0x0EDC0413, 0x0DEF03BD, 0x0CFB0368, 0x0C070319, 0x0B1302CE, 0x0A1A0284, 0x09250243, 0x08350209, 0x074101D0, 0x064E019D,
	0x05610170, 0x04720146, 0x0384011F, 0x029D0101, 0x01B600E5, 0x00CE00CA, 0xFFED00B4, 0xFF1100A5, 0xFE360099, 0xFD5D008F, 0xFC870085,
	0xFBB2007E, 0xFAE3007D, 0xFA18007E, 0xF950007F, 0xF88B007F, 0xF7C4007D, 0xF702007E, 0xF645007E, 0xF586007A, 0xF4CB0077, 0xF4160075,
	0xF35E006E, 0xF2AB0065, 0xF1FB0058, 0xF1470044, 0xF096002F, 0xEFE90016, 0xEF3BFFF8, 0xEE92FFD6, 0xEDEBFFB0, 0xED43FF84, 0xEC9CFF53,
	0xEBF7FF1B, 0xEB53FEDD, 0xEAB1FE9B, 0xEA10FE51, 0xE96EFE01, 0xE8CFFDAC, 0xE833FD53, 0xE79EFCF5, 0xE70AFC90, 0xE675FC24, 0xE5E6FBB7,
	0xE55CFB47, 0xE4D5FAD1, 0xE451FA55, 0xE3D1F9D6, 0xE357F956, 0xE2E5F8D3, 0xE278F84E, 0xE20FF7C5, 0xE1AEF73A, 0xE155F6B2, 0xE107F62B,
	0xE0C2F5A6, 0xE084F522, 0xE04EF4A0, 0xE026F423, 0xE00AF3A8, 0xDFF2F32C, 0xDFE8F2B8, 0xDFF0F24F, 0xE000F1E7, 0xE01CF186, 0xE04BF133,
	0xE085F0E3, 0xE0CCF099, 0xE127F05D, 0xE190F02D, 0xE203F004, 0xE289EFE7, 0xE321EFD6, 0xE3C7EFD1, 0xE47CEFD7, 0xE542EFEA, 0xE617F009,
	0xE6F9F034, 0xE7EFF06E, 0xE8F8F0B7, 0xEA0CF10C, 0xEB30F170, 0xEC67F1E5, 0xEDA6F262, 0xEEF3F2EC, 0xF055F388, 0xF1C2F430, 0xF33AF4E5,
	0xF4C1F5AA, 0xF650F677, 0xF7E8F74D, 0xF990F832, 0xFB40F924, 0xFCF4FA1B, 0xFEACFB19, 0x006DFC25, 0x0239FD3D, 0x040BFE5B, 0x05DCFF7C,
	0x07B000A4, 0x098801D5, 0x0B5E0307, 0x0D33043B, 0x0F080574, 0x10D606AD, 0x129E07E5, 0x146A091F, 0x162D0A57, 0x17DF0B88, 0x19920CBE,
	0x1B400DF1, 0x1CDC0F19, 0x1E6D103C, 0x1FF5115B, 0x2168126D, 0x22D01377, 0x242D147B, 0x2575156F, 0x26AC1659, 0x27D5173A, 0x28E8180D,
	0x29E618D1, 0x2AD21987, 0x2BA91A2E, 0x2C681AC5, 0x2D121B4D, 0x2DAA1BC5, 0x2E2D1C2D, 0x2E961C83, 0x2EE81CC7, 0x2F241CFC, 0x2F491D22,
	0x2F551D33, 0x2F491D2F, 0x2F271D1B, 0x2EEF1CF8, 0x2E9F1CC4, 0x2E391C7E, 0x2DBC1C24, 0x2D291BB9, 0x2C831B43, 0x2BC81ABD, 0x2AF71A27,
	0x2A12197F, 0x291718C9, 0x280F1808, 0x26F8173D, 0x25C91662, 0x2489157B, 0x233E148B, 0x21E51390, 0x207F128E, 0x1F101189, 0x1D901078,
	0x1C030F5D, 0x1A720E42, 0x18DA0D24, 0x17360BFE, 0x158B0AD7, 0x13DE09AF, 0x122B0885, 0x1074075B, 0x0EBE0635, 0x0D03050D, 0x0B4803E8,
	0x099302C8, 0x07DC01AE, 0x06250097, 0x0474FF83, 0x02C5FE75, 0x011FFD71, 0xFF84FC78, 0xFDEAFB83, 0xFC56FA98, 0xFACDF9B6, 0xF94BF8DC,
	0xF7D3F80B, 0xF665F742, 0xF4FFF682, 0xF3AAF5D3, 0xF262F531, 0xF122F495, 0xEFEFF402, 0xEEC8F379, 0xEDAFF2FE, 0xECA6F290, 0xEBA9F229,
	0xEAB7F1CB, 0xE9D7F17E, 0xE904F13A, 0xE83BF0F9, 0xE782F0C3, 0xE6D5F096, 0xE633F06F, 0xE5A5F056, 0xE526F047, 0xE4AEF03C, 0xE442F036,
	0xE3E3F036, 0xE391F03E, 0xE34FF050, 0xE315F062, 0xE2E0F073, 0xE2BAF08D, 0xE2A0F0AB, 0xE28AF0C7, 0xE281F0E8, 0xE282F10C, 0xE285F12D,
	0xE293F150, 0xE2A9F173, 0xE2C2F195, 0xE2E5F1B8, 0xE30EF1D8, 0xE339F1F7, 0xE36AF214, 0xE39EF22C, 0xE3D3F23D, 0xE40DF250, 0xE449F25F,
	0xE487F267, 0xE4CAF26E, 0xE50BF270, 0xE54CF26D, 0xE592F267, 0xE5D9F25C, 0xE61BF24A, 0xE65DF234, 0xE69FF219, 0xE6E3F1FB, 0xE72AF1DC,
	0xE76BF1B4, 0xE7A9F187, 0xE7EAF15A, 0xE82BF12A, 0xE869F0F5, 0xE8A5F0BC, 0xE8DDF07E, 0xE917F03F, 0xE954F003, 0xE98FEFC6, 0xE9CAEF89,
	0xEA04EF4A, 0xEA3CEF07, 0xEA75EEC6, 0xEAB1EE8C, 0xEAEAEE51, 0xEB24EE17, 0xEB62EDE2, 0xEBA2EDB1, 0xEBE3ED84, 0xEC26ED5A, 0xEC6AED34,
	0xECB6ED1A, 0xED07ED06, 0xED55ECF3, 0xEDA8ECE9, 0xEE07ECEE, 0xEE68ECF8, 0xEEC8ED04, 0xEF2EED1B, 0xEF9DED41, 0xF013ED73, 0xF091EDAE,
	0xF113EDF0, 0xF19AEE3C, 0xF229EE95, 0xF2C2EEFA, 0xF360EF6A, 0xF407EFE8, 0xF4B7F073, 0xF570F108, 0xF62EF1A8, 0xF6F4F254, 0xF7BEF309,
	0xF891F3CA, 0xF973F49D, 0xFA5DF57B, 0xFB49F65D, 0xFC3BF74B, 0xFD38F846, 0xFE39F948, 0xFF40FA51, 0x0051FB66, 0x0167FC88, 0x0282FDB0,
	0x03A2FED9, 0x04C6000B, 0x05F4014A, 0x0726028E, 0x085203D1, 0x09840518, 0x0AC2066A, 0x0C0107BE, 0x0D3C0910, 0x0E740A63, 0x0FAE0BB8,
	0x10EF0D0D, 0x12300E61, 0x13690FB3, 0x14A11105, 0x15D81252, 0x17091398, 0x183914D9, 0x19651619, 0x1A8B1755, 0x1BAE188A, 0x1CCC19B5,
	0x1DE01AD6, 0x1EEE1BF0, 0x1FF61D00, 0x20F21E05, 0x21E81F00, 0x22D41FF0, 0x23B320D1, 0x248B21A7, 0x255C2273, 0x261C2330, 0x26D023DE,
	0x277C247D, 0x281B2510, 0x28AF2596, 0x2936260B, 0x29AF266F, 0x2A1C26C5, 0x2A782708, 0x2AC5273A, 0x2B06275D, 0x2B382772, 0x2B5C2777,
	0x2B75276B, 0x2B7F2750, 0x2B772726, 0x2B6326ED, 0x2B4126A3, 0x2B0F2648, 0x2ACD25DD, 0x2A7F2565, 0x2A2424E0, 0x29B9244B, 0x293D23A7,
	0x28B622F7, 0x2821223A, 0x277A216E, 0x26CB2099, 0x26111FB6, 0x25431EC4, 0x246B1DCC, 0x23891CCB, 0x22961BBD, 0x219A1AA6, 0x20951988,
	0x1F7F185E, 0x1E5E172F, 0x1D3815FB, 0x1C0314BD, 0x1AC41377, 0x197E122E, 0x182D10E1, 0x16D30F8E, 0x15710E35, 0x14060CDC, 0x12950B82,
	0x111B0A22, 0x0F9708BB, 0x0E0F0758, 0x0C8405F7, 0x0AF00490, 0x09560327, 0x07B601C0, 0x0615005D, 0x0472FEFA, 0x02C4FD93, 0x0113FC2E,
	0xFF69FAD4, 0xFDBCF978, 0xFC06F81B, 0xFA54F6C4, 0xF89EF570, 0xF6E5F41E, 0xF536F2D6, 0xF385F191, 0xF1CCF048, 0xF01BEF08, 0xEE72EDD2,
	0xECC9EC9F, 0xEB25EB72, 0xE983EA49, 0xE7E4E926, 0xE652E80F, 0xE4C5E6FD, 0xE338E5EF, 0xE1B5E4EB, 0xE03DE3EF, 0xDECDE2FB, 0xDD69E212,
	0xDC0DE131, 0xDAB9E056, 0xD974DF88, 0xD83DDEC3, 0xD710DE08, 0xD5F3DD59, 0xD4E0DCB1, 0xD3D9DC14, 0xD2E7DB87, 0xD206DB08, 0xD131DA93,
	0xD06FDA28, 0xCFBED9C8, 0xCF1FD979, 0xCE97D93D, 0xCE21D90A, 0xCDB8D8E0, 0xCD64D8C7, 0xCD28D8C1, 0xCD00D8C8, 0xCCECD8DB, 0xCCEFD8FE,
	0xCD08D933, 0xCD33D976, 0xCD71D9C5, 0xCDC9DA27, 0xCE37DA9A, 0xCEB7DB18, 0xCF4EDBA7, 0xCFFEDC4A, 0xD0C1DCFB, 0xD196DDB7, 0xD280DE80,
	0xD37EDF5B, 0xD495E048, 0xD5BEE141, 0xD6F5E243, 0xD83FE354, 0xD99EE477, 0xDB0AE5A2, 0xDC86E6D5, 0xDE15E817, 0xDFB3E966, 0xE15BEABB,
	0xE30FEC18, 0xE4D1ED81, 0xE6A0EEF2, 0xE873F064, 0xEA4CF1DB, 0xEC31F35B, 0xEE1CF4DF, 0xF00AF662, 0xF1FDF7E9, 0xF3F3F975, 0xF5EBFB01,
	0xF7E5FC8A, 0xF9D9FE0C, 0xFBCAFF8D, 0xFDBD010F, 0xFFAB028F, 0x018F0401, 0x03670568, 0x053A06CB, 0x070B082D, 0x08CF0983, 0x0A820AC7,
	0x0C2A0C00, 0x0DC90D32, 0x0F560E58, 0x10D30F6C, 0x12421073, 0x13A1116B, 0x14EC1254, 0x1623132B, 0x174613F2, 0x185914A9, 0x1957154F,
	0x1A4015E2, 0x1B161663, 0x1BD716D4, 0x1C841735, 0x1D1E1784, 0x1D9D17BB, 0x1E0517E1, 0x1E6017FC, 0x1EA61805, 0x1ED417FB, 0x1EF017E3,
	0x1EF517B9, 0x1EE4177D, 0x1ECA1736, 0x1E9A16DF, 0x1E521678, 0x1DFD1608, 0x1D9A158D, 0x1D251505, 0x1CA91476, 0x1C1E13DF, 0x1B80133D,
	0x1ADB1295, 0x1A2C11E6, 0x19701133, 0x18AF107D, 0x17E70FC3, 0x17170F06, 0x16440E4B, 0x156A0D8F, 0x148C0CD2, 0x13B00C17, 0x12D00B5E,
	0x11EE0AAB, 0x11170A02, 0x103E095B, 0x0F6108B7, 0x0E8E0820, 0x0DC20792, 0x0CF70709, 0x0C350689, 0x0B7C0616, 0x0AC905AD, 0x0A1D054D,
	0x097A04F8, 0x08E504B4, 0x085B047C, 0x07D7044C, 0x0760042B, 0x06F80418, 0x0696040E, 0x063F0410, 0x05F8041F, 0x05BB043A, 0x058C0463,
	0x05690497, 0x054B04D1, 0x053A0516, 0x053A056A, 0x054205C6, 0x05540629, 0x05740696, 0x05990709, 0x05C50782, 0x05FD0803, 0x063D0887,
	0x0681090F, 0x06CB099A, 0x071D0A26, 0x07740AB5, 0x07CF0B44, 0x082C0BD2, 0x088E0C62, 0x08F30CF0, 0x09570D78, 0x09B90DFA, 0x0A1C0E78,
	0x0A7D0EF1, 0x0ADC0F63, 0x0B360FCA, 0x0B8E1029, 0x0BE31083, 0x0C3210D2, 0x0C791114, 0x0CBC114D, 0x0CF8117A, 0x0D2A1199, 0x0D5111A7,
	0x0D6C11A9, 0x0D8411A2, 0x0D96118F, 0x0D971168, 0x0D8B1132, 0x0D7710F0, 0x0D55109B, 0x0D271036, 0x0CF20FC6, 0x0CAB0F47, 0x0C570EB5,
	0x0BFC0E17, 0x0B930D6B, 0x0B190CAF, 0x0A970BE7, 0x0A0B0B11, 0x09720A2E, 0x08CC0940, 0x08170841, 0x07590736, 0x06950626, 0x05C5050B,
	0x04E703E4, 0x040402B5, 0x03190180, 0x02250046, 0x0127FF04, 0x0020FDB8, 0xFF16FC6B, 0xFE0BFB1E, 0xFCF5F9CB, 0xFBDCF876, 0xFAC3F723,
	0xF9A5F5CF, 0xF885F47D, 0xF766F32E, 0xF645F1E0, 0xF524F097, 0xF405EF52, 0xF2E6EE11, 0xF1CDECDB, 0xF0BEEBB1, 0xEFAFEA8C, 0xEEA2E96D,
	0xED9EE85C, 0xECA2E754, 0xEBABE657, 0xEABEE569, 0xE9DBE48A, 0xE8FFE3B2, 0xE82AE2E7, 0xE766E230, 0xE6B2E18E, 0xE609E0FB, 0xE56BE073,
	0xE4D7DFF9, 0xE44FDF91, 0xE3DBDF3D, 0xE375DEFA, 0xE31ADEC7, 0xE2D2DEA7, 0xE29BDE99, 0xE26FDE9A, 0xE253DEAE, 0xE24ADED6, 0xE24DDF0C,
	0xE25EDF4E, 0xE283DFA4, 0xE2BAE00E, 0xE301E08B, 0xE357E115, 0xE3B7E1A9, 0xE426E24B, 0xE4A8E300, 0xE539E3C4, 0xE5D5E492, 0xE67EE56A,
	0xE735E652, 0xE7FCE746, 0xE8CEE843, 0xE9ABE949, 0xEA95EA5A, 0xEB85EB6F, 0xEC7AEC88, 0xED7FEDAC, 0xEE90EED8, 0xEFA3F006, 0xF0BEF137,
	0xF1DFF26C, 0xF301F3A1, 0xF42BF4DA, 0xF55DF613, 0xF68CF74B, 0xF7BEF882, 0xF8F5F9B9, 0xFA2CFAEE, 0xFB60FC1E, 0xFC93FD49, 0xFDC7FE71,
	0xFEF8FF93, 0x002200AC, 0x014801BF, 0x026D02CC, 0x038903CF, 0x04A204CD, 0x05B705C4, 0x06BE06AB, 0x07BD0788, 0x08BA0861, 0x09AB092C,
	0x0A8E09EB, 0x0B6D0AA4, 0x0C430B52, 0x0D0B0BF0, 0x0DCA0C84, 0x0E790D0D, 0x0F1C0D8A, 0x0FB80DFD, 0x10470E64, 0x10CB0EC3, 0x11460F19,
	0x11B20F60, 0x120D0F9D, 0x12600FD1, 0x12A60FFB, 0x12E2101C, 0x13171039, 0x133B1048, 0x1350104E, 0x13621050, 0x1369104C, 0x1361103F,
	0x134F102A, 0x1332100F, 0x130E0FF4, 0x12E70FD6, 0x12B10FB1, 0x12730F89, 0x12330F62, 0x11EA0F36, 0x11990F07, 0x11440EDA, 0x10E90EAD,
	0x10870E7F, 0x10210E50, 0x0FB40E21, 0x0F470DF5, 0x0EDA0DCA, 0x0E650D9F, 0x0DEF0D7B, 0x0D780D5A, 0x0CFD0D38, 0x0C810D19, 0x0C080CFF,
	0x0B8B0CE7, 0x0B0E0CD3, 0x0A930CC2, 0x0A150CB2, 0x09990CA8, 0x09210CA3, 0x08A40C9E, 0x08270C9B, 0x07B10CA0, 0x073B0CA6, 0x06C20CAC,
	0x064D0CB5, 0x05D80CC0, 0x05620CCB, 0x04EE0CD5, 0x047C0CE2, 0x040A0CF1, 0x039A0CFF, 0x03280D09, 0x02B70D13, 0x02480D1E, 0x01D80D24,
	0x01670D27, 0x00F80D2B, 0x00880D2A, 0x00140D20, 0xFFA30D14, 0xFF330D07, 0xFEBE0CF4, 0xFE460CD7, 0xFDD30CB8, 0xFD600C95, 0xFCE60C68,
	0xFC690C31, 0xFBEC0BF7, 0xFB700BB6, 0xFAF20B6B, 0xFA730B19, 0xF9F20ABF, 0xF9700A5E, 0xF8EE09F6, 0xF86E0989, 0xF7ED0915, 0xF7670897,
	0xF6E00810, 0xF65D0784, 0xF5D906F0, 0xF5550655, 0xF4D605B6, 0xF4580512, 0xF3DB0468, 0xF36303BA, 0xF2EC0308, 0xF2760251, 0xF2070197,
	0xF19D00DC, 0xF137001E, 0xF0D7FF60, 0xF07BFE9E, 0xF024FDDC, 0xEFDBFD20, 0xEF98FC65, 0xEF58FBA6, 0xEF24FAEB, 0xEEFCFA36, 0xEED9F984,
	0xEEC3F8D6, 0xEEBAF830, 0xEEB9F78E, 0xEEC2F6F0, 0xEED7F65B, 0xEEF6F5CD, 0xEF21F545, 0xEF5CF4C8, 0xEFA3F453, 0xEFF6F3E8, 0xF056F388,
	0xF0C2F331, 0xF13AF2E1, 0xF1BEF29C, 0xF24FF264, 0xF2ECF235, 0xF395F210, 0xF449F1F5, 0xF50BF1E7, 0xF5D9F1E6, 0xF6B1F1EE, 0xF78FF1FD,
	0xF877F216, 0xF96AF239, 0xFA65F264, 0xFB68F29B, 0xFC73F2DB, 0xFD81F320, 0xFE95F36D, 0xFFB1F3C3, 0x00CDF41D, 0x01EAF47E, 0x0313F4EA,
	0x043AF556, 0x0558F5C0, 0x067AF633, 0x079FF6AC, 0x08BAF720, 0x09D2F794, 0x0AECF810, 0x0BFDF88A, 0x0D05F8FF, 0x0E0CF975, 0x0F09F9EA,
	0x0FF9FA58, 0x10E3FAC6, 0x11C6FB32, 0x1298FB95, 0x135BFBEF, 0x1415FC46, 0x14C4FC9A, 0x1563FCE5, 0x15EFFD27, 0x166FFD61, 0x16E2FD95,
	0x1744FDC2, 0x1795FDE5, 0x17D5FDFD, 0x1806FE0E, 0x1826FE16, 0x1833FE13, 0x1830FE09, 0x181EFDF7, 0x17FBFDDD, 0x17C5FDB7, 0x177EFD86,
	0x1724FD4D, 0x16BDFD11, 0x1647FCCC, 0x15C3FC7D, 0x1531FC29, 0x148FFBD0, 0x13DCFB6E, 0x131DFB07, 0x1256FA9D, 0x1180FA2D, 0x109FF9B8,
	0x0FB6F943, 0x0EC3F8CC, 0x0DC4F852, 0x0CBFF7D7, 0x0BB6F75D, 0x0AA5F6E7, 0x0990F672, 0x0877F5FC, 0x075AF588, 0x063CF51B, 0x051DF4B2,
	0x03FCF44B, 0x02D8F3E9, 0x01B7F38F, 0x009CF340, 0xFF85F2F8, 0xFE71F2B8, 0xFD62F282, 0xFC57F253, 0xFB52F22E, 0xFA56F21A, 0xF963F20F,
	0xF877F20C, 0xF795F216, 0xF6BBF22E, 0xF5ECF253, 0xF52FF288, 0xF47CF2CA, 0xF3CEF315, 0xF32DF36D, 0xF29EF3D4, 0xF218F447, 0xF1A1F4CB,
	0xF13BF55F, 0xF0DEF5FB, 0xF08DF6A3, 0xF04DF75A, 0xF01CF81D, 0xEFF8F8EB, 0xEFE4F9C9, 0xEFDCFAB1, 0xEFDAFB9C, 0xEFE9FC94, 0xF00DFD9D,
	0xF038FEAA, 0xF068FFB7, 0xF0A900D1, 0xF0FB01F7, 0xF154031D, 0xF1B40445, 0xF21E0575, 0xF29206A7, 0xF30E07DB, 0xF3930910, 0xF41E0A44,
	0xF4B30B7B, 0xF54E0CB0, 0xF5E70DDC, 0xF6820F04, 0xF727102C, 0xF7CE114D, 0xF8721263, 0xF91A1372, 0xF9C4147C, 0xFA6B1579, 0xFB11166B,
	0xFBB61753, 0xFC59182F, 0xFCF618FF, 0xFD9119C1, 0xFE251A71, 0xFEB31B12, 0xFF3B1BA4, 0xFFBB1C23, 0x00311C8F, 0x00A31CED, 0x010D1D3B,
	0x016B1D74, 0x01BF1D96, 0x020B1DA7, 0x024C1DA7, 0x02821D91, 0x02AD1D67, 0x02CE1D2A, 0x02E41CDA, 0x02ED1C74, 0x02E81BFA, 0x02DA1B70,
	0x02C31AD5, 0x029D1A23, 0x026A195E, 0x0230188C, 0x01EC17AA, 0x019C16B5, 0x014215B2, 0x00DF14A2, 0x00711382, 0xFFFA1254, 0xFF7A111A,
	0xFEF40FD6, 0xFE680E86, 0xFDD40D2D, 0xFD3C0BCF, 0xFCA00A6A, 0xFBFB08FC, 0xFB57078A, 0xFAB40618, 0xFA0804A2, 0xF95B0328, 0xF8B201B0,
	0xF8050037, 0xF75CFEC4, 0xF6C0FD5B, 0xF620FBF1, 0xF57BFA87, 0xF4E3F928, 0xF454F7D3, 0xF3C8F684, 0xF344F541, 0xF2C7F40A, 0xF253F2DD,
	0xF1EBF1BC, 0xF18BF0AA, 0xF136EFA6, 0xF0F2EEB4, 0xF0B9EDD2, 0xF089ECFE, 0xF067EC3B, 0xF053EB89, 0xF04CEAE9, 0xF055EA5D, 0xF06CE9E0,
	0xF092E976, 0xF0C8E923, 0xF10BE8E1, 0xF15AE8AC, 0xF1BAE88B, 0xF227E87D, 0xF2A0E881, 0xF32FE89A, 0xF3CEE8C5, 0xF474E8FC, 0xF525E942,
	0xF5EAE99E, 0xF6BDEA08, 0xF794EA7B, 0xF872EAFB, 0xF960EB8D, 0xFA5BEC2C, 0xFB5BECD2, 0xFC64ED83, 0xFD7AEE41, 0xFE94EF05, 0xFFAEEFCB,
	0x00D0F09C, 0x01F8F176, 0x0324F254, 0x0452F331, 0x0580F410, 0x06ADF4F3, 0x07DDF5DA, 0x090AF6BF, 0x0A32F7A2, 0x0B59F885, 0x0C7FF966,
	0x0D9FFA3F, 0x0EB8FB13, 0x0FC9FBE3, 0x10D6FCB0, 0x11DEFD79, 0x12DCFE39, 0x13CEFEEF, 0x14B5FF9B, 0x158F003D, 0x165F00D8, 0x1729016E,
	0x17E701FB, 0x1899027D, 0x193C02F5, 0x19CE035D, 0x1A5303BC, 0x1ACF0417, 0x1B3C0467, 0x1B9B04AA, 0x1BEE04E6, 0x1C2F0518, 0x1C61053F,
	0x1C8A055F, 0x1CA50576, 0x1CAD0582, 0x1CAA0588, 0x1C9E058B, 0x1C840587, 0x1C590579, 0x1C210563, 0x1BDF054A, 0x1B93052E, 0x1B38050D,
	0x1AD304EA, 0x1A6704C4, 0x19EE049B, 0x196C0470, 0x18E00444, 0x18460413, 0x17A803E6, 0x170803BF, 0x165C0394, 0x15A60369, 0x14ED0344,
	0x142D0321, 0x136602FF, 0x129A02E2, 0x11C902C8, 0x10F402B1, 0x101D02A0, 0x0F3F0293, 0x0E5D0288, 0x0D7A0282, 0x0C950283, 0x0BAB0288,
	0x0ABD0291, 0x09CE029D, 0x08E102B1, 0x07F102CB, 0x06FB02E6, 0x06080306, 0x0517032D, 0x041E0352, 0x03210379, 0x022C03AB, 0x013903E3,
	0x003F0416, 0xFF420448, 0xFE4A0480, 0xFD5204BA, 0xFC5504F1, 0xFB590529, 0xFA610564, 0xF967059B, 0xF86B05D0, 0xF7710607, 0xF67A063C,
	0xF584066D, 0xF48D069A, 0xF39306C2, 0xF29C06E8, 0xF1AD070D, 0xF0BC0729, 0xEFC8073E, 0xEED80751, 0xEDEB075F, 0xED020767, 0xEC1D076B,
	0xEB390767, 0xEA59075C, 0xE981074B, 0xE8A90732, 0xE7D40711, 0xE70806EE, 0xE64106C4, 0xE57C0690, 0xE4C10656, 0xE40D0616, 0xE36005CF,
	0xE2BF0588, 0xE224053A, 0xE18F04E4, 0xE1070488, 0xE088042A, 0xE01003C7, 0xDFA60361, 0xDF4A02F7, 0xDEF60285, 0xDEAD0213, 0xDE7201A1,
	0xDE44012C, 0xDE2600B8, 0xDE170046, 0xDE14FFD2, 0xDE1EFF5D, 0xDE36FEE6, 0xDE5AFE71, 0xDE91FE00, 0xDED8FD93, 0xDF2DFD28, 0xDF92FCBE,
	0xE003FC56, 0xE084FBF3, 0xE119FB9A, 0xE1BBFB43, 0xE267FAEC, 0xE325FA9F, 0xE3F3FA5A, 0xE4CEFA16, 0xE5B6F9D7, 0xE6ACF9A2, 0xE7ADF975,
	0xE8BAF94D, 0xE9D4F929, 0xEAFAF90F, 0xEC2DF8FD, 0xED6AF8F0, 0xEEAEF8E7, 0xEFF8F8E7, 0xF14AF8ED, 0xF2A5F8F8, 0xF408F90A, 0xF570F924,
	0xF6DFF947, 0xF854F96D, 0xF9C7F994, 0xFB3AF9C0, 0xFCB2F9F4, 0xFE2DFA2A, 0xFFA5FA64, 0x011CFAA4, 0x0291FAE5, 0x0402FB27, 0x0571FB6E,
	0x06DEFBBC, 0x0845FC09, 0x09A6FC54, 0x0B00FCA3, 0x0C53FCF2, 0x0D9CFD3F, 0x0EDBFD88, 0x1012FDD4, 0x1141FE22, 0x1265FE6D, 0x137EFEB5,
	0x148BFEFD, 0x158EFF43, 0x1683FF84, 0x176CFFC4, 0x184C0004, 0x191C003F, 0x19DB0074, 0x1A8F00A7, 0x1B3800D8, 0x1BD00100, 0x1C580124,
	0x1CD50149, 0x1D45016C, 0x1DA70186, 0x1DFC019F, 0x1E4401B7, 0x1E7D01C8, 0x1EA901D2, 0x1ECA01DC, 0x1EDD01E5, 0x1EE301E9, 0x1EDE01EA,
	0x1ECC01E4, 0x1EAD01DC, 0x1E8801D7, 0x1E5901CE, 0x1E1B01BE, 0x1DD401AE, 0x1D86019D, 0x1D2D018A, 0x1CCC0177, 0x1C670167, 0x1BF80152,
	0x1B7E0138, 0x1B010123, 0x1A810110, 0x19F700FB, 0x196600E6, 0x18D200D5, 0x183B00C5, 0x17A100B2, 0x170200A1, 0x165D0091, 0x15B60082,
	0x150F0078, 0x14660070, 0x13B70069, 0x13090064, 0x125D0061, 0x11AD005F, 0x10FB0062, 0x104A0066, 0x0F96006B, 0x0EE30074, 0x0E320082,
	0x0D80008E, 0x0CCE009C, 0x0C1D00AF, 0x0B6C00C4, 0x0ABD00DA, 0x0A1000F1, 0x09600109, 0x08B20122, 0x0806013C, 0x075A0157, 0x06AF0175,
	0x06060194, 0x055E01AF, 0x04B601CE, 0x040F01F0, 0x0367020D, 0x02C20228, 0x02210246, 0x017C0262, 0x00D50278, 0x0032028E, 0xFF9202A6,
	0xFEF202BD, 0xFE5002CD, 0xFDAD02D7, 0xFD0E02E5, 0xFC6E02F1, 0xFBCB02F4, 0xFB2B02F4, 0xFA8D02F4, 0xF9E802EA, 0xF94202DC, 0xF8A702D1,
	0xF80902C3, 0xF76302A9, 0xF6C1028B, 0xF621026A, 0xF57E0244, 0xF4DD021A, 0xF43C01E9, 0xF39701B1, 0xF2F00176, 0xF24B0136, 0xF1A800F0,
	0xF10700A5, 0xF0630055, 0xEFBBFFFD, 0xEF17FFA3, 0xEE7AFF4A, 0xEDDBFEEB, 0xED39FE82, 0xEC99FE16, 0xEBF9FDA9, 0xEB58FD36, 0xEABAFCBF,
	0xEA1FFC44, 0xE985FBC8, 0xE8F0FB4B, 0xE85EFACD, 0xE7CBFA49, 0xE73CF9C2, 0xE6B1F93C, 0xE62AF8B5, 0xE5AAF82F, 0xE52FF7AA, 0xE4B2F720,
	0xE438F698, 0xE3CBF615, 0xE360F590, 0xE2FAF50B, 0xE29FF48E, 0xE249F413, 0xE1F6F397, 0xE1B0F324, 0xE174F2B8, 0xE13DF24D, 0xE10FF1E6,
	0xE0EAF184, 0xE0CBF127, 0xE0B8F0D1, 0xE0AEF081, 0xE0ADF038, 0xE0BBEFF9, 0xE0D5EFC3, 0xE0F8EF93, 0xE125EF6E, 0xE15FEF52, 0xE1A5EF3E,
	0xE1F8EF33, 0xE255EF2F, 0xE2BDEF35, 0xE332EF47, 0xE3B6EF64, 0xE447EF8D, 0xE4E7EFC1, 0xE590EFFD, 0xE645F045, 0xE708F099, 0xE7D4F0F3,
	0xE8AFF157, 0xE99BF1CE, 0xEA8DF24D, 0xEB8AF2D1, 0xEC97F362, 0xEDAFF400, 0xEECDF4A8, 0xEFF9F55C, 0xF131F617, 0xF271F6DA, 0xF3BCF7AA,
	0xF50FF87F, 0xF666F958, 0xF7C8FA3E, 0xF932FB2E, 0xFAA1FC22, 0xFC19FD1E, 0xFD97FE21, 0xFF15FF28, 0x009C0037, 0x0227014B, 0x03B0025F,
	0x053B0378, 0x06CC0497, 0x085C05B7, 0x09EA06D8, 0x0B7907FC, 0x0D060920, 0x0E900A42, 0x10180B65, 0x119A0C87, 0x13170DA8, 0x14920EC9,
	0x16070FE7, 0x177210FD, 0x18D6120E, 0x1A35131D, 0x1B891426, 0x1CD21528, 0x1E131628, 0x1F4A1722, 0x20731811, 0x219118F7, 0x22A519D8,
	0x23A91AAE, 0x24A01B79, 0x258C1C3C, 0x26681CF5, 0x27331DA5, 0x27F21E4B, 0x28A31EE3, 0x29461F70, 0x29D91FF5, 0x2A5A206C, 0x2AC820D5,
	0x2B292135, 0x2B792187, 0x2BB821CB, 0x2BE92204, 0x2C0D2231, 0x2C1E2250, 0x2C1F2262, 0x2C102269, 0x2BF12264, 0x2BC22252, 0x2B862234,
	0x2B3A2209, 0x2ADC21CF, 0x2A70218A, 0x29FA213C, 0x297520E2, 0x28E0207B, 0x2841200B, 0x27971F91, 0x26DD1F09, 0x26141E75, 0x25421DD9,
	0x24691D36, 0x23831C86, 0x228F1BC9, 0x21911B05, 0x20911A40, 0x1F871970, 0x1E701891, 0x1D5017AA, 0x1C2C16C2, 0x1AFF15D2, 0x19CA14D8,
	0x189113D8, 0x175212D4, 0x160C11CA, 0x14C010B7, 0x13710FA0, 0x121D0E86, 0x10C40D65, 0x0F690C40, 0x0E0C0B18, 0x0CA609E8, 0x0B3C08B3,
	0x09D6077E, 0x086D0646, 0x06FD0509, 0x058C03C9, 0x041A0286, 0x02A50140, 0x0135FFFC, 0xFFC1FEB4, 0xFE49FD65, 0xFCD6FC19, 0xFB60FAC9,
	0xF9E1F971, 0xF868F81E, 0xF6F7F6D2, 0xF580F57E, 0xF408F426, 0xF292F2D1, 0xF11AF17C, 0xEFA8F027, 0xEE3CEED6, 0xECCBED80, 0xEB59EC29,
	0xE9EDEAD7, 0xE884E986, 0xE71DE836, 0xE5B9E6E8, 0xE459E59C, 0xE300E457, 0xE1ABE315, 0xE055E1D2, 0xDF05E093, 0xDDBDDF5A, 0xDC79DE25,
	0xDB3EDCF8, 0xDA0CDBD1, 0xD8DDDAAE, 0xD7B6D991, 0xD69BD87E, 0xD585D770, 0xD477D669, 0xD378D56F, 0xD285D480, 0xD199D399, 0xD0B8D2BC,
	0xCFE5D1EA, 0xCF20D123, 0xCE68D06A, 0xCDBDCFBF, 0xCD21CF20, 0xCC96CE8E, 0xCC17CE0A, 0xCBA9CD95, 0xCB50CD31, 0xCB08CCDB, 0xCAD1CC98,
	0xCAADCC69, 0xCA99CC47, 0xCA95CC33, 0xCAA9CC35, 0xCAD4CC4D, 0xCB0FCC74, 0xCB5ECCAE, 0xCBC5CCFD, 0xCC40CD5E, 0xCCCDCDD0, 0xCD6FCE58,
	0xCE29CEF6, 0xCEFACFA6, 0xCFDFD069, 0xD0D6D13F, 0xD1DFD228, 0xD300D325, 0xD43AD438, 0xD585D55A, 0xD6E0D68D, 0xD850D7D3, 0xD9D4D92C,
	0xDB6ADA96, 0xDD0FDC0F, 0xDEC4DD98, 0xE08CDF32, 0xE264E0D9, 0xE44BE28E, 0xE641E453, 0xE840E622, 0xEA47E7F6, 0xEC5DE9D9, 0xEE82EBCC,
	0xF0AAEDC1, 0xF2D8EFBC, 0xF511F1C3, 0xF74FF3CF, 0xF990F5DD, 0xFBD5F7F0, 0xFE1BFA05, 0x0062FC1D, 0x02ABFE36, 0x04F2004D, 0x07350261,
	0x09750476, 0x0BAF0684, 0x0DE2088B, 0x100C0A8D, 0x122D0C89, 0x14480E82, 0x165D1073, 0x18601256, 0x1A56142E, 0x1C4015FD, 0x1E1817BF,
	0x1FE11974, 0x219E1B1E, 0x23461CB6, 0x24DA1E3F, 0x26601FBE, 0x27D1212B, 0x292A2283, 0x2A7223CC, 0x2BA52504, 0x2CC0262A, 0x2DC82741,
	0x2EB82844, 0x2F8F2931, 0x30552A11, 0x31032ADF, 0x31952B98, 0x32132C3F, 0x327D2CD6, 0x32CE2D58, 0x33082DC8, 0x332C2E28, 0x33392E77,
	0x33322EB5, 0x33142EE2, 0x32E22EFD, 0x329C2F08, 0x32432F06, 0x31D72EF6, 0x31582ED8, 0x30C92EAD, 0x30292E75, 0x2F752E2E, 0x2EB12DDA,
	0x2DE02D7D, 0x2D012D17, 0x2C142CA8, 0x2B1F2C33, 0x2A1F2BB3, 0x290E2B28, 0x27F82A9A, 0x26DC2A09, 0x25B6296F, 0x248928CF, 0x2356282D,
	0x221C2786, 0x20DF26DE, 0x1FA32634, 0x1E612586, 0x1D1B24D6, 0x1BDC242B, 0x1A9D2380, 0x195C22D0, 0x181D2224, 0x16E0217B, 0x15A420D1,
	0x146D2028, 0x133C1F80, 0x120F1EDA, 0x10EA1E3A, 0x0FCB1D9D, 0x0EAD1CFD, 0x0D971C60, 0x0C8D1BCA, 0x0B881B33, 0x0A871A9B, 0x09911A0B,
	0x08A5197F, 0x07BD18F2, 0x06DC1864, 0x060417D8, 0x0535174C, 0x046E16C1, 0x03AD1635, 0x02F315A8, 0x0244151E, 0x019C1493, 0x00F51404,
	0x00571373, 0xFFC012E0, 0xFF2A1243, 0xFE9911A3, 0xFE151107, 0xFD911061, 0xFD0A0FAF, 0xFC8C0EFB, 0xFC120E45, 0xFB970D85, 0xFB200CBD,
	0xFAAB0BEF, 0xFA320B17, 0xF9B80A34, 0xF9400947, 0xF8C6084F, 0xF84B0750, 0xF7D0064A, 0xF7510537, 0xF6CD0416, 0xF64602EA, 0xF5BE01B6,
	0xF5330079, 0xF4A0FF2D, 0xF409FDD7, 0xF370FC79, 0xF2CFFB0B, 0xF225F991, 0xF17BF812, 0xF0CCF68B, 0xF016F4F8, 0xEF5EF361, 0xEEA0F1C0,
	0xEDD8F014, 0xED11EE65, 0xEC46ECB2, 0xEB72EAF5, 0xEA9AE933, 0xE9BFE76D, 0xE8E1E5A6, 0xE807E3E3, 0xE728E21C, 0xE640E050, 0xE55BDE89,
	0xE478DCC9, 0xE394DB09, 0xE2B4D950, 0xE1D6D79F, 0xE0F3D5F1, 0xE016D44D, 0xDF42D2B6, 0xDE70D126, 0xDDA4CFA3, 0xDCDFCE2F, 0xDC1DCCC7,
	0xDB65CB70, 0xDABACA2C, 0xDA17C8FA, 0xD97CC7D9, 0xD8EEC6CE, 0xD86CC5DA, 0xD7F9C4FE, 0xD791C435, 0xD736C382, 0xD6ECC2E8, 0xD6B3C26B,
	0xD688C208, 0xD66EC1BF, 0xD665C193, 0xD66AC17F, 0xD683C189, 0xD6B4C1B1, 0xD6F3C1F3, 0xD740C24F, 0xD7A6C2CD, 0xD822C368, 0xD8ADC41D,
	0xD94BC4F0, 0xD9FCC5DF, 0xDABEC6E6, 0xDB93C809, 0xDC7CC949, 0xDD77CAA1, 0xDE83CC12, 0xDFA3CD9D, 0xE0D2CF41, 0xE212D0FB, 0xE362D2C8,
	0xE4BFD4AA, 0xE62CD6A1, 0xE7A7D8AB, 0xE92DDAC3, 0xEABDDCEA, 0xEC5CDF22, 0xEE05E166, 0xEFB6E3B3, 0xF171E60D, 0xF332E870, 0xF4F8EAD9,
	0xF6C6ED48, 0xF899EFBB, 0xFA6CF22F, 0xFC42F4A5, 0xFE1AF719, 0xFFF0F98B, 0x01C9FBFE, 0x039FFE6C, 0x056C00CE, 0x0739032A, 0x09040583,
	0x0AC407CD, 0x0C7C0A0A, 0x0E310C3C, 0x0FDA0E5E, 0x117A1074, 0x1312127D, 0x149A1470, 0x1615164F, 0x17881821, 0x18EB19DE, 0x1A3C1B83,
	0x1B811D15, 0x1CB61E92, 0x1DDB1FFA, 0x1EF52150, 0x1FFB228C, 0x20EC23AF, 0x21CC24BE, 0x229C25B5, 0x235B2695, 0x240B2762, 0x24A62816,
	0x252C28B3, 0x25A2293A, 0x260829AD, 0x265A2A09, 0x269B2A50, 0x26CA2A84, 0x26E82AA6, 0x26F42AB2, 0x26F02AAD, 0x26DE2A99, 0x26B62A6F,
	0x267C2A32, 0x263A29ED, 0x25EB299A, 0x25852935, 0x251728C6, 0x249F284F, 0x241327C7, 0x237A2732, 0x22D72698, 0x222625F4, 0x216C2547,
	0x20AC2498, 0x1FE123E2, 0x1F0A2324, 0x1E2B2263, 0x1D43219C, 0x1C5520D4, 0x1B62200B, 0x1A671F3F, 0x19641E70, 0x185D1DA1, 0x174F1CD2,
	0x163D1C05, 0x152B1B38, 0x14131A69, 0x12F7199B, 0x11DD18D5, 0x10C01810, 0x0F9D1747, 0x0E781683, 0x0D5415C2, 0x0C2E1502, 0x0B0B1446,
	0x09EA138F, 0x08C612DA, 0x07A41225, 0x06821170, 0x055E10BC, 0x043E1010, 0x03240F66, 0x02070EB7, 0x00ED0E0B, 0xFFDA0D65, 0xFEC80CBC,
	0xFDB90C14, 0xFCB10B71, 0xFBAA0ACD, 0xFAA10A23, 0xF9A1097B, 0xF8A808D5, 0xF7B2082E, 0xF6BF0785, 0xF5D206D9, 0xF4E9062A, 0xF407057C,
	0xF32F04D0, 0xF25E0423, 0xF1910372, 0xF0CA02BD, 0xF00B0207, 0xEF51014F, 0xEE9D0095, 0xEDF1FFD8, 0xED51FF1C, 0xECBCFE61, 0xEC2BFDA1,
	0xEBA1FCDF, 0xEB26FC1F, 0xEAB3FB5C, 0xEA46FA97, 0xE9E6F9D6, 0xE992F915, 0xE945F850, 0xE905F790, 0xE8D2F6D5, 0xE8A4F618, 0xE880F55A,
	0xE869F4A1, 0xE862F3ED, 0xE865F33B, 0xE873F28C, 0xE88DF1E5, 0xE8B4F145, 0xE8E5F0A7, 0xE922F00D, 0xE96DEF7D, 0xE9C0EEF1, 0xEA1DEE6B,
	0xEA8DEDF2, 0xEB07ED82, 0xEB89ED18, 0xEC15ECB7, 0xECA9EC5B, 0xED49EC09, 0xEDFAEBC9, 0xEEB2EB90, 0xEF71EB5D, 0xF03AEB35, 0xF10CEB18,
	0xF1E8EB09, 0xF2CBEB04, 0xF3AEEB05, 0xF49CEB13, 0xF598EB31, 0xF693EB54, 0xF78CEB7E, 0xF88FEBB6, 0xF994EBF5, 0xFA9CEC3D, 0xFBADEC98,
	0xFCBEECFA, 0xFDCAED5D, 0xFED9EDCA, 0xFFE8EE41, 0x00F2EEBB, 0x01FBEF3E, 0x0302EFC9, 0x0404F059, 0x0504F0EC, 0x0603F186, 0x06F9F223,
	0x07E8F2C4, 0x08D2F369, 0x09B4F410, 0x0A8EF4B8, 0x0B5FF563, 0x0C25F60C, 0x0CE1F6B2, 0x0D95F759, 0x0E43F802, 0x0EE5F8A9, 0x0F79F94B,
	0x0FFFF9E9, 0x107DFA86, 0x10F1FB20, 0x1153FBB1, 0x11A8FC3E, 0x11F4FCCA, 0x1234FD51, 0x1265FDD0, 0x128BFE48, 0x12A3FEB7, 0x12ADFF21,
	0x12AFFF87, 0x12A0FFE4, 0x12850039, 0x1261008B, 0x122E00D3, 0x11EC010E, 0x11A10145, 0x11510179, 0x10F401A2, 0x108901C3, 0x101701E0,
	0x0F9D01F7, 0x0F170203, 0x0E870205, 0x0DF10207, 0x0D560206, 0x0CB201FC, 0x0C0901EB, 0x0B5901D6, 0x0AA301BB, 0x09EA019D, 0x092D017D,
	0x086A0157, 0x07A5012F, 0x06E10106, 0x061B00DE, 0x054F00AF, 0x0483007B, 0x03BC004C, 0x02F5001F, 0x022CFFEF, 0x0162FFBB, 0x009BFF89,
	0xFFD9FF5C, 0xFF1BFF31, 0xFE5BFF03, 0xFD9EFED7, 0xFCEAFEB2, 0xFC39FE90, 0xFB8DFE70, 0xFAEEFE59, 0xFA4BFE40, 0xF9A6FE23, 0xF913FE14,
	0xF88AFE0C, 0xF7FAFDFF, 0xF777FDFB, 0xF703FE02, 0xF689FE04, 0xF613FE0A, 0xF5AEFE1C, 0xF550FE32, 0xF4F8FE4B, 0xF4A8FE6A, 0xF45DFE8F,
	0xF41BFEBA, 0xF3E1FEE9, 0xF3A9FF19, 0xF37AFF4D, 0xF355FF88, 0xF336FFC6, 0xF31C0009, 0xF30A004F, 0xF2FB0096, 0xF2F200DF, 0xF2F3012E,
	0xF2FB0181, 0xF30601D7, 0xF316022F, 0xF32E0287, 0xF34902E0, 0xF3670339, 0xF38B0395, 0xF3B403F0, 0xF3E0044C, 0xF40E04A8, 0xF43B04FE,
	0xF46D0553, 0xF4AA05B0, 0xF4E9060B, 0xF522065E, 0xF56106AE, 0xF5A50700, 0xF5E6074E, 0xF6270796, 0xF66B07DB, 0xF6AE081B, 0xF6F00858,
	0xF7360892, 0xF77A08C7, 0xF7BB08F5, 0xF7FF0922, 0xF845094B, 0xF886096C, 0xF8C30984, 0xF902099A, 0xF94209AE, 0xF97E09BB, 0xF9B709BD,
	0xF9EB09B7, 0xFA2109AF, 0xFA5809A5, 0xFA8C0992, 0xFABD0978, 0xFAED095B, 0xFB150934, 0xFB3B0908, 0xFB6708DC, 0xFB8E08A7, 0xFBAC0867,
	0xFBCD0826, 0xFBF007E1, 0xFC0C0795, 0xFC260746, 0xFC4306F8, 0xFC6106A6, 0xFC79064B, 0xFC8E05E9, 0xFCA6058A, 0xFCBD0529, 0xFCCD04C0,
	0xFCDE0454, 0xFCF703EC, 0xFD0C0381, 0xFD1D0311, 0xFD3302A3, 0xFD4B0236, 0xFD6301CA, 0xFD7B015D, 0xFD9300EE, 0xFDAF0080, 0xFDCE0018,
	0xFDEEFFB1, 0xFE0EFF47, 0xFE2FFEDD, 0xFE54FE7A, 0xFE7CFE1D, 0xFEA9FDC2, 0xFEDBFD69, 0xFF0CFD12, 0xFF3FFCC1, 0xFF7BFC79, 0xFFB9FC33,
	0xFFF5FBEB, 0x0039FBAD, 0x0084FB77, 0x00CBFB42, 0x0119FB16, 0x016FFAF0, 0x01C4FACA, 0x021CFAAB, 0x027CFA99, 0x02DDFA89, 0x0342FA7D,
	0x03ABFA77, 0x0415FA77, 0x0484FA7E, 0x04F5FA88, 0x0563FA94, 0x05D9FAAD, 0x0656FACD, 0x06CEFAEA, 0x0746FB0B, 0x07C6FB37, 0x0844FB65,
	0x08C3FB96, 0x0943FBCD, 0x09BEFC04, 0x0A3BFC3E, 0x0ABEFC81, 0x0B3EFCC5, 0x0BB7FD06, 0x0C31FD4A, 0x0CABFD93, 0x0D20FDDB, 0x0D93FE21,
	0x0E05FE6B, 0x0E74FEB4, 0x0EDDFEFD, 0x0F42FF45, 0x0FA0FF89, 0x0FFAFFCA, 0x1054000C, 0x10AA0051, 0x10F80092, 0x114000D0, 0x1181010A,
	0x11BB013F, 0x11EE016F, 0x1219019B, 0x124101C8, 0x126401F3, 0x12790211, 0x12860229, 0x12930244, 0x12960259, 0x12910268, 0x12890274,
	0x12760279, 0x12580278, 0x12340272, 0x12070266, 0x11D50258, 0x11A00249, 0x11600231, 0x11160211, 0x10C901EF, 0x107601CA, 0x101C01A1,
	0x0FBB0171, 0x0F53013D, 0x0EE6010B, 0x0E7700D9, 0x0E01009F, 0x0D80005E, 0x0CFE001F, 0x0C7DFFE4, 0x0BF5FFA4, 0x0B65FF5E, 0x0AD5FF1B,
	0x0A40FED6, 0x09A8FE90, 0x0911FE4D, 0x0878FE0A, 0x07D6FDC4, 0x0739FD83, 0x069DFD46, 0x05F7FD05, 0x0552FCC5, 0x04B2FC8D, 0x040DFC55,
	0x0368FC21, 0x02C8FBF2, 0x0223FBC1, 0x017DFB93, 0x00DCFB6D, 0x003BFB49, 0xFF9BFB2A, 0xFEFFFB11, 0xFE5EFAF9, 0xFDBFFAE4, 0xFD25FAD6,
	0xFC8CFACC, 0xFBF2FAC5, 0xFB5EFAC5, 0xFACCFACA, 0xFA37FACE, 0xF9A2FAD5, 0xF913FAE5, 0xF887FAFC, 0xF7FAFB12, 0xF771FB2A, 0xF6E9FB47,
	0xF662FB67, 0xF5DFFB8C, 0xF55EFBB3, 0xF4D9FBDB, 0xF458FC05, 0xF3DAFC32, 0xF35DFC61, 0xF2E6FC96, 0xF26EFCCB, 0xF1F2FCFD, 0xF17CFD30,
	0xF10AFD66, 0xF094FD9A, 0xF023FDD1, 0xEFB6FE07, 0xEF44FE39, 0xEED7FE6E, 0xEE70FEA5, 0xEE02FED2, 0xED96FEFF, 0xED37FF33, 0xECD8FF64,
	0xEC74FF8E, 0xEC17FFB9, 0xEBBDFFE2, 0xEB600004, 0xEB090024, 0xEABA0049, 0xEA690068, 0xEA190081, 0xE9D1009A, 0xE98D00B1, 0xE94B00C5,
	0xE91300D7, 0xE8DF00E8, 0xE8AB00F5, 0xE87E0100, 0xE8560107, 0xE834010C, 0xE81C0112, 0xE8090117, 0xE7FB0118, 0xE7F60119, 0xE7F80117,
	0xE7FF0112, 0xE8110110, 0xE829010A, 0xE8470101, 0xE87100FD, 0xE8A600FA, 0xE8E200F4, 0xE92A00F2, 0xE97A00F1, 0xE9CF00ED, 0xEA3000E9,
	0xEA9F00E9, 0xEB1600EC, 0xEB9100EC, 0xEC1700EE, 0xECAE00F6, 0xED4E0102, 0xEDF4010E, 0xEEA7011D, 0xEF64012F, 0xF0290143, 0xF0F60158,
	0xF1CA016F, 0xF2A8018A, 0xF39501AE, 0xF48801D2, 0xF57C01F2, 0xF67F021B, 0xF78D024C, 0xF89D027C, 0xF9B202AD, 0xFACE02E1, 0xFBF00319,
	0xFD180354, 0xFE450390, 0xFF7403D1, 0x00A60413, 0x01DB0454, 0x03140499, 0x045004E1, 0x058A0529, 0x06C60572, 0x080205BC, 0x093B0604,
	0x0A70064D, 0x0BA50696, 0x0CD706DD, 0x0E070724, 0x0F31076C, 0x105507B1, 0x117607F2, 0x12900831, 0x13A0086F, 0x14A708A8, 0x15A408DA,
	0x169B090C, 0x178D093F, 0x18700969, 0x19430989, 0x1A1409A9, 0x1AD809C6, 0x1B8809D9, 0x1C2D09E5, 0x1CC809EC, 0x1D5809EF, 0x1DDA09ED,
	0x1E4B09E1, 0x1EAB09CC, 0x1EFF09B1, 0x1F430990, 0x1F770968, 0x1FA00939, 0x1FB90900, 0x1FC008C0, 0x1FB80879, 0x1FA0082A, 0x1F7C07D4,
	0x1F4A0779, 0x1F080714, 0x1EB706A9, 0x1E580639, 0x1DEE05C5, 0x1D750548, 0x1CEC04C2, 0x1C580439, 0x1BBA03AF, 0x1B0E0320, 0x1A58028A,
	0x199901EE, 0x18CD014F, 0x17F700AE, 0x171C000D, 0x1638FF67, 0x154DFEC1, 0x145FFE1B, 0x1366FD75, 0x1269FCCF, 0x1169FC2A, 0x1062FB83,
	0x0F5AFADF, 0x0E54FA40, 0x0D47F9A2, 0x0C36F906, 0x0B2DF874, 0x0A27F7E7, 0x091EF75A, 0x0815F6D3, 0x0713F655, 0x0615F5DE, 0x0519F56D,
	0x0422F504, 0x032FF4A2, 0x0241F446, 0x015DF3F6, 0x0082F3B3, 0xFFA9F374, 0xFEDAF33F, 0xFE17F318, 0xFD56F2F5, 0xFC9CF2DA, 0xFBF5F2CF,
	0xFB53F2D1, 0xFAB6F2D5, 0xFA24F2E3, 0xF99DF2FD, 0xF91FF324, 0xF8ABF353, 0xF83EF388, 0xF7DAF3C6, 0xF780F40F, 0xF72DF45F, 0xF6E3F4B8,
	0xF6A4F51A, 0xF669F581, 0xF635F5EC, 0xF609F65E, 0xF5E2F6D4, 0xF5BCF74B, 0xF59DF7C8, 0xF58BF84E, 0xF57EF8D8, 0xF56CF95E, 0xF55DF9E5,
	0xF555FA6E, 0xF549FAF3, 0xF53CFB76, 0xF534FBFB, 0xF529FC7B, 0xF51EFCF7, 0xF516FD74, 0xF509FDEB, 0xF4F5FE5A, 0xF4E1FEC4, 0xF4C9FF28,
	0xF4ADFF87, 0xF48DFFDD, 0xF4650027, 0xF438006A, 0xF40800A8, 0xF3CF00DA, 0xF3900102, 0xF34F0124, 0xF304013B, 0xF2AE0144, 0xF2530143,
	0xF1F5013A, 0xF18F0128, 0xF123010C, 0xF0B300E6, 0xF03C00B5, 0xEFBE007B, 0xEF3B0039, 0xEEB4FFEE, 0xEE25FF98, 0xED99FF42, 0xED0EFEE5,
	0xEC78FE7B, 0xEBE1FE0C, 0xEB4FFD9E, 0xEABAFD28, 0xEA25FCAB, 0xE991FC2D, 0xE8FFFBB1, 0xE876FB38, 0xE7F4FABD, 0xE76FFA3D, 0xE6EEF9BD,
	0xE67DF947, 0xE615F8D5, 0xE5B1F865, 0xE556F7F7, 0xE508F791, 0xE4CBF737, 0xE498F6E3, 0xE46CF692, 0xE450F64E, 0xE447F619, 0xE449F5E9,
	0xE45AF5C1, 0xE47FF5AA, 0xE4B7F5A3, 0xE4FDF5A5, 0xE556F5B5, 0xE5C6F5D8, 0xE642F604, 0xE6CBF639, 0xE76CF681, 0xE823F6DC, 0xE8E6F740,
	0xE9BBF7AF, 0xEAA6F831, 0xEBA1F8C4, 0xECAEF963, 0xEDC8FA0C, 0xEEF1FAC0, 0xF02BFB85, 0xF172FC54, 0xF2C6FD2E, 0xF42EFE17, 0xF59FFF07,
	0xF713FFF9, 0xF89600F7, 0xFA260200, 0xFBB9030C, 0xFD53041F, 0xFEF40538, 0x00960652, 0x023F0772, 0x03EF0895, 0x059909B2, 0x07400ACD,
	0x08E80BEB, 0x0A8D0D06, 0x0C2C0E1B, 0x0DCA0F2E, 0x0F65103E, 0x10F21143, 0x1276123E, 0x13F51335, 0x15681422, 0x16CD1503, 0x182B15DB,
	0x197916A7, 0x1AB61766, 0x1BE71818, 0x1D0918BB, 0x1E191953, 0x1F1E19E0, 0x200E1A58, 0x20E81ABD, 0x21B71B18, 0x22751B65, 0x231D1BA0,
	0x23B61BCC, 0x243D1BE7, 0x24AE1BF1, 0x25101BEF, 0x25621BDD, 0x259F1BB8, 0x25CA1B84, 0x25E31B42, 0x25ED1AF4, 0x25E81A99, 0x25D31A2E,
	0x25AB19B5, 0x25781932, 0x253618A0, 0x24E21801, 0x2483175C, 0x241D16B1, 0x23A915F7, 0x23241531, 0x22981468, 0x2206139D, 0x216612C5,
	0x20BA11E5, 0x200C1104, 0x1F55101F, 0x1E960F36, 0x1DD20E4C, 0x1D080D5E, 0x1C3B0C6E, 0x1B6C0B7E, 0x1A960A8F, 0x19BD09A2, 0x18E108B4,
	0x180007C2, 0x171E06D7, 0x163E05F1, 0x15570509, 0x146F0425, 0x138B0349, 0x12A2026D, 0x11B70193, 0x10CF00C1, 0x0FE7FFF5, 0x0EFCFF2D,
	0x0E13FE69, 0x0D29FDA9, 0x0C3FFCF0, 0x0B55FC3E, 0x0A68FB8D, 0x097BFAE0, 0x088FFA3B, 0x07A1F99A, 0x06B1F8FD, 0x05C1F864, 0x04D3F7D1,
	0x03E0F743, 0x02EBF6B6, 0x01F9F62F, 0x0106F5AB, 0x000CF528, 0xFF11F4A9, 0xFE17F42D, 0xFD1AF3B3, 0xFC1CF33B, 0xFB1DF2C7, 0xFA1BF254,
	0xF918F1E2, 0xF810F16E, 0xF704F0FB, 0xF5FCF08C, 0xF4F4F01D, 0xF3E5EFAC, 0xF2D7EF3D, 0xF1CBEECD, 0xF0BBEE5A, 0xEFADEDEB, 0xEEA1ED7E,
	0xED8EED0B, 0xEC7DEC98, 0xEB76EC29, 0xEA6DEBB7, 0xE961EB40, 0xE85BEACE, 0xE75BEA5E, 0xE65DE9EA, 0xE55DE972, 0xE464E8FD, 0xE374E88C,
	0xE289E81A, 0xE1A3E7AA, 0xE0C5E73C, 0xDFECE6CD, 0xDF1DE660, 0xDE5AE5F9, 0xDD9EE595, 0xDCEBE532, 0xDC41E4D1, 0xDBA1E473, 0xDB0CE41A,
	0xDA85E3C6, 0xDA0BE37A, 0xD99FE334, 0xD93EE2F3, 0xD8EAE2B8, 0xD8A5E285, 0xD86CE256, 0xD844E230, 0xD82DE217, 0xD81EE200, 0xD81CE1F1,
	0xD834E1F3, 0xD85AE1FD, 0xD887E20B, 0xD8C9E228, 0xD920E253, 0xD981E286, 0xD9EEE2C2, 0xDA6BE30A, 0xDAFDE363, 0xDB9FE3C8, 0xDC49E433,
	0xDD01E4A9, 0xDDC9E52D, 0xDE9DE5BD, 0xDF82E65C, 0xE078E709, 0xE176E7BD, 0xE27FE87E, 0xE396E94F, 0xE4B7EA29, 0xE5E2EB0B, 0xE718EBFA,
	0xE859ECF5, 0xE9A1EDF8, 0xEAF4EF09, 0xEC52F025, 0xEDB2F146, 0xEF13F26B, 0xF081F39F, 0xF1F9F4DE, 0xF36EF61F, 0xF4E7F768, 0xF669F8BA,
	0xF7E9FA0E, 0xF96BFB66, 0xFAF3FCC8, 0xFC7AFE2B, 0xFDFFFF8D, 0xFF8500F3, 0x0109025B, 0x028D03C5, 0x040F052F, 0x058A0696, 0x070107FD,
	0x08760961, 0x09E60AC2, 0x0B520C21, 0x0CB60D7B, 0x0E130ECD, 0x0F6D101C, 0x10C01168, 0x120812AC, 0x134713E4, 0x147F1514, 0x15AC163C,
	0x16CE175B, 0x17E6186E, 0x18F31976, 0x19FA1A79, 0x1AF61B73, 0x1BE61C5D, 0x1CC81D37, 0x1D9C1E05, 0x1E671EC9, 0x1F251F80, 0x1FD52027,
	0x207820C2, 0x210F2151, 0x219B21D1, 0x221C2244, 0x228D22A9, 0x22EE22FF, 0x2346234A, 0x23902386, 0x23C923B1, 0x23F823D2, 0x241B23E7,
	0x243023EF, 0x243C23EE, 0x243823DE, 0x242423BD, 0x24082396, 0x23E32367, 0x23AE2329, 0x237022E1, 0x23282292, 0x22D5223B, 0x227421D9,
	0x2207216C, 0x219320F8, 0x211A2083, 0x20972008, 0x20091F84, 0x1F731EFB, 0x1ED61E6E, 0x1E321DDE, 0x1D861D4A, 0x1CD41CB1, 0x1C1D1C19,
	0x1B631B82, 0x1AA41AE6, 0x19DD1A47, 0x191019A7, 0x1841190A, 0x17741872, 0x16A217D8, 0x15CC173F, 0x14F416A7, 0x1419160F, 0x1341157C,
	0x126914EF, 0x118D1460, 0x10B213D2, 0x0FDE134C, 0x0F0612C9, 0x0E2D1249, 0x0D5911CB, 0x0C83114C, 0x0BAE10D2, 0x0AE2105F, 0x0A130FEB,
	0x09450F77, 0x08810F0D, 0x07C00EA5, 0x06FB0E39, 0x063A0DCF, 0x05810D6B, 0x04CB0D09, 0x04150CA4, 0x03600C3D, 0x02B00BD8, 0x02070B75,
	0x015F0B0F, 0x00B80AA5, 0x00160A3A, 0xFF7A09CF, 0xFEDF0962, 0xFE4308EF, 0xFDAA0877, 0xFD1307FB, 0xFC7F077A, 0xFBEF06F7, 0xFB60066C,
	0xFACD05D9, 0xFA3F0542, 0xF9B404A6, 0xF92603FE, 0xF89C0351, 0xF81502A0, 0xF78901E2, 0xF6FE011C, 0xF6760050, 0xF5E9FF7A, 0xF55CFE9A,
	0xF4CFFDB2, 0xF43CFCBE, 0xF3AAFBC4, 0xF31EFAC5, 0xF28DF9BC, 0xF1F8F8A7, 0xF163F78A, 0xF0CDF664, 0xF037F53A, 0xEF9EF408, 0xEF03F2CD,
	0xEE69F18E, 0xEDCEF04B, 0xED2DEEFB, 0xEC89EDA4, 0xEBE6EC4C, 0xEB45EAF2, 0xEAA2E993, 0xE9FFE831, 0xE95FE6D1, 0xE8BBE56C, 0xE814E404,
	0xE774E2A1, 0xE6D6E143, 0xE633DFE0, 0xE593DE7F, 0xE4FBDD24, 0xE460DBCF, 0xE3C9DA7F, 0xE33AD937, 0xE2ACD7F4, 0xE221D6BB, 0xE19BD58B,
	0xE118D45F, 0xE09CD33E, 0xE02AD231, 0xDFBFD131, 0xDF57D038, 0xDEF6CF4C, 0xDEA1CE74, 0xDE56CDAB, 0xDE0FCCEE, 0xDDD5CC45, 0xDDA9CBB4,
	0xDD83CB30, 0xDD65CABB, 0xDD58CA5F, 0xDD53CA15, 0xDD59C9DD, 0xDD6FC9BD, 0xDD92C9B2, 0xDDBFC9BA, 0xDDFAC9D8, 0xDE41CA0D, 0xDE96CA57,
	0xDEFBCAB8, 0xDF6ECB2F, 0xDFEECBBD, 0xE07ACC5F, 0xE115CD16, 0xE1C1CDE4, 0xE276CEC6, 0xE33ACFBD, 0xE412D0CD, 0xE4F5D1F0, 0xE5E0D322,
	0xE6DAD469, 0xE7E1D5C3, 0xE8F4D731, 0xEA13D8B1, 0xEB3EDA40, 0xEC74DBDD, 0xEDB8DD8E, 0xEF07DF51, 0xF05EE11E, 0xF1BDE2F4, 0xF325E4D9,
	0xF49BE6CE, 0xF618E8CB, 0xF793EACA, 0xF914ECD4, 0xFAA3EEED, 0xFC36F10A, 0xFDCAF328, 0xFF62F54F, 0x0101F77D, 0x02A1F9A9, 0x0440FBD5,
	0x05E1FE03, 0x07840034, 0x09260261, 0x0AC5048C, 0x0C6006B3, 0x0DF908D5, 0x0F900AF3, 0x11240D0E, 0x12AF0F1F, 0x14331127, 0x15B41329,
	0x172E1524, 0x189F1714, 0x1A0918F8, 0x1B691ACD, 0x1CBD1C99, 0x1E091E5A, 0x1F49200A, 0x207C21AD, 0x21A52344, 0x22C224CA, 0x23CF263E,
	0x24CD27A1, 0x25BE28F7, 0x26A42A3D, 0x277A2B71, 0x28402C92, 0x28F62DA4, 0x299C2EA5, 0x2A332F92, 0x2ABA306C, 0x2B2E3134, 0x2B9431ED,
	0x2BEB3295, 0x2C2A3325, 0x2C5733A1, 0x2C7D3412, 0x2C903473, 0x2C8A34BB, 0x2C7734F3, 0x2C57351E, 0x2C213536, 0x2BDC353B, 0x2B86352F,
	0x2B1D3512, 0x2AA734E8, 0x2A2434B1, 0x298E3468, 0x28E7340D, 0x283633AA, 0x27763338, 0x26A232B5, 0x25C33227, 0x24D9318E, 0x23DE30E5,
	0x22D83030, 0x21C62F71, 0x20A52EA5, 0x1F7B2DD1, 0x1E4C2CF6, 0x1D0D2C0C, 0x1BC42B1A, 0x1A782A27, 0x19212929, 0x17BE281E, 0x1658270D,
	0x14E925F5, 0x137324D8, 0x11FC23B6, 0x107F228D, 0x0EFB215E, 0x0D75202B, 0x0BEB1EF2, 0x0A5E1DB2, 0x08CF1C70, 0x07411B30, 0x05B519EC,
	0x042818A3, 0x02991755, 0x010A1605, 0xFF7F14B3, 0xFDF5135F, 0xFC6C1208, 0xFAEA10B3, 0xF96D0F5D, 0xF7F20E03, 0xF67E0CA9, 0xF5110B52,
	0xF3A709F7, 0xF2410898, 0xF0E6073C, 0xEF9205E2, 0xEE440485, 0xED02032C, 0xEBCB01D6, 0xEA960079, 0xE969FF1E, 0xE84CFDCA, 0xE73CFC77,
	0xE631FB20, 0xE531F9CE, 0xE442F883, 0xE35DF737, 0xE27FF5E9, 0xE1ADF4A0, 0xE0EBF35A, 0xE035F215, 0xDF8BF0D6, 0xDEF0EF9D, 0xDE5FEE66,
	0xDDDCED33, 0xDD6BEC07, 0xDD04EADE, 0xDCA7E9B9, 0xDC5BE899, 0xDC1EE77D, 0xDBEEE66A, 0xDBCFE560, 0xDBBBE45C, 0xDBB2E35D, 0xDBB8E264,
	0xDBCEE173, 0xDBF1E08C, 0xDC1FDFAA, 0xDC5ADED0, 0xDCA7DE05, 0xDD02DD46, 0xDD66DC8C, 0xDDD5DBD9, 0xDE52DB31, 0xDEDDDA96, 0xDF74DA07,
	0xE016D983, 0xE0C3D90A, 0xE17CD89C, 0xE23FD83C, 0xE30DD7E9, 0xE3E4D79E, 0xE4C2D75C, 0xE5ADD72D, 0xE6A5D70F, 0xE79FD6FA, 0xE89FD6EE,
	0xE9ABD6F2, 0xEABED706, 0xEBD6D725, 0xECF7D753, 0xEE1FD790, 0xEF44D7D5, 0xF06BD824, 0xF19DD886, 0xF2D6D8F7, 0xF40BD970, 0xF543D9F7,
	0xF682DA90, 0xF7BEDB2F, 0xF8F6DBD5, 0xFA2FDC8C, 0xFB69DD4F, 0xFCA3DE1B, 0xFDDBDEF1, 0xFF0CDFCD, 0x003CE0B5, 0x016EE1AE, 0x0298E2AA,
	0x03B9E3AA, 0x04D9E4B6, 0x05F1E5C8, 0x0700E6DD, 0x080BE7FB, 0x0910E91F, 0x0A0BEA44, 0x0AFCEB6D, 0x0BE4EC9B, 0x0CC5EDCE, 0x0D9DEF03,
	0x0E69F038, 0x0F2AF16D, 0x0FE5F2A5, 0x1093F3DE, 0x1132F513, 0x11C5F644, 0x1250F777, 0x12D4F8AB, 0x1347F9D9, 0x13AAFB00, 0x1407FC27,
	0x1457FD48, 0x1496FE60, 0x14CDFF76, 0x14FC008A, 0x151C0195, 0x152E0299, 0x15350395, 0x1531048A, 0x15260579, 0x15100663, 0x14ED0743,
	0x14BC0816, 0x148308E3, 0x144609AB, 0x13FE0A6A, 0x13A90B1E, 0x134F0BCB, 0x12EF0C6E, 0x12850D08, 0x12160D9E, 0x11A30E2B, 0x112B0EAF,
	0x10AB0F2A, 0x10200F99, 0x0F951002, 0x0F10106B, 0x0E8210C8, 0x0DE91117, 0x0D561167, 0x0CC511B2, 0x0C3011F3, 0x0B9A122F, 0x0B051265,
	0x0A711296, 0x09DF12C4, 0x094B12ED, 0x08BA1311, 0x082F1334, 0x07A2134E, 0x07191365, 0x069A137F, 0x061B1396, 0x059A13A5, 0x052313B4,
	0x04B513C6, 0x044713D4, 0x03DC13DE, 0x037813E7, 0x031913F2, 0x02BF13FC, 0x02681404, 0x0217140A, 0x01CC1412, 0x0187141D, 0x01471426,
	0x010B142B, 0x00D51433, 0x00A71440, 0x00771447, 0x00471449, 0x0021144E, 0xFFFF1457, 0xFFDE145E, 0xFFBF1462, 0xFFA21466, 0xFF8B146A,
	0xFF76146A, 0xFF5F1467, 0xFF4B1466, 0xFF381463, 0xFF211458, 0xFF0E144E, 0xFEFE1444, 0xFEEA1432, 0xFED5141C, 0xFEC21406, 0xFEAA13E9,
	0xFE8F13C5, 0xFE74139D, 0xFE571371, 0xFE361341, 0xFE131308, 0xFDEB12C9, 0xFDC41286, 0xFD97123C, 0xFD6711E9, 0xFD351191, 0xFD011133,
	0xFCC610CC, 0xFC89105F, 0xFC490FE9, 0xFC080F6D, 0xFBC60EED, 0xFB7C0E61, 0xFB2D0DCC, 0xFAE00D34, 0xFA8E0C91, 0xFA390BE6, 0xF9E70B3B,
	0xF9930A87, 0xF93B09CA, 0xF8E4090A, 0xF88D0845, 0xF8340778, 0xF7DE06A8, 0xF78905D4, 0xF73604FB, 0xF6E60422, 0xF6970346, 0xF6490264,
	0xF5FE0180, 0xF5BA009D, 0xF57DFFBA, 0xF53FFED5, 0xF502FDEE, 0xF4D0FD0C, 0xF4A7FC2D, 0xF482FB51, 0xF465FA78, 0xF452F9A3, 0xF444F8D2,
	0xF43CF801, 0xF43BF734, 0xF447F674, 0xF45DF5BD, 0xF479F508, 0xF49DF45C, 0xF4CDF3B9, 0xF503F31B, 0xF543F289, 0xF590F205, 0xF5E6F187,
	0xF643F112, 0xF6A9F0A8, 0xF71BF04A, 0xF799EFFA, 0xF81AEFB2, 0xF8A1EF70, 0xF936EF40, 0xF9D3EF1C, 0xFA6FEEFC, 0xFB19EEED, 0xFBCFEEEF,
	0xFC82EEF2, 0xFD3AEEFE, 0xFDF9EF1A, 0xFEBDEF3F, 0xFF86EF6F, 0x0050EFA8, 0x011CEFE8, 0x01ECF033, 0x02BBF086, 0x0388F0DD, 0x045BF140,
	0x0531F1AC, 0x05FBF217, 0x06BBF282, 0x0781F2F6, 0x0847F374, 0x0904F3F1, 0x09B7F46D, 0x0A6AF4EF, 0x0B17F574, 0x0BB8F5F6, 0x0C53F678,
	0x0CE8F6FA, 0x0D6EF777, 0x0DECF7F4, 0x0E65F873, 0x0ED0F8E9, 0x0F2BF957, 0x0F7DF9C5, 0x0FC8FA30, 0x1005FA93, 0x1031FAEE, 0x1053FB46,
	0x106DFB98, 0x1076FBDD, 0x106FFC1D, 0x105FFC5A, 0x1042FC8B, 0x1018FCB3, 0x0FE6FCD7, 0x0FA5FCF3, 0x0F56FD04, 0x0EFEFD0E, 0x0E99FD0E,
	0x0E26FD06, 0x0DAEFCFC, 0x0D2EFCEA, 0x0CA0FCCD, 0x0C09FCA9, 0x0B6BFC81, 0x0AC7FC54, 0x0A17FC1E, 0x0961FBE1, 0x08ACFBA6, 0x07EFFB67,
	0x0727FB1E, 0x0660FAD7, 0x059CFA93, 0x04CFFA46, 0x0401F9F9, 0x0339F9B1, 0x026FF966, 0x019EF918, 0x00CFF8CD, 0x0005F888, 0xFF40F847,
	0xFE7CF805, 0xFDBBF7C5, 0xFD02F78E, 0xFC4EF75E, 0xFB9EF72F, 0xFAF6F708, 0xFA52F6E6, 0xF9B4F6CB, 0xF91EF6BA, 0xF891F6B1, 0xF80BF6AD,
	0xF78CF6AE, 0xF717F6B9, 0xF6ACF6D1, 0xF64BF6F2, 0xF5F1F71A, 0xF5A1F74A, 0xF558F783, 0xF515F7C3, 0xF4DDF80C, 0xF4AFF85F, 0xF487F8B7,
	0xF467F916, 0xF450F97E, 0xF442F9F1, 0xF43BFA6A, 0xF438FAE6, 0xF43DFB68, 0xF44BFBF3, 0xF45DFC81, 0xF473FD11, 0xF48FFDA7, 0xF4AFFE40,
	0xF4D5FEDD, 0xF4FEFF7B, 0xF5240016, 0xF54F00B5, 0xF5810158, 0xF5B201F7, 0xF5E10294, 0xF6130334, 0xF64303CD, 0xF6750463, 0xF6A904FB,
	0xF6D7058A, 0xF7000611, 0xF72E0699, 0xF75B071D, 0xF7810797, 0xF7A3080B, 0xF7C30877, 0xF7E208DD, 0xF7FE093E, 0xF8130994, 0xF82409E2,
	0xF8360A2C, 0xF8420A6D, 0xF8470AA0, 0xF84B0ACF, 0xF84D0AF6, 0xF8480B10, 0xF83F0B22, 0xF8370B2F, 0xF82B0B35, 0xF81A0B31, 0xF8080B27,
	0xF7F80B18, 0xF7E10AFF, 0xF7C80ADE, 0xF7B20ABB, 0xF79B0A90, 0xF7820A5C, 0xF76B0A26, 0xF75509EC, 0xF73E09AE, 0xF72A096D, 0xF7190928,
	0xF70908DF, 0xF6FB0895, 0xF6F5084E, 0xF6F60807, 0xF6F507BA, 0xF6F7076C, 0xF7060727, 0xF71E06E4, 0xF737069E, 0xF756065C, 0xF77A061D,
	0xF7A505DD, 0xF7DD05A5, 0xF8200578, 0xF868054B, 0xF8B70521, 0xF91004FE, 0xF97104E1, 0xF9DC04CA, 0xFA5104BA, 0xFACD04AF, 0xFB5204AC,
	0xFBE104B0, 0xFC7C04B9, 0xFD1E04CB, 0xFDC604E4, 0xFE780501, 0xFF370526, 0xFFF90551, 0x00C00581, 0x019205BC, 0x026C05FD, 0x03490640,
	0x042C0689, 0x051306D4, 0x05FF0723, 0x06F3077A, 0x07EC07D6, 0x08E30832, 0x09DB088E, 0x0AD508F0, 0x0BD20954, 0x0CD009B7, 0x0DCD0A1A,
	0x0EC90A81, 0x0FC10AE3, 0x10B50B40, 0x11A80B9F, 0x12970BFD, 0x137B0C53, 0x145A0CA5, 0x15390CF9, 0x16110D47, 0x16DB0D8A, 0x179D0DC7,
	0x185B0E02, 0x190E0E35, 0x19B30E5D, 0x1A4D0E7E, 0x1ADE0E99, 0x1B630EAB, 0x1BD90EB2, 0x1C410EAF, 0x1C9C0EA2, 0x1CE90E89, 0x1D270E66,
	0x1D590E3A, 0x1D7D0E07, 0x1D910DC8, 0x1D930D7A, 0x1D860D21, 0x1D6A0CBE, 0x1D3E0C4E, 0x1D060BD5, 0x1CBD0B53, 0x1C630AC5, 0x1BFA0A2D,
	0x1B81098B, 0x1AF608DC, 0x1A610827, 0x19C0076C, 0x190C06A4, 0x184A05D3, 0x177E04FD, 0x16A2041C, 0x15B90334, 0x14CA024B, 0x13CD015A,
	0x12BF005F, 0x11A9FF61, 0x108EFE63, 0x0F6BFD61, 0x0E3DFC5B, 0x0D09FB57, 0x0BCDFA52, 0x0A87F944, 0x093FF83A, 0x07F8F738, 0x06A7F631,
	0x054EF526, 0x03F9F424, 0x02A3F327, 0x0148F22A, 0xFFF1F135, 0xFE9CF047, 0xFD48EF5E, 0xFBF8EE7F, 0xFAA9EDA5, 0xF95AECCE, 0xF811EC03,
	0xF6D2EB45, 0xF599EA8C, 0xF461E9D9, 0xF330E933, 0xF20BE89B, 0xF0F0E80C, 0xEFDAE787, 0xEECDE70C, 0xEDCCE69E, 0xECD8E63F, 0xEBF0E5ED,
	0xEB0EE5A2, 0xEA38E563, 0xE970E533, 0xE8B3E50E, 0xE803E4F6, 0xE762E4EC, 0xE6CDE4EA, 0xE647E4F9, 0xE5D0E517, 0xE560E539, 0xE4FEE565,
	0xE4AEE5A2, 0xE465E5E5, 0xE426E62D, 0xE3FCE686, 0xE3E1E6EA, 0xE3CFE757, 0xE3CAE7CF, 0xE3D2E84C, 0xE3E3E8CD, 0xE400E957, 0xE429E9E9,
	0xE45DEA81, 0xE49BEB1E, 0xE4E1EBBD, 0xE533EC64, 0xE58FED0F, 0xE5F2EDBC, 0xE65EEE6E, 0xE6D1EF23, 0xE748EFD6, 0xE7C7F089, 0xE84EF140,
	0xE8D9F1F5, 0xE966F2A9, 0xE9F9F35C, 0xEA92F410, 0xEB2FF4C0, 0xEBCEF56D, 0xEC6EF618, 0xED0CF6C0, 0xEDACF762, 0xEE50F804, 0xEEF6F8A5,
	0xEF99F93F, 0xF03BF9D3, 0xF0DBFA61, 0xF179FAE7, 0xF217FB6C, 0xF2B4FBEE, 0xF34BFC66, 0xF3E0FCDB, 0xF476FD4F, 0xF508FDBC, 0xF598FE23,
	0xF622FE86, 0xF6A6FEE0, 0xF727FF37, 0xF7A8FF8E, 0xF823FFDE, 0xF8980029, 0xF90D0073, 0xF98100BA, 0xF9EF00FD, 0xFA5A013E, 0xFAC2017D,
	0xFB2701BA, 0xFB8901F7, 0xFBE90233, 0xFC48026C, 0xFCA502A6, 0xFCFF02E3, 0xFD55031D, 0xFDAB0357, 0xFE050398, 0xFE5D03DB, 0xFEB2041D,
	0xFF0A0464, 0xFF6704B3, 0xFFC00501, 0x001A0552, 0x007A05AC, 0x00D90608, 0x01380668, 0x019C06CE, 0x0207073A, 0x027507AC, 0x02E20825,
	0x035008A0, 0x03C60921, 0x044209AA, 0x04BF0A37, 0x05410ACD, 0x05CB0B6D, 0x06590C10, 0x06EB0CB7, 0x07800D64, 0x081A0E15, 0x08BA0ECD,
	0x09600F8A, 0x0A061048, 0x0AB1110A, 0x0B6311D5, 0x0C1812A2, 0x0CD01370, 0x0D8C1441, 0x0E4B1513, 0x0F0B15E5, 0x0FCD16B7, 0x10931789,
	0x115B185B, 0x1220192A, 0x12E719FA, 0x13B01AC6, 0x14771B8B, 0x153C1C4C, 0x16001D0A, 0x16C31DC3, 0x17881E78, 0x18481F25, 0x18FF1FC5,
	0x19B2205F, 0x1A6120F0, 0x1B082174, 0x1BA821ED, 0x1C45225E, 0x1CDA22C1, 0x1D672318, 0x1DE92363, 0x1E61239D, 0x1ED523CC, 0x1F4023F0,
	0x1F9D2401, 0x1FEE2403, 0x203323F6, 0x206C23D6, 0x209823A3, 0x20B82361, 0x20CB2310, 0x20D022AD, 0x20C72238, 0x20B221B5, 0x20902123,
	0x205F207D, 0x201F1FC5, 0x1FD11EFC, 0x1F731E23, 0x1F071D3B, 0x1E8D1C42, 0x1E031B38, 0x1D6D1A22, 0x1CCA18FD, 0x1C1617C5, 0x1B561683,
	0x1A881536, 0x19AA13D7, 0x18C3126F, 0x17D41101, 0x16D40F86, 0x15C60DFD, 0x14AE0C6C, 0x138B0AD2, 0x125D0932, 0x1127078C, 0x0FE705E1,
	0x0E9E0430, 0x0D4F027E, 0x0BFA00CB, 0x0A9FFF14, 0x093BFD5A, 0x07D1FBA0, 0x0662F9E7, 0x04ECF82E, 0x0375F679, 0x0201F4CD, 0x008BF324,
	0xFF11F180, 0xFD95EFE1, 0xFC16EE45, 0xFA9AECB3, 0xF923EB2F, 0xF7ACE9AF, 0xF637E837, 0xF4C9E6CE, 0xF35FE574, 0xF1FAE424, 0xF09AE2E1,
	0xEF3EE1A9, 0xEDEAE080, 0xEC9EDF66, 0xEB59DE58, 0xEA1DDD59, 0xE8EBDC6E, 0xE7C3DB92, 0xE6A5DAC4, 0xE591DA07, 0xE489D95E, 0xE38CD8C4,
	0xE296D837, 0xE1AED7BD, 0xE0D6D758, 0xE008D6FE, 0xDF44D6B3, 0xDE92D67D, 0xDDEDD659, 0xDD51D640, 0xDCC3D636, 0xDC47D640, 0xDBDAD65C,
	0xDB76D682, 0xDB1DD6B3, 0xDAD7D6F8, 0xDA9ED74C, 0xDA6DD7A7, 0xDA4DD810, 0xDA3DD88A, 0xDA35D90B, 0xDA3AD996, 0xDA51DA30, 0xDA75DAD4,
	0xDAA4DB81, 0xDADFDC39, 0xDB21DCF3, 0xDB71DDB4, 0xDBCFDE81, 0xDC36DF54, 0xDCA5E029, 0xDD20E107, 0xDDA7E1EB, 0xDE37E2D3, 0xDED1E3C0,
	0xDF72E4AE, 0xE01AE59E, 0xE0CBE690, 0xE185E785, 0xE249E87D, 0xE312E974, 0xE3E2EA6D, 0xE4B9EB68, 0xE595EC61, 0xE674ED5A, 0xE75AEE55,
	0xE847EF4E, 0xE936F044, 0xEA27F137, 0xEB1CF22B, 0xEC18F320, 0xED19F415, 0xEE1DF507, 0xEF24F5F9, 0xF02DF6E7, 0xF135F7D0, 0xF240F8BA,
	0xF34CF9A3, 0xF458FA87, 0xF568FB6C, 0xF67CFC55, 0xF78FFD3B, 0xF8A1FE1D, 0xF9B1FEFB, 0xFAC2FFD8, 0xFBD300B5, 0xFCE20192, 0xFDF40270,
	0xFF0B0354, 0x001E0434, 0x012C050E, 0x023B05EB, 0x034906C7, 0x0452079E, 0x055B0879, 0x06650959, 0x076B0A35, 0x086E0B11, 0x09700BEE,
	0x0A6F0CCB, 0x0B6A0DA7, 0x0C640E84, 0x0D5B0F61, 0x0E4E103E, 0x0F3E1119, 0x102B11F6, 0x111212D0, 0x11F213A7, 0x12D0147E, 0x13AB1554,
	0x14801627, 0x155116FA, 0x161A17C9, 0x16DD1894, 0x179E1961, 0x18591A2A, 0x19081AE7, 0x19B11BA3, 0x1A561C5E, 0x1AF01D0D, 0x1B831DB5,
	0x1C111E5B, 0x1C951EF9, 0x1D101F8E, 0x1D85201D, 0x1DF120A2, 0x1E4E211D, 0x1EA3218F, 0x1EF121F8, 0x1F382256, 0x1F7322AA, 0x1FA222F4,
	0x1FC72330, 0x1FE2235E, 0x1FF22381, 0x1FF42396, 0x1FED239E, 0x1FE0239D, 0x1FC8238E, 0x1FA0236E, 0x1F702343, 0x1F35230A, 0x1EED22BE,
	0x1E9A2266, 0x1E3F2202, 0x1DDA2190, 0x1D6D2113, 0x1CF52086, 0x1C6F1FE9, 0x1BE21F41, 0x1B4C1E8E, 0x1AAD1DCB, 0x1A081CFF, 0x195A1C29,
	0x18A21B45, 0x17E31A58, 0x171D195F, 0x1651185D, 0x15811756, 0x14AD1647, 0x13D1152C, 0x12ED1408, 0x120512DF, 0x112011B7, 0x103C108F,
	0x0F4F0F5C, 0x0E5B0E23, 0x0D6E0CEF, 0x0C7F0BBA, 0x0B8C0A7E, 0x0A9A0946, 0x09AB0812, 0x08BC06DC, 0x07CF05A8, 0x06E60479, 0x05FF0350,
	0x051B022B, 0x043B010D, 0x0360FFF5, 0x0288FEE6, 0x01B7FDDE, 0x00EAFCDD, 0x0020FBE4, 0xFF5CFAF5, 0xFEA0FA11, 0xFDE8F932, 0xFD36F860,
	0xFC8DF79B, 0xFBEBF6E0, 0xFB4EF62F, 0xFABAF58C, 0xFA2CF4F3, 0xF9A3F464, 0xF922F3E0, 0xF8A7F368, 0xF832F2FC, 0xF7C1F298, 0xF758F23E,
	0xF6F9F1F4, 0xF69DF1B3, 0xF641F173, 0xF5EEF142, 0xF5A5F122, 0xF55DF103, 0xF516F0E9, 0xF4D7F0D9, 0xF499F0CF, 0xF460F0CC, 0xF42EF0D3,
	0xF3FBF0DC, 0xF3C7F0E6, 0xF396F0F5, 0xF369F108, 0xF33CF11D, 0xF310F133, 0xF2E5F14B, 0xF2B9F164, 0xF28BF17D, 0xF25EF193, 0xF234F1AB,
	0xF209F1C1, 0xF1DAF1D0, 0xF1A8F1DB, 0xF174F1E0, 0xF140F1E6, 0xF10EF1EC, 0xF0D6F1EA, 0xF09BF1DE, 0xF060F1CF, 0xF026F1BE, 0xEFE9F1A5,
	0xEFA8F186, 0xEF65F160, 0xEF1EF133, 0xEED7F0FE, 0xEE91F0C2, 0xEE49F080, 0xEDFDF037, 0xEDB0EFE9, 0xED66EF98, 0xED1EEF42, 0xECD3EEE5,
	0xEC8AEE86, 0xEC43EE20, 0xEBF9EDB1, 0xEBAFED40, 0xEB6BECD1, 0xEB2AEC5C, 0xEAECEBE5, 0xEAB3EB72, 0xEA7CEAFF, 0xEA44EA82, 0xEA13EA06,
	0xE9EDE994, 0xE9C8E924, 0xE9A4E8AF, 0xE98BE840, 0xE97AE7DA, 0xE96CE775, 0xE966E717, 0xE96DE6C2, 0xE979E671, 0xE988E626, 0xE9A3E5E6,
	0xE9C8E5AF, 0xE9F4E583, 0xEA28E560, 0xEA63E544, 0xEAADE538, 0xEB00E53B, 0xEB55E543, 0xEBB4E559, 0xEC22E583, 0xEC95E5B4, 0xED10E5F1,
	0xED98E642, 0xEE27E6A1, 0xEEBEE70A, 0xEF60E783, 0xF007E80B, 0xF0B4E8A0, 0xF16BE946, 0xF22BE9F9, 0xF2F0EAB9, 0xF3BAEB87, 0xF48CEC64,
	0xF566ED4F, 0xF642EE46, 0xF721EF46, 0xF806F052, 0xF8F0F16B, 0xF9DEF291, 0xFAD0F3C0, 0xFBC4F4F6, 0xFCB8F636, 0xFDAEF781, 0xFEA7F8D3,
	0xFFA1FA2A, 0x009CFB88, 0x0196FCEF, 0x028FFE5A, 0x0387FFC6, 0x047F0134, 0x057502A5, 0x06660416, 0x0757058A, 0x084606FF, 0x0930086E,
	0x0A1609DC, 0x0AFA0B4A, 0x0BD70CB2, 0x0CAF0E15, 0x0D880F78, 0x0E5A10D2, 0x0F231221, 0x0FEB1370, 0x10B014B7, 0x116A15F0, 0x121F1723,
	0x12D0184E, 0x1378196A, 0x141A1A7D, 0x14B91B88, 0x15511C86, 0x15E21D78, 0x166C1E5D, 0x16EF1F35, 0x176C2000, 0x17E320BE, 0x18572172,
	0x18C22219, 0x192322AE, 0x19812335, 0x19DD23B5, 0x1A2D2425, 0x1A752486, 0x1ABB24DA, 0x1AF9251F, 0x1B31255A, 0x1B66258A, 0x1B9025A8,
	0x1BB425B9, 0x1BD525C5, 0x1BEF25C1, 0x1C0025AE, 0x1C0E2595, 0x1C152570, 0x1C15253D, 0x1C0F2501, 0x1C0324BE, 0x1BEF246F, 0x1BD62416,
	0x1BBA23B6, 0x1B95234E, 0x1B6722DB, 0x1B332261, 0x1AF821DF, 0x1AB72157, 0x1A7120CA, 0x1A242033, 0x19CF1F95, 0x19741EF7, 0x19121E51,
	0x18A51DA0, 0x18321CED, 0x17B81C39, 0x17361B7C, 0x16AD1ABC, 0x161C19F8, 0x1581192D, 0x14E31861, 0x143F1796, 0x138E16C1, 0x12D515E8,
	0x12181510, 0x11521431, 0x1083134F, 0x0FAD126C, 0x0ECD1184, 0x0DE51097, 0x0CFA0FA7, 0x0C090EB6, 0x0B0F0DC2, 0x0A090CC8, 0x08FC0BCA,
	0x07EF0ACC, 0x06DB09CB, 0x05BC08C4, 0x049A07BB, 0x037506B0, 0x024A05A4, 0x01190494, 0xFFE3037D, 0xFEA90261, 0xFD6C0146, 0xFC2B0029,
	0xFAEAFF08, 0xF9A7FDE6, 0xF85FFCBE, 0xF714FB93, 0xF5CBFA68, 0xF485F93C, 0xF340F80F, 0xF1F9F6DF, 0xF0B1F5AA, 0xEF70F477, 0xEE35F346,
	0xECF9F20F, 0xEBBEF0D6, 0xEA8FEFA6, 0xE967EE7A, 0xE83EED46, 0xE71BEC11, 0xE606EAE5, 0xE4FBE9BD, 0xE3F3E894, 0xE2F2E76C, 0xE200E64A,
	0xE11AE52F, 0xE03DE41A, 0xDF6CE30A, 0xDEABE1FF, 0xDDF5E0FE, 0xDD48E001, 0xDCA9DF09, 0xDC1FDE1F, 0xDBA4DD40, 0xDB32DC66, 0xDAD3DB9B,
	0xDA88DADB, 0xDA4ADA22, 0xDA19D974, 0xD9FBD8D6, 0xD9F2D844, 0xD9F8D7C0, 0xDA0CD748, 0xDA31D6DC, 0xDA6CD683, 0xDABAD63A, 0xDB15D5FE,
	0xDB85D5D3, 0xDC06D5B9, 0xDC93D5A9, 0xDD33D5AA, 0xDDE6D5C0, 0xDEA8D5E3, 0xDF79D617, 0xE05AD65C, 0xE149D6AE, 0xE247D712, 0xE354D788,
	0xE46FD80B, 0xE596D89E, 0xE6CAD943, 0xE808D9F6, 0xE950DAB5, 0xEAA4DB84, 0xEC01DC60, 0xED67DD49, 0xEED5DE41, 0xF04ADF46, 0xF1C5E055,
	0xF346E16E, 0xF4CDE295, 0xF655E3C4, 0xF7DFE4FD, 0xF96DE640, 0xFAFCE789, 0xFC89E8D8, 0xFE15EA30, 0xFF9FEB8C, 0x0128ECED, 0x02AEEE53,
	0x0430EFBC, 0x05ADF129, 0x0724F29A, 0x0892F409, 0x09F9F579, 0x0B5BF6EB, 0x0CB2F85A, 0x0DFAF9C3, 0x0F3CFB2F, 0x1075FC9A, 0x11A1FDFF,
	0x12BEFF5E, 0x13CD00B6, 0x14D3020C, 0x15CE035E, 0x16B704A6, 0x179005E7, 0x18600726, 0x191F085C, 0x19CA0984, 0x1A680AA5, 0x1AFA0BBF,
	0x1B780CCE, 0x1BE40DD1, 0x1C450ECE, 0x1C9B0FC3, 0x1CDC10A9, 0x1D0B1184, 0x1D30125B, 0x1D461327, 0x1D4913E2, 0x1D411497, 0x1D2C1547,
	0x1D0415E5, 0x1CD11679, 0x1C961708, 0x1C4D178B, 0x1BF41801, 0x1B931870, 0x1B2718D6, 0x1AAE1934, 0x1A2A1988, 0x199F19D2, 0x190F1A16,
	0x18791A57, 0x17D71A8D, 0x172B1AB8, 0x167C1ADD, 0x15C81AFE, 0x150F1B18, 0x14521B2C, 0x13931B39, 0x12CF1B40, 0x12061B43, 0x11401B45,
	0x107B1B43, 0x0FB11B38, 0x0EE41B2A, 0x0E1B1B1C, 0x0D541B0A, 0x0C8C1AF4, 0x0BC61ADC, 0x0B031AC2, 0x0A421AA5, 0x09851A85, 0x08CB1A65,
	0x08131A41, 0x075F1A1C, 0x06B319F8, 0x060A19D1, 0x056119A5, 0x04C1197D, 0x04281957, 0x038F192C, 0x02FC18FD, 0x027218D0, 0x01EA189E,
	0x0166186C, 0x00ED183E, 0x0075180B, 0xFFFE17D1, 0xFF911799, 0xFF291761, 0xFEC31725, 0xFE6416E9, 0xFE0C16AD, 0xFDB5166B, 0xFD611626,
	0xFD1315DF, 0xFCC91593, 0xFC7F1546, 0xFC3A14F6, 0xFBFB14A1, 0xFBBD1446, 0xFB7F13E8, 0xFB421387, 0xFB0A1321, 0xFAD312B5, 0xFA9F1247,
	0xFA6C11D5, 0xFA3A1159, 0xFA0810D7, 0xF9D51053, 0xF9A30FCB, 0xF9730F3B, 0xF9430EA5, 0xF9130E0B, 0xF8E30D6B, 0xF8B00CC3, 0xF87B0C13,
	0xF8470B60, 0xF8140AA9, 0xF7E009EA, 0xF7AA0924, 0xF774085B, 0xF73D078D, 0xF70306B7, 0xF6C905DB, 0xF69304FF, 0xF65A041E, 0xF6190333,
	0xF5DA0246, 0xF5A10157, 0xF5650064, 0xF528FF6F, 0xF4E9FE76, 0xF4A9FD76, 0xF46CFC75, 0xF433FB79, 0xF3F7FA79, 0xF3BBF976, 0xF383F876,
	0xF34AF776, 0xF312F673, 0xF2DEF574, 0xF2AFF478, 0xF27DF37C, 0xF24FF282, 0xF229F18D, 0xF204F09A, 0xF1DEEFA9, 0xF1BFEEC0, 0xF1A9EDE1,
	0xF194ED05, 0xF181EC2C, 0xF175EB5A, 0xF16FEA90, 0xF170E9D1, 0xF177E919, 0xF17EE863, 0xF18DE7B8, 0xF1A8E71E, 0xF1CAE68C, 0xF1EDE5FD,
	0xF217E57B, 0xF247E504, 0xF27FE497, 0xF2C1E437, 0xF309E3E1, 0xF354E394, 0xF3ACE356, 0xF40DE326, 0xF46FE2FD, 0xF4D6E2DE, 0xF548E2CE,
	0xF5BDE2C6, 0xF637E2C7, 0xF6BCE2D9, 0xF746E2F4, 0xF7D2E315, 0xF865E344, 0xF901E381, 0xF9A1E3C6, 0xFA45E415, 0xFAEBE46C, 0xFB8EE4C6,
	0xFC3AE52D, 0xFCF1E5A5, 0xFDA5E61E, 0xFE54E697, 0xFF09E71A, 0xFFBFE7A7, 0x0073E837, 0x012BE8CE, 0x01E3E969, 0x0296EA07, 0x0348EAAA,
	0x03FAEB50, 0x04A6EBF5, 0x054FEC9D, 0x05F8ED4B, 0x069DEDF8, 0x073BEEA0, 0x07D4EF4B, 0x0869EFFA, 0x08F5F0A4, 0x097BF14A, 0x09FCF1F0,
	0x0A72F293, 0x0AE2F334, 0x0B4DF3D4, 0x0BAFF46E, 0x0C04F502, 0x0C53F595, 0x0C9CF628, 0x0CD9F6B3, 0x0D0BF738, 0x0D35F7B7, 0x0D56F833,
	0x0D6EF8AB, 0x0D7BF91F, 0x0D7EF98D, 0x0D77F9F5, 0x0D66FA59, 0x0D4DFABA, 0x0D2DFB17, 0x0D02FB6C, 0x0CCCFBBB, 0x0C8FFC0C, 0x0C4BFC5A,
	0x0BFEFCA0, 0x0BAAFCE3, 0x0B4EFD26, 0x0AECFD67, 0x0A85FDA6, 0x0A17FDE3, 0x09A0FE1C, 0x0926FE55, 0x08ACFE91, 0x082CFECB, 0x07A5FF04,
	0x071FFF40, 0x069BFF7F, 0x060FFFBC, 0x057EFFF8, 0x04F2003B, 0x04690083, 0x03DD00CC, 0x03510118, 0x02C80168, 0x024301BE, 0x01C00217,
	0x013E0274, 0x00C002D5, 0x0049033D, 0xFFD503AB, 0xFF66041E, 0xFEFE0499, 0xFE990519, 0xFE37059B, 0xFDE00624, 0xFD9106B3, 0xFD470748,
	0xFD0207E5, 0xFCC70888, 0xFC90092A, 0xFC5D09CF, 0xFC370A7F, 0xFC1C0B37, 0xFC030BEE, 0xFBF00CA7, 0xFBE80D67, 0xFBE60E29, 0xFBE70EEA,
	0xFBF00FAF, 0xFBFF1075, 0xFC131139, 0xFC2E1201, 0xFC5012CA, 0xFC75138F, 0xFC9F1452, 0xFCCF1514, 0xFD0115D3, 0xFD34168B, 0xFD6C1740,
	0xFDA517F0, 0xFDE2189C, 0xFE231945, 0xFE6019E3, 0xFE991A73, 0xFED71AFD, 0xFF161B81, 0xFF521BFC, 0xFF8F1C6E, 0xFFCB1CD5, 0xFFFC1D28,
	0x002A1D72, 0x005F1DB8, 0x008D1DEE, 0x00B21E10, 0x00D51E29, 0x00F61E36, 0x010C1E2F, 0x011F1E1C, 0x012F1DFD, 0x01361DCB, 0x01351D89,
	0x01311D3A, 0x01251CDB, 0x01131C6D, 0x00FF1BF4, 0x00E21B6A, 0x00BC1ACE, 0x00911A27, 0x00601970, 0x002618A8, 0xFFE917D4, 0xFFAA16FA,
	0xFF631611, 0xFF141519, 0xFEC21416, 0xFE6C130A, 0xFE1411F3, 0xFDB710D3, 0xFD540FA7, 0xFCF00E75, 0xFC8E0D41, 0xFC290C04, 0xFBBD0ABE,
	0xFB530977, 0xFAED082F, 0xFA8606E2, 0xFA200593, 0xF9BD0445, 0xF95C02F7, 0xF8FC01A9, 0xF89F005E, 0xF847FF16, 0xF7F4FDD1, 0xF7A9FC95,
	0xF761FB5D, 0xF71DFA28, 0xF6E3F8FE, 0xF6B5F7E0, 0xF68CF6C9, 0xF668F5BB, 0xF64CF4B7, 0xF63CF3C1, 0xF636F2D7, 0xF637F1F8, 0xF63FF126,
	0xF657F066, 0xF67EEFB6, 0xF6ACEF11, 0xF6E2EE7C, 0xF726EDFA, 0xF774ED84, 0xF7C8ED19, 0xF82BECC4, 0xF89EEC86, 0xF917EC52, 0xF996EC28,
	0xFA22EC12, 0xFABEEC12, 0xFB60EC1E, 0xFC08EC37, 0xFCBBEC62, 0xFD7AEC9D, 0xFE3EECE4, 0xFF07ED36, 0xFFD9ED98, 0x00B3EE08, 0x0193EE83,
	0x0279EF09, 0x0365EF9A, 0x0454F035, 0x0540F0D7, 0x062DF17F, 0x0721F230, 0x0816F2E8, 0x0905F3A0, 0x09F5F45E, 0x0AEBF526, 0x0BDDF5F2,
	0x0CC7F6BB, 0x0DADF783, 0x0E91F84B, 0x0F6DF912, 0x1044F9DA, 0x1115FA9E, 0x11DAFB57, 0x1293FC0A, 0x1349FCBF, 0x13F6FD6E, 0x1494FE10,
	0x1525FEAB, 0x15ADFF41, 0x162AFFCC, 0x1698004B, 0x16F700C0, 0x17470129, 0x178A0185, 0x17C001D8, 0x17E7021F, 0x17FC0257, 0x18020283,
	0x17F802A1, 0x17DE02B4, 0x17B702BB, 0x177E02B3, 0x1732029B, 0x16D80278, 0x166E0248, 0x15F4020A, 0x156C01C3, 0x14D90171, 0x14310111,
	0x137900A6, 0x12BA0036, 0x11F0FFBD, 0x1111FF33, 0x1022FEA1, 0x0F2EFE0D, 0x0E32FD71, 0x0D27FCCC, 0x0C11FC23, 0x0AF7FB79, 0x09D4FAC9,
	0x08A6FA14, 0x076FF95F, 0x0635F8AA, 0x04F7F7F4, 0x03B5F740, 0x026EF68E, 0x0121F5DB, 0xFFD3F52B, 0xFE8AF484, 0xFD40F3E3, 0xFBF2F342,
	0xFAA6F2A9, 0xF960F21C, 0xF81AF194, 0xF6D7F113, 0xF59EF0A0, 0xF469F035, 0xF334EFCF, 0xF206EF75, 0xF0E3EF2A, 0xEFCAEEEB, 0xEEB9EEB9,
	0xEDAFEE91, 0xECABEE72, 0xEBB4EE61, 0xEACBEE60, 0xE9ECEE6C, 0xE917EE82, 0xE84DEEA4, 0xE78FEED2, 0xE6DEEF0D, 0xE639EF53, 0xE59FEFA3,
	0xE513F000, 0xE498F06C, 0xE426F0DE, 0xE3BEF157, 0xE368F1DE, 0xE31DF26D, 0xE2DAF2FE, 0xE2A8F39B, 0xE288F443, 0xE26DF4EB, 0xE25BF596,
	0xE25BF64B, 0xE266F704, 0xE278F7BB, 0xE299F878, 0xE2C8F93A, 0xE2FEF9F9, 0xE33DFAB9, 0xE387FB78, 0xE3D6FC32, 0xE42FFCE9, 0xE495FDA4,
	0xE503FE5D, 0xE577FF0F, 0xE5F3FFBC, 0xE6730062, 0xE6FC0104, 0xE78E01A3, 0xE8230238, 0xE8BA02C5, 0xE95D0351, 0xEA0703D6, 0xEAAF044B,
	0xEB5B04BC, 0xEC12052B, 0xECC9058D, 0xED8005E3, 0xEE3F0636, 0xEF010683, 0xEFC306C4, 0xF08906FF, 0xF1550736, 0xF21E0763, 0xF2E90787,
	0xF3BA07A8, 0xF48D07C3, 0xF56107D9, 0xF63707EA, 0xF70C07F4, 0xF7E407F9, 0xF8BE07FC, 0xF99907FD, 0xFA7507F9, 0xFB5307F5, 0xFC3107EF,
	0xFD0F07E7, 0xFDF007E0, 0xFED507DC, 0xFFBA07DA, 0x009D07D7, 0x018007D4, 0x026507D3, 0x034B07DA, 0x043307E6, 0x051A07F2, 0x06010802,
	0x06EA081B, 0x07D20839, 0x08B80859, 0x09A10880, 0x0A8C08B1, 0x0B7308E6, 0x0C580922, 0x0D3F0969, 0x0E2609B7, 0x0F0A0A09, 0x0FEB0A62,
	0x10CB0AC5, 0x11A90B2D, 0x12850B9A, 0x13610C10, 0x14390C8F, 0x150D0D12, 0x15DD0D9A, 0x16A90E28, 0x17710EBA, 0x18350F51, 0x18F50FEB,
	0x19AF108C, 0x1A631130, 0x1B1311D6, 0x1BBE127D, 0x1C611325, 0x1CFB13CC, 0x1D8D1471, 0x1E1A1518, 0x1EA115C0, 0x1F1F1663, 0x1F931700,
	0x1FFE179A, 0x20601832, 0x20BB18C4, 0x210E194F, 0x215419D1, 0x218E1A4B, 0x21C11AC1, 0x21EA1B2D, 0x22061B8B, 0x22181BDF, 0x22211C2B,
	0x221F1C6D, 0x22121CA2, 0x21FC1CCB, 0x21D81CE5, 0x21A61CEE, 0x216C1CED, 0x21291CDF, 0x20DA1CC0, 0x20811C94, 0x201D1C58, 0x1FAB1C0C,
	0x1F301BB2, 0x1EAE1B4A, 0x1E1F1AD0, 0x1D821A46, 0x1CDD19B0, 0x1C32190C, 0x1B7D1857, 0x1ABE1793, 0x19F516C2, 0x192315E1, 0x184B14F3,
	0x176C13F9, 0x168412F1, 0x159211DD, 0x149910BE, 0x13980F92, 0x12900E59, 0x11870D19, 0x10780BD2, 0x0F600A80, 0x0E400922, 0x0D1D07BD,
	0x0BF80654, 0x0ACE04E6, 0x09A10372, 0x086F01F7, 0x073B007C, 0x0603FEFE, 0x04C9FD7B, 0x038CFBF4, 0x024EFA70, 0x010EF8ED, 0xFFCAF767,
	0xFE85F5E1, 0xFD41F45F, 0xFBFDF2E1, 0xFAB8F166, 0xF975EFF0, 0xF832EE7E, 0xF6F0ED11, 0xF5B0EBAD, 0xF472EA50, 0xF333E8F6, 0xF1F6E7A4,
	0xF0BEE65F, 0xEF86E521, 0xEE4EE3E8, 0xED1CE2B9, 0xEBEFE198, 0xEAC6E081, 0xE9A2DF75, 0xE883DE76, 0xE766DD80, 0xE64EDC94, 0xE53BDBB4,
	0xE42DDAE0, 0xE327DA1C, 0xE22BD967, 0xE131D8BC, 0xE03CD81B, 0xDF52D78A, 0xDE6FD705, 0xDD91D68A, 0xDCBED61F, 0xDBF5D5C3, 0xDB32D571,
	0xDA79D52C, 0xD9CCD4F7, 0xD927D4CE, 0xD88CD4AF, 0xD7FED4A2, 0xD77BD4A1, 0xD6FFD4A6, 0xD68FD4B8, 0xD62ED4DB, 0xD5D7D50B, 0xD58CD544,
	0xD54DD588, 0xD51CD5D6, 0xD4F9D633, 0xD4E4D69D, 0xD4DBD710, 0xD4E1D78D, 0xD4F9D818, 0xD51DD8AB, 0xD54BD946, 0xD588D9EC, 0xD5D5DA9E,
	0xD62FDB57, 0xD698DC1B, 0xD712DCE8, 0xD798DDBC, 0xD82DDE9A, 0xD8D5DF85, 0xD98AE077, 0xDA4CE16F, 0xDB1FE271, 0xDC00E37D, 0xDCECE48D,
	0xDDE5E5A4, 0xDEEEE6C4, 0xE005E7EA, 0xE127E916, 0xE255EA49, 0xE394EB85, 0xE4E1ECCB, 0xE636EE13, 0xE792EF5C, 0xE8FBF0AE, 0xEA73F20A,
	0xEBF3F369, 0xED79F4CA, 0xEF09F631, 0xF0A2F79D, 0xF241F90E, 0xF3EBFA84, 0xF59BFBFD, 0xF74DFD74, 0xF906FEF2, 0xFAC40073, 0xFC8101F2,
	0xFE440374, 0x000B04FC, 0x01D00683, 0x0396080A, 0x05620995, 0x072A0B1E, 0x08EB0CA2, 0x0AAC0E27, 0x0C6C0FAC, 0x0E27112E, 0x0FDE12AE,
	0x118E142A, 0x1336159F, 0x14DB1715, 0x16791887, 0x180A19EF, 0x19941B52, 0x1B181CB4, 0x1C8F1E0D, 0x1DF81F5C, 0x1F5820A6, 0x20AB21E6,
	0x21ED2319, 0x23272445, 0x2453256A, 0x256D2682, 0x2678278C, 0x2775288A, 0x2861297B, 0x293D2A62, 0x2A092B3D, 0x2AC42C08, 0x2B6E2CC5,
	0x2C072D73, 0x2C8C2E11, 0x2D002EA1, 0x2D622F20, 0x2DAF2F8C, 0x2DEB2FE7, 0x2E173036, 0x2E303073, 0x2E34309B, 0x2E2630B2, 0x2E0830BA,
	0x2DD830B0, 0x2D973092, 0x2D443062, 0x2CDE3021, 0x2C652FCF, 0x2BDE2F6C, 0x2B492EF7, 0x2AA22E70, 0x29EB2DD7, 0x29272D2D, 0x28552C74,
	0x27742BAB, 0x26842AD2, 0x258729E8, 0x247D28EF, 0x236A27EA, 0x224E26D8, 0x212625B6, 0x1FF12486, 0x1EB4234B, 0x1D742209, 0x1C2D20BC,
	0x1ADB1F61, 0x19841DFD, 0x182A1C92, 0x16C91B20, 0x156119A4, 0x13F71822, 0x1290169E, 0x11271516, 0x0FB91389, 0x0E4F11FA, 0x0CE61069,
	0x0B790ED4, 0x0A100D42, 0x08AF0BB4, 0x074C0A21, 0x05EA088E, 0x04930704, 0x033F057D, 0x01EC03F6, 0x00A20276, 0xFF6100FC, 0xFE24FF86,
	0xFCEEFE19, 0xFBC2FCB7, 0xFA9FFB5B, 0xF984FA08, 0xF871F8BF, 0xF765F77D, 0xF662F643, 0xF56AF514, 0xF47AF3F0, 0xF391F2D5, 0xF2B6F1C9,
	0xF1E8F0CC, 0xF120EFD5, 0xF05DEEE5, 0xEFA6EE03, 0xEEFAED2E, 0xEE57EC63, 0xEDBFEBA5, 0xED31EAF4, 0xECAAEA4E, 0xEC2CE9B4, 0xEBB7E923,
	0xEB47E899, 0xEADFE81B, 0xEA82E7AA, 0xEA29E73F, 0xE9D6E6DD, 0xE98DE687, 0xE949E637, 0xE908E5EB, 0xE8D2E5AD, 0xE8A5E57B, 0xE877E549,
	0xE84AE51C, 0xE827E4F8, 0xE808E4DA, 0xE7EAE4BD, 0xE7CEE4A5, 0xE7B7E493, 0xE7A4E486, 0xE792E47B, 0xE77FE471, 0xE771E46A, 0xE769E468,
	0xE75CE462, 0xE74CE45D, 0xE746E45F, 0xE742E461, 0xE739E460, 0xE733E45F, 0xE72FE45F, 0xE72AE45E, 0xE727E460, 0xE725E461, 0xE721E45D,
	0xE720E459, 0xE71FE456, 0xE71DE450, 0xE71CE44B, 0xE71CE445, 0xE71EE43E, 0xE722E435, 0xE729E42E, 0xE732E428, 0xE73DE421, 0xE74AE419,
	0xE75AE413, 0xE76DE40F, 0xE783E40B, 0xE79CE409, 0xE7B7E408, 0xE7D5E408, 0xE7F9E40B, 0xE823E413, 0xE84FE41D, 0xE883E42C, 0xE8BDE43E,
	0xE8FBE455, 0xE942E473, 0xE992E498, 0xE9E3E4BF, 0xEA3AE4ED, 0xEA9AE524, 0xEB00E55F, 0xEB6BE5A1, 0xEBE1E5F0, 0xEC5FE647, 0xECE6E6A6,
	0xED74E70D, 0xEE07E77C, 0xEEA3E7F5, 0xEF4AE879, 0xEFF8E908, 0xF0ACE9A2, 0xF169EA44, 0xF22EEAF0, 0xF2FCEBA7, 0xF3D0EC6A, 0xF4ACED36,
	0xF58FEE0D, 0xF678EEF1, 0xF767EFDE, 0xF85EF0D4, 0xF95BF1D4, 0xFA5DF2E0, 0xFB65F3F4, 0xFC72F511, 0xFD83F638, 0xFE99F769, 0xFFB3F8A2,
	0x00D0F9E2, 0x01F3FB2E, 0x0318FC83, 0x043CFDD7, 0x055CFF2C, 0x0682008B, 0x07AB01F1, 0x08D3035B, 0x09F804C8, 0x0B1C0638, 0x0C3E07A8,
	0x0D5E091A, 0x0E7D0A90, 0x0F980C04, 0x10AE0D77, 0x11C00EEA, 0x12CE105A, 0x13D611C7, 0x14D9132F, 0x15D31494, 0x16C715F5, 0x17B4174E,
	0x189818A0, 0x197519EC, 0x1A4A1B2F, 0x1B131C67, 0x1BD71D9B, 0x1C921EC8, 0x1D401FE5, 0x1DE520F8, 0x1E822201, 0x1F0E22F9, 0x1F9023E6,
	0x200D24CC, 0x207B25A1, 0x20DB2666, 0x21342721, 0x218227D0, 0x21C2286D, 0x21F728FA, 0x221F2978, 0x223D29EA, 0x22502A4D, 0x22542A9B,
	0x224C2ADA, 0x223F2B10, 0x22272B38, 0x22002B4C, 0x21CE2B51, 0x21922B4B, 0x214D2B35, 0x20FB2B0E, 0x20A02AD8, 0x203A2A95, 0x1FCB2A44,
	0x1F5829E9, 0x1EDB2982, 0x1E51290B, 0x1DC02887, 0x1D2B27FA, 0x1C8B2760, 0x1BE226BA, 0x1B36260E, 0x1A832557, 0x19C72493, 0x190823CA,
	0x184522F9, 0x1779221B, 0x16A82136, 0x15D4204C, 0x14FB1F5C, 0x141D1E65, 0x133E1D6A, 0x12601C6B, 0x117B1B65, 0x108F1A59, 0x0FA6194B,
	0x0EBC1839, 0x0DCF1724, 0x0CE21611, 0x0BF114F9, 0x0AFB13D8, 0x0A0612B9, 0x0914119C, 0x081F107D, 0x072C0F5E, 0x06390E3D, 0x05420D19,
	0x044F0BF8, 0x035C0AD8, 0x026709B5, 0x01750894, 0x00850774, 0xFF910652, 0xFE9D0531, 0xFDAF0412, 0xFCC102F1, 0xFBD001CE, 0xFAE100AF,
	0xF9F6FF93, 0xF909FE76, 0xF81DFD56, 0xF734FC3A, 0xF64BFB1E, 0xF562FA03, 0xF47AF8E7, 0xF393F7CB, 0xF2AFF6B2, 0xF1CCF599, 0xF0E8F47D,
	0xF007F362, 0xEF29F248, 0xEE49F12C, 0xED69F012, 0xEC90EEFE, 0xEBB6EDE5, 0xEADAECC8, 0xEA05EBB2, 0xE932EA9E, 0xE860E988, 0xE791E874,
	0xE6C1E75E, 0xE5F3E64A, 0xE52EE53B, 0xE46BE42B, 0xE3A7E31C, 0xE2EBE214, 0xE235E10E, 0xE17EE008, 0xE0D1DF0B, 0xE02ADE13, 0xDF83DD16,
	0xDEE0DC1E, 0xDE48DB33, 0xDDB9DA4F, 0xDD31D96F, 0xDCAED894, 0xDC31D7BF, 0xDBBED6F3, 0xDB57D631, 0xDAFAD579, 0xDAA5D4CA, 0xDA5AD425,
	0xDA1BD38B, 0xD9E4D2FB, 0xD9BAD278, 0xD99FD204, 0xD991D19E, 0xD990D146, 0xD99ED0FE, 0xD9B9D0C0, 0xD9E0D092, 0xDA19D078, 0xDA5DD06C,
	0xDAB0D06F, 0xDB16D086, 0xDB8AD0AE, 0xDC0DD0E7, 0xDCA4D135, 0xDD49D195, 0xDE01D20A, 0xDECCD293, 0xDFA1D32A, 0xE086D3D6, 0xE183D49B,
	0xE28CD56E, 0xE3A0D651, 0xE4CBD74F, 0xE603D85E, 0xE746D97B, 0xE89DDAAE, 0xEA02DBF5, 0xEB71DD4A, 0xECF1DEB3, 0xEE7FE02F, 0xF015E1B9,
	0xF1BAE355, 0xF36DE503, 0xF525E6BB, 0xF6E4E87E, 0xF8ADEA50, 0xFA7EEC2F, 0xFC54EE17, 0xFE30F008, 0x0013F206, 0x01FAF40C, 0x03DEF613,
	0x05C6F823, 0x07B2FA3E, 0x099BFC5C, 0x0B80FE78, 0x0D630094, 0x0F4302B4, 0x111D04D3, 0x12EF06ED, 0x14BA0904, 0x167E0B1A, 0x18390D2A,
	0x19E50F2F, 0x1B87112B, 0x1D201322, 0x1EA8150C, 0x201E16E9, 0x218818BD, 0x22E41A85, 0x242A1C3A, 0x255F1DDF, 0x26821F76, 0x278F20FA,
	0x288A226B, 0x297023CB, 0x2A3C2514, 0x2AF22648, 0x2B99276D, 0x2C29287C, 0x2C9C2970, 0x2CF92A4E, 0x2D402B17, 0x2D702BCA, 0x2D892C64,
	0x2D882CE5, 0x2D702D4F, 0x2D442DA5, 0x2CFE2DE0, 0x2CA02E02, 0x2C2D2E0F, 0x2BA42E03, 0x2B062DE2, 0x2A592DAE, 0x29942D62, 0x28B62CFC,
	0x27C72C86, 0x26C82BFC, 0x25B62B5D, 0x24962AAE, 0x236629EF, 0x2226291C, 0x20D82837, 0x1F7F2744, 0x1E1C2648, 0x1CAA253C, 0x1B29241E,
	0x19A622F9, 0x181F21CE, 0x168C2095, 0x14F21F53, 0x13571E0C, 0x11B71CBF, 0x10151B6F, 0x0E741A1B, 0x0CCE18C0, 0x0B2B1766, 0x098D1610,
	0x07ED14B4, 0x064F1359, 0x04BA1206, 0x032B10B8, 0x01A40F6D, 0x00220E24, 0xFEA20CDE, 0xFD300BA2, 0xFBCB0A6F, 0xFA68093F, 0xF9110819,
	0xF7C906FE, 0xF68C05EB, 0xF55B04E2, 0xF43503E4, 0xF31E02F0, 0xF217020B, 0xF119012F, 0xF0220058, 0xEF41FF92, 0xEE77FEDE, 0xEDB2FE2F,
	0xECF6FD87, 0xEC4EFCEF, 0xEBB4FC63, 0xEB26FBE0, 0xEAA7FB67, 0xEA37FAF6, 0xE9D2FA90, 0xE97AFA34, 0xE931F9E5, 0xE8F7F99E, 0xE8C9F95E,
	0xE8A2F921, 0xE885F8EB, 0xE878F8BE, 0xE875F897, 0xE87AF873, 0xE88AF857, 0xE8A4F83E, 0xE8C5F824, 0xE8F1F811, 0xE923F800, 0xE959F7ED,
	0xE99AF7DC, 0xE9E2F7CD, 0xEA29F7BA, 0xEA75F7A6, 0xEACEF796, 0xEB28F781, 0xEB83F768, 0xEBE2F74D, 0xEC44F72E, 0xECA9F70C, 0xED0EF6E3,
	0xED70F6B6, 0xEDDCF68B, 0xEE4DF65E, 0xEEB2F621, 0xEF18F5DF, 0xEF86F5A0, 0xEFEFF558, 0xF055F509, 0xF0BFF4BA, 0xF127F466, 0xF18BF40B,
	0xF1F1F3AC, 0xF253F348, 0xF2B4F2E2, 0xF318F27B, 0xF379F20F, 0xF3D3F19C, 0xF42CF129, 0xF486F0B7, 0xF4E2F045, 0xF53DEFD2, 0xF593EF5B,
	0xF5E8EEE6, 0xF63FEE74, 0xF692EE02, 0xF6E4ED93, 0xF73AED29, 0xF78FECC3, 0xF7E2EC5F, 0xF836EC00, 0xF889EBA5, 0xF8DCEB51, 0xF92FEB05,
	0xF985EAC0, 0xF9DCEA80, 0xFA33EA48, 0xFA8BEA1B, 0xFAE8E9FA, 0xFB46E9DF, 0xFBA5E9CF, 0xFC05E9CA, 0xFC66E9CE, 0xFCC9E9DB, 0xFD2FE9F5,
	0xFD96EA1B, 0xFE03EA4B, 0xFE73EA88, 0xFEE3EAD1, 0xFF57EB25, 0xFFCBEB7F, 0x003DEBE5, 0x00B6EC5C, 0x0130ECDC, 0x01A9ED61, 0x022BEDF7,
	0x02B0EE9A, 0x032DEF3E, 0x03AFEFEC, 0x0437F0A6, 0x04BCF165, 0x0540F22B, 0x05C7F2FC, 0x064BF3D1, 0x06D0F4AC, 0x0758F58D, 0x07DDF671,
	0x0860F758, 0x08E1F841, 0x0961F92D, 0x09E3FA1F, 0x0A61FB10, 0x0AD4FBFA, 0x0B47FCE5, 0x0BBEFDD7, 0x0C31FEC3, 0x0C9CFFAA, 0x0D05008E,
	0x0D68016F, 0x0DC40249, 0x0E1B031E, 0x0E6E03ED, 0x0EBD04B7, 0x0F07057A, 0x0F470631, 0x0F7E06DE, 0x0FB50789, 0x0FE8082E, 0x100E08C3,
	0x102B094F, 0x104709D5, 0x105C0A50, 0x10690AC1, 0x106C0B25, 0x10630B79, 0x10570BC7, 0x104A0C10, 0x102F0C4B, 0x100D0C7B, 0x0FE80CA4,
	0x0FB70CBD, 0x0F800CCF, 0x0F490CDC, 0x0F060CDA, 0x0EBA0CCD, 0x0E710CC2, 0x0E1E0CAD, 0x0DC00C8B, 0x0D620C65, 0x0CFD0C35, 0x0C8E0BFB,
	0x0C200BC1, 0x0BAF0B85, 0x0B350B40, 0x0ABA0AF9, 0x0A3B0AAE, 0x09B80A61, 0x09370A15, 0x08B109C4, 0x0825096D, 0x079D091B, 0x071508CD,
	0x06840879, 0x05F30826, 0x056507D7, 0x04D20788, 0x043F073C, 0x03B406F8, 0x032806B4, 0x02970671, 0x020A0635, 0x017D05FE, 0x00EC05C6,
	0x00630598, 0xFFE00573, 0xFF59054E, 0xFED60530, 0xFE59051B, 0xFDD90506, 0xFD5904F7, 0xFCE304F3, 0xFC6D04F1, 0xFBF804F1, 0xFB8A04FD,
	0xFB1D050D, 0xFAB1051F, 0xFA4B0538, 0xF9E60555, 0xF9870579, 0xF92F05A5, 0xF8D505CF, 0xF87A05F9, 0xF8270629, 0xF7D7065D, 0xF78A0693,
	0xF74506CE, 0xF7000707, 0xF6BB0740, 0xF67C077D, 0xF63E07B8, 0xF60607F2, 0xF5D1082F, 0xF59C0867, 0xF56B089D, 0xF54308D5, 0xF5170907,
	0xF4EB0935, 0xF4C60961, 0xF4A40988, 0xF48309AA, 0xF46609CA, 0xF44A09E2, 0xF43009F4, 0xF41C0A03, 0xF4090A0D, 0xF3F80A0F, 0xF3ED0A0C,
	0xF3E10A00, 0xF3D609EC, 0xF3D209D4, 0xF3CF09B5, 0xF3CC098C, 0xF3CD095D, 0xF3D00926, 0xF3D408E6, 0xF3DD08A2, 0xF3EA0857, 0xF3F70802,
	0xF40807A7, 0xF41F0749, 0xF43706E1, 0xF4500672, 0xF46B05FF, 0xF48B0584, 0xF4B10505, 0xF4DA0482, 0xF50103F7, 0xF52B036A, 0xF55F02DD,
	0xF5930249, 0xF5C601AE, 0xF6000115, 0xF640007B, 0xF682FFDF, 0xF6C9FF42, 0xF710FEA1, 0xF75BFE02, 0xF7ADFD65, 0xF7FFFCC7, 0xF854FC28,
	0xF8ADFB8D, 0xF90BFAF6, 0xF96DFA63, 0xF9D3F9D3, 0xFA38F943, 0xFAA4F8BA, 0xFB15F837, 0xFB84F7B8, 0xFBFCF742, 0xFC79F6D3, 0xFCEFF662,
	0xFD68F5FA, 0xFDECF59D, 0xFE6DF542, 0xFEEEF4EE, 0xFF79F4AB, 0x0001F46B, 0x0089F430, 0x0118F401, 0x01A4F3D7, 0x0230F3B4, 0x02C5F3A0,
	0x0359F394, 0x03E8F38B, 0x0479F38B, 0x050AF395, 0x059CF3A8, 0x062FF3C3, 0x06BFF3E2, 0x074EF40B, 0x07DFF43E, 0x086DF474, 0x08F8F4AF,
	0x0985F4F5, 0x0A0FF542, 0x0A94F591, 0x0B15F5E4, 0x0B96F63F, 0x0C18F6A3, 0x0C95F707, 0x0D08F76B, 0x0D7BF7D5, 0x0DEEF847, 0x0E5BF8B6,
	0x0EC0F924, 0x0F21F996, 0x0F7EFA0A, 0x0FD7FA80, 0x102CFAF6, 0x107CFB6C, 0x10C6FBE1, 0x1108FC51, 0x1144FCC0, 0x117BFD2F, 0x11ABFD9B,
	0x11D5FE03, 0x11FAFE68, 0x121AFECF, 0x1233FF32, 0x1244FF8C, 0x124BFFDF, 0x124C002F, 0x1249007E, 0x123F00C7, 0x1230010A, 0x12180146,
	0x11F9017E, 0x11D401B1, 0x11A801DF, 0x11750206, 0x113A0226, 0x10FA0241, 0x10B40256, 0x10660266, 0x1010026F, 0x0FB50274, 0x0F530273,
	0x0EE9026C, 0x0E7E0264, 0x0E100258, 0x0D960244, 0x0D16022B, 0x0C940210, 0x0C0D01F0, 0x0B8001CD, 0x0AEE01A8, 0x0A55017C, 0x09B8014E,
	0x09190120, 0x087100ED, 0x07C800B9, 0x071F0086, 0x06710052, 0x05BE001B, 0x0508FFE3, 0x044FFFAB, 0x0391FF72, 0x02D3FF3B, 0x0214FF05,
	0x0152FED0, 0x008BFE9B, 0xFFC7FE69, 0xFF05FE3B, 0xFE3EFE0A, 0xFD73FDDA, 0xFCACFDAF, 0xFBE3FD86, 0xFB16FD5E, 0xFA4CFD38, 0xF983FD16,
	0xF8BBFCF7, 0xF7F3FCD9, 0xF728FCBC, 0xF664FCA6, 0xF5A7FC98, 0xF4E2FC83, 0xF41BFC70, 0xF361FC69, 0xF2A9FC64, 0xF1ECFC5A, 0xF135FC53,
	0xF082FC52, 0xEFD2FC54, 0xEF27FC58, 0xEE7DFC5B, 0xEDD3FC5E, 0xED32FC66, 0xEC96FC71, 0xEBFDFC7C, 0xEB6AFC88, 0xEADDFC96, 0xEA55FCA4,
	0xE9CFFCAF, 0xE948FCB6, 0xE8CFFCC3, 0xE863FCD8, 0xE7F7FCE8, 0xE78DFCF3, 0xE730FD04, 0xE6DCFD15, 0xE688FD20, 0xE63BFD29, 0xE5F8FD34,
	0xE5BDFD3F, 0xE589FD47, 0xE55AFD4D, 0xE535FD54, 0xE51AFD5B, 0xE509FD62, 0xE503FD6A, 0xE507FD70, 0xE50FFD72, 0xE51EFD74, 0xE53AFD75,
	0xE55FFD77, 0xE58CFD77, 0xE5C2FD78, 0xE604FD7A, 0xE651FD7B, 0xE6A8FD7C, 0xE70AFD81, 0xE774FD86, 0xE7E6FD8A, 0xE865FD92, 0xE8F1FD9D,
	0xE985FDA7, 0xEA22FDB2, 0xEAC6FDBF, 0xEB74FDCF, 0xEC34FDE6, 0xECFCFDFF, 0xEDC7FE16, 0xEE9DFE33, 0xEF80FE58, 0xF06BFE81, 0xF15EFEAD,
	0xF258FEDC, 0xF35BFF13, 0xF46BFF50, 0xF57DFF8D, 0xF696FFCD, 0xF7BA001A, 0xF8E20069, 0xFA0E00B9, 0xFB440114, 0xFC7D0174, 0xFDB701D5,
	0xFEFC0242, 0x004602B6, 0x018C0329, 0x02D903A4, 0x042A0423, 0x057704A3, 0x06C7052B, 0x081B05BB, 0x09680648, 0x0AB606DB, 0x0C090778,
	0x0D550814, 0x0E9A08AC, 0x0FE0094B, 0x112509F0, 0x12640A95, 0x139E0B39, 0x14CE0BDC, 0x15F60C7E, 0x171C0D22, 0x183B0DC5, 0x194C0E63,
	0x1A580F03, 0x1B600FA4, 0x1C58103E, 0x1D4310D3, 0x1E281166, 0x1EFC11EE, 0x1FC41273, 0x208612F8, 0x21391375, 0x21DD13E4, 0x2276144F,
	0x230014B4, 0x237C150F, 0x23EB1562, 0x244915AA, 0x249A15EB, 0x24DD1623, 0x250E164B, 0x2534166B, 0x254B1682, 0x254C1686, 0x25401681,
	0x252B1676, 0x2500165A, 0x24C81634, 0x248A1606, 0x243515C3, 0x23D01574, 0x23651522, 0x22E614BB, 0x22561445, 0x21C513CD, 0x21201346,
	0x206912AC, 0x1FB0120D, 0x1EE91162, 0x1E1010A6, 0x1D350FE5, 0x1C510F1C, 0x1B5D0E45, 0x1A610D65, 0x195E0C7C, 0x18520B89, 0x17410A8F,
	0x1626098C, 0x1501087D, 0x13DC076F, 0x12B6065F, 0x11840542, 0x104C041E, 0x0F1402F9, 0x0DDB01D3, 0x0CA000AB, 0x0B66FF82, 0x0A23FE52,
	0x08DBFD1C, 0x0798FBEB, 0x0658FABB, 0x0516F98A, 0x03D5F85C, 0x0295F731, 0x0157F607, 0x001EF4E1, 0xFEE6F3BF, 0xFDADF29F, 0xFC7CF188,
	0xFB4FF077, 0xFA21EF69, 0xF8F9EE60, 0xF7D9ED62, 0xF6BDEC6C, 0xF5A4EB7C, 0xF491EA95, 0xF385E9B7, 0xF27CE8E2, 0xF176E811, 0xF078E74C,
	0xEF84E695, 0xEE94E5E8, 0xEDA7E543, 0xECC5E4AA, 0xEBE8E41C, 0xEB10E396, 0xEA3FE31B, 0xE973E2AB, 0xE8ADE245, 0xE7F0E1ED, 0xE739E1A0,
	0xE689E160, 0xE5DFE12B, 0xE539E0FD, 0xE49DE0DA, 0xE408E0C5, 0xE374E0B6, 0xE2E8E0B2, 0xE266E0BC, 0xE1E8E0CC, 0xE16EE0E6, 0xE100E10D,
	0xE099E13E, 0xE036E177, 0xDFD7E1B7, 0xDF7BE1FB, 0xDF2AE24A, 0xDEE4E2A5, 0xDE9FE307, 0xDE61E36F, 0xDE2BE3DF, 0xDDFBE455, 0xDDD2E4D5,
	0xDDB2E55B, 0xDD96E5E3, 0xDD82E674, 0xDD76E70D, 0xDD70E7A8, 0xDD74E84B, 0xDD83E8F7, 0xDD93E9A4, 0xDDA9EA50, 0xDDC9EB01, 0xDDF3EBB9,
	0xDE25EC78, 0xDE5FED38, 0xDEA2EDFE, 0xDEF0EECA, 0xDF45EF97, 0xDFA3F066, 0xE010F13E, 0xE082F217, 0xE0F9F2EF, 0xE17DF3CC, 0xE20CF4AD,
	0xE2A2F591, 0xE347F67B, 0xE3F5F766, 0xE4A9F852, 0xE569F943, 0xE633FA37, 0xE706FB2A, 0xE7E6FC22, 0xE8D2FD1E, 0xE9C8FE1D, 0xEAC8FF1D,
	0xEBCE001E, 0xECDE0123, 0xEDFC022B, 0xEF250335, 0xF0530440, 0xF189054E, 0xF2CB065E, 0xF415076E, 0xF567087F, 0xF6C10993, 0xF8220AA9,
	0xF98B0BBF, 0xFAFC0CD6, 0xFC730DED, 0xFDF00F04, 0xFF73101D, 0x00F81133, 0x02811245, 0x0412135A, 0x05A71470, 0x07391580, 0x08CE168C,
	0x0A661797, 0x0BFB189F, 0x0D9219A4, 0x0F281AA3, 0x10BC1B9D, 0x124F1C95, 0x13DC1D85, 0x15631E6C, 0x16E91F51, 0x186B202E, 0x19E12100,
	0x1B5121CB, 0x1CBA228E, 0x1E192346, 0x1F7223F6, 0x20BE2498, 0x21F7252B, 0x232B25B7, 0x2456263B, 0x256D26AC, 0x2677270F, 0x27752768,
	0x286327B2, 0x293F27EC, 0x2A092816, 0x2AC32831, 0x2B6F2840, 0x2C05283C, 0x2C862826, 0x2CF92802, 0x2D5727CC, 0x2D9C2781, 0x2DD4272B,
	0x2DF826C4, 0x2E042646, 0x2DFE25BC, 0x2DE62525, 0x2DB42477, 0x2D7023B9, 0x2D1A22EC, 0x2CAD220D, 0x2C2B211D, 0x2B99201F, 0x2AF51F14,
	0x2A3E1DF9, 0x29741CD1, 0x28971B9A, 0x27A71A55, 0x26A71904, 0x259A17A9, 0x247D1643, 0x234F14D3, 0x22161359, 0x20CF11D6, 0x1F7A104B,
	0x1E1C0EBD, 0x1CB40D2A, 0x1B3F0B90, 0x19C209F1, 0x183D084E, 0x16B006A9, 0x15210506, 0x138E0363, 0x11F301BD, 0x1056001D, 0x0EBCFE82,
	0x0D1DFCE8, 0x0B7DFB51, 0x09E1F9C4, 0x0848F840, 0x06AFF6C2, 0x0518F549, 0x0389F3DD, 0x0201F27C, 0x007CF122, 0xFEFDEFD4, 0xFD8BEE96,
	0xFC23ED68, 0xFAC1EC46, 0xF966EB31, 0xF818EA29, 0xF6DDE938, 0xF5ACE858, 0xF480E781, 0xF360E6BB, 0xF251E609, 0xF14CE564, 0xF054E4D0,
	0xEF6FE450, 0xEE98E3E3, 0xEDCEE385, 0xED12E339, 0xEC60E2FB, 0xEBBAE2CD, 0xEB24E2B1, 0xEA9EE2A7, 0xEA26E2AC, 0xE9B8E2BC, 0xE956E2DB,
	0xE902E30C, 0xE8BAE349, 0xE87BE38F, 0xE84CE3E5, 0xE827E447, 0xE805E4AE, 0xE7ECE51D, 0xE7E0E599, 0xE7DDE61E, 0xE7E0E6A9, 0xE7EAE739,
	0xE7F9E7CD, 0xE80DE865, 0xE827E902, 0xE847E9A2, 0xE868EA43, 0xE88BEAE4, 0xE8B3EB86, 0xE8DCEC26, 0xE903ECC2, 0xE92EED5F, 0xE95AEDF8,
	0xE980EE8A, 0xE9A6EF18, 0xE9CCEFA2, 0xE9F0F027, 0xEA13F0A5, 0xEA33F11A, 0xEA4DF185, 0xEA66F1EA, 0xEA79F245, 0xEA88F296, 0xEA96F2E0,
	0xEA9FF320, 0xEAA0F353, 0xEA9FF37F, 0xEA9CF3A4, 0xEA94F3BD, 0xEA86F3CA, 0xEA72F3CE, 0xEA5FF3CC, 0xEA4AF3C1, 0xEA2CF3A9, 0xEA0AF38A,
	0xE9ECF367, 0xE9CBF339, 0xE9A5F303, 0xE981F2C9, 0xE95BF288, 0xE933F23F, 0xE90BF1F5, 0xE8E2F1A7, 0xE8BEF156, 0xE89EF103, 0xE87BF0AC,
	0xE85CF057, 0xE845F003, 0xE831EFAE, 0xE821EF5C, 0xE819EF10, 0xE814EEC7, 0xE817EE82, 0xE822EE44, 0xE831EE09, 0xE84AEDD5, 0xE870EDAD,
	0xE89BED8A, 0xE8D0ED72, 0xE917ED69, 0xE964ED69, 0xE9B8ED71, 0xEA1EED8B, 0xEA91EDB3, 0xEB0AEDE3, 0xEB8EEE21, 0xEC25EE72, 0xECC9EED1,
	0xED75EF3D, 0xEE2FEFBA, 0xEEF8F048, 0xEFCEF0E6, 0xF0B2F195, 0xF1A2F254, 0xF29DF321, 0xF3A8F3FF, 0xF4C0F4EF, 0xF5DEF5EC, 0xF708F6F7,
	0xF841F814, 0xF985F941, 0xFACFFA78, 0xFC23FBBA, 0xFD83FD0E, 0xFEECFE70, 0x005AFFD9, 0x01D3014D, 0x035502CD, 0x04DA0457, 0x066305EA,
	0x07F30786, 0x09850925, 0x0B180AC8, 0x0CAF0C72, 0x0E480E1E, 0x0FE20FCB, 0x117D117D, 0x1314132E, 0x14A614DD, 0x1639168A, 0x17CC1837,
	0x195619DC, 0x1AD71B7A, 0x1C551D15, 0x1DD01EAC, 0x1F3F2038, 0x20A521B8, 0x2203232E, 0x23542496, 0x249925F3, 0x25DA2748, 0x270C288C,
	0x282A29BC, 0x29402AE1, 0x2A482BF6, 0x2B3A2CF4, 0x2C242DE5, 0x2D012EC6, 0x2DC32F8D, 0x2E753042, 0x2F1E30E9, 0x2FB03176, 0x302E31EB,
	0x309C324E, 0x30F6329B, 0x314032D5, 0x317B3300, 0x319F3312, 0x31AD3308, 0x31AA32EA, 0x319332B8, 0x31663271, 0x31283215, 0x30D831A6,
	0x30753124, 0x2FFB308C, 0x2F702FE0, 0x2ED82F24, 0x2E2B2E54, 0x2D682D72, 0x2C972C81, 0x2BB62B7D, 0x2AC12A68, 0x29C02946, 0x28B02818,
	0x278C26D8, 0x2659258B, 0x251B2434, 0x23CE22D1, 0x22762165, 0x210F1FEE, 0x1F991E6B, 0x1E1B1CE1, 0x1C931B51, 0x1AFD19B7, 0x195F1817,
	0x17BC1677, 0x161014D2, 0x14581326, 0x129D1177, 0x10DE0FC9, 0x0F170E18, 0x0D4A0C66, 0x0B7C0AB3, 0x09A90900, 0x07CF074D, 0x05F6059C,
	0x041D03EC, 0x02440240, 0x006B0099, 0xFE92FEF5, 0xFCBCFD56, 0xFAE9FBBB, 0xF914FA23, 0xF741F88D, 0xF574F6FF, 0xF3AAF577, 0xF1E5F3F4,
	0xF02BF27A, 0xEE75F106, 0xECBFEF93, 0xEB14EE29, 0xE978ECCC, 0xE7DFEB73, 0xE646EA1C, 0xE4BBE8CE, 0xE33EE78A, 0xE1C7E64D, 0xE05BE517,
	0xDEFBE3E8, 0xDDA1E2BD, 0xDC53E19B, 0xDB13E081, 0xD9DCDF6C, 0xD8B4DE60, 0xD79DDD5F, 0xD68CDC61, 0xD585DB6A, 0xD493DA81, 0xD3ADD99C,
	0xD2CFD8B8, 0xD205D7E1, 0xD148D713, 0xD092D647, 0xCFEFD586, 0xCF5ED4CF, 0xCED8D41C, 0xCE61D373, 0xCDFCD2D3, 0xCDA3D238, 0xCD58D1A5,
	0xCD1ED11B, 0xCCF1D09C, 0xCCD7D026, 0xCCCCCFB8, 0xCCCECF51, 0xCCDECEF6, 0xCCFECEA7, 0xCD2CCE60, 0xCD6ECE22, 0xCDBECDF0, 0xCE1CCDC9,
	0xCE8ACDAE, 0xCF0ACD9E, 0xCF95CD9A, 0xD02DCDA2, 0xD0D6CDB5, 0xD18FCDD5, 0xD257CE03, 0xD32DCE41, 0xD413CE8B, 0xD504CEE0, 0xD602CF45,
	0xD710CFB9, 0xD82BD03A, 0xD955D0CB, 0xDA90D170, 0xDBD3D222, 0xDD1CD2DE, 0xDE77D3AD, 0xDFE2D48F, 0xE154D57D, 0xE2D0D679, 0xE45BD789,
	0xE5EFD8A7, 0xE78CD9D5, 0xE933DB13, 0xEAE1DC5F, 0xEC97DDBA, 0xEE58DF23, 0xF020E09C, 0xF1ECE223, 0xF3C1E3BB, 0xF59EE560, 0xF77EE70F,
	0xF95EE8CB, 0xFB44EA94, 0xFD31EC6C, 0xFF20EE4D, 0x010EF035, 0x02FCF226, 0x04EDF423, 0x06DCF628, 0x08C8F832, 0x0AB7FA47, 0x0CA8FC65,
	0x0E91FE83, 0x107000A0, 0x124E02C3, 0x142904EB, 0x15FA0712, 0x17C50938, 0x19890B5E, 0x1B410D80, 0x1CF30FA0, 0x1E9D11BE, 0x203913D6,
	0x21C815E8, 0x235017F4, 0x24CC19F8, 0x26371BF1, 0x27941DE1, 0x28E41FC5, 0x2A23219B, 0x2B4F2363, 0x2C6C2521, 0x2D7926D0, 0x2E75286C,
	0x2F6029F9, 0x303C2B7A, 0x31022CE7, 0x31B42E3C, 0x32552F80, 0x32E330B2, 0x335B31CF, 0x33C232D6, 0x341433C7, 0x344E34A1, 0x34753568,
	0x348A361A, 0x348A36B3, 0x34733733, 0x344B379D, 0x341037F2, 0x33BF382E, 0x335E3856, 0x32EB3869, 0x325F385F, 0x31BF383C, 0x310E3808,
	0x304B37C0, 0x2F793762, 0x2E9736EE, 0x2D9F3661, 0x2C9635C0, 0x2B833511, 0x2A61344F, 0x292C3376, 0x27EB328E, 0x26A03196, 0x2544308B,
	0x23DC2F71, 0x226B2E4A, 0x20EC2D13, 0x1F612BCE, 0x1DD22A80, 0x1C3E2929, 0x1AA027C5, 0x18F82656, 0x174924DF, 0x15962360, 0x13DF21D9,
	0x1225204D, 0x10661EBC, 0x0EA41D25, 0x0CE21B8E, 0x0B2019F7, 0x095C185A, 0x079916BA, 0x05D7151C, 0x04161380, 0x025911E6, 0x009E104A,
	0xFEE70EB0, 0xFD380D1E, 0xFB8D0B91, 0xF9E30A04, 0xF840087D, 0xF6A706FE, 0xF5150585, 0xF3890410, 0xF20402A2, 0xF089013B, 0xEF1BFFDE,
	0xEDB6FE89, 0xEC55FD38, 0xEB00FBF2, 0xE9BBFAB8, 0xE87EF984, 0xE748F856, 0xE622F732, 0xE509F618, 0xE3F8F505, 0xE2F5F3FE, 0xE200F300,
	0xE116F208, 0xE037F119, 0xDF66F035, 0xDEA4EF59, 0xDDEEEE84, 0xDD45EDBB, 0xDCA9ECF9, 0xDC18EC3D, 0xDB95EB87, 0xDB21EADA, 0xDAB9EA35,
	0xDA5FE998, 0xDA12E903, 0xD9D1E875, 0xD99AE7EA, 0xD970E765, 0xD959E6EC, 0xD94DE67A, 0xD947E607, 0xD94EE599, 0xD969E537, 0xD98EE4DB,
	0xD9B9E47F, 0xD9F0E427, 0xDA34E3D7, 0xDA83E38D, 0xDADFE349, 0xDB47E30B, 0xDBB5E2CF, 0xDC2DE298, 0xDCB0E267, 0xDD3DE239, 0xDDD3E20D,
	0xDE72E1E8, 0xDF1CE1CD, 0xDFCDE1B6, 0xE085E1A1, 0xE147E18F, 0xE212E186, 0xE2E2E180, 0xE3B7E17F, 0xE496E186, 0xE57DE195, 0xE667E1A6,
	0xE754E1BB, 0xE84BE1D8, 0xE949E1FD, 0xEA47E226, 0xEB4AE255, 0xEC57E28E, 0xED64E2CC, 0xEE72E30E, 0xEF87E359, 0xF0A0E3AC, 0xF1B6E403,
	0xF2D0E462, 0xF3EFE4CB, 0xF50CE538, 0xF62AE5AC, 0xF74CE629, 0xF871E6AF, 0xF992E737, 0xFAB0E7C5, 0xFBD0E85E, 0xFCF3E8FF, 0xFE12E9A4,
	0xFF2EEA4E, 0x004AEB03, 0x0164EBBF, 0x027AEC7C, 0x038DED3D, 0x04A1EE09, 0x05B2EEDC, 0x06BCEFAF, 0x07C2F085, 0x08C7F163, 0x09C9F24A,
	0x0AC3F330, 0x0BB6F417, 0x0CA4F503, 0x0D8FF5F2, 0x0E77F6E3, 0x0F5BF7D7, 0x1037F8CD, 0x1106F9C0, 0x11D1FAB3, 0x129CFBA9, 0x1360FCA2,
	0x1419FD99, 0x14CCFE8C, 0x157AFF7E, 0x161F006E, 0x16BB015B, 0x17510247, 0x17E20330, 0x18680413, 0x18E504F3, 0x195D05CF, 0x19CF06A5,
	0x1A390778, 0x1A9A0846, 0x1AF0090A, 0x1B3F09C9, 0x1B880A84, 0x1BC90B39, 0x1C010BE6, 0x1C330C8C, 0x1C5C0D2B, 0x1C7A0DC2, 0x1C900E51,
	0x1CA00ED8, 0x1CAA0F59, 0x1CAB0FD1, 0x1CA41041, 0x1C9610AB, 0x1C81110E, 0x1C601167, 0x1C3711B5, 0x1C0C11FE, 0x1BDA1241, 0x1B9E127B,
	0x1B5A12AD, 0x1B0F12D8, 0x1ABD12FB, 0x1A661318, 0x1A0A1330, 0x19A5133F, 0x19351345, 0x18C21347, 0x184A1346, 0x17CE133F, 0x174B1332,
	0x16C0131D, 0x162D1300, 0x159412E1, 0x14F912C0, 0x1459129B, 0x13B61272, 0x130B1245, 0x12591212, 0x11A211DC, 0x10E811A2, 0x102A1168,
	0x0F67112D, 0x0EA010EE, 0x0DD610AD, 0x0D07106B, 0x0C331025, 0x0B5A0FDD, 0x0A810F95, 0x09A40F4C, 0x08C30F02, 0x07E40EBA, 0x06FF0E70,
	0x06110E20, 0x05250DD2, 0x043E0D89, 0x034F0D3B, 0x02570CE8, 0x01630C99, 0x00710C4C, 0xFF7A0BFD, 0xFE850BAF, 0xFD8F0B60, 0xFC930B0C,
	0xFB990ABB, 0xFAA30A6C, 0xF9A80A18, 0xF8AF09C4, 0xF7BB0974, 0xF6C40920, 0xF5C808C5, 0xF4D1086E, 0xF3DE081A, 0xF2EA07C0, 0xF1F90767,
	0xF10D070F, 0xF02006B3, 0xEF370654, 0xEE5305F4, 0xED710592, 0xEC920530, 0xEBB704CC, 0xEAE00463, 0xEA0E03FA, 0xE9430393, 0xE87A0327,
	0xE7B702B7, 0xE6FC0247, 0xE64701D6, 0xE5950160, 0xE4ED00EB, 0xE44F0076, 0xE3B6FFFD, 0xE323FF82, 0xE297FF03, 0xE213FE84, 0xE19EFE07,
	0xE133FD89, 0xE0C9FD06, 0xE06BFC83, 0xE01DFC05, 0xDFD5FB81, 0xDF94FAFA, 0xDF64FA79, 0xDF3CF9F7, 0xDF1BF973, 0xDF0EF8F6, 0xDF0EF87B,
	0xDF12F7FA, 0xDF23F77C, 0xDF46F704, 0xDF6EF68A, 0xDFA2F613, 0xDFEAF5A6, 0xE03EF539, 0xE09BF4CC, 0xE109F468, 0xE183F408, 0xE203F3A7,
	0xE294F34D, 0xE337F2FD, 0xE3DFF2AF, 0xE492F267, 0xE556F226, 0xE628F1EB, 0xE703F1B6, 0xE7EDF18C, 0xE8E1F16A, 0xE9DDF14A, 0xEAE5F12F,
	0xEBF9F120, 0xED18F11B, 0xEE40F11D, 0xEF71F125, 0xF0AAF133, 0xF1ECF14D, 0xF336F16F, 0xF487F197, 0xF5DEF1C7, 0xF73DF202, 0xF8A3F247,
	0xFA0DF292, 0xFB79F2E2, 0xFCEAF33B, 0xFE60F39D, 0xFFD8F404, 0x014FF471, 0x02C9F4E9, 0x0447F569, 0x05C2F5E9, 0x0739F66E, 0x08AFF6FD,
	0x0A22F792, 0x0B93F829, 0x0D04F8C5, 0x0E6EF966, 0x0FCBFA08, 0x1128FAB0, 0x1283FB5E, 0x13D4FC0B, 0x151BFCB8, 0x165CFD68, 0x1790FE17,
	0x18B6FEC4, 0x19D8FF76, 0x1AF10028, 0x1BF900D4, 0x1CF4017F, 0x1DE8022D, 0x1ECF02D7, 0x1FA6037B, 0x206D041C, 0x212804BD, 0x21D50558,
	0x227405EE, 0x23050680, 0x2386070D, 0x23F60794, 0x24580814, 0x24AB088D, 0x24EE0900, 0x2522096D, 0x254609D4, 0x255A0A34, 0x255E0A8C,
	0x25540ADD, 0x253C0B27, 0x25150B6A, 0x24DE0BA4, 0x249A0BD5, 0x24470C00, 0x23E60C24, 0x23780C3F, 0x22FE0C53, 0x22760C61, 0x21E40C68,
	0x21460C67, 0x209C0C5C, 0x1FE40C4A, 0x1F240C36, 0x1E5C0C1C, 0x1D8A0BF9, 0x1CAC0BCE, 0x1BC80B9F, 0x1ADE0B6D, 0x19EC0B36, 0x18F20AF9,
	0x17F30AB8, 0x16F10A73, 0x15E60A29, 0x14D609DB, 0x13C2098B, 0x12AF093A, 0x119A08E6, 0x107E088C, 0x0F5D082F, 0x0E3D07D2, 0x0D1E0775,
	0x0BFB0715, 0x0AD906B4, 0x09B90654, 0x089905F4, 0x07790595, 0x065D0535, 0x054004D2, 0x0421046F, 0x0304040E, 0x01EA03AE, 0x00D2034A,
	0xFFBF02E8, 0xFEB1028B, 0xFDA2022C, 0xFC9401CB, 0xFB8B016D, 0xFA850111, 0xF98200B3, 0xF8830056, 0xF787FFFA, 0xF68BFF9F, 0xF595FF44,
	0xF4A4FEE7, 0xF3B3FE8C, 0xF2C7FE33, 0xF1DFFDD9, 0xF0F8FD78, 0xF016FD19, 0xEF39FCBF, 0xEE5CFC61, 0xED7EFBFC, 0xECA9FB9A, 0xEBD8FB3C,
	0xEB06FAD7, 0xEA38FA71, 0xE971FA0C, 0xE8ACF9A6, 0xE7E8F93B, 0xE728F8CE, 0xE66BF860, 0xE5B1F7F1, 0xE4FCF77E, 0xE44AF709, 0xE39DF694,
	0xE2F2F61C, 0xE247F59F, 0xE1A4F521, 0xE10BF4A8, 0xE075F42D, 0xDFDBF3A9, 0xDF48F323, 0xDEBFF2A3, 0xDE3DF223, 0xDDBEF1A0, 0xDD45F11C,
	0xDCD4F09B, 0xDC6BF01C, 0xDC0AEF9D, 0xDBADEF1B, 0xDB55EE9A, 0xDB09EE1F, 0xDAC9EDA9, 0xDA8DED34, 0xDA5AECC1, 0xDA35EC56, 0xDA1CEBEF,
	0xDA0BEB8C, 0xDA06EB31, 0xDA0DEADE, 0xDA1DEA90, 0xDA39EA48, 0xDA66EA0B, 0xDAA1E9D8, 0xDAE5E9AC, 0xDB36E98B, 0xDB97E975, 0xDC05E969,
	0xDC82E967, 0xDD11E971, 0xDDAEE98A, 0xDE56E9AE, 0xDF0EE9E0, 0xDFDAEA23, 0xE0B4EA73, 0xE19AEACD, 0xE290EB39, 0xE39AEBB6, 0xE4B2EC42,
	0xE5D6ECD7, 0xE709ED7B, 0xE84CEE32, 0xE99EEEFB, 0xEB00EFD2, 0xEC70F0B7, 0xEDEBF1A9, 0xEF72F2A9, 0xF10AF3BC, 0xF2B0F4DD, 0xF45EF60A,
	0xF616F744, 0xF7DAF88C, 0xF9A5F9DF, 0xFB7BFB3E, 0xFD60FCAE, 0xFF4CFE27, 0x0137FFA5, 0x0329012D, 0x052402C0, 0x07210456, 0x092305F4,
	0x0B2A079D, 0x0D300948, 0x0F320AF3, 0x11390CA5, 0x13410E59, 0x15401008, 0x173A11B6, 0x19341367, 0x1B291518, 0x1D1716C4, 0x1EFE1868,
	0x20DD1A07, 0x22B01B9F, 0x24751D2C, 0x262C1EAC, 0x27DA2024, 0x297E2193, 0x2B1022F5, 0x2C902446, 0x2E03258A, 0x2F6326BE, 0x30AF27DE,
	0x31EB28EF, 0x331429EC, 0x34232AD4, 0x351D2BA7, 0x36042C68, 0x36D52D12, 0x378C2DA4, 0x382B2E1F, 0x38B12E81, 0x39212ECB, 0x39792EFD,
	0x39B52F14, 0x39D82F12, 0x39E32EF9, 0x39D42EC5, 0x39A92E75, 0x39662E0B, 0x390B2D8C, 0x38952CF5, 0x38042C43, 0x37592B74, 0x36972A8D,
	0x35BE2990, 0x34CB287A, 0x33BE274C, 0x329C2608, 0x316324AE, 0x3013233D, 0x2EB021B9, 0x2D392024, 0x2BAA1E7A, 0x2A091CC0, 0x285B1AF9,
	0x2698191F, 0x24C01734, 0x22DD153E, 0x20EC133B, 0x1EE9112C, 0x1CDB0F16, 0x1AC60CFA, 0x18A40AD1, 0x167608A3, 0x14420672, 0x1204043D,
	0x0FC10205, 0x0D7DFFD0, 0x0B34FD9B, 0x08E4FB65, 0x0694F933, 0x0444F706, 0x01F4F4DF, 0xFFA9F2C0, 0xFD5FF0A9, 0xFB14EE97, 0xF8D0EC91,
	0xF697EA9B, 0xF463E8B0, 0xF232E6CE, 0xF00CE4FB, 0xEDF0E339, 0xEBDDE187, 0xE9D6DFE6, 0xE7DBDE56, 0xE5EEDCDA, 0xE412DB75, 0xE240DA1F,
	0xE079D8D8, 0xDEC5D7A9, 0xDD24D695, 0xDB90D595, 0xDA0BD4A7, 0xD89CD3CE, 0xD73DD30A, 0xD5EED25F, 0xD4B2D1CC, 0xD388D14C, 0xD271D0E0,
	0xD170D08C, 0xD082D04F, 0xCFA6D026, 0xCEDFD014, 0xCE29D015, 0xCD84D029, 0xCCF4D052, 0xCC78D090, 0xCC0ED0DF, 0xCBB6D141, 0xCB72D1B4,
	0xCB41D239, 0xCB22D2D2, 0xCB15D37A, 0xCB18D42E, 0xCB2ED4EF, 0xCB54D5C1, 0xCB89D6A0, 0xCBCFD789, 0xCC28D87E, 0xCC8FD97F, 0xCD03DA8C,
	0xCD89DBA3, 0xCE1BDCBF, 0xCEBADDE3, 0xCF6ADF13, 0xD029E04B, 0xD0EEE182, 0xD1BFE2BD, 0xD29FE400, 0xD38BE547, 0xD47FE691, 0xD581E7DD,
	0xD68CE92A, 0xD79FEA79, 0xD8BCEBCC, 0xD9E5ED23, 0xDB16EE76, 0xDC4FEFC9, 0xDD8DF11B, 0xDED2F26B, 0xE01EF3B6, 0xE173F502, 0xE2D0F650,
	0xE432F79C, 0xE596F8E2, 0xE6FFFA24, 0xE871FB67, 0xE9EAFCA7, 0xEB65FDE3, 0xECE4FF1C, 0xEE690055, 0xEFF10189, 0xF17B02B6, 0xF30503DE,
	0xF4920505, 0xF625062E, 0xF7BD0755, 0xF9530875, 0xFAE8098E, 0xFC820AA6, 0xFE1D0BBB, 0xFFB60CCC, 0x01510DDC, 0x02F00EEA, 0x048D0FF3,
	0x062610F8, 0x07C011FB, 0x095912FB, 0x0AEF13F7, 0x0C8514F1, 0x0E1815E7, 0x0FA816D9, 0x113717C9, 0x12BF18B5, 0x1441199C, 0x15C31A82,
	0x17431B65, 0x18B81C3F, 0x1A271D14, 0x1B941DE9, 0x1CFC1EBB, 0x1E5D1F87, 0x1FB5204D, 0x2101210A, 0x224221BF, 0x23802272, 0x24B6231F,
	0x25E023C3, 0x27012463, 0x281824FC, 0x291F2588, 0x2A19260A, 0x2B0E268A, 0x2BF82701, 0x2CD1276B, 0x2D9B27CA, 0x2E57281D, 0x2F042865,
	0x2FA528A4, 0x303828D9, 0x30B828FE, 0x312B2918, 0x31932928, 0x31E7292A, 0x3225291A, 0x32552900, 0x327928DA, 0x328928A3, 0x3287285C,
	0x32752809, 0x325227A6, 0x321D2735, 0x31D726B4, 0x31812625, 0x31182585, 0x309F24D6, 0x3016241B, 0x2F7A2352, 0x2ECF227A, 0x2E142193,
	0x2D49209D, 0x2C6E1F98, 0x2B811E86, 0x2A841D68, 0x297A1C3E, 0x28641B06, 0x274019C3, 0x260F1876, 0x24D0171D, 0x238415B7, 0x222D144A,
	0x20CD12D7, 0x1F61115B, 0x1DE90FD5, 0x1C6A0E49, 0x1AE20CB6, 0x194E0B1D, 0x17B70983, 0x161D07EC, 0x1478064B, 0x12CC04A3, 0x112002FD,
	0x0F72015D, 0x0DBDFFBC, 0x0C07FE1C, 0x0A52FC7D, 0x0899FAE0, 0x06DFF948, 0x0529F7B6, 0x0376F62B, 0x01C4F4A7, 0x0012F328, 0xFE61F1B0,
	0xFCB6F043, 0xFB12EEE3, 0xF974ED89, 0xF7DAEC39, 0xF647EAF6, 0xF4BAE9C0, 0xF336E895, 0xF1B9E778, 0xF044E668, 0xEED8E567, 0xED7AE475,
	0xEC21E38E, 0xEACEE2B4, 0xE989E1EB, 0xE851E131, 0xE71EE084, 0xE5F6DFE9, 0xE4E0DF5D, 0xE3D4DEDC, 0xE2D1DE6C, 0xE1DCDE11, 0xE0F0DDC2,
	0xE00EDD7B, 0xDF39DD44, 0xDE74DD20, 0xDDB8DD08, 0xDD08DCFA, 0xDC63DCFA, 0xDBC8DD06, 0xDB38DD1C, 0xDAB5DD3E, 0xDA3EDD6C, 0xD9D1DDA4,
	0xD970DDE5, 0xD91ADE30, 0xD8CEDE86, 0xD88CDEE5, 0xD851DF44, 0xD81FDFA9, 0xD7FCE019, 0xD7E0E091, 0xD7CCE109, 0xD7C2E184, 0xD7C2E206,
	0xD7C7E28B, 0xD7D5E314, 0xD7EEE39E, 0xD80DE428, 0xD832E4B3, 0xD85BE53E, 0xD88CE5C9, 0xD8C7E655, 0xD90BE6E5, 0xD953E772, 0xD99EE7F8,
	0xD9F0E87D, 0xDA4AE903, 0xDAA9E988, 0xDB0FEA0B, 0xDB7AEA8B, 0xDBE9EB08, 0xDC5DEB82, 0xDCD5EBF7, 0xDD52EC6B, 0xDDD9ECE2, 0xDE66ED58,
	0xDEF2EDC4, 0xDF80EE2A, 0xE019EE96, 0xE0BBEF05, 0xE161EF6F, 0xE208EFD2, 0xE2B3F036, 0xE367F09F, 0xE420F107, 0xE4D9F166, 0xE596F1C6,
	0xE663F230, 0xE736F29D, 0xE805F304, 0xE8DAF36C, 0xE9BEF3DE, 0xEAA3F452, 0xEB87F4C3, 0xEC74F539, 0xED6CF5B6, 0xEE67F636, 0xEF69F6BB,
	0xF071F746, 0xF17EF7D6, 0xF290F86A, 0xF3A9F906, 0xF4C7F9A9, 0xF5EBFA53, 0xF716FB02, 0xF845FBB5, 0xF977FC70, 0xFAB0FD34, 0xFBEFFDFD,
	0xFD31FECD, 0xFE7BFFA9, 0xFFCC0090, 0x011E0178, 0x02740264, 0x03CE0359, 0x05280455, 0x06830556, 0x07E8065E, 0x0952076E, 0x0ABA0882,
	0x0C21099B, 0x0D8D0ABB, 0x0EF90BDF, 0x10600D02, 0x11C90E27, 0x13350F53, 0x14A21083, 0x160C11B5, 0x177412E7, 0x18D61417, 0x1A331546,
	0x1B901677, 0x1CEB17A6, 0x1E3F18D2, 0x1F8E19FB, 0x20D81B21, 0x221B1C42, 0x23551D5E, 0x24851E72, 0x25AC1F7F, 0x26CF2088, 0x27ED218D,
	0x28FC2286, 0x29FF2375, 0x2AFB245D, 0x2BEB253A, 0x2CCB2609, 0x2DA126CD, 0x2E6A2786, 0x2F242832, 0x2FD128D1, 0x30722964, 0x310229E7,
	0x31832A5C, 0x31F72AC3, 0x325B2B19, 0x32AD2B63, 0x32F02B9E, 0x33202BC7, 0x33402BDE, 0x33532BE8, 0x33552BE3, 0x33412BC9, 0x331C2BA1,
	0x32EA2B6E, 0x32A32B27, 0x32492ACC, 0x31DF2A63, 0x316529EB, 0x30D72962, 0x303B28CA, 0x2F8F2824, 0x2ED12770, 0x2DFF26AC, 0x2D1B25D7,
	0x2C2724F3, 0x2B252406, 0x2A14230E, 0x28F42208, 0x27C620F4, 0x26881FD4, 0x25391EA9, 0x23DC1D73, 0x22711C31, 0x20F81AE5, 0x1F751993,
	0x1DE9183C, 0x1C4E16D9, 0x1AA7156D, 0x18F813FC, 0x173E1283, 0x15781102, 0x13A90F7E, 0x11D50DF9, 0x0FFB0C70, 0x0E190AE1, 0x0C31094E,
	0x0A4107B9, 0x084C0623, 0x0653048A, 0x045502F0, 0x0258015A, 0x005AFFC7, 0xFE58FE30, 0xFC54FC98, 0xFA53FB04, 0xF851F974, 0xF64EF7E5,
	0xF451F659, 0xF258F4D0, 0xF05DF34B, 0xEE68F1CC, 0xEC7CF053, 0xEA91EEDA, 0xE8ADED68, 0xE6D4EC01, 0xE501EA9E, 0xE331E93E, 0xE16DE7E8,
	0xDFB7E69D, 0xDE07E553, 0xDC5DE40F, 0xDAC5E2D7, 0xD93AE1AA, 0xD7B8E082, 0xD645DF63, 0xD4E2DE50, 0xD389DD46, 0xD23EDC44, 0xD106DB4D,
	0xCFDDDA5E, 0xCEC0D978, 0xCDB5D89F, 0xCCBDD7D0, 0xCBD3D70A, 0xCAFDD650, 0xCA3CD5A4, 0xC98CD503, 0xC8EBD46A, 0xC85ED3E0, 0xC7E6D362,
	0xC77ED2EF, 0xC72DD28B, 0xC6F0D234, 0xC6C1D1E3, 0xC6A6D1A0, 0xC6A7D16F, 0xC6BCD14C, 0xC6DDD12F, 0xC712D120, 0xC75DD120, 0xC7BBD12D,
	0xC82FD146, 0xC8B9D172, 0xC954D1AC, 0xC9FFD1F1, 0xCAC1D241, 0xCB93D29E, 0xCC74D30B, 0xCD6CD389, 0xCE79D413, 0xCF92D4A6, 0xD0B8D547,
	0xD1F4D5FB, 0xD341D6BA, 0xD49BD783, 0xD605D85C, 0xD77FD945, 0xD903DA36, 0xDA96DB35, 0xDC39DC42, 0xDDE4DD5A, 0xDF98DE7B, 0xE15BDFAA,
	0xE329E0E6, 0xE4FEE22C, 0xE6DFE37D, 0xE8C9E4D9, 0xEAB6E63D, 0xECA7E7AA, 0xEE9FE921, 0xF09FEAA3, 0xF2A3EC2C, 0xF4ACEDBD, 0xF6B5EF54,
	0xF8BFF0F1, 0xFACDF297, 0xFCDBF442, 0xFEE5F5EF, 0x00F2F7A3, 0x02FEF95E, 0x0504FB1A, 0x0703FCD6, 0x0901FE95, 0x0AFD0056, 0x0CF10218,
	0x0EDF03DB, 0x10C6059D, 0x12A5075E, 0x147B091A, 0x16470AD4, 0x180B0C8C, 0x19C50E44, 0x1B750FF5, 0x1D16119D, 0x1EAC1341, 0x203814E2,
	0x21B61679, 0x23241803, 0x24851989, 0x25DA1B0B, 0x271F1C7F, 0x28541DE5, 0x297C1F44, 0x2A922099, 0x2B9621E0, 0x2C8E2318, 0x2D772446,
	0x2E4C2568, 0x2F0F267A, 0x2FC4277F, 0x30682874, 0x30F8295A, 0x31782A30, 0x31EC2AFA, 0x324A2BB2, 0x32932C59, 0x32CE2CEF, 0x32FF2D78,
	0x331A2DEF, 0x33232E57, 0x331E2EB0, 0x33082EF3, 0x32DE2F23, 0x32A72F47, 0x32642F5D, 0x320D2F5D, 0x31A52F4A, 0x31342F2B, 0x30B22EFB,
	0x301F2EB8, 0x2F842E68, 0x2EDC2E0D, 0x2E1F2D9D, 0x2D532D1A, 0x2C822C8C, 0x2BA82BF4, 0x2ABF2B4E, 0x29C92A97, 0x28C929D2, 0x27BE28FD,
	0x26A8281D, 0x25892733, 0x2462263D, 0x2332253D, 0x21FB2432, 0x20BB231B, 0x1F7321FC, 0x1E2420D6, 0x1CCF1FA5, 0x1B731E6B, 0x1A111D29,
	0x18A81BE1, 0x173A1A93, 0x15CA193F, 0x145817E7, 0x12E01688, 0x11601524, 0x0FDE13BD, 0x0E5E1254, 0x0CDB10E8, 0x0B550F78, 0x09CC0E08,
	0x08410C95, 0x06B50B22, 0x052B09AF, 0x039F083B, 0x021206C7, 0x00860554, 0xFEFB03E0, 0xFD6F026B, 0xFBE800FD, 0xFA66FF96, 0xF8E2FE2F,
	0xF75EFCC7, 0xF5DEFB63, 0xF460FA02, 0xF2E1F8A6, 0xF169F750, 0xEFFBF600, 0xEE8EF4B3, 0xED22F36A, 0xEBBBF228, 0xEA5CF0EB, 0xE900EFB3,
	0xE7AAEE81, 0xE658ED54, 0xE50FEC2E, 0xE3CEEB11, 0xE292E9F9, 0xE15CE8E7, 0xE02DE7DD, 0xDF07E6DC, 0xDDEAE5E2, 0xDCD8E4F1, 0xDBCEE407,
	0xDAC8E323, 0xD9CCE249, 0xD8DDE17A, 0xD7F8E0B1, 0xD71EDFF0, 0xD650DF39, 0xD58BDE8B, 0xD4D0DDE5, 0xD422DD47, 0xD382DCB5, 0xD2EDDC2C,
	0xD265DBAE, 0xD1ECDB3A, 0xD17EDACE, 0xD11DDA6D, 0xD0CDDA1B, 0xD08CD9D2, 0xD054D98E, 0xD02AD956, 0xD013D92E, 0xD00DD910, 0xD014D8F9,
	0xD02CD8F1, 0xD054D8F7, 0xD08AD907, 0xD0CED91F, 0xD123D944, 0xD18AD976, 0xD201D9B5, 0xD287DA00, 0xD31CDA55, 0xD3C3DAB7, 0xD47ADB27,
	0xD541DBA2, 0xD618DC29, 0xD6FEDCBA, 0xD7F2DD57, 0xD8F7DE03, 0xDA0EDEBB, 0xDB32DF7D, 0xDC5FE047, 0xDD9CE11F, 0xDEEBE205, 0xE046E2F3,
	0xE1AAE3EA, 0xE31CE4ED, 0xE4A0E5FD, 0xE62EE717, 0xE7C3E837, 0xE961E960, 0xEB0BEA91, 0xECBFEBCA, 0xEE7AED0D, 0xF03DEE59, 0xF207EFAB,
	0xF3DAF101, 0xF5B2F25C, 0xF78CF3BD, 0xF96BF523, 0xFB50F690, 0xFD39F801, 0xFF20F972, 0x0107FAE2, 0x02F1FC55, 0x04DBFDCC, 0x06C1FF44,
	0x08A700BD, 0x0A8C0233, 0x0C6C03A5, 0x0E430515, 0x10170684, 0x11E507EF, 0x13AB0954, 0x156B0AB5, 0x17260C11, 0x18D40D66, 0x1A760EB3,
	0x1C0E0FFC, 0x1D9E113B, 0x1F20126E, 0x2095139A, 0x21FF14C1, 0x235915DA, 0x24A216E3, 0x25DF17E6, 0x270F18E0, 0x282E19CA, 0x293B1AA3,
	0x2A381B74, 0x2B241C3C, 0x2BFE1CF4, 0x2CCA1D9B, 0x2D841E36, 0x2E281EC4, 0x2EBA1F43, 0x2F3B1FB1, 0x2FAA2012, 0x30052066, 0x304F20AC,
	0x308720E1, 0x30AD2109, 0x30C12124, 0x30C12130, 0x30AE212D, 0x3089211B, 0x305120FC, 0x300820D1, 0x2FB1209C, 0x2F4B205B, 0x2ED2200D,
	0x2E471FB1, 0x2DAA1F48, 0x2CFD1ED3, 0x2C441E55, 0x2B7D1DCF, 0x2AA61D41, 0x29C31CA8, 0x28D41C06, 0x27D61B5C, 0x26C91AAA, 0x25B319F2,
	0x24931932, 0x23641869, 0x222C179F, 0x20F116D5, 0x1FAC1604, 0x1E59152B, 0x1D001453, 0x1BA2137B, 0x1A3A129C, 0x18CB11BB, 0x175B10DD,
	0x15E71000, 0x146C0F1F, 0x12F00E3E, 0x11710D61, 0x0FEB0C85, 0x0E630BAA, 0x0CDF0AD3, 0x0B5909FD, 0x09CF0929, 0x08440858, 0x06BC078B,
	0x053706C4, 0x03B50603, 0x02320544, 0x00B00488, 0xFF3303D2, 0xFDBC0323, 0xFC450276, 0xFACF01CB, 0xF95F012A, 0xF7F90090, 0xF697FFFA,
	0xF538FF66, 0xF3DEFED6, 0xF28BFE4E, 0xF13FFDCC, 0xEFF8FD4D, 0xEEB4FCCF, 0xED7BFC57, 0xEC50FBE7, 0xEB29FB7D, 0xEA03FB12, 0xE8E5FAAB,
	0xE7D3FA49, 0xE6C9F9EA, 0xE5C5F98E, 0xE4CAF935, 0xE3D8F8E0, 0xE2ECF88B, 0xE209F837, 0xE132F7E8, 0xE065F79A, 0xDF9DF74A, 0xDEDCF6FA,
	0xDE27F6AC, 0xDD7AF660, 0xDCD4F613, 0xDC38F5C8, 0xDBA7F57C, 0xDB1DF52D, 0xDA9CF4DD, 0xDA26F48E, 0xD9B8F43E, 0xD950F3EB, 0xD8F5F398,
	0xD8A6F344, 0xD85BF2ED, 0xD819F295, 0xD7E4F23E, 0xD7B7F1E2, 0xD78FF183, 0xD773F124, 0xD765F0C6, 0xD75FF065, 0xD75FF001, 0xD769EF9C,
	0xD77DEF38, 0xD79DEED2, 0xD7C8EE6C, 0xD7FAEE05, 0xD835ED9E, 0xD87CED39, 0xD8CFECD4, 0xD927EC6C, 0xD989EC07, 0xD9FBEBA8, 0xDA79EB4C,
	0xDAFCEAEE, 0xDB88EA92, 0xDC22EA3A, 0xDCC8E9E8, 0xDD75E99A, 0xDE2CE950, 0xDEEFE90B, 0xDFC1E8CD, 0xE09DE896, 0xE180E865, 0xE26CE83A,
	0xE368E817, 0xE46FE7FE, 0xE57CE7EE, 0xE694E7E7, 0xE7B9E7E7, 0xE8E7E7EF, 0xEA1EE803, 0xEB60E826, 0xECAEE854, 0xEE05E88A, 0xEF64E8C9,
	0xF0CBE916, 0xF23CE973, 0xF3B6E9DC, 0xF536EA4F, 0xF6BDEACD, 0xF850EB5A, 0xF9EAEBF5, 0xFB87EC9A, 0xFD2AED49, 0xFED4EE07, 0x0083EED1,
	0x0234EFA6, 0x03EBF088, 0x05A7F178, 0x0762F270, 0x091EF372, 0x0ADFF480, 0x0CA3F59A, 0x0E65F6BC, 0x1023F7E6, 0x11DFF918, 0x139BFA52,
	0x1553FB92, 0x1704FCD7, 0x18B3FE23, 0x1A61FF76, 0x1C0700CD, 0x1DA10223, 0x1F34037D, 0x20C204DC, 0x2248063C, 0x23BF079A, 0x252A08F4,
	0x268B0A4D, 0x27E00BA3, 0x29260CF6, 0x2A600E44, 0x2B8D0F8F, 0x2CA910D3, 0x2DB4120D, 0x2EAF133E, 0x2F9A1469, 0x3072158C, 0x313616A1,
	0x31E917A9, 0x328B18A7, 0x3317199D, 0x338F1A86, 0x33F51B5F, 0x34471C28, 0x34811CE2, 0x34A71D8C, 0x34B91E25, 0x34B41EAE, 0x349C1F29,
	0x34721F97, 0x34331FF0, 0x33DA2035, 0x336B206A, 0x32EB2091, 0x325820A6, 0x31AF20A8, 0x30F1209A, 0x3020207C, 0x2F41204F, 0x2E4F2010,
	0x2D441FBF, 0x2C271F5F, 0x2B011EF2, 0x29CC1E75, 0x28801DE6, 0x27251D49, 0x25BF1CA1, 0x244C1BEC, 0x22CA1B2B, 0x213D1A5D, 0x1FA61984,
	0x1E0318A1, 0x1C5517B8, 0x1A9B16C4, 0x18D915C4, 0x171514C0, 0x154C13B8, 0x137912A9, 0x119F1191, 0x0FC31076, 0x0DE30F59, 0x0C000E37,
	0x0A1D0D12, 0x08370BEC, 0x064E0AC6, 0x046909A0, 0x02870879, 0x00A50753, 0xFEC30631, 0xFCE50512, 0xFB0B03EF, 0xF93202CE, 0xF76101B7,
	0xF59A00A7, 0xF3D8FF98, 0xF219FE8B, 0xF060FD85, 0xEEAEFC83, 0xED05FB86, 0xEB66FA8E, 0xE9CFF99F, 0xE83EF8B7, 0xE6BAF7D7, 0xE542F6FC,
	0xE3D2F625, 0xE26AF554, 0xE10FF48C, 0xDFBDF3CB, 0xDE76F30E, 0xDD3BF257, 0xDC0DF1A9, 0xDAE8F101, 0xD9CEF05E, 0xD8C0EFC2, 0xD7C0EF2C,
	0xD6CCEE9C, 0xD5E4EE10, 0xD508ED8A, 0xD438ED0C, 0xD373EC93, 0xD2B9EC1D, 0xD20BEBAB, 0xD16CEB3F, 0xD0DDEADA, 0xD058EA77, 0xCFDDEA18,
	0xCF70E9BE, 0xCF10E967, 0xCEBBE913, 0xCE72E8C4, 0xCE37E87C, 0xCE0BE838, 0xCDEAE7F6, 0xCDD4E7B8, 0xCDCBE77E, 0xCDCFE748, 0xCDE1E716,
	0xCE02E6EA, 0xCE2FE6C2, 0xCE66E69D, 0xCEAAE67C, 0xCEFDE663, 0xCF5CE64E, 0xCFC4E63B, 0xD03DE62F, 0xD0C6E62C, 0xD15BE62F, 0xD1FAE638,
	0xD2A8E647, 0xD362E65C, 0xD428E677, 0xD4FCE69A, 0xD5DFE6C6, 0xD6CCE6F9, 0xD7C7E736, 0xD8D2E77D, 0xD9E7E7CA, 0xDB05E81F, 0xDC32E881,
	0xDD6EE8EE, 0xDEB5E963, 0xE006E9E0, 0xE165EA69, 0xE2D1EAFE, 0xE448EB9E, 0xE5CAEC49, 0xE754ECFE, 0xE8E9EDBC, 0xEA8BEE87, 0xEC37EF60,
	0xEDEBF044, 0xEFA9F130, 0xF170F225, 0xF33FF326, 0xF517F433, 0xF6F8F54E, 0xF8E0F672, 0xFACCF79D, 0xFCBEF8D1, 0xFEB6FA10, 0x00B3FB5A,
	0x02B5FCAA, 0x04B9FE01, 0x06C0FF60, 0x08CC00C9, 0x0AD80236, 0x0CE303A6, 0x0EEF051C, 0x10FC069A, 0x1309081D, 0x151409A0, 0x17180B23,
	0x19160CA7, 0x1B150E2D, 0x1D130FB4, 0x1F051138, 0x20EC12B7, 0x22CF1437, 0x24AF15B3, 0x26801728, 0x28461897, 0x2A041A04, 0x2BB61B68,
	0x2D581CC0, 0x2EF11E11, 0x307D1F59, 0x31F72093, 0x335F21C1, 0x34BA22E5, 0x360423FC, 0x373A2502, 0x386125F9, 0x397626E0, 0x3A7427B7,
	0x3B5D287D, 0x3C322930, 0x3CF229CE, 0x3DA02A5B, 0x3E372AD8, 0x3EB42B41, 0x3F192B92, 0x3F682BCD, 0x3FA02BF4, 0x3FC32C09, 0x3FD02C0A,
	0x3FC12BF2, 0x3F942BC0, 0x3F522B7A, 0x3EFD2B23, 0x3E8E2AB5, 0x3E012A2C, 0x3D5E298F, 0x3CA528DF, 0x3BD6281A, 0x3AED273E, 0x39EB264F,
	0x38D2254E, 0x37A52438, 0x3660230D, 0x350321CF, 0x33922081, 0x32101F24, 0x30791DB5, 0x2ECA1C36, 0x2D091AAA, 0x2B391910, 0x29561768,
	0x276115B5, 0x255E13F6, 0x234C122C, 0x212C1059, 0x1F000E7F, 0x1CC70C9C, 0x1A7F0AAF, 0x182C08BE, 0x15D406CD, 0x137404DA, 0x110A02E1,
	0x0E9900E7, 0x0C26FEEF, 0x09AFFCF9, 0x0732FB03, 0x04B0F90F, 0x0230F721, 0xFFB4F53B, 0xFD37F356, 0xFAB7F175, 0xF83AEF9E, 0xF5C6EDD6,
	0xF356EC16, 0xF0EBEA5B, 0xEE88E8AD, 0xEC2DE70E, 0xE9D9E57A, 0xE78FE3F2, 0xE551E279, 0xE31DE10F, 0xE0F7DFB4, 0xDEE0DE69, 0xDCD6DD2D,
	0xDAD7DC02, 0xD8E9DAE8, 0xD70DD9E0, 0xD541D8E9, 0xD385D804, 0xD1DCD732, 0xD045D671, 0xCEC2D5C3, 0xCD53D528, 0xCBF8D49F, 0xCAAFD428,
	0xC97AD3C2, 0xC85CD371, 0xC754D331, 0xC660D303, 0xC582D2E6, 0xC4BAD2DC, 0xC407D2E1, 0xC368D2F7, 0xC2E3D321, 0xC274D35C, 0xC219D3A4,
	0xC1D4D3FD, 0xC1A8D467, 0xC191D4DF, 0xC18DD564, 0xC1A0D5F8, 0xC1C8D69A, 0xC204D747, 0xC256D802, 0xC2BFD8CB, 0xC33AD99D, 0xC3CADA7B,
	0xC46EDB65, 0xC524DC57, 0xC5EBDD52, 0xC6C9DE5C, 0xC7B9DF6F, 0xC8B6E085, 0xC9C6E1A0, 0xCAEAE2C6, 0xCC1DE3F6, 0xCD5EE52B, 0xCEAFE666,
	0xD00FE7A3, 0xD17BE8E6, 0xD2F8EA32, 0xD482EB83, 0xD615ECD6, 0xD7B6EE2A, 0xD965EF83, 0xDB1CF0DE, 0xDCDDF23D, 0xDEA9F39F, 0xE07DF500,
	0xE258F662, 0xE43EF7C8, 0xE629F930, 0xE817FA97, 0xEA0FFBFD, 0xEC0FFD65, 0xEE0FFECC, 0xF0100031, 0xF21A0196, 0xF42702FA, 0xF632045B,
	0xF83E05BC, 0xFA4F071B, 0xFC5E0877, 0xFE6B09D2, 0x00770B2B, 0x02810C7C, 0x04870DCA, 0x068B0F18, 0x088D1063, 0x0A8811A7, 0x0C7F12E6,
	0x0E731424, 0x105F155B, 0x12421689, 0x141E17B1, 0x15F218D5, 0x17BE19F2, 0x19821B09, 0x1B3D1C1A, 0x1CEC1D21, 0x1E8E1E20, 0x20261F19,
	0x21B3200A, 0x233520F1, 0x24AC21CE, 0x261422A4, 0x276D2371, 0x28BA2434, 0x29FA24EA, 0x2B272593, 0x2C482634, 0x2D5F26CE, 0x2E62275B,
	0x2F5027D9, 0x3033284A, 0x310928B0, 0x31CB290A, 0x327B295A, 0x331F299D, 0x33B229D1, 0x343229F7, 0x349F2A11, 0x34FE2A1E, 0x354F2A20,
	0x358F2A15, 0x35BA29F9, 0x35D129CC, 0x35DC2996, 0x35D82954, 0x35C02902, 0x359A28A2, 0x35662838, 0x351F27C2, 0x34C62739, 0x345F26A0,
	0x33EB2600, 0x33682557, 0x32D5249F, 0x323023D5, 0x317C2300, 0x30C12227, 0x2FF92140, 0x2F1E2049, 0x2E341F48, 0x2D441E44, 0x2C471D35,
	0x2B3B1C17, 0x2A241AF1, 0x290319C4, 0x27D6188D, 0x269D174F, 0x255C1609, 0x241414BE, 0x22C4136D, 0x21681216, 0x200210B6, 0x1E950F50,
	0x1D220DE8, 0x1BA80C7E, 0x1A260B0F, 0x189E099B, 0x17100826, 0x157E06B2, 0x13E7053C, 0x124A03C2, 0x10A80248, 0x0F0500CE, 0x0D5EFF55,
	0x0BB2FDDE, 0x0A04FC69, 0x0854FAF5, 0x06A3F981, 0x04F1F812, 0x033EF6A8, 0x0187F53D, 0xFFD2F3D6, 0xFE20F277, 0xFC6BF11D, 0xFAB5EFC6,
	0xF906EE77, 0xF758ED2F, 0xF5A8EBE9, 0xF3FBEAAA, 0xF256E976, 0xF0B2E849, 0xEF0EE720, 0xED70E600, 0xEBDAE4EB, 0xEA47E3DD, 0xE8B7E2D6,
	0xE72EE1DA, 0xE5ACE0E6, 0xE431DFFC, 0xE2BCDF1B, 0xE14BDE44, 0xDFE4DD77, 0xDE89DCB5, 0xDD36DBFD, 0xDBE7DB4D, 0xDAA2DAA8, 0xD96BDA10,
	0xD83CD983, 0xD714D900, 0xD5F9D886, 0xD4ECD819, 0xD3E7D7B7, 0xD2EED762, 0xD206D719, 0xD128D6D8, 0xD051D6A2, 0xCF8CD67A, 0xCED9D65C,
	0xCE30D648, 0xCD91D641, 0xCD03D646, 0xCC86D652, 0xCC19D66B, 0xCBB8D693, 0xCB66D6C6, 0xCB26D702, 0xCAF7D74A, 0xCAD4D79D, 0xCABED7F9,
	0xCABED85F, 0xCAD2D8D3, 0xCAF0D952, 0xCB1DD9DC, 0xCB60DA6F, 0xCBB1DB09, 0xCC0FDBAD, 0xCC81DC5F, 0xCD06DD1B, 0xCD9ADDDE, 0xCE3CDEAA,
	0xCEEFDF81, 0xCFB2E061, 0xD087E149, 0xD169E238, 0xD257E330, 0xD357E433, 0xD46DE53F, 0xD58FE651, 0xD6B9E768, 0xD7F4E887, 0xD940E9AD,
	0xDA95EAD7, 0xDBF5EC08, 0xDD65ED41, 0xDEE4EE81, 0xE06FEFC7, 0xE203F111, 0xE39EF25E, 0xE547F3B0, 0xE6FBF507, 0xE8B6F65F, 0xEA77F7BC,
	0xEC44F91F, 0xEE17FA82, 0xEFEEFBE3, 0xF1CFFD4B, 0xF3BBFEB7, 0xF5A60021, 0xF7920188, 0xF98702F5, 0xFB810463, 0xFD7905CB, 0xFF720732,
	0x017108A0, 0x036E0A0A, 0x05670B6B, 0x07630CCB, 0x09610E2E, 0x0B5A0F90, 0x0D4C10E7, 0x0F3C123A, 0x112D138C, 0x131614DB, 0x14FA1622,
	0x16D91764, 0x18B118A0, 0x1A7E19D6, 0x1C431B04, 0x1E011C2C, 0x1FB81D4C, 0x21651E65, 0x23071F77, 0x249C207F, 0x2628217E, 0x27A82274,
	0x2918235F, 0x2A7A243F, 0x2BD22516, 0x2D1F25E5, 0x2E5B26AB, 0x2F872765, 0x30A32811, 0x31B228B2, 0x32B12949, 0x339B29D1, 0x34732A4A,
	0x35422ABC, 0x35FF2B24, 0x36A42B7A, 0x37372BC1, 0x37BF2C00, 0x38332C33, 0x38902C55, 0x38E02C6C, 0x39202C77, 0x39482C73, 0x395B2C60,
	0x395D2C3F, 0x394D2C12, 0x392D2BDA, 0x38FE2B96, 0x38B82B42, 0x385D2AE1, 0x37F02A72, 0x377329F5, 0x36E3296E, 0x364628E0, 0x35972844,
	0x34D32796, 0x33FF26DE, 0x331F261F, 0x322D2551, 0x31282475, 0x30142393, 0x2EF222A9, 0x2DC121B1, 0x2C8320AE, 0x2B391FA6, 0x29E31E96,
	0x287F1D7B, 0x270E1C58, 0x258F1B30, 0x240419FE, 0x227018C3, 0x20D61785, 0x1F331643, 0x1D8414F9, 0x1BC913A6, 0x1A081252, 0x184310FC,
	0x16790FA2, 0x14A70E42, 0x12CF0CDE, 0x10F30B79, 0x0F120A12, 0x0D2A08A9, 0x0B40073E, 0x095A05D6, 0x0772046D, 0x057F02FF, 0x038D0192,
	0x01A5002C, 0xFFBBFEC8, 0xFDCBFD60, 0xFBE0FBF9, 0xF9FBFA98, 0xF815F939, 0xF630F7DB, 0xF450F67E, 0xF274F525, 0xF09EF3D6, 0xEED0F28C,
	0xED04F140, 0xEB3BEFF6, 0xE97CEEB7, 0xE7C6ED7F, 0xE616EC48, 0xE46EEB18, 0xE2CFE9F2, 0xE137E8CF, 0xDFA8E7AF, 0xDE25E697, 0xDCA8E586,
	0xDB34E47B, 0xD9CFE379, 0xD874E27F, 0xD720E18A, 0xD5DAE09C, 0xD4A3DFB7, 0xD375DEDA, 0xD253DE04, 0xD140DD35, 0xD038DC6E, 0xCF3BDBB1,
	0xCE4EDAFE, 0xCD6FDA52, 0xCC9DD9AC, 0xCBD9D90F, 0xCB22D87B, 0xCA78D7F0, 0xC9DFD76F, 0xC959D6F8, 0xC8DFD689, 0xC871D624, 0xC814D5C9,
	0xC7C8D576, 0xC78CD52D, 0xC75ED4EE, 0xC73DD4B9, 0xC730D48E, 0xC737D46F, 0xC749D458, 0xC767D448, 0xC798D444, 0xC7DFD450, 0xC836D466,
	0xC899D483, 0xC90DD4AA, 0xC990D4DE, 0xCA24D51F, 0xCACAD56A, 0xCB81D5BF, 0xCC47D620, 0xCD1CD68D, 0xCE02D706, 0xCEF9D78C, 0xCFFFD81D,
	0xD112D8B7, 0xD235D95D, 0xD36ADA11, 0xD4ADDACF, 0xD5FEDB99, 0xD75CDC6F, 0xD8C8DD51, 0xDA40DE3B, 0xDBC7DF32, 0xDD5FE038, 0xDF01E14A,
	0xE0ACE264, 0xE265E389, 0xE42BE4B9, 0xE5FAE5F3, 0xE7D3E739, 0xE9B6E889, 0xEBA1E9E3, 0xED94EB44, 0xEF92ECB0, 0xF197EE25, 0xF39EEFA1,
	0xF5AAF124, 0xF7C1F2AF, 0xF9DEF442, 0xFBFCF5DC, 0xFE1DF77F, 0x0043F928, 0x0266FAD1, 0x048BFC81, 0x06B3FE38, 0x08D8FFEF, 0x0AF701A4,
	0x0D1C0362, 0x0F410526, 0x115906E2, 0x13670899, 0x15780A58, 0x17880C1B, 0x198D0DD6, 0x1B870F8A, 0x1D79113E, 0x1F6112F1, 0x2140149D,
	0x23161640, 0x24DE17DD, 0x26981975, 0x28461B05, 0x29E71C8C, 0x2B781E09, 0x2CFB1F7C, 0x2E6D20E3, 0x2FCF223F, 0x31232393, 0x326324D8,
	0x338E260B, 0x34A72730, 0x35AF2848, 0x36A42952, 0x37882A4F, 0x38562B3A, 0x390A2C11, 0x39A82CD4, 0x3A372D8B, 0x3AB32E32, 0x3B162EC4,
	0x3B612F42, 0x3B992FAE, 0x3BBD300B, 0x3BCB3053, 0x3BBE3080, 0x3B9B309A, 0x3B6830A7, 0x3B2130A5, 0x3AC2308A, 0x3A4F305D, 0x39C9301F,
	0x392C2FCD, 0x38782F65, 0x37B42EEC, 0x36DC2E63, 0x35F22DC8, 0x34F72D1B, 0x33EA2C5E, 0x32CA2B90, 0x319C2AB3, 0x305E29C4, 0x2F0B28C5,
	0x2DAD27BF, 0x2C4726B1, 0x2ACF2590, 0x2945245C, 0x27B32320, 0x261A21E1, 0x24762095, 0x22C61F3D, 0x210A1DDB, 0x1F461C74, 0x1D7F1B0A,
	0x1BB31998, 0x19DE181F, 0x180216A3, 0x16251526, 0x144413A3, 0x1260121E, 0x107B109B, 0x0E930F18, 0x0CAB0D94, 0x0AC80C12, 0x08E20A91,
	0x06FA0911, 0x05160795, 0x0338061C, 0x015C04A7, 0xFF850339, 0xFDB301D1, 0xFBE4006C, 0xFA19FF0C, 0xF858FDB8, 0xF6A1FC6B, 0xF4EFFB23,
	0xF341F9E0, 0xF19AF8A7, 0xEFFEF779, 0xEE6DF653, 0xECE4F534, 0xEB60F41C, 0xE9E7F310, 0xE87DF20F, 0xE71CF116, 0xE5C3F023, 0xE471EF38,
	0xE32BEE58, 0xE1F4ED83, 0xE0C8ECB7, 0xDFA2EBEF, 0xDE86EB2F, 0xDD79EA7E, 0xDC7AE9D4, 0xDB82E92F, 0xDA96E892, 0xD9B5E7FE, 0xD8DCE770,
	0xD80EE6E8, 0xD74FE669, 0xD69DE5F4, 0xD5F3E582, 0xD551E512, 0xD4BBE4AB, 0xD433E44D, 0xD3B6E3F5, 0xD340E39E, 0xD2D6E34D, 0xD27AE303,
	0xD228E2BF, 0xD1DEE27E, 0xD19FE241, 0xD16AE208, 0xD140E1D2, 0xD123E1A4, 0xD110E17B, 0xD106E154, 0xD105E130, 0xD112E115, 0xD12CE102,
	0xD150E0EF, 0xD17BE0DD, 0xD1AFE0D1, 0xD1F1E0CE, 0xD240E0CF, 0xD29AE0D4, 0xD2FFE0E2, 0xD36FE0F4, 0xD3E6E109, 0xD468E123, 0xD4F9E14A,
	0xD597E178, 0xD63DE1AA, 0xD6F0E1E2, 0xD7B0E225, 0xD87AE26F, 0xD94EE2C1, 0xDA2FE31C, 0xDB1EE37F, 0xDC19E3EC, 0xDD1CE462, 0xDE27E4E0,
	0xDF3FE566, 0xE068E5F9, 0xE19CE696, 0xE2D6E73A, 0xE41CE7E9, 0xE56FE8A7, 0xE6CDE96E, 0xE834EA3B, 0xE9A6EB12, 0xEB20EBF7, 0xECA2ECE6,
	0xEE30EDDD, 0xEFC7EEDD, 0xF165EFEA, 0xF30AF101, 0xF4BAF21E, 0xF66FF342, 0xF827F46F, 0xF9E9F5A7, 0xFBB2F6E6, 0xFD7EF82C, 0xFF4BF97A,
	0x0121FACF, 0x02FAFC26, 0x04CFFD80, 0x06A6FEE0, 0x08840046, 0x0A6301AD, 0x0C3C0317, 0x0E130483, 0x0FE805ED, 0x11BB0755, 0x138E08C2,
	0x15600A31, 0x17260B95, 0x18E30CF5, 0x1A9E0E57, 0x1C4F0FB4, 0x1DF41104, 0x1F931250, 0x212D1399, 0x22B814D7, 0x2438160C, 0x25AE173B,
	0x2714185C, 0x286B196F, 0x29B51A78, 0x2AF01B76, 0x2C1B1C66, 0x2D361D47, 0x2E411E1B, 0x2F381EE2, 0x301F1F99, 0x30F4203F, 0x31B320D4,
	0x3262215B, 0x32FF21D2, 0x33872234, 0x33FA2286, 0x345A22C9, 0x34A222F8, 0x34D52315, 0x34F72323, 0x3501231C, 0x34F42300, 0x34D622D8,
	0x34A622A1, 0x34592255, 0x33FA21F7, 0x338B218E, 0x33032113, 0x32662086, 0x31BC1FED, 0x30FE1F45, 0x30251E8C, 0x2F3C1DC5, 0x2E431CF2,
	0x2D351C11, 0x2C171B25, 0x2AEC1A30, 0x29AE192E, 0x285D1822, 0x2701170F, 0x259815F3, 0x242114D0, 0x229D13A7, 0x210A1277, 0x1F6B113F,
	0x1DC61004, 0x1C150EC5, 0x1A570D82, 0x18940C40, 0x16CC0AFD, 0x14F809B6, 0x131B086E, 0x1140072A, 0x0F6305EA, 0x0D7F04AA, 0x0B98036D,
	0x09AE0232, 0x07C200F8, 0x05D4FFC4, 0x03E7FE97, 0x01FBFD70, 0x0016FC51, 0xFE36FB3A, 0xFC54FA27, 0xFA74F91B, 0xF89DF817, 0xF6CBF71C,
	0xF4FBF62A, 0xF334F542, 0xF176F463, 0xEFBFF38B, 0xEE11F2BD, 0xEC6EF1FC, 0xEAD3F144, 0xE941F092, 0xE7BBEFEB, 0xE642EF50, 0xE4D4EEC1,
	0xE372EE3A, 0xE21FEDBD, 0xE0D5ED47, 0xDF95ECDC, 0xDE66EC7C, 0xDD48EC25, 0xDC37EBD6, 0xDB32EB90, 0xDA3EEB56, 0xD958EB21, 0xD87EEAF3,
	0xD7B5EAD1, 0xD6FDEAB8, 0xD652EAA3, 0xD5B8EA94, 0xD530EA91, 0xD4B3EA94, 0xD442EA96, 0xD3E5EAA0, 0xD39CEAB4, 0xD35EEACE, 0xD32AEAE9,
	0xD308EB08, 0xD2F8EB2D, 0xD2F6EB57, 0xD301EB84, 0xD31AEBB6, 0xD345EBEE, 0xD37DEC28, 0xD3BFEC61, 0xD40FEC9D, 0xD471ECDE, 0xD4E0ED24,
	0xD558ED6B, 0xD5DFEDB2, 0xD674EDFB, 0xD710EE43, 0xD7B6EE8E, 0xD86CEEDC, 0xD92FEF2D, 0xD9FBEF81, 0xDAD3EFD9, 0xDBB7F030, 0xDCA1F084,
	0xDD92F0DB, 0xDE8FF137, 0xDF96F194, 0xE0A5F1F0, 0xE1BDF253, 0xE2DCF2B7, 0xE3FFF319, 0xE52AF37B, 0xE661F3E5, 0xE79DF451, 0xE8DBF4BC,
	0xEA1FF52A, 0xEB6EF59E, 0xECC0F615, 0xEE12F68C, 0xEF6BF706, 0xF0CAF784, 0xF228F802, 0xF388F885, 0xF4EFF90E, 0xF65AF99A, 0xF7C4FA28,
	0xF930FABA, 0xFA9DFB4F, 0xFC0AFBE5, 0xFD7AFC81, 0xFEEAFD23, 0x0057FDC6, 0x01C3FE6B, 0x0332FF16, 0x049FFFC4, 0x06090074, 0x076E0125,
	0x08D301D9, 0x0A380294, 0x0B9B0352, 0x0CF60411, 0x0E4F04D3, 0x0FA40595, 0x10F20656, 0x123C071B, 0x138507E6, 0x14C508AD, 0x15FA096F,
	0x172E0A38, 0x18610B08, 0x19880BD2, 0x1AA50C95, 0x1BBE0D5A, 0x1CCE0E1E, 0x1DD40EE1, 0x1ED90FA4, 0x1FD01060, 0x20B61116, 0x219911CC,
	0x22781281, 0x2349132E, 0x240D13D7, 0x24CC147E, 0x257F151D, 0x262315B2, 0x26BD1643, 0x274E16CF, 0x27D31753, 0x284F17D1, 0x28BD1846,
	0x291A18AE, 0x29701911, 0x29BB196E, 0x29F519BE, 0x2A231A06, 0x2A491A48, 0x2A601A7D, 0x2A671AA7, 0x2A671ACA, 0x2A581AE2, 0x2A381AEB,
	0x2A0F1AEB, 0x29DC1AE4, 0x29971AD3, 0x29461AB7, 0x28ED1A90, 0x28831A5D, 0x280B1A20, 0x278919DB, 0x26FC1989, 0x2660192C, 0x25BA18C9,
	0x2507185B, 0x244717DF, 0x237F175D, 0x22AD16D5, 0x21CA1641, 0x20DF15A3, 0x1FEC14FE, 0x1EEC1451, 0x1DE0139D, 0x1CCF12E4, 0x1BB41223,
	0x1A8A1157, 0x195A1087, 0x18250FB3, 0x16E50ED8, 0x159C0DF5, 0x144F0D11, 0x12FC0C2B, 0x119F0B3E, 0x103A0A4B, 0x0ED10954, 0x0D63085B,
	0x0BF00762, 0x0A780667, 0x08FD056B, 0x077D046D, 0x05F9036B, 0x04700267, 0x02E70167, 0x015D0069, 0xFFCFFF69, 0xFE42FE68, 0xFCB5FD69,
	0xFB26FC6D, 0xF996FB71, 0xF806FA77, 0xF677F97D, 0xF4EBF885, 0xF363F793, 0xF1DCF6A5, 0xF057F5B8, 0xEED8F4CF, 0xED5EF3EB, 0xEBE4F309,
	0xEA6CF22A, 0xE8FBF151, 0xE793F07E, 0xE632EFAF, 0xE4D4EEE3, 0xE37CEE1A, 0xE22FED59, 0xE0ECEC9F, 0xDFB0EBEA, 0xDE7AEB38, 0xDD4DEA8D,
	0xDC2BE9E9, 0xDB12E949, 0xDA01E8AD, 0xD8FDE818, 0xD807E78E, 0xD71CE70B, 0xD63AE68C, 0xD564E613, 0xD49DE5A0, 0xD3E1E534, 0xD332E4D0,
	0xD291E472, 0xD1FDE41B, 0xD177E3CC, 0xD100E386, 0xD098E347, 0xD03DE30D, 0xCFF0E2DC, 0xCFB3E2B4, 0xCF85E295, 0xCF68E27B, 0xCF58E266,
	0xCF56E259, 0xCF67E259, 0xCF87E261, 0xCFB4E26D, 0xCFF0E27F, 0xD03FE29E, 0xD09EE2C5, 0xD10AE2F3, 0xD185E329, 0xD212E368, 0xD2AFE3B0,
	0xD359E3FE, 0xD410E455, 0xD4D5E4B4, 0xD5A9E51B, 0xD68DE586, 0xD77FE5FB, 0xD880E67B, 0xD98DE703, 0xDAA8E790, 0xDBD1E825, 0xDD05E8C2,
	0xDE43E966, 0xDF8EEA10, 0xE0E6EAC2, 0xE247EB7B, 0xE3B2EC3C, 0xE52BED04, 0xE6ABEDD2, 0xE831EEA4, 0xE9C4EF7F, 0xEB61F05F, 0xED01F143,
	0xEEA9F22F, 0xF05AF320, 0xF20EF412, 0xF3C9F50B, 0xF58FF60E, 0xF755F712, 0xF919F815, 0xFAE6F921, 0xFCB7FA32, 0xFE86FB41, 0x0059FC54,
	0x0230FD6F, 0x0405FE8A, 0x05D7FFA3, 0x07AE00C1, 0x098401E3, 0x0B550306, 0x0D250428, 0x0EF10549, 0x10B70668, 0x127E078B, 0x144408B2,
	0x160009D5, 0x17B30AF5, 0x19650C14, 0x1B110D31, 0x1CB40E4D, 0x1E4E0F68, 0x1FE3107F, 0x216F1192, 0x22F312A4, 0x246A13B2, 0x25D714BB,
	0x273E15C3, 0x289916C4, 0x29E417BE, 0x2B2818B4, 0x2C6319A8, 0x2D8C1A92, 0x2EA41B74, 0x2FB51C52, 0x30BA1D2A, 0x31AE1DF9, 0x32941EC1,
	0x336A1F80, 0x34312036, 0x34EC20E5, 0x3597218C, 0x362F2228, 0x36B922BB, 0x37332345, 0x379923C3, 0x37EF2438, 0x383A24A4, 0x38722502,
	0x38932554, 0x38A2259B, 0x38A325D5, 0x38932603, 0x38722629, 0x383F2645, 0x37F72650, 0x37A0264D, 0x3737263E, 0x36B92621, 0x362A25F8,
	0x358D25C4, 0x34DC2583, 0x34182532, 0x334424D2, 0x325C2465, 0x316423EE, 0x3060236E, 0x2F4A22DB, 0x2E1E2235, 0x2CE52189, 0x2B9F20D5,
	0x2A45200E, 0x28DB1F38, 0x27691E59, 0x25E71D70, 0x24531C78, 0x22B41B74, 0x21081A68, 0x1F4E194F, 0x1D8A182B, 0x1BBC16FD, 0x19E015C6,
	0x17FA1487, 0x160C133E, 0x141411EA, 0x1212108D, 0x100B0F2D, 0x0DFE0DC5, 0x0BE80C56, 0x09CC0AE2, 0x07AD0969, 0x058807E8, 0x03610663,
	0x013804DF, 0xFF0C0356, 0xFCDC01C7, 0xFAAB0035, 0xF87AFEA3, 0xF64BFD13, 0xF421FB83, 0xF1F8F9F4, 0xEFD1F866, 0xEDAEF6D9, 0xEB90F54D,
	0xE976F3C5, 0xE764F241, 0xE558F0C1, 0xE352EF45, 0xE156EDCF, 0xDF63EC60, 0xDD77EAF4, 0xDB94E98E, 0xD9BFE832, 0xD7F6E6E0, 0xD639E595,
	0xD48AE451, 0xD2E9E317, 0xD14FE1E6, 0xCFC3E0BF, 0xCE4CDFA4, 0xCCE6DE94, 0xCB8BDD8E, 0xCA40DC96, 0xC90ADBA9, 0xC7E4DAC6, 0xC6CED9F0,
	0xC5CCD929, 0xC4DAD86C, 0xC3F8D7BB, 0xC32BD71A, 0xC274D688, 0xC1CFD600, 0xC13FD586, 0xC0C4D51D, 0xC05AD4C1, 0xC004D470, 0xBFC4D430,
	0xBF97D402, 0xBF7FD3DE, 0xBF7CD3C6, 0xBF8FD3BD, 0xBFB7D3C7, 0xBFF7D3E2, 0xC048D407, 0xC0A8D435, 0xC11FD472, 0xC1AFD4C2, 0xC251D51E,
	0xC306D588, 0xC3D3D603, 0xC4B3D68A, 0xC5A4D71D, 0xC6A9D7C0, 0xC7C3D86F, 0xC8EED92A, 0xCA2CD9F4, 0xCB7EDACB, 0xCCDDDBAB, 0xCE4EDC96,
	0xCFD4DD92, 0xD168DE9A, 0xD30BDFAB, 0xD4C0E0C8, 0xD686E1F3, 0xD856E327, 0xDA34E464, 0xDC22E5AB, 0xDE1DE6FC, 0xE023E85A, 0xE235E9C0,
	0xE453EB2D, 0xE67CECA1, 0xE8ADEE1E, 0xEAE4EFA2, 0xED24F12E, 0xEF6FF2C2, 0xF1BFF45A, 0xF413F5F6, 0xF670F79A, 0xF8D1F943, 0xFB32FAEF,
	0xFD97FC9F, 0xFFFEFE52, 0x02640004, 0x04CB01B8, 0x07370373, 0x09A0052E, 0x0C0206E6, 0x0E61089D, 0x10BD0A53, 0x13130C06, 0x15650DB7,
	0x17AF0F63, 0x19EF110B, 0x1C2912B0, 0x1E5B1450, 0x208315E9, 0x229F177E, 0x24B1190D, 0x26B51A91, 0x28A91C09, 0x2A8E1D78, 0x2C661EDF,
	0x2E34203F, 0x2FF22195, 0x319822D9, 0x3329240F, 0x34AF253B, 0x3624265A, 0x37822769, 0x38CE286B, 0x3A082960, 0x3B292A41, 0x3C342B12,
	0x3D2D2BD5, 0x3E102C89, 0x3EDB2D2A, 0x3F912DBA, 0x402F2E38, 0x40B82EA5, 0x412D2F01, 0x41882F48, 0x41C92F7A, 0x41F42F9B, 0x420B2FAE,
	0x42092FAC, 0x41F02F96, 0x41C22F6D, 0x417B2F33, 0x411C2EE6, 0x40A92E88, 0x40212E17, 0x3F842D94, 0x3ED32D03, 0x3E0B2C60, 0x3D2B2BAB,
	0x3C3A2AE5, 0x3B382A0F, 0x3A1F292A, 0x38F52836, 0x37B92736, 0x366B2626, 0x350E2507, 0x33A223DC, 0x322222A3, 0x3092215F, 0x2EFB2013,
	0x2D571EBD, 0x2B9F1D5B, 0x29DB1BF1, 0x28131A81, 0x263F1907, 0x245E1785, 0x227315FF, 0x207E146E, 0x1E8212D9, 0x1C851146, 0x1A830FB3,
	0x18770E17, 0x16640C76, 0x144F0AD7, 0x12350939, 0x101C079B, 0x0E0505FE, 0x0BEA0460, 0x09CD02C5, 0x07B1012E, 0x0595FF98, 0x0379FE04,
	0x0161FC77, 0xFF4EFAF1, 0xFD3CF96E, 0xFB2EF7F0, 0xF928F67C, 0xF727F50F, 0xF52BF3A7, 0xF336F247, 0xF147F0EE, 0xEF5BEF9B, 0xED7BEE54,
	0xEBA6ED18, 0xE9D6EBE1, 0xE80DEAB2, 0xE652E991, 0xE4A2E87C, 0xE2F7E76C, 0xE157E664, 0xDFC6E56C, 0xDE40E47F, 0xDCC4E39C, 0xDB53E2C3,
	0xD9EFE1F4, 0xD898E12F, 0xD74EE074, 0xD60EDFC5, 0xD4DDDF23, 0xD3BCDE8C, 0xD2A7DDFD, 0xD19DDD78, 0xD0A1DD00, 0xCFB5DC94, 0xCED5DC30,
	0xCE03DBD7, 0xCD42DB8B, 0xCC90DB47, 0xCBEDDB0D, 0xCB59DADF, 0xCAD1DABB, 0xCA55DA9E, 0xC9ECDA8D, 0xC994DA87, 0xC947DA89, 0xC90ADA97,
	0xC8E0DAB0, 0xC8C3DAD1, 0xC8B3DAF8, 0xC8B2DB29, 0xC8C1DB64, 0xC8DFDBA7, 0xC90EDBF6, 0xC94DDC50, 0xC99ADCB1, 0xC9F5DD19, 0xCA5FDD89,
	0xCAD7DE03, 0xCB5FDE87, 0xCBF9DF15, 0xCCA0DFA9, 0xCD54E044, 0xCE17E0E8, 0xCEE6E193, 0xCFC2E247, 0xD0B1E305, 0xD1AEE3CB, 0xD2B5E496,
	0xD3C8E56A, 0xD4EDE64A, 0xD61EE72E, 0xD759E816, 0xD8A1E908, 0xD9F8EA02, 0xDB59EB03, 0xDCC5EC09, 0xDE3BED17, 0xDFBCEE2A, 0xE148EF43,
	0xE2DCF062, 0xE479F187, 0xE622F2B3, 0xE7D5F3E5, 0xE98DF519, 0xEB4BF651, 0xED13F790, 0xEEE2F8D2, 0xF0B5FA16, 0xF28EFB5D, 0xF46DFCA8,
	0xF650FDF7, 0xF837FF48, 0xFA1E0097, 0xFC0801E5, 0xFDF50338, 0xFFE6048F, 0x01D605E2, 0x03C40733, 0x05AF0881, 0x079909CE, 0x09840B18,
	0x0B6C0C5F, 0x0D510DA5, 0x0F310EE8, 0x110C1025, 0x12DF1159, 0x14AD1289, 0x167613B6, 0x183414DB, 0x19EA15F5, 0x1B991708, 0x1D3D1814,
	0x1ED51916, 0x20641A11, 0x21EA1B01, 0x23611BE4, 0x24CA1CBB, 0x26271D89, 0x27761E49, 0x28B61EFC, 0x29EB1FA7, 0x2B0E2044, 0x2C1F20D0,
	0x2D22214F, 0x2E1521C1, 0x2EF72226, 0x2FC9227C, 0x308822C4, 0x313022FB, 0x31CA2325, 0x32582341, 0x32CD2347, 0x3329233E, 0x337A232E,
	0x33C02312, 0x33EC22E0, 0x33FF229D, 0x3405224F, 0x33FA21F3, 0x33DA2189, 0x33A52112, 0x3361208E, 0x330D1FFC, 0x32A61F5E, 0x32291EB3,
	0x319B1DFB, 0x31001D3A, 0x30541C70, 0x2F941B99, 0x2EC61AB7, 0x2DEC19CF, 0x2CFF18DD, 0x2C0217E1, 0x2AF916E0, 0x29E515DB, 0x28C314D1,
	0x279413BF, 0x265912A7, 0x2511118D, 0x23BD1071, 0x22610F50, 0x20FE0E2D, 0x1F910D0B, 0x1E1A0BEA, 0x1C9A0AC7, 0x1B1609A3, 0x198D0883,
	0x17FD0764, 0x16660646, 0x14CD052C, 0x13320419, 0x1193030A, 0x0FF001FD, 0x0E4900F3, 0x0CA1FFF0, 0x0AFCFEF6, 0x0959FE03, 0x07B4FD14,
	0x0610FC2D, 0x0470FB4F, 0x02D0FA77, 0x0130F9A5, 0xFF97F8DC, 0xFE04F81D, 0xFC72F764, 0xFAE4F6B3, 0xF95FF60D, 0xF7E1F570, 0xF665F4D9,
	0xF4F0F44B, 0xF385F3C6, 0xF220F349, 0xF0C1F2D3, 0xEF6AF266, 0xEE1DF200, 0xECD8F1A2, 0xEB9BF14B, 0xEA67F0FC, 0xE93EF0B5, 0xE81FF073,
	0xE708F037, 0xE5FAF000, 0xE4F8EFCF, 0xE400EFA3, 0xE311EF7D, 0xE22DEF5F, 0xE155EF44, 0xE086EF2A, 0xDFC1EF14, 0xDF0AEF05, 0xDE5EEEF8,
	0xDDB8EEEB, 0xDD1DEEE2, 0xDC90EEDE, 0xDC0EEEDA, 0xDB95EED6, 0xDB26EED4, 0xDAC3EED5, 0xDA6CEED9, 0xDA22EEDD, 0xD9DFEEDE, 0xD9A4EEDF,
	0xD977EEE4, 0xD958EEEE, 0xD942EEF5, 0xD934EEF9, 0xD930EEFD, 0xD936EF03, 0xD945EF08, 0xD95FEF0D, 0xD985EF13, 0xD9B6EF1B, 0xD9F0EF22,
	0xDA33EF28, 0xDA7EEF30, 0xDAD3EF3A, 0xDB34EF45, 0xDB9CEF4E, 0xDC0CEF58, 0xDC88EF67, 0xDD0CEF79, 0xDD98EF88, 0xDE2CEF98, 0xDECAEFAC,
	0xDF72EFC5, 0xE01FEFDF, 0xE0D0EFF9, 0xE18DF017, 0xE258F03F, 0xE329F068, 0xE3F8F08F, 0xE4CFF0BA, 0xE5B5F0EF, 0xE6A3F12B, 0xE791F166,
	0xE888F1A7, 0xE989F1F0, 0xEA8DF23D, 0xEB91F28A, 0xEC9DF2DE, 0xEDB5F33D, 0xEED0F3A2, 0xEFEEF40A, 0xF110F477, 0xF235F4E9, 0xF35FF562,
	0xF48FF5E4, 0xF5C5F66C, 0xF6FCF6F7, 0xF836F78A, 0xF974F824, 0xFAB0F8C0, 0xFBECF95F, 0xFD2FFA09, 0xFE79FABB, 0xFFBFFB6F, 0x0103FC26,
	0x024AFCE5, 0x0390FDA7, 0x04D6FE6C, 0x0620FF38, 0x07670006, 0x08A900D4, 0x09EC01A8, 0x0B310283, 0x0C6E035C, 0x0DA70434, 0x0EE40512,
	0x101E05F5, 0x114E06D3, 0x127E07B2, 0x13AD0894, 0x14D50977, 0x15F40A57, 0x17100B34, 0x18250C0C, 0x19330CE4, 0x1A3D0DBD, 0x1B430E94,
	0x1C410F66, 0x1D361033, 0x1E2210FB, 0x1F0611BF, 0x1FE51281, 0x20BA133D, 0x218413F1, 0x224514A0, 0x2300154B, 0x23AD15EB, 0x244F1682,
	0x24EB1715, 0x257D17A2, 0x26001822, 0x26771898, 0x26E51908, 0x27471971, 0x279B19CE, 0x27E41A21, 0x28231A6C, 0x28581AAF, 0x287E1AE6,
	0x28941B10, 0x289D1B32, 0x289C1B4B, 0x288D1B56, 0x286F1B53, 0x28471B4B, 0x28141B3A, 0x27CD1B19, 0x27771AEB, 0x27181AB5, 0x26AC1A73,
	0x262F1A25, 0x25A719CF, 0x25141971, 0x24731907, 0x23C31891, 0x23081812, 0x223D1787, 0x216516F0, 0x20821651, 0x1F9415AC, 0x1E9614FA,
	0x1D8B143D, 0x1C761377, 0x1B5912AD, 0x1A3211DB, 0x18FE1100, 0x17BD101B, 0x16710F2F, 0x151E0E3E, 0x13C20D47, 0x125A0C48, 0x10EA0B43,
	0x0F770A3C, 0x0DFD0930, 0x0C75081C, 0x0AE60703, 0x095405E7, 0x07BA04C7, 0x061A03A4, 0x047A0280, 0x02D9015C, 0x012F0035, 0xFF83FF0D,
	0xFDD9FDE7, 0xFC2DFCC0, 0xFA79FB94, 0xF8C4FA68, 0xF718F942, 0xF56CF81E, 0xF3BEF6F9, 0xF211F5D5, 0xF068F4B6, 0xEEC5F39D, 0xED27F288,
	0xEB8DF174, 0xE9F7F063, 0xE868EF59, 0xE6E0EE55, 0xE560ED56, 0xE3E9EC5E, 0xE27AEB6E, 0xE112EA82, 0xDFB6E99C, 0xDE67E8C2, 0xDD20E7EF,
	0xDBE0E71F, 0xDAAEE657, 0xD98FE59E, 0xD87CE4F0, 0xD774E448, 0xD67AE3A8, 0xD58DE311, 0xD4B0E285, 0xD3E5E205, 0xD329E191, 0xD27CE127,
	0xD1DDE0C6, 0xD14FE06E, 0xD0D1E022, 0xD068DFE5, 0xD010DFB5, 0xCFC5DF8A, 0xCF8BDF69, 0xCF66DF57, 0xCF52DF53, 0xCF50DF5B, 0xCF62DF6F,
	0xCF87DF8F, 0xCFBADFB9, 0xCFFFDFEE, 0xD056E031, 0xD0BEE07E, 0xD135E0D2, 0xD1C1E136, 0xD261E1A9, 0xD30EE225, 0xD3C7E2A7, 0xD494E337,
	0xD576E3D8, 0xD666E480, 0xD761E530, 0xD870E5EC, 0xD98FE6B6, 0xDABAE786, 0xDBF0E85F, 0xDD37E944, 0xDE8AEA30, 0xDFE7EB23, 0xE153EC21,
	0xE2CCED2A, 0xE44FEE3A, 0xE5DBEF4F, 0xE773F06E, 0xE913F195, 0xEABBF2BF, 0xEC6DF3F1, 0xEE29F52A, 0xEFEBF66A, 0xF1B3F7AF, 0xF382F8F6,
	0xF554FA41, 0xF72CFB91, 0xF909FCE6, 0xFAE7FE3B, 0xFCC6FF92, 0xFEAB00EE, 0x0091024D, 0x027503AB, 0x045C050A, 0x0645066A, 0x082807C7,
	0x0A080924, 0x0BE90A82, 0x0DC90BDE, 0x0FA30D37, 0x11770E8E, 0x13460FE0, 0x150D112B, 0x16D01273, 0x188D13BA, 0x1A4314FC, 0x1BF01635,
	0x1D931766, 0x1F291890, 0x20B519B4, 0x223C1AD1, 0x23B81BE7, 0x25271CF2, 0x26881DF4, 0x27DA1EEB, 0x291F1FD8, 0x2A5820BB, 0x2B842191,
	0x2C9F225B, 0x2DA92319, 0x2EA523CB, 0x2F90246E, 0x306B2506, 0x31382593, 0x31F02610, 0x3293267A, 0x332726D8, 0x33AB272A, 0x34182768,
	0x34722798, 0x34C127BF, 0x34FA27D5, 0x351A27D3, 0x352827C3, 0x352627A6, 0x350C2777, 0x34DD2734, 0x349F26E3, 0x344D2684, 0x33E52616,
	0x336A2596, 0x32DE2506, 0x323D2466, 0x318723B5, 0x30BC22F2, 0x2FDD221F, 0x2EF12143, 0x2DF6205B, 0x2CE51F5C, 0x2BC01E4C, 0x2A8F1D35,
	0x294E1C15, 0x27F81AE2, 0x2692199F, 0x25201854, 0x239E16FD, 0x220B1599, 0x206F142B, 0x1EC812B6, 0x1D111137, 0x1B4F0FB0, 0x19850E22,
	0x17B10C8D, 0x15D10AEF, 0x13E9094E, 0x11FB07A6, 0x100505F9, 0x0E0B044A, 0x0C0E029C, 0x0A0A00EB, 0x0800FF34, 0x05F5FD7F, 0x03EAFBCC,
	0x01DAFA1B, 0xFFCDF86E, 0xFDC3F6C3, 0xFBBAF51A, 0xF9B2F377, 0xF7B1F1DD, 0xF5B1F047, 0xF3B2EEB4, 0xF1BFED2D, 0xEFD8EBB4, 0xEDF4EA41,
	0xEC15E8D6, 0xEA42E777, 0xE87AE623, 0xE6BAE4DA, 0xE508E3A1, 0xE362E276, 0xE1C7E156, 0xE038E046, 0xDEBADF47, 0xDD4ADE56, 0xDBE8DD72,
	0xDA98DCA1, 0xD959DBE3, 0xD829DB35, 0xD70CDA9A, 0xD601DA10, 0xD502D994, 0xD412D927, 0xD337D8CF, 0xD272D88E, 0xD1C1D85D, 0xD122D83C,
	0xD093D82D, 0xD018D831, 0xCFB0D847, 0xCF59D86A, 0xCF15D8A0, 0xCEE8D8ED, 0xCECDD94A, 0xCEC2D9B2, 0xCEC9DA2B, 0xCEE4DAB6, 0xCF10DB51,
	0xCF4DDBF9, 0xCF9EDCB1, 0xCFFEDD76, 0xD06DDE45, 0xD0F1DF24, 0xD184E011, 0xD222E107, 0xD2D0E205, 0xD392E310, 0xD460E425, 0xD53AE542,
	0xD622E66A, 0xD717E79A, 0xD818E8CF, 0xD926EA0A, 0xDA3FEB4B, 0xDB60EC90, 0xDC89EDD8, 0xDDC1EF27, 0xDF04F07A, 0xE04AF1CD, 0xE195F31F,
	0xE2EAF472, 0xE449F5C8, 0xE5AFF71F, 0xE716F871, 0xE880F9C2, 0xE9F4FB15, 0xEB6CFC67, 0xECE4FDB0, 0xEE5DFEF4, 0xEFDC0038, 0xF15C0177,
	0xF2DA02AC, 0xF45C03DF, 0xF5E20512, 0xF765063C, 0xF8E4075A, 0xFA630872, 0xFBE20986, 0xFD5F0A93, 0xFED80B94, 0x004E0C8F, 0x01C20D83,
	0x03320E6D, 0x049D0F4C, 0x06061026, 0x076C10FA, 0x08CB11C2, 0x0A20127D, 0x0B711330, 0x0CC013DF, 0x0E0A1483, 0x0F4B151C, 0x108215AB,
	0x11B31633, 0x12DE16B2, 0x14001725, 0x151A178E, 0x162D17F0, 0x1739184B, 0x183B189C, 0x193418E3, 0x1A23191E, 0x1B081951, 0x1BE6197F,
	0x1CBE19A9, 0x1D8819C4, 0x1E4319D0, 0x1EF919DA, 0x1FAA19E4, 0x204C19E1, 0x20E019D0, 0x216E19BC, 0x21F219A3, 0x2267197D, 0x22D1194E,
	0x2335191A, 0x238E18E1, 0x23D718A0, 0x24171858, 0x244F180A, 0x247A17B6, 0x249B175C, 0x24B116FC, 0x24BB1695, 0x24BA1626, 0x24AD15B2,
	0x24941537, 0x247314B9, 0x244A1437, 0x241213AE, 0x23CD131E, 0x2383128D, 0x233211F8, 0x22D1115B, 0x226610B9, 0x21F61017, 0x217C0F72,
	0x20F40EC6, 0x20650E17, 0x1FCF0D65, 0x1F2F0CB2, 0x1E880BFD, 0x1DDB0B48, 0x1D240A8E, 0x1C6109D0, 0x1B9A0913, 0x1AD10857, 0x1A020798,
	0x192606D6, 0x18460614, 0x17630554, 0x167D0496, 0x159003D8, 0x149C0319, 0x13A4025A, 0x12AB01A0, 0x11B200EB, 0x10B50037, 0x0FB0FF81,
	0x0EA7FECD, 0x0DA1FE1D, 0x0C9BFD71, 0x0B90FCC8, 0x0A85FC24, 0x097AFB85, 0x0871FAEA, 0x076BFA56, 0x0660F9C4, 0x0552F932, 0x0448F8A7,
	0x0345F826, 0x023FF7AB, 0x0138F732, 0x0034F6BD, 0xFF34F650, 0xFE38F5EA, 0xFD3FF58C, 0xFC46F530, 0xFB50F4DA, 0xFA5FF48C, 0xF972F444,
	0xF885F400, 0xF79DF3C1, 0xF6BAF38A, 0xF5DAF359, 0xF4FFF32D, 0xF42AF308, 0xF355F2E6, 0xF281F2C8, 0xF1B8F2B5, 0xF0F4F2A6, 0xF032F298,
	0xEF73F28E, 0xEEB8F28A, 0xEE02F289, 0xED53F28C, 0xECA9F293, 0xEBFFF29C, 0xEB5AF2A9, 0xEAC0F2BC, 0xEA28F2CF, 0xE98FF2E1, 0xE8FCF2F6,
	0xE871F310, 0xE7EAF32A, 0xE766F342, 0xE6E9F35C, 0xE66FF378, 0xE5F8F393, 0xE587F3AF, 0xE51DF3CD, 0xE4B7F3E8, 0xE455F402, 0xE3FAF41C,
	0xE3A0F432, 0xE349F448, 0xE2FCF461, 0xE2B6F478, 0xE26FF489, 0xE22DF499, 0xE1F5F4AA, 0xE1C4F4B8, 0xE197F4C4, 0xE170F4D0, 0xE14EF4DA,
	0xE133F4E1, 0xE11FF4E8, 0xE10FF4ED, 0xE102F4ED, 0xE101F4EE, 0xE10BF4F1, 0xE115F4F0, 0xE124F4EC, 0xE140F4EC, 0xE164F4EB, 0xE18CF4E8,
	0xE1BDF4E5, 0xE1F8F4E4, 0xE238F4E2, 0xE282F4E2, 0xE2D7F4E3, 0xE333F4E4, 0xE393F4E6, 0xE400F4EC, 0xE478F4F5, 0xE4F5F4FF, 0xE579F50B,
	0xE608F51D, 0xE6A1F531, 0xE741F547, 0xE7E9F561, 0xE89EF581, 0xE95CF5A6, 0xEA23F5CF, 0xEAF3F5FE, 0xEBCDF633, 0xECACF66B, 0xED91F6A5,
	0xEE7FF6E5, 0xEF7BF72F, 0xF081F783, 0xF18CF7DB, 0xF298F834, 0xF3ACF892, 0xF4CCF8FB, 0xF5F4F96B, 0xF71EF9DF, 0xF850FA57, 0xF98AFAD7,
	0xFAC9FB5D, 0xFC0AFBE8, 0xFD51FC7B, 0xFE9FFD14, 0xFFEDFDB0, 0x013DFE4F, 0x0294FEF8, 0x03EBFFA4, 0x053F0050, 0x06960101, 0x07F201B9,
	0x094F0275, 0x0AAA0333, 0x0C0403F5, 0x0D5B04B8, 0x0EAF057A, 0x1001063F, 0x11520707, 0x129D07D1, 0x13E40899, 0x15290961, 0x16670A28,
	0x179E0AEF, 0x18CF0BB5, 0x19F90C78, 0x1B1C0D3B, 0x1C370DFA, 0x1D4A0EB6, 0x1E530F6E, 0x1F501021, 0x204210D1, 0x212F117E, 0x22131227,
	0x22E912C8, 0x23B01363, 0x247013FC, 0x2523148D, 0x25C81516, 0x26621599, 0x26EE1615, 0x27691688, 0x27D816F5, 0x283E175E, 0x289517BE,
	0x28DA1812, 0x2912185E, 0x293E18A4, 0x295A18E3, 0x29671919, 0x29661944, 0x29571968, 0x293A1984, 0x2910199A, 0x28D819A5, 0x289219A8,
	0x283D19A3, 0x27D91995, 0x2767197E, 0x26E7195F, 0x265B1937, 0x25C21907, 0x251D18D2, 0x246A1895, 0x23AA184D, 0x22E017FE, 0x220B17A8,
	0x2127174B, 0x203916E8, 0x1F441680, 0x1E43160F, 0x1D371596, 0x1C231518, 0x1B061494, 0x19DD1409, 0x18AD1379, 0x177712E2, 0x16351241,
	0x14EB119B, 0x139D10F3, 0x124D1049, 0x10F50F96, 0x0F940EDC, 0x0E2E0E1E, 0x0CC80D5E, 0x0B5F0C9B, 0x09F00BD1, 0x087A0B01, 0x07030A2F,
	0x058B0957, 0x04100878, 0x02940797, 0x011706B6, 0xFF9B05CF, 0xFE1E04E2, 0xFC9F03F0, 0xFB2002FD, 0xF9A20207, 0xF829010E, 0xF6B30014,
	0xF53DFF17, 0xF3CBFE18, 0xF25EFD15, 0xF0EEFC0C, 0xEF81FB01, 0xEE1EF9F6, 0xECBFF8E9, 0xEB64F7DB, 0xEA10F6CC, 0xE8C0F5BB, 0xE773F4A6,
	0xE630F394, 0xE4F7F282, 0xE3C3F16D, 0xE293F056, 0xE16EEF45, 0xE054EE37, 0xDF3EED23, 0xDE2FEC0F, 0xDD2DEB03, 0xDC38E9FA, 0xDB49E8F0,
	0xDA64E7E9, 0xD989E6E6, 0xD8B8E5E6, 0xD7F5E4ED, 0xD73FE3FA, 0xD692E309, 0xD5F0E21D, 0xD55BE139, 0xD4D1E05C, 0xD454DF86, 0xD3E8DEB7,
	0xD388DDF2, 0xD332DD37, 0xD2EBDC85, 0xD2B2DBDA, 0xD286DB3A, 0xD269DAA8, 0xD259DA21, 0xD258D9A6, 0xD269D939, 0xD287D8D7, 0xD2B0D881,
	0xD2E9D83B, 0xD333D803, 0xD38AD7D9, 0xD3EFD7BE, 0xD463D7B2, 0xD4E4D7B5, 0xD578D7CB, 0xD61BD7F3, 0xD6C9D82A, 0xD786D871, 0xD853D8C8,
	0xD92CD931, 0xDA15D9AE, 0xDB0DDA3C, 0xDC11DADA, 0xDD20DB89, 0xDE3EDC4B, 0xDF6ADD1D, 0xE0A1DDFF, 0xE1E2DEF2, 0xE331DFF8, 0xE48AE10D,
	0xE5EDE230, 0xE75DE366, 0xE8DBE4AE, 0xEA60E604, 0xEBEBE766, 0xED80E8D7, 0xEF1FEA56, 0xF0C4EBE2, 0xF26FED79, 0xF421EF1D, 0xF5DCF0CB,
	0xF79BF284, 0xF95BF444, 0xFB22F60D, 0xFCF0F7E1, 0xFEBDF9BC, 0x0088FB9B, 0x0258FD7E, 0x042DFF67, 0x05FF0153, 0x07D10341, 0x09A10532,
	0x0B700723, 0x0D3E0913, 0x0F060B00, 0x10CA0CEA, 0x128C0ED4, 0x144910BB, 0x15FE1299, 0x17AB146F, 0x1951163E, 0x1AEF1805, 0x1C8719C3,
	0x1E161B7A, 0x1F9A1D26, 0x21161EC4, 0x22862054, 0x23EA21D9, 0x25432351, 0x268E24B8, 0x27CB260D, 0x28FC2752, 0x2A1D2889, 0x2B2F29AE,
	0x2C362AC1, 0x2D2C2BBF, 0x2E112CAB, 0x2EE92D86, 0x2FB12E4C, 0x30642EFC, 0x31092F9B, 0x319D3023, 0x321A3093, 0x328730EF, 0x32E63139,
	0x3333316E, 0x336E318C, 0x33963195, 0x33AA3188, 0x33AB3168, 0x339A3131, 0x337430E5, 0x333F3085, 0x32FA3013, 0x32A12F8C, 0x32342EF0,
	0x31B52E41, 0x31232D80, 0x30832CB0, 0x2FD12BCD, 0x2F0C2AD6, 0x2E3629CE, 0x2D5128B8, 0x2C5A2794, 0x2B542660, 0x2A3D251B, 0x291723C8,
	0x27E5226C, 0x26A32103, 0x25511F8F, 0x23F51E11, 0x228C1C87, 0x21131AF1, 0x1F911956, 0x1E0617B5, 0x1C691609, 0x1AC31459, 0x191912A4,
	0x176410E9, 0x15A60F28, 0x13E20D66, 0x12160BA4, 0x104309DE, 0x0E6C0817, 0x0C8D064D, 0x0AA90484, 0x08C602BF, 0x06E20101, 0x04FAFF43,
	0x030DFD82, 0x011EFBC3, 0xFF32FA0C, 0xFD48F85C, 0xFB5DF6B2, 0xF977F510, 0xF795F374, 0xF5B4F1DD, 0xF3D9F050, 0xF204EECD, 0xF034ED51,
	0xEE69EBDF, 0xECA5EA76, 0xEAEAE919, 0xE93AE7C8, 0xE791E682, 0xE5F0E546, 0xE45DE418, 0xE2D6E2F7, 0xE158E1E2, 0xDFE3E0D9, 0xDE7DDFDE,
	0xDD27DEF1, 0xDBDFDE14, 0xDAA4DD45, 0xD977DC83, 0xD858DBCF, 0xD74ADB2B, 0xD64EDA96, 0xD563DA14, 0xD487D99F, 0xD3B9D935, 0xD2FED8DB,
	0xD253D890, 0xD1B9D855, 0xD137D82C, 0xD0C3D812, 0xD05CD804, 0xD00CD806, 0xCFD0D819, 0xCFA2D838, 0xCF87D869, 0xCF81D8AB, 0xCF8BD8F7,
	0xCFA8D94F, 0xCFD7D9BA, 0xD013DA32, 0xD063DAB3, 0xD0C7DB43, 0xD139DBDF, 0xD1B8DC86, 0xD24ADD39, 0xD2ECDDFA, 0xD3A0DEC9, 0xD463DFA0,
	0xD530E07F, 0xD60CE16B, 0xD6F9E261, 0xD7F2E35E, 0xD8F9E464, 0xDA0DE574, 0xDB29E689, 0xDC52E7A6, 0xDD89E8CC, 0xDEC5E9F7, 0xE009EB23,
	0xE15BEC54, 0xE2B4ED8C, 0xE412EEC7, 0xE577F006, 0xE6E4F148, 0xE857F28C, 0xE9D1F3D1, 0xEB50F51B, 0xECD2F666, 0xEE58F7AE, 0xEFDFF8F4,
	0xF167FA37, 0xF2F0FB78, 0xF47BFCBB, 0xF609FDFE, 0xF797FF3B, 0xF9200073, 0xFAAA01A9, 0xFC3302D9, 0xFDB50401, 0xFF350525, 0x00B70649,
	0x02360766, 0x03AC0878, 0x051D0982, 0x06890A87, 0x07EF0B86, 0x094D0C7C, 0x0AA90D6A, 0x0C020E52, 0x0D4F0F2E, 0x0E8C0FFE, 0x0FC610C8,
	0x10FE118A, 0x122B1240, 0x134D12EE, 0x14681395, 0x1576142E, 0x167914BA, 0x17781541, 0x186F15C0, 0x19591631, 0x1A361695, 0x1B0916EF,
	0x1BD51744, 0x1C98178F, 0x1D4C17CD, 0x1DF417FF, 0x1E921826, 0x1F241844, 0x1FAE185C, 0x2030186D, 0x20A61871, 0x210F186A, 0x216D1859,
	0x21BF183E, 0x2206181B, 0x224317F0, 0x227417BC, 0x229A1781, 0x22B9173F, 0x22CF16F5, 0x22D916A3, 0x22D8164A, 0x22CD15EA, 0x22B61581,
	0x22921510, 0x2266149A, 0x22341422, 0x21F913A3, 0x21B2131D, 0x21631294, 0x210C1208, 0x20AA1173, 0x203F10D9, 0x1FCC103E, 0x1F510FA1,
	0x1ED00F00, 0x1E470E5D, 0x1DB40DB7, 0x1D1A0D0E, 0x1C7B0C64, 0x1BD50BB9, 0x1B270B0D, 0x1A730A60, 0x19B809B1, 0x18F90903, 0x18340856,
	0x176907A9, 0x169D0700, 0x15CA0656, 0x14ED05AB, 0x14120504, 0x13370463, 0x125403C2, 0x116A0320, 0x10840285, 0x0F9A01EC, 0x0EAA0156,
	0x0DBC00C6, 0x0CCD0039, 0x0BDAFFB0, 0x0AE9FF2E, 0x09F6FEB0, 0x0901FE33, 0x0810FDC1, 0x0720FD56, 0x062DFCEC, 0x053DFC89, 0x0451FC2E,
	0x0361FBD5, 0x0272FB81, 0x018AFB39, 0x00A5FAF8, 0xFFBFFAB9, 0xFEDEFA81, 0xFE03FA53, 0xFD29FA29, 0xFC53FA06, 0xFB83F9EC, 0xFAB5F9D7,
	0xF9E8F9C6, 0xF922F9BB, 0xF863F9BA, 0xF7A7F9BD, 0xF6EDF9C2, 0xF639F9CE, 0xF58DF9E4, 0xF4E8FA01, 0xF446FA1F, 0xF3A8FA41, 0xF310FA69,
	0xF280FA96, 0xF1F4FAC6, 0xF16CFAF9, 0xF0EBFB2F, 0xF070FB6A, 0xEFF8FBA6, 0xEF84FBE3, 0xEF16FC21, 0xEEAFFC62, 0xEE4EFCA3, 0xEDF3FCE6,
	0xED9BFD2B, 0xED48FD6F, 0xECFAFDB2, 0xECB2FDF6, 0xEC6FFE37, 0xEC2DFE71, 0xEBEDFEAA, 0xEBB6FEE6, 0xEB85FF1E, 0xEB50FF4C, 0xEB1EFF77,
	0xEAF9FFA5, 0xEAD5FFCB, 0xEAACFFE7, 0xEA8D0003, 0xEA75001D, 0xEA58002A, 0xEA3E0032, 0xEA2B0039, 0xEA170036, 0xEA030028, 0xE9F9001B,
	0xE9EF0007, 0xE9E1FFE5, 0xE9DBFFBD, 0xE9D5FF92, 0xE9CDFF5D, 0xE9CCFF21, 0xE9CFFEDF, 0xE9CFFE96, 0xE9D3FE47, 0xE9DCFDF2, 0xE9E1FD91,
	0xE9E9FD2B, 0xE9F8FCC4, 0xEA06FC56, 0xEA15FBDF, 0xEA29FB65, 0xEA3FFAE8, 0xEA58FA66, 0xEA75F9E0, 0xEA91F954, 0xEAB2F8C5, 0xEADCF837,
	0xEB05F7A4, 0xEB2DF70E, 0xEB60F67E, 0xEB98F5EC, 0xEBCBF553, 0xEC05F4BB, 0xEC4AF42B, 0xEC90F39B, 0xECDBF30E, 0xED30F285, 0xED84F1FC,
	0xEDDEF179, 0xEE45F101, 0xEEAEF089, 0xEF15F013, 0xEF8AEFAA, 0xF009EF4A, 0xF086EEEB, 0xF10CEE95, 0xF19DEE4C, 0xF22FEE0A, 0xF2C9EDD2,
	0xF36EEDA5, 0xF415ED7E, 0xF4C3ED63, 0xF57CED58, 0xF639ED57, 0xF6FBED61, 0xF7C8ED78, 0xF897ED97, 0xF96AEDC3, 0xFA4AEDFF, 0xFB31EE48,
	0xFC16EE98, 0xFD01EEF5, 0xFDF7EF62, 0xFEF1EFDA, 0xFFEBF05A, 0x00E8F0E7, 0x01EEF183, 0x02FBF22B, 0x0406F2DA, 0x0511F393, 0x0624F45B,
	0x073CF52D, 0x084FF606, 0x0962F6E7, 0x0A79F7D1, 0x0B91F8C6, 0x0CA9F9C1, 0x0DBDFAC1, 0x0ECFFBC5, 0x0FE2FCD1, 0x10F4FDE4, 0x1200FEFA,
	0x13070012, 0x140C012D, 0x150F024C, 0x160C036D, 0x1701048B, 0x17F105AB, 0x18DD06CD, 0x19C007EB, 0x1A980904, 0x1B6B0A1D, 0x1C390B36,
	0x1CFB0C48, 0x1DB10D50, 0x1E5C0E53, 0x1F010F54, 0x1F9E1050, 0x202C1142, 0x20AD1229, 0x21221308, 0x218D13DF, 0x21EE14AD, 0x22421570,
	0x22861626, 0x22BE16D4, 0x22ED1777, 0x230C180B, 0x231C1892, 0x231F1910, 0x2313197F, 0x22FA19DE, 0x22D51A32, 0x229F1A79, 0x225B1AB1,
	0x220F1ADE, 0x21B41AFC, 0x21481B0A, 0x20D21B0D, 0x204F1B02, 0x1FBA1AE4, 0x1F181AB8, 0x1E6E1A83, 0x1DB61A40, 0x1CF119EF, 0x1C201991,
	0x1B451925, 0x1A5E18AB, 0x19691827, 0x186B1797, 0x176716FD, 0x16571655, 0x153B15A1, 0x141714E4, 0x12EB141B, 0x11B61347, 0x1079126D,
	0x0F35118B, 0x0DED109F, 0x0C9F0FAA, 0x0B470EAE, 0x09EA0DAB, 0x088D0CA3, 0x072A0B96, 0x05C10A83, 0x0458096A, 0x02EC084C, 0x017D072D,
	0x000E060A, 0xFE9A04DF, 0xFD2703B3, 0xFBBB028E, 0xFA4F016A, 0xF8DD003E, 0xF772FF13, 0xF60CFDEC, 0xF4A5FCC4, 0xF340FB9C, 0xF1E4FA79,
	0xF08CF95A, 0xEF38F83C, 0xEDEBF723, 0xECA8F611, 0xEB6CF505, 0xEA35F3FE, 0xE903F2FB, 0xE7DBF1FD, 0xE6BDF108, 0xE5ACF01E, 0xE4A4EF39,
	0xE3A2EE58, 0xE2AFED85, 0xE1CAECC0, 0xE0EFEC01, 0xE022EB4D, 0xDF63EAA5, 0xDEABEA02, 0xDE00E96A, 0xDD6AE8E1, 0xDCDFE862, 0xDC5EE7EE,
	0xDBF3E78C, 0xDB96E735, 0xDB43E6E7, 0xDB02E6AA, 0xDAD3E67A, 0xDAB2E655, 0xDAA5E642, 0xDAA5E63B, 0xDAAFE63B, 0xDACEE64A, 0xDB01E66D,
	0xDB41E69E, 0xDB92E6DB, 0xDBF2E723, 0xDC60E778, 0xDCE0E7DD, 0xDD73E852, 0xDE11E8D1, 0xDEBEE95E, 0xDF7BE9F5, 0xE046EA9A, 0xE124EB51,
	0xE20EEC10, 0xE2FDECD2, 0xE3FFEDA4, 0xE516EE8A, 0xE635EF76, 0xE75BF06A, 0xE891F16B, 0xE9D1F273, 0xEB1AF382, 0xEC6EF49A, 0xEDCBF5BA,
	0xEF2DF6DE, 0xF099F80B, 0xF20FF940, 0xF38AFA78, 0xF509FBB2, 0xF68EFCF2, 0xF81AFE38, 0xF9A7FF7E, 0xFB3400C2, 0xFCCA020D, 0xFE62035C,
	0xFFF304A4, 0x018305E7, 0x0319072F, 0x04AF0877, 0x063C09B5, 0x07C30AED, 0x094C0C26, 0x0AD10D5B, 0x0C4B0E84, 0x0DBF0FA5, 0x0F3010C3,
	0x109711D9, 0x11F412E5, 0x134D13EA, 0x149914E3, 0x15D615CF, 0x170C16B2, 0x1836178A, 0x19531854, 0x1A651913, 0x1B6919C4, 0x1C5B1A65,
	0x1D421AFA, 0x1E1A1B80, 0x1EDD1BF3, 0x1F941C59, 0x203E1CB3, 0x20D51CFA, 0x21591D30, 0x21CF1D59, 0x22361D71, 0x228B1D79, 0x22CB1D70,
	0x22FA1D57, 0x231A1D2E, 0x23251CF1, 0x231E1CA3, 0x230A1C49, 0x22E21BDD, 0x22A31B5D, 0x225A1AD3, 0x22031A3C, 0x21951993, 0x211818D9,
	0x208A1811, 0x1FEA173A, 0x1F411659, 0x1E8A156C, 0x1DBC146D, 0x1CE51365, 0x1C041254, 0x1B0C1133, 0x1A0A1008, 0x19040ED7, 0x17ED0D9C,
	0x16C70C57, 0x159E0B0B, 0x146B09B8, 0x132D0860, 0x11E90702, 0x1098059B, 0x0F41042E, 0x0DEA02C5, 0x0C8B0158, 0x0B23FFE5, 0x09BEFE73,
	0x0857FD04, 0x06E7FB90, 0x0574FA1A, 0x0405F8AA, 0x0295F73E, 0x0126F5D3, 0xFFB9F46C, 0xFE4EF30A, 0xFCE4F1AD, 0xFB7DF056, 0xFA1BEF05,
	0xF8BDEDB9, 0xF765EC76, 0xF614EB3E, 0xF4C8EA0C, 0xF384E8E4, 0xF24BE7C8, 0xF116E6B3, 0xEFE8E5A9, 0xEECAE4B0, 0xEDB7E3C1, 0xECA8E2DA,
	0xEBA7E203, 0xEAB3E13B, 0xE9C4E07B, 0xE8E3DFCA, 0xE814DF2C, 0xE74EDE9B, 0xE694DE16, 0xE5EADDA1, 0xE54DDD3B, 0xE4BDDCE5, 0xE43ADC9E,
	0xE3C4DC65, 0xE35DDC3C, 0xE305DC23, 0xE2B9DC17, 0xE27CDC1C, 0xE24FDC34, 0xE230DC5B, 0xE21EDC90, 0xE217DCD1, 0xE220DD23, 0xE23ADD89,
	0xE25FDDFB, 0xE28BDE74, 0xE2C9DF01, 0xE316DFA1, 0xE36CE04B, 0xE3D1E101, 0xE445E1C8, 0xE4BDE298, 0xE542E375, 0xE5D8E463, 0xE673E55B,
	0xE716E65B, 0xE7C8E768, 0xE881E880, 0xE940E9A1, 0xEA0BEACF, 0xEADDEC05, 0xEBB3ED41, 0xEC96EE88, 0xED82EFD9, 0xEE70F12E, 0xEF60F289,
	0xF053F3EB, 0xF14DF552, 0xF252F6C2, 0xF35AF837, 0xF461F9AC, 0xF56AFB26, 0xF677FCA4, 0xF785FE22, 0xF892FFA0, 0xF9A20120, 0xFAB302A2,
	0xFBC40426, 0xFCD105A7, 0xFDE10728, 0xFEF208A6, 0xFFFE0A22, 0x01070B9B, 0x020D0D10, 0x030E0E80, 0x04100FEC, 0x050E1153, 0x060612B4,
	0x06FD1410, 0x07ED1562, 0x08D216A9, 0x09B817EC, 0x0A9E192A, 0x0B771A5B, 0x0C491B80, 0x0D181C9F, 0x0DDE1DB0, 0x0E9F1EB6, 0x0F5C1FB4,
	0x100C20A3, 0x10B42185, 0x115C225E, 0x11FA2327, 0x128B23E1, 0x1318248E, 0x139E252D, 0x141A25BC, 0x14932640, 0x150626B7, 0x1567271A,
	0x15C0276B, 0x161827B0, 0x166727E6, 0x16AB280A, 0x16E6281C, 0x171B2821, 0x174C281A, 0x17712800, 0x178927D2, 0x179E2796, 0x17B0274E,
	0x17B726F5, 0x17B3268A, 0x17AC2611, 0x179D2589, 0x178324F0, 0x17632449, 0x17402396, 0x171422D4, 0x16E02202, 0x16A62122, 0x16642035,
	0x161B1F3E, 0x15D21E3E, 0x157F1D2C, 0x15231C0E, 0x14C81AEF, 0x146A19C5, 0x1401188A, 0x13911745, 0x131E15FC, 0x12A714AB, 0x122D1353,
	0x11AE11F4, 0x1126108E, 0x109E0F24, 0x10140DB6, 0x0F830C41, 0x0EED0ACB, 0x0E590955, 0x0DC107DB, 0x0D23065E, 0x0C8604E4, 0x0BE8036C,
	0x0B4301F2, 0x0A9C0079, 0x09F6FF05, 0x094CFD91, 0x089FFC21, 0x07F3FAB6, 0x0747F94F, 0x0698F7EE, 0x05E7F693, 0x0536F53E, 0x0483F3EF,
	0x03CFF2A8, 0x0320F16D, 0x0271F03C, 0x01BEEF0F, 0x010BEDEA, 0x005BECD2, 0xFFACEBC6, 0xFEFFEAC6, 0xFE4FE9CF, 0xFD9CE8DF, 0xFCF0E7FE,
	0xFC46E72B, 0xFB96E65F, 0xFAE9E5A0, 0xFA46E4F2, 0xF9A1E450, 0xF8FDE3B8, 0xF85FE331, 0xF7C1E2B4, 0xF71FE241, 0xF686E1DF, 0xF5F2E18D,
	0xF55CE143, 0xF4C8E104, 0xF435E0D1, 0xF3A4E0AB, 0xF31CE096, 0xF29BE08E, 0xF218E08F, 0xF199E09A, 0xF121E0B5, 0xF0AAE0D9, 0xF036E109,
	0xEFC9E145, 0xEF5EE188, 0xEEF7E1D6, 0xEE96E231, 0xEE35E290, 0xEDDBE2FA, 0xED8BE371, 0xED3EE3EE, 0xECF2E473, 0xECAFE503, 0xEC6FE597,
	0xEC30E62E, 0xEBFAE6D1, 0xEBCFE77D, 0xEBA5E82B, 0xEB7EE8DF, 0xEB61E99A, 0xEB49EA58, 0xEB33EB16, 0xEB25EBDD, 0xEB1DECA8, 0xEB17ED72,
	0xEB1AEE41, 0xEB25EF14, 0xEB32EFE6, 0xEB45F0B9, 0xEB5EF18D, 0xEB7DF263, 0xEBA4F33E, 0xEBD2F417, 0xEC01F4EC, 0xEC36F5C2, 0xEC70F697,
	0xECAEF76A, 0xECF3F83E, 0xED3DF90D, 0xED8AF9D9, 0xEDDEFAA4, 0xEE37FB6C, 0xEE92FC31, 0xEEF3FCF3, 0xEF58FDB1, 0xEFC0FE69, 0xF02BFF1D,
	0xF09CFFD0, 0xF110007F, 0xF1860128, 0xF1FF01CB, 0xF27B0266, 0xF2F702FA, 0xF376038D, 0xF3F9041A, 0xF47D04A0, 0xF5030521, 0xF58A059B,
	0xF611060D, 0xF69D067B, 0xF72A06E3, 0xF7B30741, 0xF83C079B, 0xF8C707F0, 0xF951083A, 0xF9DA087E, 0xFA6508BF, 0xFAF208FB, 0xFB7B092C,
	0xFC020955, 0xFC89097B, 0xFD10099E, 0xFD9209B4, 0xFE1409C3, 0xFE9609D2, 0xFF1709DE, 0xFF9309DF, 0x000D09D6, 0x008A09CE, 0x010809C6,
	0x017F09B6, 0x01F1099E, 0x02660984, 0x02DA0967, 0x03490945, 0x03B4091E, 0x042008F4, 0x048B08CB, 0x04F608A2, 0x055F0876, 0x05C60848,
	0x06290814, 0x068907E0, 0x06EC07B1, 0x07510783, 0x07B30751, 0x08110720, 0x087206F4, 0x08D206C7, 0x092C0696, 0x0987066A, 0x09E70646,
	0x0A460624, 0x0AA20600, 0x0B0005E3, 0x0B5C05CA, 0x0BB605B2, 0x0C1205A0, 0x0C720596, 0x0CD2058F, 0x0D2D058A, 0x0D8B058C, 0x0DEE0596,
	0x0E4D05A3, 0x0EA905B3, 0x0F0905CC, 0x0F6A05EA, 0x0FCA060C, 0x102C0638, 0x108E066B, 0x10EC069D, 0x114906D4, 0x11AA0715, 0x1209075D,
	0x126807A9, 0x12C807FA, 0x13250853, 0x137E08AD, 0x13D60909, 0x142F096D, 0x148509D5, 0x14D60A3E, 0x15270AAC, 0x15750B1D, 0x15BE0B8F,
	0x16060C06, 0x164D0C7E, 0x168E0CF5, 0x16CA0D70, 0x17040DED, 0x17330E63, 0x175B0ED6, 0x17850F4F, 0x17AA0FC8, 0x17C5103C, 0x17DA10AE,
	0x17EB111D, 0x17F41188, 0x17F611EE, 0x17F01251, 0x17E012AC, 0x17C91302, 0x17AD1353, 0x178B13A0, 0x176113E6, 0x17291420, 0x16E71453,
	0x16A51485, 0x165914AA, 0x15FE14C1, 0x159C14D4, 0x153514E0, 0x14C214DF, 0x144814D4, 0x13C514BE, 0x1337149C, 0x12A51474, 0x120D1445,
	0x11681405, 0x10B513B6, 0x0FFF135E, 0x0F461301, 0x0E831297, 0x0DB71220, 0x0CE711A1, 0x0C0F1115, 0x0B2E107C, 0x0A4A0FDA, 0x095E0F2C,
	0x086D0E77, 0x07790DB9, 0x067A0CEA, 0x05770C14, 0x04780B3B, 0x03730A56, 0x02660964, 0x0159086F, 0x004B0772, 0xFF39066C, 0xFE24055C,
	0xFD0C0443, 0xFBF20326, 0xFADA0207, 0xF9C600E1, 0xF8AFFFB4, 0xF798FE85, 0xF685FD52, 0xF56FFC18, 0xF457FAD8, 0xF348F99B, 0xF23CF860,
	0xF12EF71E, 0xF027F5DB, 0xEF25F49B, 0xEE20F357, 0xED23F213, 0xEC2DF0D2, 0xEB37EF92, 0xEA48EE54, 0xE95FED19, 0xE87BEBDF, 0xE79EEAAB,
	0xE6C8E97D, 0xE5F5E851, 0xE52BE72C, 0xE46AE60C, 0xE3ABE4F0, 0xE2F6E3DC, 0xE24BE2D0, 0xE1A5E1CC, 0xE108E0D1, 0xE075DFDC, 0xDFE5DEED,
	0xDF61DE0B, 0xDEECDD38, 0xDE7BDC6C, 0xDE0FDBA6, 0xDDB2DAEE, 0xDD5EDA43, 0xDD11D9A1, 0xDCCED90B, 0xDC95D884, 0xDC68D80B, 0xDC47D79F,
	0xDC2DD73F, 0xDC1ED6EC, 0xDC1CD6AA, 0xDC21D676, 0xDC32D64E, 0xDC4FD637, 0xDC75D62F, 0xDCA9D638, 0xDCE9D652, 0xDD32D678, 0xDD83D6AB,
	0xDDE0D6F0, 0xDE4BD748, 0xDEC3D7B2, 0xDF42D828, 0xDFCAD8AB, 0xE066D946, 0xE10ED9F2, 0xE1B7DAA7, 0xE26DDB6E, 0xE336DC4A, 0xE406DD31,
	0xE4DCDE26, 0xE5BFDF2D, 0xE6AFE044, 0xE7AAE16D, 0xE8ADE2A0, 0xE9B6E3DF, 0xEACFE533, 0xEBF2E693, 0xED16E7F9, 0xEE47E96F, 0xEF85EAF6,
	0xF0C8EC86, 0xF211EE21, 0xF361EFC7, 0xF4B9F176, 0xF617F32E, 0xF77BF4EE, 0xF8E6F6B7, 0xFA56F888, 0xFBC8FA5D, 0xFD42FC3B, 0xFEBFFE20,
	0x00390002, 0x01B901E8, 0x033F03D3, 0x04C105BE, 0x064407AC, 0x07CB0999, 0x094E0B81, 0x0ACE0D69, 0x0C4D0F4F, 0x0DC8112D, 0x0F411308,
	0x10B714DE, 0x122716AC, 0x13931873, 0x14F91A32, 0x16521BE2, 0x17A41D88, 0x18F61F29, 0x1A3E20BB, 0x1B74223A, 0x1CA423AD, 0x1DCE2515,
	0x1EE6266B, 0x1FF227AE, 0x20F828E1, 0x21ED2A01, 0x22D42B0E, 0x23B02C0C, 0x247B2CF4, 0x25362DC4, 0x25E52E85, 0x26812F2D, 0x270C2FBC,
	0x278D303B, 0x27FD30A5, 0x285730F3, 0x28A03129, 0x28D93149, 0x29013153, 0x291A3148, 0x291E3124, 0x291130EB, 0x28F9309D, 0x28CA3033,
	0x28852FB1, 0x28352F1F, 0x27D52E76, 0x27602DB4, 0x26DE2CE1, 0x264E2BFD, 0x25AA2AFE, 0x24F529EA, 0x243328CB, 0x23622799, 0x22832653,
	0x21992501, 0x20A2239E, 0x1F9A2228, 0x1E8620A6, 0x1D6A1F19, 0x1C431D83, 0x1B121BE2, 0x19D71A33, 0x18921879, 0x174616BB, 0x15F414F9,
	0x149B1330, 0x133A1161, 0x11D30F8D, 0x10690DB9, 0x0EFC0BE2, 0x0D8B0A0A, 0x0C1B0837, 0x0AA90665, 0x09330494, 0x07C002C7, 0x064C00FD,
	0x04DDFF3D, 0x0372FD87, 0x0201FBD0, 0x0096FA23, 0xFF3BF887, 0xFDDCF6ED, 0xFC7EF55E, 0xFB2FF3E4, 0xF9E5F273, 0xF8A2F10D, 0xF76BEFB9,
	0xF638EE6F, 0xF50DED34, 0xF3F0EC0B, 0xF2DCEAF1, 0xF1D3E9EC, 0xF0D4E8F6, 0xEFDEE80B, 0xEEF5E734, 0xEE1AE675, 0xED4AE5C6, 0xEC87E528,
	0xEBD0E49A, 0xEB24E41E, 0xEA88E3B7, 0xE9F7E360, 0xE972E318, 0xE8FCE2E5, 0xE893E2C4, 0xE836E2B4, 0xE7E6E2B5, 0xE7A5E2C7, 0xE770E2E9,
	0xE747E31A, 0xE72AE359, 0xE718E3A7, 0xE715E405, 0xE71EE473, 0xE72FE4EC, 0xE74DE570, 0xE779E602, 0xE7AAE69F, 0xE7E4E745, 0xE82DE7F6,
	0xE880E8B0, 0xE8DBE975, 0xE940EA44, 0xE9AAEB16, 0xEA1AEBED, 0xEA93ECCC, 0xEB13EDB3, 0xEB9AEE9B, 0xEC26EF86, 0xECB6F073, 0xED51F168,
	0xEDF1F25E, 0xEE8EF350, 0xEF2FF443, 0xEFD5F538, 0xF07BF628, 0xF124F719, 0xF1D3F80B, 0xF280F8F3, 0xF32CF9D8, 0xF3DEFABF, 0xF48CFB9E,
	0xF535FC74, 0xF5E5FD49, 0xF695FE1A, 0xF73CFEE0, 0xF7E3FFA0, 0xF88A005B, 0xF92C0109, 0xF9CB01B1, 0xFA690253, 0xFB0002E9, 0xFB940378,
	0xFC270401, 0xFCB1047D, 0xFD3504ED, 0xFDB50556, 0xFE3205B6, 0xFEAA060B, 0xFF1A0655, 0xFF830691, 0xFFEA06CA, 0x004E06FC, 0x00A9071E,
	0x00FE0736, 0x014F0747, 0x0196074B, 0x01D50743, 0x02110734, 0x024A071F, 0x027B0701, 0x02A406D6, 0x02C506A1, 0x02E00665, 0x02F90621,
	0x030A05D6, 0x03150581, 0x031B0525, 0x031E04C5, 0x031C045E, 0x031503EF, 0x030A037C, 0x02F702FF, 0x02DD027D, 0x02C301FA, 0x02A5016F,
	0x027F00DF, 0x0257004D, 0x022CFFB9, 0x01FBFF1E, 0x01CCFE84, 0x019FFDED, 0x0168FD4F, 0x012CFCAA, 0x00F6FC0E, 0x00C1FB74, 0x0082FAD1,
	0x0041FA2E, 0x0005F993, 0xFFC9F8F8, 0xFF8CF860, 0xFF50F7CA, 0xFF13F734, 0xFED8F6A7, 0xFE9EF61B, 0xFE62F591, 0xFE2CF512, 0xFDF7F496,
	0xFDC1F41A, 0xFD90F3A8, 0xFD62F33E, 0xFD36F2DA, 0xFD10F27E, 0xFCEBF227, 0xFCCAF1DB, 0xFCB1F19C, 0xFC98F15E, 0xFC81F129, 0xFC71F0FF,
	0xFC64F0DC, 0xFC5FF0C7, 0xFC60F0BA, 0xFC62F0B4, 0xFC6BF0BC, 0xFC7AF0CE, 0xFC8EF0EB, 0xFCACF115, 0xFCCDF145, 0xFCEEF17C, 0xFD17F1C2,
	0xFD4AF217, 0xFD83F277, 0xFDBAF2DA, 0xFDF5F344, 0xFE40F3C4, 0xFE91F451, 0xFEE1F4E0, 0xFF36F577, 0xFF8FF618, 0xFFF1F6C7, 0x0059F780,
	0x00BEF83B, 0x012CF901, 0x01A3F9D7, 0x0216FAAD, 0x0291FB8E, 0x0310FC77, 0x038CFD60, 0x0413FE56, 0x049BFF52, 0x051C0049, 0x05A8014D,
	0x0638025A, 0x06C30362, 0x07540474, 0x07E50587, 0x08700694, 0x08FF07AB, 0x098F08C4, 0x0A1B09D6, 0x0AA50AEA, 0x0B310BFF, 0x0BBC0D13,
	0x0C430E24, 0x0CC60F31, 0x0D49103D, 0x0DC61147, 0x0E3C1245, 0x0EB11341, 0x0F21143B, 0x0F8D152C, 0x0FF41618, 0x105516FB, 0x10AE17D5,
	0x110318AB, 0x11511974, 0x11961A32, 0x11D41AEA, 0x120D1B97, 0x123F1C3A, 0x12691CD3, 0x128B1D5E, 0x12A31DDE, 0x12B21E51, 0x12BC1EB9,
	0x12C01F19, 0x12B51F65, 0x12A01FA3, 0x12861FDA, 0x12601FFF, 0x12312016, 0x11FB2023, 0x11BB201F, 0x11742010, 0x11241FF4, 0x10C61FC3,
	0x105F1F88, 0x0FF21F40, 0x0F7A1EE8, 0x0EFA1E85, 0x0E751E14, 0x0DE71D94, 0x0D531D0C, 0x0CB31C72, 0x0C091BC7, 0x0B5A1B17, 0x0AA81A58,
	0x09EE198D, 0x092B18B6, 0x085F17D0, 0x079016E4, 0x06BE15EE, 0x05E414E9, 0x050713DF, 0x042612CC, 0x033C11A9, 0x02531083, 0x016A0F57,
	0x007A0E1F, 0xFF870CE1, 0xFE920B9B, 0xFD9F0A53, 0xFCAD0909, 0xFBB607B1, 0xFAC00659, 0xF9D10502, 0xF8DB039F, 0xF7E4023A, 0xF6F600DA,
	0xF607FF74, 0xF51DFE11, 0xF439FCAF, 0xF353FB48, 0xF275F9E4, 0xF19EF884, 0xF0CBF725, 0xEFFEF5CB, 0xEF37F473, 0xEE76F31D, 0xEDBCF1CE,
	0xED0AF082, 0xEC63EF3E, 0xEBC4EE03, 0xEB2BECCE, 0xEA9FEBA2, 0xEA1AEA7A, 0xE999E957, 0xE928E847, 0xE8C6E743, 0xE868E641, 0xE815E549,
	0xE7CFE461, 0xE794E385, 0xE765E2B4, 0xE742E1EE, 0xE72CE136, 0xE721E08D, 0xE720DFEF, 0xE72DDF60, 0xE748DEE2, 0xE76DDE71, 0xE79CDE0B,
	0xE7D9DDB5, 0xE823DD71, 0xE876DD39, 0xE8D6DD12, 0xE945DCFE, 0xE9BBDCF5, 0xEA3EDCFD, 0xEAD2DD1A, 0xEB68DD3E, 0xEC06DD71, 0xECB6DDBC,
	0xED6CDE11, 0xEE2ADE71, 0xEEF6DEE8, 0xEFC6DF68, 0xF09FDFF7, 0xF183E09A, 0xF267E143, 0xF354E1FA, 0xF44FE2C5, 0xF54AE398, 0xF649E479,
	0xF74FE567, 0xF856E659, 0xF961E759, 0xFA71E869, 0xFB82E97E, 0xFC98EA9A, 0xFDACEBBE, 0xFEC0ECED, 0xFFD6EE27, 0x00ECEF64, 0x01FFF0A2,
	0x0311F1EA, 0x0420F336, 0x052CF485, 0x0635F5D8, 0x0738F728, 0x0835F87A, 0x092FF9D2, 0x0A28FB2D, 0x0B18FC85, 0x0BFDFDD7, 0x0CDCFF26,
	0x0DB40074, 0x0E8201BE, 0x0F480303, 0x10050444, 0x10BB0581, 0x116B06BA, 0x120B07E8, 0x129B0909, 0x13250A25, 0x13A50B39, 0x141B0C42,
	0x14870D46, 0x14E40E3B, 0x15330F23, 0x157C1007, 0x15B810DD, 0x15E3119F, 0x16031258, 0x161D1308, 0x162513A6, 0x161D1434, 0x161214B9,
	0x15FB1532, 0x15D2159A, 0x15A315F4, 0x156A1641, 0x151D1679, 0x14CB16A7, 0x147216CD, 0x140516DB, 0x138F16DB, 0x131716D5, 0x129316BD,
	0x12061699, 0x11701669, 0x10D01625, 0x102C15DC, 0x0F7F1585, 0x0EC5151B, 0x0E0B14AD, 0x0D4F1436, 0x0C8513AC, 0x0BBB1320, 0x0AEF128C,
	0x0A1811E6, 0x0940113C, 0x086A108C, 0x078B0FD2, 0x06AA0F13, 0x05CB0E4D, 0x04EE0D84, 0x040E0CB9, 0x032B0BE4, 0x02490B0C, 0x01680A34,
	0x00880959, 0xFFAE0882, 0xFED507A4, 0xFDFA06C1, 0xFD2705E7, 0xFC55050B, 0xFB87042F, 0xFAC3035D, 0xFA000288, 0xF93E01B5, 0xF88B00EE,
	0xF7DA0027, 0xF72BFF64, 0xF686FEAA, 0xF5E5FDF1, 0xF54CFD41, 0xF4BFFC9C, 0xF434FBF9, 0xF3B1FB5F, 0xF336FACE, 0xF2C1FA43, 0xF259F9C5,
	0xF1FBF952, 0xF1A1F8E5, 0xF14FF881, 0xF105F825, 0xF0C4F7D3, 0xF090F78E, 0xF061F752, 0xF03AF720, 0xF01BF6F8, 0xF005F6D8, 0xEFF6F6C4,
	0xEFEEF6B8, 0xEFEFF6B4, 0xEFFCF6BD, 0xF010F6D1, 0xF02BF6ED, 0xF04CF710, 0xF074F73B, 0xF0A9F773, 0xF0E2F7B2, 0xF11DF7F4, 0xF165F842,
	0xF1B4F89B, 0xF204F8F5, 0xF25DF957, 0xF2BBF9BE, 0xF31EFA2D, 0xF38BFAA5, 0xF3F7FB1C, 0xF466FB95, 0xF4E2FC1D, 0xF55FFCA5, 0xF5D9FD2A,
	0xF65DFDB8, 0xF6E6FE49, 0xF76EFED8, 0xF7F8FF6B, 0xF887FFFF, 0xF9190096, 0xF9AE012F, 0xFA4301C3, 0xFAD60258, 0xFB6D02F1, 0xFC090387,
	0xFCA30419, 0xFD3A04AB, 0xFDD5053B, 0xFE6E05C9, 0xFF050650, 0xFF9F06D6, 0x0038075D, 0x00CB07DC, 0x01610857, 0x01F708D2, 0x02870943,
	0x031609B3, 0x03A30A1F, 0x04280A7D, 0x04AE0ADA, 0x05360B36, 0x05B60B87, 0x06300BD4, 0x06AA0C1B, 0x071E0C57, 0x078B0C8C, 0x07F50CBC,
	0x085C0CE5, 0x08C20D0D, 0x09220D2A, 0x09740D38, 0x09C80D46, 0x0A1A0D4E, 0x0A5D0D46, 0x0A9B0D38, 0x0AD80D27, 0x0B0E0D0C, 0x0B3D0CE8,
	0x0B670CBD, 0x0B890C8A, 0x0BA70C50, 0x0BC00C0F, 0x0BCB0BC2, 0x0BD10B6C, 0x0BD70B14, 0x0BD20AB0, 0x0BC10A41, 0x0BB209D2, 0x0B9F095B,
	0x0B7E08D7, 0x0B580850, 0x0B2F07C2, 0x0AF90727, 0x0AC00688, 0x0A8405E9, 0x0A3D053E, 0x09EF048A, 0x09A203D6, 0x094F031D, 0x08F5025C,
	0x08940194, 0x082C00C6, 0x07C2FFF6, 0x0754FF20, 0x06E1FE47, 0x066EFD6D, 0x05F8FC91, 0x057BFBB0, 0x04FFFACE, 0x0480F9EB, 0x03FAF902,
	0x0374F819, 0x02EEF733, 0x0264F64A, 0x01DCF564, 0x0158F483, 0x00CCF39D, 0x003EF2B5, 0xFFBAF1D6, 0xFF38F0FC, 0xFEAFF022, 0xFE2BEF4E,
	0xFDADEE7E, 0xFD2DEDB1, 0xFCB2ECE9, 0xFC3EEC2D, 0xFBCBEB76, 0xFB5BEAC4, 0xFAF2EA1B, 0xFA8EE97D, 0xFA2BE8E2, 0xF9CDE851, 0xF979E7CE,
	0xF92CE754, 0xF8E1E6E3, 0xF89CE67B, 0xF85FE621, 0xF82EE5D5, 0xF7FDE590, 0xF7CFE555, 0xF7B0E52F, 0xF79CE515, 0xF789E504, 0xF77DE500,
	0xF77AE50C, 0xF77EE524, 0xF78AE54A, 0xF79BE57C, 0xF7B2E5BD, 0xF7D4E60F, 0xF7FCE66D, 0xF82AE6D8, 0xF85DE74F, 0xF895E7D2, 0xF8D3E862,
	0xF91AE902, 0xF967E9B1, 0xF9B8EA6B, 0xFA0CEB2F, 0xFA66EBFF, 0xFAC5ECDB, 0xFB28EDC4, 0xFB91EEB8, 0xFBFAEFB2, 0xFC63F0B5, 0xFCD6F1C6,
	0xFD47F2DF, 0xFDB5F3FC, 0xFE28F523, 0xFE9BF651, 0xFF0EF783, 0xFF85F8C1, 0xFFFAFA02, 0x0069FB42, 0x00DAFC88, 0x014BFDD3, 0x01B9FF20,
	0x0224006E, 0x028B01BA, 0x02F2030B, 0x0358045E, 0x03B605AA, 0x040F06F4, 0x04680842, 0x04BE098C, 0x050C0ACD, 0x05510C08, 0x05960D43,
	0x05D90E7C, 0x06120FAD, 0x064710D5, 0x067811F7, 0x06A21310, 0x06C51420, 0x06E5152B, 0x0702162E, 0x07161724, 0x07221810, 0x072D18F3,
	0x073419CE, 0x07321A9D, 0x072D1B60, 0x07241C18, 0x07111CC0, 0x06FB1D5D, 0x06E41DF5, 0x06C81E7D, 0x06A61EF5, 0x067F1F63, 0x06561FC5,
	0x062F201B, 0x06032066, 0x05CF20A1, 0x059920CE, 0x056220F0, 0x05272101, 0x04ED2109, 0x04B52108, 0x047820F7, 0x043720D8, 0x03F520AD,
	0x03B12074, 0x03712033, 0x03331FE7, 0x02EC1F88, 0x02A81F20, 0x026B1EB1, 0x02271E33, 0x01E11DAA, 0x01A31D19, 0x01621C79, 0x011F1BCE,
	0x00DF1B1C, 0x00A21A62, 0x0067199E, 0x002918CD, 0xFFE717EE, 0xFFAA170D, 0xFF711626, 0xFF381533, 0xFEFE1438, 0xFEC31333, 0xFE8F1229,
	0xFE5C111A, 0xFE221000, 0xFDE80EDD, 0xFDB90DBC, 0xFD870C94, 0xFD510B60, 0xFD1E0A2C, 0xFCEE08F5, 0xFCBB07B6, 0xFC840672, 0xFC50052C,
	0xFC1E03E3, 0xFBEC0297, 0xFBB70148, 0xFB83FFF8, 0xFB53FEAA, 0xFB1EFD54, 0xFAE2FBFA, 0xFAABFAA7, 0xFA7BF95A, 0xFA45F808, 0xFA0EF6B5,
	0xF9D8F565, 0xF9A0F41A, 0xF968F2D0, 0xF92FF188, 0xF8F7F044, 0xF8C1EF06, 0xF886EDCA, 0xF84BEC93, 0xF815EB66, 0xF7DCEA3F, 0xF7A3E91D,
	0xF770E806, 0xF739E6F5, 0xF700E5E9, 0xF6CEE4EC, 0xF69DE3F7, 0xF66BE30A, 0xF63FE22B, 0xF611E155, 0xF5E3E087, 0xF5BCDFCD, 0xF598DF1F,
	0xF572DE77, 0xF552DDE0, 0xF537DD58, 0xF51FDCDE, 0xF50ADC74, 0xF4FADC17, 0xF4EEDBCB, 0xF4E7DB90, 0xF4E4DB60, 0xF4E8DB42, 0xF4EFDB36,
	0xF4F9DB36, 0xF50DDB49, 0xF52ADB6F, 0xF548DBA3, 0xF56BDBEA, 0xF59ADC41, 0xF5CCDCA5, 0xF602DD1D, 0xF640DDA5, 0xF684DE3B, 0xF6CEDEE1,
	0xF71EDF97, 0xF778E060, 0xF7D9E139, 0xF83BE21A, 0xF8A6E30E, 0xF916E40E, 0xF989E515, 0xFA0AE633, 0xFA90E75F, 0xFB13E88D, 0xFBA2E9CB,
	0xFC37EB15, 0xFCC6EC60, 0xFD61EDBB, 0xFE08EF23, 0xFEA9F08A, 0xFF49F1F7, 0xFFF3F36E, 0x00A3F4EB, 0x0152F66B, 0x01FFF7EA, 0x02B1F96E,
	0x0366FAF6, 0x041AFC7D, 0x04D0FE06, 0x0586FF8D, 0x0639010F, 0x06EE0292, 0x079C040E, 0x08470583, 0x08F906FA, 0x09A10866, 0x0A3E09C4,
	0x0AE20B24, 0x0B850C7C, 0x0C1C0DC4, 0x0CAF0F07, 0x0D3D103D, 0x0DC61166, 0x0E491285, 0x0EC41396, 0x0F361496, 0x0FA2158A, 0x1005166F,
	0x105F1745, 0x10B5180E, 0x110318C7, 0x1143196D, 0x117D1A06, 0x11B21A90, 0x11D71B02, 0x11EF1B61, 0x12051BB7, 0x120F1BFA, 0x120A1C26,
	0x12021C48, 0x11EE1C56, 0x11CD1C4F, 0x11A51C3D, 0x116F1C16, 0x11321BDF, 0x10F31BA1, 0x10A41B4F, 0x10481AE7, 0x0FE61A72, 0x0F7B19EF,
	0x0F081962, 0x0E8C18C8, 0x0E06181C, 0x0D7C1768, 0x0CEC16AB, 0x0C5015DC, 0x0BB01506, 0x0B0C142C, 0x0A5F1346, 0x09AD1257, 0x08F71160,
	0x083E1063, 0x07810F66, 0x06BF0E62, 0x05FA0D56, 0x05340C4B, 0x046D0B3D, 0x03A50A30, 0x02DD0923, 0x02130812, 0x01470704, 0x007F05FB,
	0xFFBA04F3, 0xFEF503F0, 0xFE3302F2, 0xFD7101F6, 0xFCB50101, 0xFC000017, 0xFB4FFF32, 0xFA9EFE52, 0xF9F4FD7A, 0xF954FCB0, 0xF8BBFBF3,
	0xF826FB3A, 0xF797FA8A, 0xF713F9E8, 0xF696F951, 0xF61FF8C5, 0xF5B0F846, 0xF54CF7D7, 0xF4F5F779, 0xF4A6F722, 0xF45CF6D5, 0xF41BF699,
	0xF3E6F66C, 0xF3BBF649, 0xF399F633, 0xF385F62E, 0xF378F637, 0xF371F647, 0xF379F666, 0xF390F698, 0xF3AAF6D1, 0xF3CAF715, 0xF3FAF76B,
	0xF432F7C9, 0xF470F82F, 0xF4B9F8A3, 0xF50CF921, 0xF564F9A9, 0xF5C4FA38, 0xF630FAD1, 0xF6A5FB77, 0xF71AFC1F, 0xF793FCCA, 0xF819FD80,
	0xF8A5FE3C, 0xF933FEFA, 0xF9C5FFBF, 0xFA5B0085, 0xFAF5014D, 0xFB94021B, 0xFC3402E6, 0xFCD703B1, 0xFD7B047E, 0xFE1F0549, 0xFEC90618,
	0xFF7006DF, 0x000D079A, 0x00AE085B, 0x0154091B, 0x01F109CD, 0x028B0A79, 0x03260B23, 0x03BF0BC6, 0x04530C63, 0x04DB0CEF, 0x05600D75,
	0x05E40DF5, 0x065C0E63, 0x06D00ECA, 0x07440F2E, 0x07A90F7D, 0x08050FBE, 0x08600FF9, 0x08B01026, 0x08F81046, 0x0938105B, 0x096D105E,
	0x09981053, 0x09BB103B, 0x09D51015, 0x09E70FE4, 0x09ED0FA3, 0x09E70F51, 0x09DB0EF4, 0x09C70E8C, 0x09A60E14, 0x097A0D8A, 0x09480CF6,
	0x090E0C59, 0x08C80BAD, 0x08790AF3, 0x08230A2F, 0x07BF095C, 0x0757087F, 0x06E80799, 0x066D06A3, 0x05EE05A9, 0x056904A8, 0x04D70398,
	0x04410281, 0x03A90168, 0x03070043, 0x025FFF17, 0x01B1FDE6, 0x0102FCB2, 0x0052FB80, 0xFF98FA43, 0xFEDAF901, 0xFE1FF7C5, 0xFD60F684,
	0xFC9DF53F, 0xFBDCF402, 0xFB1AF2C5, 0xFA57F187, 0xF994F04D, 0xF8CFEF12, 0xF80EEDE0, 0xF751ECB5, 0xF692EB8A, 0xF5D7EA69, 0xF524E952,
	0xF470E83D, 0xF3BDE730, 0xF312E630, 0xF26EE53A, 0xF1D0E44F, 0xF138E36F, 0xF0A5E299, 0xF017E1D0, 0xEF94E115, 0xEF18E068, 0xEE9FDFC4,
	0xEE2CDF2C, 0xEDC4DEA5, 0xED65DE2B, 0xED13DDC3, 0xECCCDD70, 0xEC89DD26, 0xEC50DCEB, 0xEC22DCC4, 0xEBFBDCA7, 0xEBE1DC9E, 0xEBD2DCAA,
	0xEBC6DCBE, 0xEBC6DCE3, 0xEBD7DD1F, 0xEBEEDD67, 0xEC0FDDC0, 0xEC3BDE2A, 0xEC6EDE9D, 0xECB1DF28, 0xECFFDFC5, 0xED53E067, 0xEDB0E11A,
	0xEE18E1DF, 0xEE88E2AF, 0xEF04E390, 0xEF89E47C, 0xF014E573, 0xF0A9E67D, 0xF147E78E, 0xF1ECE8AA, 0xF29BE9D4, 0xF34EEB05, 0xF408EC41,
	0xF4CCED88, 0xF595EED5, 0xF665F02B, 0xF73BF18A, 0xF814F2EC, 0xF8F3F457, 0xF9D9F5C8, 0xFAC2F73C, 0xFBB0F8B6, 0xFC9DFA31, 0xFD8DFBAE,
	0xFE86FD33, 0xFF7DFEB5, 0x00730035, 0x016E01B9, 0x0269033E, 0x036204C0, 0x045C0640, 0x055807BE, 0x0653093B, 0x074A0AB1, 0x083F0C24,
	0x09350D94, 0x0A280EFD, 0x0B181061, 0x0C0411BF, 0x0CE71310, 0x0DC9145A, 0x0EAB15A3, 0x0F8316E0, 0x10551814, 0x11271942, 0x11EF1A62,
	0x12AD1B74, 0x13661C80, 0x141A1D81, 0x14C81E77, 0x156C1F60, 0x16072039, 0x169C2109, 0x172921CE, 0x17AB2282, 0x1825232B, 0x189623C6,
	0x18FE2453, 0x195E24D4, 0x19B22545, 0x19FA25A7, 0x1A3C25FD, 0x1A742643, 0x1A9D2677, 0x1ABD269F, 0x1AD726BB, 0x1AE426C6, 0x1AE726C3,
	0x1AE026B3, 0x1ACD2692, 0x1AAE2661, 0x1A852623, 0x1A5525DA, 0x1A1A2581, 0x19D32516, 0x1982249F, 0x1928241E, 0x18C5238E, 0x185622EF,
	0x17DF2245, 0x175F218D, 0x16D320C7, 0x16401FF6, 0x15A81F1D, 0x15051E36, 0x14561D43, 0x13A21C47, 0x12EA1B42, 0x12291A30, 0x11601917,
	0x109317F9, 0x0FBE16CE, 0x0EE11597, 0x0E00145D, 0x0D1C131F, 0x0C3411DB, 0x0B47108F, 0x0A550F3C, 0x09630DEA, 0x086D0C92, 0x07710B33,
	0x067809D5, 0x057F0878, 0x04820717, 0x038505B5, 0x028A0456, 0x018F02F4, 0x00940194, 0xFF9A0037, 0xFEA3FEDB, 0xFDB0FD84, 0xFCC2FC32,
	0xFBD6FAE3, 0xFAEDF99B, 0xFA08F859, 0xF92AF71D, 0xF851F5E7, 0xF77BF4B7, 0xF6ADF393, 0xF5E8F27A, 0xF52AF168, 0xF470F05D, 0xF3BDEF5E,
	0xF316EE6D, 0xF27AED8A, 0xF1E1ECAC, 0xF150EBDB, 0xF0CBEB1A, 0xF04EEA63, 0xEFDBE9B9, 0xEF76E922, 0xEF17E895, 0xEEC0E815, 0xEE76E7A5,
	0xEE35E743, 0xEDFCE6ED, 0xEDCCE6A7, 0xEDA8E66F, 0xED90E647, 0xED80E62C, 0xED77E61D, 0xED7CE622, 0xED8DE636, 0xEDA3E652, 0xEDC2E67E,
	0xEDECE6B8, 0xEE1DE6FB, 0xEE55E74C, 0xEE95E7AB, 0xEED7E811, 0xEF23E884, 0xEF7DE908, 0xEFDAE992, 0xF038EA21, 0xF09DEABC, 0xF10AEB64,
	0xF179EC0F, 0xF1EAECBF, 0xF262ED7B, 0xF2DEEE3C, 0xF358EEFE, 0xF3D5EFC7, 0xF456F096, 0xF4D6F165, 0xF558F236, 0xF5DCF30B, 0xF65DF3DF,
	0xF6DBF4B1, 0xF757F582, 0xF7D2F654, 0xF84DF725, 0xF8C5F7F3, 0xF937F8BA, 0xF9A6F97F, 0xFA15FA42, 0xFA7DFAFD, 0xFADEFBB1, 0xFB3DFC62,
	0xFB94FD09, 0xFBE5FDA6, 0xFC37FE42, 0xFC7EFED3, 0xFCBAFF56, 0xFCF7FFD7, 0xFD2F004E, 0xFD5B00B7, 0xFD810119, 0xFDA20172, 0xFDBD01BE,
	0xFDD10200, 0xFDDA0236, 0xFDE00264, 0xFDE3028A, 0xFDDC02A0, 0xFDCF02AE, 0xFDBE02B6, 0xFDA402AD, 0xFD86029B, 0xFD630282, 0xFD38025D,
	0xFD0C0233, 0xFCE00203, 0xFCAB01C5, 0xFC6F017D, 0xFC2F012C, 0xFBF000D6, 0xFBB40081, 0xFB720021, 0xFB2BFFB9, 0xFAE9FF52, 0xFAA3FEE4,
	0xFA57FE6B, 0xFA0DFDF2, 0xF9C5FD77, 0xF97BFCF8, 0xF934FC7A, 0xF8F0FBFE, 0xF8ADFB7C, 0xF86CFAFA, 0xF831FA7E, 0xF7F6FA02, 0xF7B8F97F,
	0xF782F902, 0xF757F88E, 0xF72AF819, 0xF703F7A7, 0xF6E2F73C, 0xF6C1F6D0, 0xF6A9F66C, 0xF69BF613, 0xF68DF5BB, 0xF684F568, 0xF683F51F,
	0xF686F4D8, 0xF68FF498, 0xF6A0F464, 0xF6B9F438, 0xF6D9F415, 0xF6FDF3F7, 0xF728F3DF, 0xF75AF3D0, 0xF791F3C8, 0xF7CDF3CA, 0xF813F3D9,
	0xF85EF3EE, 0xF8B0F40B, 0xF90CF434, 0xF96AF462, 0xF9CDF497, 0xFA36F4D7, 0xFAA4F51C, 0xFB18F56A, 0xFB93F5C3, 0xFC0FF620, 0xFC91F686,
	0xFD1BF6F3, 0xFDA7F765, 0xFE37F7E0, 0xFECCF863, 0xFF64F8ED, 0x0001F97D, 0x009FFA12, 0x0141FAAA, 0x01E9FB4C, 0x0293FBF2, 0x033BFC98,
	0x03E5FD44, 0x0495FDF9, 0x0548FEB2, 0x05F9FF6A, 0x06A90026, 0x076000EB, 0x081701B2, 0x08CB0277, 0x0980033F, 0x0A37040C, 0x0AEC04D6,
	0x0BA105A5, 0x0C5A067A, 0x0D0E074D, 0x0DBE081A, 0x0E7308EF, 0x0F2809C9, 0x0FD40A9A, 0x107F0B6A, 0x11310C45, 0x11DD0D1C, 0x127E0DE9,
	0x13260EBD, 0x13CB0F91, 0x1466105F, 0x1502112F, 0x159E11FF, 0x163012C6, 0x16BE138C, 0x174B1457, 0x17D2151C, 0x185515DC, 0x18D4169A,
	0x194D1756, 0x19C1180E, 0x1A2E18C0, 0x1A94196E, 0x1AF61A1A, 0x1B521AC0, 0x1BA41B5D, 0x1BEF1BF7, 0x1C361C90, 0x1C771D23, 0x1CAC1DAC,
	0x1CD71E2B, 0x1CFC1EA7, 0x1D1B1F1F, 0x1D301F8E, 0x1D3B1FF2, 0x1D3E204E, 0x1D3620A3, 0x1D2420F1, 0x1D0A2136, 0x1CE6216F, 0x1CB4219C,
	0x1C7921C1, 0x1C3421DA, 0x1BE221E7, 0x1B8A21EF, 0x1B2621EC, 0x1AB321D6, 0x1A3721B6, 0x19B0218D, 0x191A2153, 0x187D210F, 0x17D620BF,
	0x17212060, 0x16641FF6, 0x159C1F7F, 0x14C41EF5, 0x13E41E62, 0x12FC1DC3, 0x12081D12, 0x110A1C56, 0x10021B8C, 0x0EF01AB4, 0x0DD619CE,
	0x0CB118D8, 0x0B8017D4, 0x0A4D16C8, 0x091515B0, 0x07D11488, 0x06861352, 0x05371213, 0x03E310CB, 0x02870F75, 0x01290E16, 0xFFC70CAC,
	0xFE600B36, 0xFCF709BA, 0xFB8C0836, 0xFA1E06A4, 0xF8B1050D, 0xF7440371, 0xF5D501CE, 0xF4690026, 0xF301FE7D, 0xF19BFCCE, 0xF036FB1A,
	0xEED5F962, 0xED79F7A9, 0xEC23F5F3, 0xEAD0F439, 0xE986F281, 0xE84AF0D2, 0xE710EF20, 0xE5DAED6E, 0xE4B4EBC7, 0xE396EA23, 0xE280E880,
	0xE17AE6EC, 0xE07CE55D, 0xDF86E3D2, 0xDEA1E256, 0xDDC8E0E0, 0xDCFBDF73, 0xDC40DE19, 0xDB91DCC8, 0xDAEDDB7F, 0xDA58DA45, 0xD9D1D91C,
	0xD95BD803, 0xD8F5D6F9, 0xD89CD5FB, 0xD855D511, 0xD81DD438, 0xD7F0D36C, 0xD7D7D2B6, 0xD7CED212, 0xD7D1D17A, 0xD7E4D0F6, 0xD809D088,
	0xD83AD02C, 0xD87ACFE2, 0xD8CACFA9, 0xD927CF83, 0xD993CF72, 0xDA0BCF75, 0xDA8CCF85, 0xDB1DCFA7, 0xDBBFCFE1, 0xDC6CD02D, 0xDD1FD086,
	0xDDE0D0F4, 0xDEAFD175, 0xDF86D203, 0xE066D2A3, 0xE151D355, 0xE241D413, 0xE33BD4E0, 0xE43ED5BC, 0xE545D6A4, 0xE654D79D, 0xE76BD8A6,
	0xE886D9B5, 0xE9A5DAD1, 0xEACADBFB, 0xEBF0DD2E, 0xED1ADE6A, 0xEE48DFB0, 0xEF79E0FE, 0xF0ADE258, 0xF1E0E3B6, 0xF310E516, 0xF445E681,
	0xF57CE7F4, 0xF6B1E96A, 0xF7E5EAE6, 0xF915EC63, 0xFA44EDE0, 0xFB75EF64, 0xFCA1F0E9, 0xFDC7F26D, 0xFEEBF3F2, 0x000FF57A, 0x0131F703,
	0x024BF887, 0x0361FA07, 0x0476FB8C, 0x0586FD10, 0x068CFE89, 0x07920002, 0x0898017D, 0x099402F1, 0x0A86045C, 0x0B7705C5, 0x0C64072B,
	0x0D480888, 0x0E2709E1, 0x0F040B38, 0x0FDB0C86, 0x10A80DCB, 0x11700F0D, 0x12361048, 0x12F41179, 0x13AA12A2, 0x145E13C8, 0x150C14E4,
	0x15AF15F2, 0x165016FD, 0x16EF1807, 0x17811900, 0x180C19EC, 0x18981AD9, 0x191E1BBD, 0x19971C90, 0x1A0D1D5B, 0x1A801E20, 0x1AEB1EDC,
	0x1B4D1F8D, 0x1BAA2035, 0x1C0320D4, 0x1C522165, 0x1C9921EB, 0x1CE2226E, 0x1D2422E9, 0x1D592351, 0x1D8B23B4, 0x1DB8240D, 0x1DD82455,
	0x1DF32496, 0x1E0B24D0, 0x1E1824FA, 0x1E21251A, 0x1E232533, 0x1E1A253F, 0x1E0C253F, 0x1DF92536, 0x1DDD2521, 0x1DB82503, 0x1D8C24DA,
	0x1D5924A5, 0x1D1E2467, 0x1CDC241E, 0x1C9023CB, 0x1C3C236C, 0x1BE02302, 0x1B7F228F, 0x1B192215, 0x1AA92191, 0x1A302100, 0x19AF2066,
	0x192B1FC6, 0x189D1F1D, 0x18021E64, 0x17631DA5, 0x16C31CE6, 0x16181C1B, 0x15631B45, 0x14AB1A6C, 0x13ED198D, 0x132818A6, 0x125D17B7,
	0x118D16C6, 0x10B815D2, 0x0FDC14D4, 0x0EFB13D2, 0x0E1912D1, 0x0D3011CB, 0x0C4210BD, 0x0B540FB1, 0x0A640EA4, 0x096F0D95, 0x08770C85,
	0x077B0B72, 0x06800A62, 0x05850952, 0x04870840, 0x038A0735, 0x028C062D, 0x018C0521, 0x0091041A, 0xFF970318, 0xFE9A0218, 0xFDA50121,
	0xFCB2002B, 0xFBBEFF38, 0xFAD2FE54, 0xF9E6FD70, 0xF8FAFC88, 0xF81AFBB2, 0xF740FAE6, 0xF663FA18, 0xF592F955, 0xF4C9F89C, 0xF3FEF7E3,
	0xF33DF738, 0xF286F697, 0xF1D3F5FC, 0xF129F56B, 0xF086F4E3, 0xEFE9F460, 0xEF52F3E3, 0xEEC2F371, 0xEE40F30D, 0xEDC7F2B1, 0xED53F258,
	0xECE8F20B, 0xEC87F1C7, 0xEC2BF187, 0xEBD9F150, 0xEB94F123, 0xEB53F0FA, 0xEB19F0D7, 0xEAEBF0C0, 0xEAC7F0B1, 0xEAAAF0A4, 0xEA96F0A0,
	0xEA8AF0A5, 0xEA81F0A8, 0xEA80F0AE, 0xEA8DF0BF, 0xEA9FF0D4, 0xEAB5F0EA, 0xEAD6F108, 0xEAFDF129, 0xEB26F148, 0xEB56F169, 0xEB8EF18F,
	0xEBD0F1BC, 0xEC16F1EA, 0xEC5BF20F, 0xECA7F236, 0xECFCF265, 0xED52F28E, 0xEDAAF2B6, 0xEE08F2DF, 0xEE67F305, 0xEEC9F32A, 0xEF2FF350,
	0xEF95F370, 0xEFFDF38F, 0xF069F3AE, 0xF0D5F3C7, 0xF140F3DA, 0xF1B0F3EE, 0xF220F3FE, 0xF28DF409, 0xF2FDF411, 0xF36DF415, 0xF3D8F410,
	0xF441F408, 0xF4B0F404, 0xF51DF3FB, 0xF584F3E7, 0xF5ECF3D0, 0xF652F3B6, 0xF6B3F394, 0xF715F372, 0xF778F34F, 0xF7D5F323, 0xF830F2F6,
	0xF88AF2C8, 0xF8DFF291, 0xF933F257, 0xF987F21E, 0xF9D6F1E1, 0xFA23F1A1, 0xFA71F162, 0xFAB8F11E, 0xFAFCF0D7, 0xFB43F095, 0xFB84F04F,
	0xFBBFF005, 0xFBFEEFC1, 0xFC3AEF7C, 0xFC70EF32, 0xFCA8EEED, 0xFCDFEEA9, 0xFD13EE66, 0xFD48EE2A, 0xFD7AEDEE, 0xFDA7EDB0, 0xFDD9ED7A,
	0xFE09ED4A, 0xFE38ED1A, 0xFE69ECF2, 0xFE98ECCC, 0xFEC2ECAA, 0xFEF0EC93, 0xFF1FEC81, 0xFF4CEC6F, 0xFF7DEC6A, 0xFFAFEC6F, 0xFFDEEC77,
	0x000FEC86, 0x0040EC9A, 0x0074ECB8, 0x00A9ECE2, 0x00DEED12, 0x0118ED4C, 0x0157ED92, 0x0191EDDC, 0x01CDEE31, 0x0211EE94, 0x0254EEFD,
	0x0295EF6B, 0x02DAEFE9, 0x0325F072, 0x036FF100, 0x03B9F197, 0x0405F23B, 0x0454F2E9, 0x04A7F39F, 0x04FCF45E, 0x054EF526, 0x05A4F5F9,
	0x0604F6DB, 0x0662F7C0, 0x06BAF8A8, 0x0716F99C, 0x0776FA9A, 0x07D6FB9C, 0x0837FCA6, 0x0897FDB7, 0x08F8FED1, 0x095BFFF1, 0x09BB0112,
	0x0A1C0239, 0x0A7E0368, 0x0ADC049A, 0x0B3C05D0, 0x0B9F070B, 0x0BFB0843, 0x0C53097E, 0x0CAE0ABE, 0x0D060BFC, 0x0D5B0D3B, 0x0DAC0E7A,
	0x0DFA0FB4, 0x0E4810F1, 0x0E93122B, 0x0ED6135F, 0x0F191497, 0x0F5815C9, 0x0F8D16EF, 0x0FC21813, 0x0FF61934, 0x101F1A4D, 0x10401B5C,
	0x105C1C62, 0x10781D64, 0x108F1E62, 0x109A1F4E, 0x109E202D, 0x10A02109, 0x109D21DA, 0x1092229D, 0x10812355, 0x106B2401, 0x104C24A2,
	0x10232531, 0x0FF425B3, 0x0FC02629, 0x0F83268D, 0x0F3C26E0, 0x0EF32729, 0x0EA32765, 0x0E4D2791, 0x0DF027AC, 0x0D8B27B6, 0x0D2027B4,
	0x0CB127A3, 0x0C39277B, 0x0BB92745, 0x0B372705, 0x0AAF26B2, 0x0A20264B, 0x098F25D9, 0x08F9255C, 0x085924C9, 0x07B42423, 0x070F2376,
	0x066622BA, 0x05B521EA, 0x05062110, 0x0456202C, 0x039D1F35, 0x02E31E32, 0x022E1D27, 0x01711C0C, 0x00B11AE6, 0xFFF619B9, 0xFF39187D,
	0xFE7B1739, 0xFDBE15EF, 0xFD00149A, 0xFC44133C, 0xFB8A11DA, 0xFAD01071, 0xFA180F00, 0xF9640D88, 0xF8B30C0B, 0xF8060A8E, 0xF75C090E,
	0xF6B20787, 0xF60F05FF, 0xF5710477, 0xF4D602ED, 0xF4410165, 0xF3B4FFE0, 0xF32AFE59, 0xF2A6FCD5, 0xF22BFB58, 0xF1B5F9D9, 0xF143F85C,
	0xF0DCF6EA, 0xF07BF57F, 0xF01FF415, 0xEFC9F2AE, 0xEF7BF151, 0xEF37F000, 0xEEF9EEB4, 0xEEC1ED6D, 0xEE95EC36, 0xEE71EB0A, 0xEE4FE9DE,
	0xEE39E8C0, 0xEE31E7B5, 0xEE29E6AF, 0xEE27E5B3, 0xEE36E4CB, 0xEE4AE3E9, 0xEE62E313, 0xEE86E24F, 0xEEB0E195, 0xEEE0E0E5, 0xEF1CE049,
	0xEF5CDFB9, 0xEFA1DF34, 0xEFF0DEBF, 0xF045DE56, 0xF0A2DDFE, 0xF107DDB8, 0xF171DD78, 0xF1E0DD47, 0xF258DD2A, 0xF2D1DD18, 0xF352DD13,
	0xF3DCDD21, 0xF468DD37, 0xF4F6DD59, 0xF590DD91, 0xF62BDDD2, 0xF6C3DE18, 0xF767DE75, 0xF813DEE1, 0xF8B9DF4F, 0xF966DFCE, 0xFA1AE05F,
	0xFAC9E0F2, 0xFB7CE191, 0xFC37E243, 0xFCEDE2F8, 0xFDA4E3B7, 0xFE61E484, 0xFF1CE555, 0xFFD7E632, 0x0097E71B, 0x0153E806, 0x020FE8F9,
	0x02CEE9F7, 0x0388EAF9, 0x0444EC03, 0x04FEED13, 0x05B3EE23, 0x066AEF3C, 0x0722F05D, 0x07D3F17A, 0x0880F29D, 0x092FF3C7, 0x09D8F4F1,
	0x0A7AF619, 0x0B17F741, 0x0BB4F86E, 0x0C51F99E, 0x0CE6FACA, 0x0D75FBF6, 0x0E00FD23, 0x0E86FE4B, 0x0F05FF70, 0x0F7F0094, 0x0FF201B5,
	0x105F02D1, 0x10C503E6, 0x112204F6, 0x117A0603, 0x11CD070A, 0x1218080A, 0x125B0907, 0x129509FC, 0x12C90AE9, 0x12F40BCE, 0x13150CA7,
	0x132C0D77, 0x133B0E41, 0x13410EFF, 0x133F0FB6, 0x13361062, 0x131E10FE, 0x12FE1191, 0x12D8121E, 0x12A7129C, 0x126D130D, 0x122A1375,
	0x11DA13D0, 0x1183141E, 0x1122145F, 0x10B51491, 0x104114B8, 0x0FC614D6, 0x0F3D14E4, 0x0EA914E3, 0x0E1014DA, 0x0D7014C4, 0x0CC2149C,
	0x0C0B1469, 0x0B50142D, 0x0A8C13E4, 0x09C0138D, 0x08ED132C, 0x080F12BC, 0x072A1240, 0x064411BF, 0x05541130, 0x045C1093, 0x03620FF1,
	0x02640F43, 0x01600E8C, 0x005B0DD0, 0xFF4E0D09, 0xFE3F0C3B, 0xFD330B6A, 0xFC230A90, 0xFB0D09AF, 0xF9F708CB, 0xF8E307E0, 0xF7D206F4,
	0xF6C00607, 0xF5AA050F, 0xF49A0418, 0xF3920329, 0xF28A0235, 0xF184013D, 0xF086004A, 0xEF8CFF58, 0xEE98FE6C, 0xEDADFD85, 0xECC8FC9E,
	0xEBE8FBB9, 0xEB10FADE, 0xEA45FA0B, 0xE986F93E, 0xE8CEF878, 0xE81FF7B9, 0xE77BF703, 0xE6E4F658, 0xE657F5B7, 0xE5D8F522, 0xE568F499,
	0xE504F419, 0xE4ABF3A3, 0xE45FF33B, 0xE422F2E0, 0xE3F4F290, 0xE3D5F251, 0xE3C7F223, 0xE3C6F1FE, 0xE3D3F1E6, 0xE3F1F1DF, 0xE41EF1E7,
	0xE459F1F9, 0xE4A1F21B, 0xE4FBF24E, 0xE560F28B, 0xE5D5F2D5, 0xE65EF334, 0xE6F2F39E, 0xE78DF40D, 0xE83AF48B, 0xE8F7F519, 0xE9BBF5B0,
	0xEA91F657, 0xEB77F70A, 0xEC5FF7BE, 0xED53F87E, 0xEE5AF951, 0xEF65FA27, 0xF074FAFF, 0xF192FBE2, 0xF2B9FCCD, 0xF3E1FDB8, 0xF515FEAA,
	0xF653FFA6, 0xF79200A1, 0xF8D2019C, 0xFA1F02A0, 0xFB6D03A2, 0xFCB3049B, 0xFDFF0597, 0xFF550699, 0x00A80796, 0x01F5088C, 0x0343097D,
	0x048F0A68, 0x05DB0B51, 0x07260C36, 0x08690D12, 0x09A60DE3, 0x0AE30EB0, 0x0C1A0F76, 0x0D46102E, 0x0E6A10D7, 0x0F881179, 0x109F1211,
	0x11AF129E, 0x12B61320, 0x13B31396, 0x14A713FE, 0x158D1458, 0x166614A2, 0x173B14E5, 0x1806151C, 0x18B9153A, 0x1962154C, 0x1A08155A,
	0x1A9B1553, 0x1B1F1539, 0x1B9C151B, 0x1C0D14F1, 0x1C6E14B5, 0x1CC4146C, 0x1D091418, 0x1D4113B5, 0x1D6C1344, 0x1D8812C6, 0x1D9B1242,
	0x1DA411B3, 0x1D9B1117, 0x1D871072, 0x1D680FC3, 0x1D390F09, 0x1CFF0E48, 0x1CBA0D7E, 0x1C690CAD, 0x1C0F0BD8, 0x1BAA0AFA, 0x1B360A15,
	0x1ABB092E, 0x1A360841, 0x19A5074D, 0x190B0659, 0x186A0563, 0x17BE0467, 0x170B036E, 0x16540276, 0x1594017C, 0x14C9007E, 0x13FBFF83,
	0x1327FE8C, 0x1249FD93, 0x1168FC9C, 0x1085FBAC, 0x0F9BFABF, 0x0EACF9D4, 0x0DBBF8EC, 0x0CC4F807, 0x0BCDF72A, 0x0AD4F654, 0x09D6F582,
	0x08DBF4B8, 0x07DCF3F3, 0x06D7F330, 0x05D7F278, 0x04DBF1CA, 0x03D9F11D, 0x02D8F079, 0x01DCEFE1, 0x00DFEF4E, 0xFFE3EEC2, 0xFEECEE3F,
	0xFDF2EDC2, 0xFCFEED50, 0xFC11ECE6, 0xFB24EC83, 0xFA39EC29, 0xF955EBD8, 0xF875EB8E, 0xF799EB4B, 0xF6C3EB12, 0xF5F3EAE2, 0xF526EAB8,
	0xF45FEA96, 0xF3A1EA7F, 0xF2E7EA6F, 0xF230EA62, 0xF183EA60, 0xF0DFEA67, 0xF041EA75, 0xEFABEA8B, 0xEF1FEAA8, 0xEE96EACC, 0xEE15EAF5,
	0xED9EEB27, 0xED30EB60, 0xECC9EBA0, 0xEC69EBE6, 0xEC11EC30, 0xEBC1EC80, 0xEB80ECDC, 0xEB46ED3D, 0xEB0EED9F, 0xEAE2EE07, 0xEAC1EE78,
	0xEAA4EEEC, 0xEA92EF67, 0xEA8BEFE9, 0xEA89F06D, 0xEA90F0F5, 0xEAA2F186, 0xEAB9F218, 0xEAD8F2AE, 0xEB01F349, 0xEB2EF3E4, 0xEB65F487,
	0xEBA9F533, 0xEBECF5DB, 0xEC34F683, 0xEC89F734, 0xECE3F7E9, 0xED41F89C, 0xEDA7F953, 0xEE10FA0A, 0xEE7EFAC1, 0xEEF5FB7F, 0xEF6DFC3C,
	0xEFE8FCF7, 0xF06BFDB7, 0xF0EFFE74, 0xF174FF30, 0xF202FFF1, 0xF29000B2, 0xF31C016C, 0xF3AE0226, 0xF44202E0, 0xF4D20395, 0xF565044B,
	0xF5FC0501, 0xF69005B2, 0xF7250661, 0xF7B8070C, 0xF84607AE, 0xF8D80850, 0xF96A08F0, 0xF9F50989, 0xFA800A1E, 0xFB0B0AAE, 0xFB8F0B38,
	0xFC100BBD, 0xFC8E0C3C, 0xFD0A0CB3, 0xFD840D26, 0xFDFA0D93, 0xFE6B0DF8, 0xFED80E56, 0xFF3F0EAD, 0xFFA30EFC, 0x00070F48, 0x00640F8A,
	0x00BB0FC5, 0x010F0FFA, 0x015D1023, 0x01A41042, 0x01EB105D, 0x02301074, 0x02701082, 0x02AA1087, 0x02DF1084, 0x030F1078, 0x0340106A,
	0x03701055, 0x03971036, 0x03B9100F, 0x03DC0FE5, 0x03FD0FB3, 0x041C0F79, 0x043A0F3D, 0x04550EFD, 0x046B0EB3, 0x04830E65, 0x049B0E14,
	0x04AF0DBE, 0x04C20D62, 0x04D80D03, 0x04EF0CA3, 0x05040C3F, 0x05170BD6, 0x052B0B6C, 0x05430B03, 0x055A0A96, 0x05720A26, 0x058D09B7,
	0x05AA0947, 0x05C908D7, 0x05E90868, 0x060C07F8, 0x0633078B, 0x065A071E, 0x068006AE, 0x06AC0641, 0x06DD05D9, 0x070D0571, 0x0740050C,
	0x077804AD, 0x07B40450, 0x07EE03F3, 0x08270396, 0x0866033F, 0x08AE02F1, 0x08F302A3, 0x09370255, 0x097E020D, 0x09C701C9, 0x0A12018B,
	0x0A620152, 0x0AAD011A, 0x0AF600E3, 0x0B4200B1, 0x0B900084, 0x0BDE005E, 0x0C2C003A, 0x0C770017, 0x0CC0FFF7, 0x0D09FFDC, 0x0D4EFFC3,
	0x0D92FFAF, 0x0DD5FF9F, 0x0E11FF8E, 0x0E4AFF7F, 0x0E84FF76, 0x0EB7FF6C, 0x0EE3FF61, 0x0F0EFF5D, 0x0F34FF59, 0x0F51FF54, 0x0F6AFF50,
	0x0F7DFF4D, 0x0F86FF4B, 0x0F90FF4A, 0x0F94FF49, 0x0F8AFF45, 0x0F7AFF42, 0x0F67FF40, 0x0F49FF39, 0x0F22FF32, 0x0EF8FF2F, 0x0EC4FF28,
	0x0E85FF1A, 0x0E3DFF0B, 0x0DF1FEFF, 0x0D9EFEF0, 0x0D40FEDB, 0x0CD8FEC4, 0x0C6EFEB1, 0x0BFBFE97, 0x0B78FE73, 0x0AF2FE55, 0x0A6DFE3A,
	0x09DBFE15, 0x093DFDEC, 0x089DFDC4, 0x07F7FD98, 0x0747FD65, 0x0693FD32, 0x05DBFD00, 0x0520FCCC, 0x045FFC95, 0x0396FC58, 0x02C9FC1B,
	0x01FCFBDD, 0x012BFB9C, 0x0055FB59, 0xFF7DFB16, 0xFEA5FAD1, 0xFDCBFA8B, 0xFCF1FA46, 0xFC18FA00, 0xFB3DF9B8, 0xFA61F96F, 0xF986F926,
	0xF8AEF8DE, 0xF7DAF896, 0xF709F84F, 0xF63BF80A, 0xF56EF7C6, 0xF4A2F77F, 0xF3DCF739, 0xF320F6F9, 0xF268F6BB, 0xF1B3F67D, 0xF103F640,
	0xF05AF605, 0xEFB9F5D0, 0xEF21F59E, 0xEE8DF56A, 0xEE01F539, 0xED81F510, 0xED07F4E6, 0xEC91F4BD, 0xEC27F49A, 0xEBC7F47C, 0xEB71F460,
	0xEB25F448, 0xEAE0F435, 0xEAA0F423, 0xEA70F417, 0xEA4DF40E, 0xEA2AF407, 0xEA0FF403, 0xEA06F405, 0xEA07F40B, 0xEA0FF415, 0xEA1FF420,
	0xEA36F42E, 0xEA57F441, 0xEA85F458, 0xEABBF470, 0xEAF9F48E, 0xEB3FF4B2, 0xEB89F4D3, 0xEBDEF4F8, 0xEC3EF525, 0xECA4F553, 0xED0EF57F,
	0xED81F5B1, 0xEDFCF5E8, 0xEE7DF61E, 0xEF01F655, 0xEF89F68E, 0xF01DF6CF, 0xF0B7F712, 0xF150F750, 0xF1EEF792, 0xF293F7DA, 0xF338F81F,
	0xF3E0F865, 0xF490F8B1, 0xF53FF8FB, 0xF5EFF944, 0xF6A8F996, 0xF762F9EA, 0xF818FA38, 0xF8D1FA88, 0xF98CFADC, 0xFA46FB30, 0xFB05FB86,
	0xFBC3FBDC, 0xFC7AFC2E, 0xFD31FC82, 0xFDEFFCDE, 0xFEACFD3B, 0xFF63FD94, 0x001BFDF0, 0x00D6FE52, 0x018CFEAF, 0x023CFF0B, 0x02EEFF6D,
	0x03A4FFD2, 0x04530036, 0x04FC0099, 0x05A700FF, 0x064D0162, 0x06ED01C8, 0x07900234, 0x083102A2, 0x08CE030E, 0x096E0380, 0x0A0703F3,
	0x0A93045F, 0x0B2404D1, 0x0BBB054B, 0x0C4505C1, 0x0CC90636, 0x0D5206B2, 0x0DD80731, 0x0E5507AE, 0x0ED1082C, 0x0F4908AC, 0x0FBC092D,
	0x103009B1, 0x10A20A38, 0x110F0ABE, 0x11770B44, 0x11DD0BCC, 0x12400C58, 0x129F0CE4, 0x12F60D6D, 0x134C0DF7, 0x13A30E84, 0x13F40F10,
	0x143D0F9C, 0x14851028, 0x14C910B2, 0x15061139, 0x154211C2, 0x157D124E, 0x15B012D4, 0x15DA1355, 0x160013D4, 0x16231452, 0x164414D0,
	0x1661154D, 0x167515C3, 0x16811630, 0x1689169C, 0x168B1705, 0x16871767, 0x167F17C6, 0x16721820, 0x165A1872, 0x163C18BB, 0x16191900,
	0x15EE193D, 0x15BA1971, 0x1580199E, 0x154019C4, 0x14F819E0, 0x14A819F3, 0x144F19FB, 0x13EE19FB, 0x138619F2, 0x131719DE, 0x129C19BC,
	0x121B1993, 0x11931962, 0x11011920, 0x106518D2, 0x0FC5187C, 0x0F1A1818, 0x0E6217A4, 0x0DA51727, 0x0CE216A1, 0x0C16160B, 0x0B43156B,
	0x0A6A14C1, 0x09861409, 0x08981342, 0x07A5126E, 0x06AA118F, 0x05A910A5, 0x04A20FB1, 0x03960EB3, 0x02830DA7, 0x01680C8D, 0x00480B69,
	0xFF230A3D, 0xFDFB0909, 0xFCCF07C9, 0xFB9E067E, 0xFA69052C, 0xF93603D4, 0xF8030277, 0xF6C90110, 0xF58CFF9F, 0xF451FE2C, 0xF317FCB4,
	0xF1DAFB35, 0xF0A1F9B3, 0xEF6AF82E, 0xEE33F6A5, 0xECFFF51A, 0xEBD1F391, 0xEAA7F209, 0xE984F082, 0xE866EEFB, 0xE74CED76, 0xE63CEBF7,
	0xE532EA79, 0xE42BE8FB, 0xE32EE786, 0xE242E61D, 0xE15CE4B8, 0xE07CE356, 0xDFACE201, 0xDEE7E0B6, 0xDE2ADF74, 0xDD81DE41, 0xDCE4DD1B,
	0xDC4FDBFD, 0xDBCBDAEC, 0xDB5AD9ED, 0xDAF3D8FC, 0xDA9AD817, 0xDA54D745, 0xDA1BD681, 0xD9F2D5CF, 0xD9DFD533, 0xD9DBD4A6, 0xD9E4D42A,
	0xDA01D3C4, 0xDA30D371, 0xDA6BD330, 0xDAB7D302, 0xDB14D2E8, 0xDB85D2E3, 0xDC0CD2F7, 0xDCA1D31E, 0xDD40D354, 0xDDF3D3A1, 0xDEB9D405,
	0xDF8AD47A, 0xE06CD505, 0xE162D5A6, 0xE25FD657, 0xE369D71A, 0xE489D7F4, 0xE5B4D8E0, 0xE6E6D9DD, 0xE827DAED, 0xE977DC0E, 0xEAD0DD3F,
	0xEC31DE80, 0xED9ADFCE, 0xEF0DE12C, 0xF08EE29B, 0xF214E418, 0xF39CE59D, 0xF52DE72E, 0xF6C3E8CD, 0xF85BEA74, 0xF9F7EC22, 0xFB98EDDB,
	0xFD39EF9C, 0xFEDBF163, 0x007DF32C, 0x021DF4FC, 0x03C0F6D4, 0x0561F8AB, 0x06FBFA7F, 0x0893FC59, 0x0A2AFE34, 0x0BB7000A, 0x0D3F01E1,
	0x0EC403B7, 0x103D0584, 0x11AC0749, 0x1318090F, 0x147B0AD0, 0x15D30C89, 0x17210E3A, 0x18650FE2, 0x199B117F, 0x1AC71312, 0x1BE8149A,
	0x1CFB1617, 0x1E02178A, 0x1EFE18F0, 0x1FEB1A48, 0x20C71B92, 0x21961CD0, 0x225A1DFF, 0x23101F20, 0x23B62030, 0x244A212E, 0x24D22220,
	0x25522307, 0x25C123DB, 0x261B249A, 0x266B254E, 0x26B025F3, 0x26E22685, 0x27022704, 0x271A2775, 0x272727D9, 0x2721282A, 0x270C286A,
	0x26EE289D, 0x26C728C4, 0x269128DA, 0x264B28DC, 0x25FA28D0, 0x25A228B9, 0x253C2893, 0x24C8285F, 0x244D281F, 0x23C827D0, 0x23352773,
	0x229C270E, 0x21FC269E, 0x2150261E, 0x209B2593, 0x1FE22501, 0x1F1F2462, 0x1E5123B8, 0x1D7D2304, 0x1CA4224A, 0x1BC82189, 0x1AE520C0,
	0x19F71FE9, 0x19021F0B, 0x180E1E2D, 0x17181D4A, 0x16191C5C, 0x15151B67, 0x140E1A6E, 0x13031971, 0x11F6186F, 0x10E31765, 0x0FC91658,
	0x0EB3154D, 0x0D9F1440, 0x0C811329, 0x0B5F120F, 0x0A4010F8, 0x09210FDE, 0x07FD0EC1, 0x06D90DA4, 0x05B30C85, 0x048B0B62, 0x03650A43,
	0x02400925, 0x01180803, 0xFFEE06DE, 0xFEC605BD, 0xFD9E049D, 0xFC76037C, 0xFB50025E, 0xFA2B0143, 0xF908002A, 0xF7E8FF13, 0xF6C8FDFC,
	0xF5A6FCE4, 0xF488FBD1, 0xF370FAC4, 0xF257F9B6, 0xF140F8AB, 0xF02FF7A6, 0xEF20F6A4, 0xEE11F5A4, 0xED0AF4AC, 0xEC0AF3B8, 0xEB0BF2C6,
	0xEA0FF1D9, 0xE91BF0F4, 0xE82BF012, 0xE740EF35, 0xE65DEE61, 0xE583ED95, 0xE4ACECCD, 0xE3D9EC09, 0xE30DEB4C, 0xE24DEA9B, 0xE198E9F1,
	0xE0E8E94B, 0xE03BE8AC, 0xDF96E816, 0xDF00E789, 0xDE77E706, 0xDDF3E68D, 0xDD79E61D, 0xDD0DE5B6, 0xDCA8E557, 0xDC47E4FB, 0xDBF1E4A9,
	0xDBB1E467, 0xDB7AE430, 0xDB47E3FD, 0xDB22E3D6, 0xDB0DE3BB, 0xDB02E3A8, 0xDB01E39D, 0xDB0DE39D, 0xDB23E3A4, 0xDB44E3B5, 0xDB75E3D4,
	0xDBB1E3FB, 0xDBF6E427, 0xDC48E45D, 0xDCA6E49D, 0xDD0EE4E5, 0xDD83E536, 0xDE05E590, 0xDE90E5F0, 0xDF26E659, 0xDFC7E6CA, 0xE071E740,
	0xE126E7BB, 0xE1E6E83E, 0xE2ADE8C6, 0xE37FE954, 0xE459E9E6, 0xE538EA79, 0xE621EB14, 0xE716EBB7, 0xE80FEC58, 0xE90BECF9, 0xEA12EDA0,
	0xEB21EE4A, 0xEC34EEF5, 0xED4AEFA0, 0xEE63F04B, 0xEF81F0F6, 0xF0A3F1A0, 0xF1C7F24A, 0xF2EEF2F2, 0xF419F399, 0xF545F43D, 0xF670F4E0,
	0xF79CF580, 0xF8CAF61D, 0xF9FAF6BA, 0xFB27F750, 0xFC4FF7DE, 0xFD78F86B, 0xFEA2F8F8, 0xFFC6F97C, 0x00E9F9FB, 0x020CFA7B, 0x0328FAF3,
	0x043CFB61, 0x0551FBCC, 0x0663FC36, 0x076EFC99, 0x0872FCF5, 0x0971FD4C, 0x0A6CFDA0, 0x0B64FDF0, 0x0C54FE3B, 0x0D3CFE82, 0x0E23FEC8,
	0x0F02FF05, 0x0FD5FF3C, 0x10A6FF76, 0x1172FFAE, 0x1230FFDB, 0x12EC0009, 0x13A7003B, 0x14540065, 0x14F7008A, 0x159800B4, 0x163300DD,
	0x16C50104, 0x1754012E, 0x17DC015A, 0x185A0183, 0x18D201AD, 0x194301D9, 0x19AE0209, 0x1A16023C, 0x1A740271, 0x1ACB02A7, 0x1B1D02E0,
	0x1B6B031F, 0x1BB10363, 0x1BF203AA, 0x1C2C03F4, 0x1C620443, 0x1C93049A, 0x1CBD04F6, 0x1CE20555, 0x1D0305BB, 0x1D1E0626, 0x1D320696,
	0x1D44070C, 0x1D500788, 0x1D560808, 0x1D56088C, 0x1D500916, 0x1D4809A6, 0x1D3C0A3B, 0x1D2A0AD4, 0x1D130B72, 0x1CF50C12, 0x1CD30CB8,
	0x1CB00D64, 0x1C860E12, 0x1C540EC0, 0x1C220F71, 0x1BEB1026, 0x1BA810D7, 0x1B621189, 0x1B1C123F, 0x1ACD12F5, 0x1A7713AB, 0x1A23145F,
	0x19C71510, 0x196015BE, 0x18FB166E, 0x18901719, 0x181B17BA, 0x17A0185A, 0x172118F7, 0x169E198E, 0x161A1A1C, 0x158B1AA2, 0x14F21B21,
	0x14591B9C, 0x13C01C12, 0x131F1C7D, 0x12751CDB, 0x11C31D2D, 0x110E1D79, 0x10571DBC, 0x0F991DF0, 0x0ED31E18, 0x0E0D1E3A, 0x0D431E51,
	0x0C6F1E57, 0x0B991E53, 0x0AC31E46, 0x09E61E2B, 0x09011E02, 0x08191DCC, 0x07301D8A, 0x06441D3A, 0x05541CDD, 0x045F1C76, 0x036A1C03,
	0x02711B80, 0x01721AF0, 0x00771A5B, 0xFF8019BC, 0xFE7F190A, 0xFD7A184C, 0xFC7B1789, 0xFB7916BA, 0xFA7415DE, 0xF97114FA, 0xF86E140C,
	0xF76E1316, 0xF66F1217, 0xF56D110D, 0xF46D0FFD, 0xF3740EE9, 0xF27F0DD0, 0xF1870CAC, 0xF0920B81, 0xEFA00A53, 0xEEB00920, 0xEDC507E8,
	0xECE106AF, 0xEC030577, 0xEB270438, 0xEA4C02F2, 0xE97901AE, 0xE8AD006D, 0xE7E4FF28, 0xE720FDE2, 0xE668FC9F, 0xE5B3FB5C, 0xE502FA18,
	0xE45BF8DA, 0xE3BCF79E, 0xE323F665, 0xE290F52F, 0xE203F3FA, 0xE17FF2C9, 0xE108F1A0, 0xE097F07C, 0xE02DEF5A, 0xDFCBEE3F, 0xDF70ED29,
	0xDF21EC1D, 0xDEDEEB1A, 0xDE9FEA16, 0xDE65E917, 0xDE3BE827, 0xDE1AE740, 0xDDFFE65A, 0xDDEDE57C, 0xDDE8E4AC, 0xDDEEE3E5, 0xDDFDE325,
	0xDE15E26E, 0xDE33E1C0, 0xDE5CE11A, 0xDE91E07F, 0xDECFDFEC, 0xDF18DF65, 0xDF6DDEEB, 0xDFC6DE76, 0xE026DE08, 0xE096DDAA, 0xE112DD59,
	0xE195DD0F, 0xE222DCCF, 0xE2BADC9F, 0xE35BDC77, 0xE401DC56, 0xE4B1DC41, 0xE56FDC3C, 0xE635DC3F, 0xE702DC4C, 0xE7D9DC65, 0xE8B8DC8B,
	0xE99FDCBB, 0xEA91DCF9, 0xEB8ADD41, 0xEC88DD93, 0xED91DDEF, 0xEEA1DE57, 0xEFB8DECC, 0xF0D8DF4D, 0xF1FDDFD7, 0xF327E06B, 0xF458E10B,
	0xF58FE1B5, 0xF6CAE269, 0xF80BE329, 0xF952E3F4, 0xFA9CE4C8, 0xFBEAE5A5, 0xFD3CE68D, 0xFE91E77D, 0xFFE8E876, 0x0141E97A, 0x029AEA83,
	0x03F2EB94, 0x0550ECB0, 0x06AEEDD3, 0x0809EEFB, 0x0963F029, 0x0ABCF15F, 0x0C16F29C, 0x0D6BF3DD, 0x0EB9F520, 0x1004F669, 0x114EF7B7,
	0x1290F907, 0x13CFFA5A, 0x1507FBAE, 0x1635FD02, 0x175DFE5A, 0x1881FFB3, 0x199B0109, 0x1AAB025F, 0x1BB103B5, 0x1CAE0508, 0x1D9F0657,
	0x1E8407A1, 0x1F6108EA, 0x20330A31, 0x20F60B6F, 0x21A80CA4, 0x224D0DD4, 0x22E70EFF, 0x23741022, 0x23F1113B, 0x2461124F, 0x24C11358,
	0x25111457, 0x2553154C, 0x25851636, 0x25A51715, 0x25B717E9, 0x25B918AF, 0x25A81967, 0x25871A15, 0x25581AB5, 0x25191B48, 0x24CA1BCE,
	0x24681C47, 0x23FA1CB1, 0x237D1D0D, 0x22EC1D59, 0x224E1D98, 0x21A41DCB, 0x20EA1DEF, 0x20221E02, 0x1F4A1E06, 0x1E641DFD, 0x1D751DE8,
	0x1C791DC5, 0x1B701D95, 0x1A5E1D59, 0x193F1D0C, 0x18121CB1, 0x16DE1C4B, 0x15A41BDB, 0x14601B5F, 0x13141AD6, 0x11C31A43, 0x106919A6,
	0x0F0C1900, 0x0DAE1854, 0x0C47179B, 0x0AD816D8, 0x096C160E, 0x07FE153E, 0x068C1466, 0x051E138B, 0x03AE12AA, 0x023A11C0, 0x00D110D8,
	0xFF690FEC, 0xFDFE0EF9, 0xFC9A0E05, 0xFB3E0D12, 0xF9E30C1D, 0xF8900B28, 0xF7420A33, 0xF5F9093C, 0xF4BC0849, 0xF38A0759, 0xF25B0668,
	0xF1310578, 0xF015048F, 0xEF0703AA, 0xEDFF02C7, 0xED0301EA, 0xEC170115, 0xEB340045, 0xEA5BFF7A, 0xE98EFEB5, 0xE8CBFDF3, 0xE816FD39,
	0xE771FC8B, 0xE6D8FBE3, 0xE64EFB40, 0xE5CEFAA5, 0xE55BFA14, 0xE4F4F987, 0xE49BF902, 0xE454F88B, 0xE419F81C, 0xE3E5F7AF, 0xE3C2F74E,
	0xE3ADF6F9, 0xE39FF6A7, 0xE3A1F65C, 0xE3B3F61B, 0xE3CFF5E4, 0xE3F5F5B5, 0xE424F58A, 0xE45FF567, 0xE4A9F551, 0xE4FCF53F, 0xE556F531,
	0xE5BDF52C, 0xE62DF52F, 0xE6A5F537, 0xE728F546, 0xE7B2F559, 0xE844F572, 0xE8DFF592, 0xE97FF5B6, 0xEA25F5DE, 0xEAD3F60A, 0xEB89F63D,
	0xEC43F673, 0xED00F6AD, 0xEDC5F6E9, 0xEE8BF725, 0xEF55F768, 0xF02BF7B2, 0xF0FDF7F9, 0xF1CFF83F, 0xF2ADF88F, 0xF38AF8DF, 0xF461F929,
	0xF53FF978, 0xF621F9CB, 0xF700FA1D, 0xF7E0FA70, 0xF8C1FAC2, 0xF9A2FB14, 0xFA84FB67, 0xFB65FBBC, 0xFC44FC10, 0xFD22FC62, 0xFDFFFCB3,
	0xFEDBFD04, 0xFFB1FD52, 0x0087FDA1, 0x015FFDF0, 0x0235FE3F, 0x0305FE8D, 0x03D3FED7, 0x049DFF1F, 0x0563FF68, 0x0626FFAF, 0x06E7FFF2,
	0x07A50035, 0x085F0079, 0x091400B9, 0x09C500F6, 0x0A720131, 0x0B1E016D, 0x0BC201A5, 0x0C5E01D8, 0x0CFD020E, 0x0D980242, 0x0E280272,
	0x0EB702A2, 0x0F4102D1, 0x0FC102F8, 0x103F031D, 0x10B80342, 0x112A0366, 0x11990388, 0x120303A7, 0x126403C3, 0x12C103DC, 0x131903F4,
	0x136D040C, 0x13BA0421, 0x13FE042D, 0x143C0437, 0x14730441, 0x14A30448, 0x14CE044A, 0x14F4044C, 0x1515044E, 0x152E044C, 0x15400445,
	0x154D043D, 0x154F0430, 0x1547041D, 0x153D0409, 0x152D03F3, 0x151503DA, 0x14F703BE, 0x14D1039F, 0x14A2037D, 0x146E0357, 0x1430032B,
	0x13ED02FE, 0x13A302CF, 0x1350029B, 0x12FB0267, 0x129E022E, 0x123301EF, 0x11C501B1, 0x11540170, 0x10D60128, 0x105400E0, 0x0FCE0097,
	0x0F3D0047, 0x0EA5FFF4, 0x0E0BFFA1, 0x0D6CFF4E, 0x0CC5FEF7, 0x0C17FE9D, 0x0B62FE40, 0x0AA8FDE0, 0x09EEFD82, 0x092EFD23, 0x0862FCBC,
	0x0795FC55, 0x06C9FBF2, 0x05F3FB8C, 0x051AFB24, 0x0440FABD, 0x0360FA55, 0x0280F9ED, 0x019DF985, 0x00B5F91C, 0xFFD0F8B6, 0xFEE9F84F,
	0xFDF9F7E7, 0xFD0DF783, 0xFC26F723, 0xFB3AF6C2, 0xFA4DF662, 0xF95FF604, 0xF872F5A6, 0xF789F54D, 0xF6A5F4FA, 0xF5C1F4A9, 0xF4DBF458,
	0xF3FBF40A, 0xF323F3C7, 0xF24AF385, 0xF173F342, 0xF0A2F303, 0xEFD3F2CB, 0xEF0CF29B, 0xEE4DF270, 0xED8EF247, 0xECD7F224, 0xEC2DF209,
	0xEB84F1F2, 0xEAE0F1DE, 0xEA45F1D0, 0xE9B2F1CA, 0xE928F1CC, 0xE8A7F1D4, 0xE82DF1E0, 0xE7BBF1F2, 0xE752F20A, 0xE6F3F228, 0xE69CF24F,
	0xE652F27E, 0xE616F2B6, 0xE5DBF2EF, 0xE5A6F32A, 0xE584F372, 0xE56CF3C2, 0xE55CF416, 0xE559F471, 0xE55CF4D2, 0xE569F538, 0xE585F5A5,
	0xE5A8F616, 0xE5D6F68F, 0xE614F711, 0xE659F794, 0xE6A3F819, 0xE6F9F8A5, 0xE75AF939, 0xE7C7F9D2, 0xE83CFA6E, 0xE8BCFB0E, 0xE945FBB3,
	0xE9D3FC59, 0xEA6AFD01, 0xEB0CFDAF, 0xEBB9FE61, 0xEC6DFF15, 0xED24FFC9, 0xEDE40081, 0xEEAF013B, 0xEF7A01F3, 0xF04D02AC, 0xF12D036B,
	0xF20D0425, 0xF2F004E0, 0xF3DD059D, 0xF4CC0656, 0xF5BC070C, 0xF6B207C3, 0xF7A90878, 0xF8A7092B, 0xF9A909DD, 0xFAA60A89, 0xFBA40B32,
	0xFCA80BDA, 0xFDAF0C80, 0xFEAF0D1D, 0xFFAF0DB4, 0x00B50E4C, 0x01BA0EE0, 0x02B60F67, 0x03B10FE9, 0x04AD1068, 0x05A510E1, 0x06991151,
	0x078811B8, 0x0878121D, 0x09671280, 0x0A4C12D6, 0x0B2D1324, 0x0C0A136B, 0x0CDE13AA, 0x0DAF13E2, 0x0E7E1412, 0x0F421439, 0x10001459,
	0x10B91470, 0x116B147E, 0x12171486, 0x12BB1484, 0x13551479, 0x13EB1469, 0x147D1453, 0x15061433, 0x1586140A, 0x15FF13DB, 0x167213A6,
	0x16D71365, 0x1737131C, 0x179512D0, 0x17E8127E, 0x18311226, 0x187711C7, 0x18B3115F, 0x18E910F3, 0x191E1086, 0x19431011, 0x19600F95,
	0x197C0F18, 0x198F0E94, 0x19980E0A, 0x199E0D80, 0x199E0CF3, 0x19970C62, 0x198D0BD0, 0x197C0B3C, 0x19610AA4, 0x19400A0A, 0x191E0972,
	0x18F808DB, 0x18C90840, 0x189707A5, 0x185E0709, 0x181F066E, 0x17E105D7, 0x179A053F, 0x174D04A6, 0x17030414, 0x16B00381, 0x165602EF,
	0x15FF0263, 0x15A101D7, 0x153B014B, 0x14D500C5, 0x146B0043, 0x13FDFFC4, 0x138DFF4A, 0x1318FED0, 0x129EFE5A, 0x1224FDEC, 0x11A6FD81,
	0x1124FD18, 0x109CFCB1, 0x1012FC4F, 0x0F85FBF3, 0x0EF5FB99, 0x0E63FB45, 0x0DCBFAF3, 0x0D2EFAA5, 0x0C92FA5A, 0x0BEEFA10, 0x0B44F9C9,
	0x0A9FF98D, 0x09F4F954, 0x0943F91A, 0x0890F8E3, 0x07D6F8AF, 0x071BF87E, 0x0660F84F, 0x059DF821, 0x04D6F7F6, 0x040FF7D1, 0x0342F7A8,
	0x0271F780, 0x01A0F75B, 0x00CBF738, 0xFFF0F714, 0xFF12F6F1, 0xFE35F6D0, 0xFD53F6AE, 0xFC6DF68D, 0xFB88F66F, 0xFAA0F64F, 0xF9B3F62B,
	0xF8C9F60C, 0xF7DBF5EC, 0xF6E6F5C6, 0xF5F5F5A1, 0xF506F57E, 0xF416F55B, 0xF325F537, 0xF230F50D, 0xF13BF4E1, 0xF04BF4BA, 0xEF5AF491,
	0xEE6DF466, 0xED82F43B, 0xEC97F410, 0xEBB1F3E4, 0xEACDF3B5, 0xE9E9F384, 0xE90BF355, 0xE831F326, 0xE75CF2F6, 0xE68DF2C6, 0xE5C4F297,
	0xE502F26A, 0xE444F23A, 0xE388F208, 0xE2DCF1DB, 0xE238F1B1, 0xE197F183, 0xE0FEF156, 0xE06EF12E, 0xDFEBF108, 0xDF74F0E5, 0xDEFFF0C0,
	0xDE94F09E, 0xDE3BF082, 0xDDE9F067, 0xDD9EF04B, 0xDD63F035, 0xDD34F025, 0xDD11F019, 0xDCF8F00E, 0xDCEBF005, 0xDCECF002, 0xDCFAF006,
	0xDD16F010, 0xDD3CF01B, 0xDD6BF027, 0xDDABF03C, 0xDDF9F055, 0xDE50F071, 0xDEB8F096, 0xDF2BF0C0, 0xDFA6F0EC, 0xE031F11F, 0xE0C7F156,
	0xE167F18F, 0xE217F1D1, 0xE2D4F21A, 0xE399F268, 0xE469F2BA, 0xE541F30F, 0xE624F369, 0xE713F3CA, 0xE809F42E, 0xE908F497, 0xEA12F504,
	0xEB25F577, 0xEC42F5F0, 0xED62F66C, 0xEE8AF6EC, 0xEFBAF76D, 0xF0EBF7EF, 0xF224F879, 0xF366F909, 0xF4A9F99A, 0xF5F0FA2D, 0xF73AFAC4,
	0xF885FB5C, 0xF9D5FBF8, 0xFB26FC95, 0xFC78FD35, 0xFDCFFDD9, 0xFF25FE7F, 0x007AFF27, 0x01CEFFCF, 0x031E0074, 0x046D011B, 0x05BD01C9,
	0x070A0278, 0x08550325, 0x099A03D1, 0x0ADB047F, 0x0C1A052E, 0x0D5105DA, 0x0E840688, 0x0FB8073B, 0x10E107EA, 0x12020897, 0x13200947,
	0x143509F3, 0x15400A9C, 0x16480B48, 0x174C0BF8, 0x18450CA4, 0x19340D4B, 0x1A1C0DF3, 0x1AFD0E9C, 0x1BD00F40, 0x1CA00FE5, 0x1D69108C,
	0x1E23112B, 0x1ED411C7, 0x1F821267, 0x20231303, 0x20BA139C, 0x21471432, 0x21C714C5, 0x22411556, 0x22B415E6, 0x231B1673, 0x237716FB,
	0x23C6177D, 0x240E17FD, 0x244F187D, 0x248318F6, 0x24AF196D, 0x24D319E0, 0x24EA1A4B, 0x24F61AB2, 0x24F91B15, 0x24F41B74, 0x24E51BCB,
	0x24C71C18, 0x24A31C65, 0x24791CAC, 0x243D1CE4, 0x23F91D17, 0x23B51D4C, 0x23631D76, 0x23051D93, 0x229F1DAB, 0x222F1DBD, 0x21B51DC4,
	0x21301DBE, 0x20A51DB2, 0x20131D9F, 0x1F761D83, 0x1ED01D5C, 0x1E221D29, 0x1D6A1CEB, 0x1CAC1CA4, 0x1BE61C53, 0x1B161BF6, 0x1A3E1B8F,
	0x195E1B1C, 0x18751A9D, 0x17871A15, 0x16911982, 0x159318E2, 0x148E1835, 0x1380177E, 0x127016C0, 0x115A15F7, 0x103A151F, 0x0F16143C,
	0x0DED1351, 0x0CBB125B, 0x0B881159, 0x0A51104D, 0x09110F37, 0x07CF0E1A, 0x068A0CF2, 0x05410BC0, 0x03F60A87, 0x02A50945, 0x015207FC,
	0xFFFF06AB, 0xFEAA0554, 0xFD5403F9, 0xFBFA0296, 0xFAA2012D, 0xF94DFFC4, 0xF7F3FE54, 0xF698FCDE, 0xF544FB68, 0xF3EFF9F1, 0xF29CF877,
	0xF14BF6FC, 0xEFFEF583, 0xEEBAF40E, 0xED78F296, 0xEC32F11A, 0xEAF4EFA3, 0xE9C0EE34, 0xE88EECC8, 0xE763EB5F, 0xE63DE9FA, 0xE51DE89D,
	0xE407E746, 0xE2F8E5F6, 0xE1F3E4B1, 0xE0F8E376, 0xE003E23F, 0xDF19E113, 0xDE39DFF2, 0xDD63DEDE, 0xDC9ADDD4, 0xDBD6DCD2, 0xDB1EDBDE,
	0xDA78DAFB, 0xD9DBDA26, 0xD948D95A, 0xD8C3D89D, 0xD849D7EF, 0xD7DED751, 0xD780D6C1, 0xD72ED640, 0xD6EDD5D1, 0xD6B7D571, 0xD68DD520,
	0xD676D4E3, 0xD66DD4B6, 0xD66CD494, 0xD678D484, 0xD698D486, 0xD6C8D499, 0xD703D4BB, 0xD748D4ED, 0xD7A1D532, 0xD808D586, 0xD87AD5E9,
	0xD8FED65D, 0xD98CD6E0, 0xDA27D772, 0xDAD4D814, 0xDB89D8C2, 0xDC4BD97F, 0xDD1DDA4C, 0xDDF9DB26, 0xDEE1DC0E, 0xDFD8DD03, 0xE0D8DE04,
	0xE1E1DF0E, 0xE2F5E023, 0xE418E148, 0xE547E27B, 0xE67BE3B3, 0xE7BAE4F4, 0xE904E641, 0xEA52E793, 0xEBA7E8EB, 0xED06EA4E, 0xEE6CEBB9,
	0xEFDAED2A, 0xF14BEE9D, 0xF2C2F016, 0xF442F198, 0xF5C3F31C, 0xF747F4A1, 0xF8D1F62B, 0xFA5BF7B5, 0xFBE6F941, 0xFD77FAD0, 0xFF09FC5F,
	0x0099FDEE, 0x022BFF7E, 0x03BC010A, 0x05490292, 0x06D20418, 0x085C059F, 0x09E80723, 0x0B6B089F, 0x0CE90A18, 0x0E660B8F, 0x0FD80CFB,
	0x11460E61, 0x12B20FC6, 0x14131121, 0x156A1273, 0x16BB13BE, 0x18031501, 0x1943163B, 0x1A7A176B, 0x1BA61891, 0x1CC619AD, 0x1DDA1AC0,
	0x1EE51BCA, 0x1FE41CC8, 0x20D61DBB, 0x21BF1EA3, 0x22971F7D, 0x235B2047, 0x24182109, 0x24C921BF, 0x25682267, 0x25FA2302, 0x267C2390,
	0x26ED240F, 0x27532483, 0x27A824E8, 0x27EC253F, 0x2823258A, 0x284825C6, 0x285D25F4, 0x28622613, 0x28592625, 0x2844262D, 0x281C2626,
	0x27E1260E, 0x279B25EC, 0x274625BD, 0x26E0257E, 0x266B2532, 0x25E724D9, 0x25582476, 0x24BA2406, 0x240C2389, 0x23562303, 0x2290226F,
	0x21B821CC, 0x20DA2124, 0x1FF22072, 0x1EFC1FB2, 0x1DFB1EE9, 0x1CF01E18, 0x1BDC1D41, 0x1AC11C60, 0x199D1B75, 0x18711A83, 0x173A1988,
	0x15FB1884, 0x14BC1782, 0x137A167D, 0x122D156D, 0x10DC1456, 0x0F86133C, 0x0E2F121F, 0x0CD61101, 0x0B7E0FE2, 0x0A230EBE, 0x08C10D95,
	0x075F0C6E, 0x06090B4D, 0x04B10A28, 0x035308FF, 0x01FC07DC, 0x00AA06BB, 0xFF590599, 0xFE0F047B, 0xFCC80361, 0xFB84024B, 0xFA480138,
	0xF9110028, 0xF7E1FF1F, 0xF6B6FE19, 0xF590FD16, 0xF477FC1B, 0xF366FB27, 0xF259FA38, 0xF156F951, 0xF05EF872, 0xEF71F79B, 0xEE8CF6CA,
	0xEDABF5FD, 0xECD7F538, 0xEC0FF47D, 0xEB4EF3CA, 0xEA9AF321, 0xE9F1F27E, 0xE950F1E3, 0xE8BCF154, 0xE830F0C9, 0xE7ACF045, 0xE738EFCE,
	0xE6CCEF5E, 0xE666EEF3, 0xE60FEE92, 0xE5C3EE3A, 0xE580EDEB, 0xE545EDA2, 0xE512ED5E, 0xE4EAED24, 0xE4CDECF1, 0xE4B7ECC3, 0xE4AEEC9E,
	0xE4ACEC81, 0xE4B1EC69, 0xE4C0EC58, 0xE4D6EC4D, 0xE4F5EC49, 0xE519EC47, 0xE542EC49, 0xE577EC54, 0xE5B3EC64, 0xE5F4EC78, 0xE63EEC91,
	0xE68BECA9, 0xE6DAECC6, 0xE736ECEC, 0xE797ED16, 0xE7F8ED3D, 0xE85FED66, 0xE8CCED92, 0xE93CEDC1, 0xE9B0EDF3, 0xEA28EE27, 0xEAA5EE5E,
	0xEB27EE98, 0xEBADEED2, 0xEC37EF0D, 0xECC0EF48, 0xED4DEF85, 0xEDDEEFC3, 0xEE6EEFFF, 0xEF02F03C, 0xEF9CF07C, 0xF033F0B9, 0xF0CAF0F5,
	0xF166F133, 0xF204F174, 0xF2A6F1B6, 0xF349F1F6, 0xF3EDF236, 0xF494F277, 0xF537F2B4, 0xF5DCF2F2, 0xF687F335, 0xF732F376, 0xF7DCF3B6,
	0xF887F3F6, 0xF931F435, 0xF9DEF475, 0xFA8DF4B6, 0xFB3BF4F7, 0xFBEDF53A, 0xFC9CF57D, 0xFD4BF5C0, 0xFDFDF605, 0xFEADF648, 0xFF5EF68E,
	0x0012F6D5, 0x00C1F71B, 0x0172F762, 0x0225F7AB, 0x02D6F7F5, 0x0389F843, 0x043CF891, 0x04EBF8DE, 0x059BF92D, 0x064BF97D, 0x06FAF9D0,
	0x07A9FA27, 0x0853FA7F, 0x0902FAD8, 0x09AEFB31, 0x0A53FB8B, 0x0AFEFBEC, 0x0BA7FC4D, 0x0C45FCA9, 0x0CE4FD09, 0x0D87FD71, 0x0E23FDD7,
	0x0EBAFE3B, 0x0F50FEA3, 0x0FE5FF12, 0x1079FF82, 0x1108FFED, 0x1191005C, 0x121500CE, 0x12960141, 0x131601B5, 0x138E0229, 0x1403029F,
	0x14750318, 0x14DC038E, 0x153F0404, 0x15A20480, 0x15F904F8, 0x164B056F, 0x169D05EA, 0x16E50664, 0x172506DD, 0x17620758, 0x179507D1,
	0x17C00847, 0x17E508BD, 0x18040933, 0x181C09A9, 0x182C0A1C, 0x18350A8F, 0x18380B02, 0x18310B71, 0x18230BDF, 0x180B0C4A, 0x17EB0CB2,
	0x17C60D1A, 0x17980D7F, 0x17600DDE, 0x17220E3B, 0x16DB0E97, 0x168B0EF0, 0x16330F42, 0x15D20F8F, 0x156C0FDB, 0x15011027, 0x1487106B,
	0x140810AB, 0x138710E9, 0x12F9111F, 0x12631152, 0x11C91182, 0x112711AC, 0x107D11CF, 0x0FCA11EB, 0x0F121204, 0x0E57121B, 0x0D97122C,
	0x0CCF1236, 0x0BFD1236, 0x0B291232, 0x0A55122D, 0x09791222, 0x0895120F, 0x07AF11F4, 0x06C311D2, 0x05D911AF, 0x04EF1189, 0x03F91156,
	0x0302111E, 0x021010E4, 0x011410A1, 0x00171058, 0xFF1F100B, 0xFE270FB9, 0xFD2C0F62, 0xFC310F04, 0xFB330E9D, 0xFA360E31, 0xF93C0DC3,
	0xF8470D51, 0xF7510CD8, 0xF65E0C59, 0xF5700BD8, 0xF47F0B4E, 0xF3910ABF, 0xF2B10A33, 0xF1D109A1, 0xF0F00905, 0xF01B0869, 0xEF4707CB,
	0xEE760727, 0xEDB10682, 0xECF005D9, 0xEC32052E, 0xEB800483, 0xEAD203D3, 0xEA2B031F, 0xE98E026D, 0xE8F501BA, 0xE8640105, 0xE7DF004E,
	0xE760FF96, 0xE6E9FEDD, 0xE67BFE25, 0xE617FD6D, 0xE5BCFCB8, 0xE56BFC05, 0xE524FB51, 0xE4E2FA9A, 0xE4AAF9E8, 0xE483F93D, 0xE45FF88E,
	0xE443F7E0, 0xE437F73C, 0xE432F69A, 0xE433F5F8, 0xE442F55C, 0xE457F4C1, 0xE475F429, 0xE4A1F398, 0xE4D4F30B, 0xE50DF282, 0xE555F200,
	0xE5A6F181, 0xE5FCF108, 0xE65BF095, 0xE6C3F027, 0xE732EFBE, 0xE7AAEF5D, 0xE82EEF03, 0xE8B8EEAE, 0xE946EE5F, 0xE9DFEE19, 0xEA7CEDD6,
	0xEB1CED97, 0xEBCAED66, 0xEC80ED3D, 0xED36ED16, 0xEDF3ECF6, 0xEEB5ECDB, 0xEF77ECC5, 0xF045ECBB, 0xF11CECBA, 0xF1F1ECBF, 0xF2CAECC8,
	0xF3A6ECD8, 0xF482ECED, 0xF563ED09, 0xF64DED2F, 0xF739ED5B, 0xF822ED8C, 0xF90FEDC6, 0xFA00EE06, 0xFAECEE48, 0xFBDCEE92, 0xFCCFEEE4,
	0xFDBEEF39, 0xFEB0EF94, 0xFFA3EFF5, 0x0092F05A, 0x0185F0C8, 0x0277F137, 0x0363F1A5, 0x0451F21C, 0x053BF299, 0x0621F319, 0x070CF39F,
	0x07F2F428, 0x08D5F4B4, 0x09B9F545, 0x0A96F5D7, 0x0B70F66D, 0x0C4AF709, 0x0D1EF7A5, 0x0DEEF840, 0x0EB9F8DD, 0x0F7FF97E, 0x1046FA23,
	0x1107FAC7, 0x11C3FB6B, 0x127BFC13, 0x132EFCBA, 0x13DBFD62, 0x1485FE0C, 0x1526FEB4, 0x15C4FF5E, 0x1663000B, 0x16F800B5, 0x1786015E,
	0x180F0207, 0x189102AF, 0x190E0357, 0x198403FF, 0x19F604A3, 0x1A620546, 0x1AC505E8, 0x1B23068A, 0x1B7C072A, 0x1BCB07C4, 0x1C12085C,
	0x1C5508F4, 0x1C90098A, 0x1CC50A1C, 0x1CF10AAA, 0x1D170B38, 0x1D370BC2, 0x1D4C0C46, 0x1D590CC9, 0x1D610D49, 0x1D5E0DBF, 0x1D560E35,
	0x1D470EA9, 0x1D2A0F15, 0x1D060F79, 0x1CDF0FDC, 0x1CAC1039, 0x1C6E1093, 0x1C2910E6, 0x1BDB1132, 0x1B851178, 0x1B2511BA, 0x1ABD11F7,
	0x1A4E1230, 0x19D4125E, 0x194F1285, 0x18C512A9, 0x183112C4, 0x179012D3, 0x16E612DD, 0x163912E7, 0x158512E9, 0x14C512E0, 0x13FC12D0,
	0x132912B8, 0x124A1296, 0x11681270, 0x10831247, 0x0F941212, 0x0E9811D0, 0x0D931187, 0x0C8B113C, 0x0B7D10EB, 0x0A66108F, 0x094D102C,
	0x082C0FC0, 0x07010F4C, 0x05D60ED5, 0x04A60E57, 0x036D0DCE, 0x02370D43, 0x00FA0CB0, 0xFFB60C14, 0xFE760B77, 0xFD320AD3, 0xFBE70A26,
	0xFAA10975, 0xF95A08C0, 0xF80E0806, 0xF6C50747, 0xF57D0686, 0xF43805C2, 0xF2F404FA, 0xF1B0042D, 0xF070035F, 0xEF350290, 0xEDFF01C0,
	0xECD100EF, 0xEBA3001B, 0xEA7CFF48, 0xE961FE76, 0xE849FDA2, 0xE737FCCF, 0xE631FC02, 0xE531FB34, 0xE43AFA66, 0xE351F99F, 0xE270F8D9,
	0xE197F816, 0xE0CCF75A, 0xE00DF6A1, 0xDF56F5EA, 0xDEAEF53B, 0xDE18F496, 0xDD8CF3F5, 0xDD0AF357, 0xDC9AF2C2, 0xDC38F235, 0xDBE2F1AF,
	0xDB9FF134, 0xDB68F0BF, 0xDB3BF04F, 0xDB21EFE8, 0xDB17EF8A, 0xDB19EF35, 0xDB2FEEEC, 0xDB52EEAB, 0xDB81EE70, 0xDBC0EE40, 0xDC0DEE1C,
	0xDC6CEE02, 0xDCDCEDF0, 0xDD55EDE6, 0xDDDBEDE6, 0xDE71EDF1, 0xDF12EE03, 0xDFC1EE1E, 0xE080EE44, 0xE14AEE73, 0xE21DEEA8, 0xE2FBEEE6,
	0xE3E4EF2E, 0xE4DBEF7E, 0xE5DCEFD4, 0xE6E9F034, 0xE7FBF09A, 0xE913F104, 0xEA34F175, 0xEB5DF1EE, 0xEC8AF269, 0xEDBDF2EB, 0xEEFBF375,
	0xF03FF404, 0xF182F495, 0xF2C8F52A, 0xF412F5C1, 0xF55DF65A, 0xF6ADF6F8, 0xF801F799, 0xF94FF83A, 0xFA9FF8DD, 0xFBF0F981, 0xFD3CFA26,
	0xFE8BFACD, 0xFFD8FB72, 0x011BFC13, 0x0261FCB8, 0x03A6FD5C, 0x04E1FDFC, 0x0618FE9D, 0x074CFF3B, 0x0876FFD5, 0x099E0070, 0x0ABF0106,
	0x0BD60195, 0x0CEA0227, 0x0DF602B5, 0x0EF6033A, 0x0FF103BD, 0x10E70442, 0x11D604C3, 0x12B7053B, 0x138E05AC, 0x1462061F, 0x152B068D,
	0x15E306F1, 0x16980751, 0x174507AF, 0x17E50808, 0x187D085D, 0x190C08AF, 0x199108FB, 0x1A0E0941, 0x1A7F0983, 0x1AE709C2, 0x1B4709FC,
	0x1B9E0A31, 0x1BE90A62, 0x1C290A8C, 0x1C600AB0, 0x1C920AD6, 0x1CBD0AF9, 0x1CDE0B16, 0x1CF30B2B, 0x1D000B3D, 0x1D060B4E, 0x1D020B58,
	0x1CF40B5D, 0x1CE10B61, 0x1CC70B64, 0x1CA20B60, 0x1C7A0B57, 0x1C480B4A, 0x1C0B0B3A, 0x1BCC0B29, 0x1B850B15, 0x1B330AFA, 0x1ADE0ADE,
	0x1A850AC0, 0x1A240A9E, 0x19BD0A78, 0x19490A4D, 0x18D20A1F, 0x185C09EF, 0x17DA09BA, 0x174F0980, 0x16C50947, 0x1637090B, 0x159F08C9,
	0x15030884, 0x1462083B, 0x13BB07EF, 0x131107A4, 0x12630755, 0x11AC06FF, 0x10F206A5, 0x1037064B, 0x0F7805EE, 0x0EB6058F, 0x0DEE052B,
	0x0D1D04C1, 0x0C4B0456, 0x0B7A03EC, 0x0AA6037E, 0x09CD030D, 0x08F0029B, 0x08130228, 0x073101B0, 0x064A0135, 0x056700BE, 0x04810045,
	0x0393FFC4, 0x02A8FF45, 0x01BFFECA, 0x00D1FE4A, 0xFFE4FDC8, 0xFEF7FD48, 0xFE08FCC9, 0xFD1AFC4A, 0xFC2AFBC8, 0xFB3BFB49, 0xFA54FAD1,
	0xF96AFA56, 0xF87CF9D9, 0xF795F962, 0xF6B0F8ED, 0xF5CBF87B, 0xF4EDF80D, 0xF40FF7A0, 0xF331F734, 0xF25BF6CE, 0xF18AF66E, 0xF0BBF613,
	0xEFF2F5BD, 0xEF2EF569, 0xEE6CF519, 0xEDB0F4CF, 0xECFBF48D, 0xEC4BF450, 0xEBA0F416, 0xEAFFF3E4, 0xEA67F3BB, 0xE9D2F398, 0xE949F37C,
	0xE8C5F365, 0xE843F352, 0xE7CEF349, 0xE762F348, 0xE6FCF34A, 0xE6A1F356, 0xE650F36D, 0xE605F388, 0xE5C3F3A7, 0xE58CF3CE, 0xE55DF3FF,
	0xE538F437, 0xE51BF471, 0xE50BF4B5, 0xE505F502, 0xE508F554, 0xE513F5AB, 0xE528F608, 0xE547F66A, 0xE570F6D4, 0xE5A2F742, 0xE5DEF7B3,
	0xE623F82A, 0xE671F8A8, 0xE6CCF92D, 0xE731F9B4, 0xE79AFA39, 0xE80AFAC1, 0xE889FB52, 0xE90FFBE5, 0xE99CFC79, 0xEA33FD10, 0xEACFFDA6,
	0xEB73FE3B, 0xEC24FED7, 0xECDAFF74, 0xED92000C, 0xEE5600A6, 0xEF1F0142, 0xEFEC01DB, 0xF0C00271, 0xF19A0306, 0xF278039A, 0xF35E042E,
	0xF44704C1, 0xF533054F, 0xF62305DA, 0xF714065E, 0xF80906E0, 0xF9060765, 0xFA0207E3, 0xFAFB0857, 0xFBFB08CB, 0xFCFD093E, 0xFDFD09A8,
	0xFEFD0A0B, 0xFFFE0A6C, 0x00FE0AC7, 0x01F90B19, 0x02F60B68, 0x03F80BB7, 0x04F20BFC, 0x05E50C36, 0x06DB0C6E, 0x07D00CA4, 0x08BE0CD3,
	0x09A70CFA, 0x0A890D18, 0x0B690D33, 0x0C490D4B, 0x0D210D5C, 0x0DF00D65, 0x0EBA0D68, 0x0F7F0D66, 0x103F0D61, 0x10F50D54, 0x11A20D40,
	0x124D0D29, 0x12F00D0C, 0x13860CE8, 0x14170CC2, 0x14A10C98, 0x15210C66, 0x15990C31, 0x16070BF6, 0x166B0BB6, 0x16C90B75, 0x171D0B31,
	0x17640AE6, 0x17A20A95, 0x17D80A41, 0x180809EE, 0x182D0998, 0x1846093D, 0x185608DD, 0x185B087B, 0x18580818, 0x185007B5, 0x183A074C,
	0x181806E0, 0x17F20676, 0x17C2060C, 0x1786059C, 0x1744052C, 0x16FC04BD, 0x16A9044C, 0x164B03D7, 0x15E50360, 0x157902ED, 0x150A027C,
	0x14910209, 0x14100195, 0x138A0122, 0x12FD00B1, 0x126C0040, 0x11D2FFCC, 0x112FFF57, 0x108DFEE8, 0x0FE8FE7D, 0x0F3BFE10, 0x0E89FDA2,
	0x0DD7FD38, 0x0D22FCD1, 0x0C65FC68, 0x0BA7FC03, 0x0AEDFBA5, 0x0A2FFB47, 0x0968FAE5, 0x08A2FA88, 0x07DFFA31, 0x071BF9DC, 0x0657F98A,
	0x0592F939, 0x04CCF8E9, 0x0408F89F, 0x0346F859, 0x0284F815, 0x01C8F7D7, 0x010AF799, 0x0049F75B, 0xFF90F724, 0xFEDEF6F2, 0xFE28F6C1,
	0xFD76F695, 0xFCCAF66E, 0xFC1DF645, 0xFB72F61F, 0xFAD0F602, 0xFA33F5E9, 0xF998F5D1, 0xF8FEF5B9, 0xF869F5A6, 0xF7DAF599, 0xF74EF58F,
	0xF6C8F588, 0xF648F585, 0xF5C8F583, 0xF54CF583, 0xF4D5F586, 0xF463F58F, 0xF3FAF59C, 0xF392F5A9, 0xF329F5B5, 0xF2CAF5C6, 0xF271F5DB,
	0xF217F5F1, 0xF1C5F60A, 0xF174F621, 0xF125F63A, 0xF0E2F65B, 0xF0A0F67B, 0xF05CF698, 0xF01FF6BA, 0xEFE8F6DE, 0xEFB0F701, 0xEF7FF727,
	0xEF52F74E, 0xEF26F773, 0xEEFDF798, 0xEED8F7BF, 0xEEB6F7E9, 0xEE98F811, 0xEE7AF834, 0xEE5EF85B, 0xEE4AF887, 0xEE38F8AF, 0xEE27F8D4,
	0xEE18F8F9, 0xEE0DF91F, 0xEE03F943, 0xEDFDF969, 0xEDFCF98E, 0xEDFCF9B0, 0xEDFDF9D1, 0xEE02F9F3, 0xEE0BFA14, 0xEE11FA2F, 0xEE1FFA4D,
	0xEE35FA6E, 0xEE47FA89, 0xEE5CFAA3, 0xEE7CFAC4, 0xEE9AFADF, 0xEEB4FAF3, 0xEED8FB0B, 0xEF06FB29, 0xEF32FB41, 0xEF60FB57, 0xEF96FB71,
	0xEFCEFB88, 0xF007FB9C, 0xF048FBB4, 0xF08DFBCC, 0xF0D3FBE0, 0xF124FBFA, 0xF17AFC15, 0xF1CEFC2D, 0xF22AFC48, 0xF291FC66, 0xF2F6FC82,
	0xF35FFC9D, 0xF3D2FCBF, 0xF44BFCE4, 0xF4C7FD07, 0xF547FD2A, 0xF5CFFD52, 0xF65DFD80, 0xF6EDFDAB, 0xF781FDD5, 0xF820FE07, 0xF8C5FE40,
	0xF96CFE79, 0xFA1BFEB6, 0xFACEFEF5, 0xFB86FF37, 0xFC44FF7E, 0xFD04FFC6, 0xFDC80013, 0xFE960066, 0xFF6400BB, 0x00380113, 0x01130173,
	0x01EB01D3, 0x02C80237, 0x03AF02A4, 0x04930310, 0x0577037D, 0x066303F1, 0x074F0469, 0x083A04E3, 0x092A0562, 0x0A1B05E4, 0x0B0B0668,
	0x0BFB06F0, 0x0CE9077A, 0x0DD80806, 0x0EC60894, 0x0FB10926, 0x109B09BA, 0x11800A4B, 0x12610ADC, 0x13420B71, 0x141F0C09, 0x14F80CA1,
	0x15CB0D39, 0x16950DCD, 0x17590E61, 0x181C0EF6, 0x18D40F86, 0x19831015, 0x1A3010A5, 0x1AD2112F, 0x1B6811B4, 0x1BFA1239, 0x1C8312BA,
	0x1CFB1333, 0x1D6A13A7, 0x1DD11417, 0x1E2E1484, 0x1E8014E9, 0x1EC31546, 0x1EF9159E, 0x1F2615EF, 0x1F471639, 0x1F5A167C, 0x1F6216B8,
	0x1F5D16EB, 0x1F481712, 0x1F271732, 0x1EFA1749, 0x1EBC1757, 0x1E73175B, 0x1E1F1757, 0x1DBA1745, 0x1D47172B, 0x1CCC1709, 0x1C4116DC,
	0x1BA716A1, 0x1B03165D, 0x1A52160F, 0x199615B7, 0x18D11558, 0x17FE14ED, 0x171D1475, 0x163213F3, 0x153A1367, 0x143A12D2, 0x13331234,
	0x121F1188, 0x110310D5, 0x0FE2101C, 0x0EB70F5A, 0x0D850E8E, 0x0C4C0DBA, 0x0B0C0CDD, 0x09C90BF8, 0x087F0B0A, 0x072D0A17, 0x05DC0920,
	0x04850820, 0x032A071A, 0x01D30614, 0x00790507, 0xFF1703F2, 0xFDB902DA, 0xFC5C01BF, 0xFAFF00A1, 0xF9A7FF84, 0xF84EFE63, 0xF6F5FD3F,
	0xF5A4FC19, 0xF454FAF3, 0xF308F9D1, 0xF1C3F8AF, 0xF081F789, 0xEF47F666, 0xEE14F547, 0xECE2F426, 0xEBBBF30B, 0xEAA2F1F8, 0xE98AF0E5,
	0xE87BEFD4, 0xE777EECA, 0xE679EDC4, 0xE585ECC3, 0xE4A1EBCA, 0xE3C4EAD6, 0xE2EFE9E9, 0xE227E904, 0xE168E823, 0xE0B5E74C, 0xE011E67E,
	0xDF77E5B6, 0xDEE9E4F8, 0xDE68E446, 0xDDF0E39A, 0xDD83E2F5, 0xDD25E25D, 0xDCD4E1D0, 0xDC8EE14D, 0xDC57E0D4, 0xDC2BE063, 0xDC05DFF9,
	0xDBEEDF9D, 0xDBEADF50, 0xDBF0DF0C, 0xDBFEDED0, 0xDC1ADEA0, 0xDC43DE7D, 0xDC76DE67, 0xDCB5DE5A, 0xDCFFDE56, 0xDD56DE5F, 0xDDB7DE76,
	0xDE20DE95, 0xDE96DEBE, 0xDF17DEF6, 0xDFA3DF39, 0xE037DF85, 0xE0D5DFDB, 0xE17FE03C, 0xE232E0AB, 0xE2EAE120, 0xE3ADE1A0, 0xE47BE22E,
	0xE54DE2C4, 0xE626E360, 0xE70EE40B, 0xE7FAE4C2, 0xE8EAE57E, 0xE9E2E640, 0xEAE1E70F, 0xEBE7E7E9, 0xECF1E8C8, 0xEDFDE9AD, 0xEF16EA9E,
	0xF036EB99, 0xF152EC97, 0xF276ED9D, 0xF39EEEAB, 0xF4C5EFBC, 0xF5F6F0D7, 0xF72DF1F9, 0xF85CF31B, 0xF990F443, 0xFACBF573, 0xFC03F6A5,
	0xFD3FF7DC, 0xFE7EF917, 0xFFB9FA53, 0x00F6FB95, 0x0236FCDA, 0x036FFE1B, 0x04A8FF5E, 0x05E300A6, 0x071B01EC, 0x08510333, 0x0989047D,
	0x0AC205CB, 0x0BF20711, 0x0D1A0850, 0x0E430991, 0x0F680AD1, 0x10850C0B, 0x11A20D45, 0x12BF0E80, 0x13D00FB0, 0x14DB10D9, 0x15E61204,
	0x16E71329, 0x17DF1443, 0x18D21556, 0x19BD1663, 0x1AA6176E, 0x1B881872, 0x1C5D1969, 0x1D2A1A59, 0x1DF21B40, 0x1EAD1C1B, 0x1F611CF0,
	0x200F1DBD, 0x20B01E7E, 0x21451F33, 0x21D51FE0, 0x225A2082, 0x22D42119, 0x234621A6, 0x23AD2227, 0x24082299, 0x245A2302, 0x24A32361,
	0x24DB23B2, 0x250723F2, 0x252D2429, 0x254A2459, 0x255A247B, 0x255C248D, 0x25522492, 0x253E248D, 0x2520247E, 0x24F72463, 0x24C3243B,
	0x24822405, 0x243423C2, 0x23DE2375, 0x237D231C, 0x230F22B8, 0x229A224C, 0x221A21D1, 0x21892147, 0x20F120B7, 0x20532020, 0x1FA91F7F,
	0x1EF31ED2, 0x1E321E1A, 0x1D671D59, 0x1C951C90, 0x1BBA1BBF, 0x1AD91AE8, 0x19EE1A0A, 0x18F7191F, 0x17FC1831, 0x16FC1740, 0x15ED1643,
	0x14DA153F, 0x13C4143B, 0x12A31330, 0x117C121E, 0x1052110B, 0x0F200FF1, 0x0DEA0ED4, 0x0CB20DB7, 0x0B730C96, 0x0A310B73, 0x08EC0A4E,
	0x07A00925, 0x065507FC, 0x050B06D6, 0x03BA05AD, 0x02690483, 0x0118035D, 0xFFC40236, 0xFE710110, 0xFD20FFED, 0xFBCEFECB, 0xFA7DFDAA,
	0xF92DFC8C, 0xF7DFFB71, 0xF696FA5B, 0xF54FF948, 0xF409F837, 0xF2C5F729, 0xF18AF623, 0xF056F525, 0xEF23F427, 0xEDF2F32B, 0xECCAF23A,
	0xEBA8F14D, 0xEA89F063, 0xE977EF83, 0xE86CEEAA, 0xE762EDD1, 0xE663ED02, 0xE573EC3F, 0xE487EB81, 0xE3A0EAC7, 0xE2C4EA12, 0xE1F3E966,
	0xE12DE8C5, 0xE072E82C, 0xDFC0E79A, 0xDF17E70F, 0xDE79E68C, 0xDDE7E60F, 0xDD60E59B, 0xDCE8E533, 0xDC7BE4D3, 0xDC15E477, 0xDBBBE423,
	0xDB73E3DB, 0xDB32E399, 0xDAFAE35D, 0xDAD6E32D, 0xDAC0E307, 0xDAB1E2E8, 0xDAAEE2CF, 0xDAB6E2BE, 0xDACDE2B8, 0xDAF3E2BA, 0xDB20E2C2,
	0xDB5AE2D3, 0xDBA4E2EF, 0xDBF5E30E, 0xDC4DE332, 0xDCB8E361, 0xDD31E39C, 0xDDB4E3DE, 0xDE3CE421, 0xDECDE468, 0xDF6DE4BB, 0xE016E516,
	0xE0C8E578, 0xE186E5E1, 0xE24BE650, 0xE317E6C2, 0xE3EEE73D, 0xE4CFE7BF, 0xE5B5E845, 0xE6A2E8CD, 0xE793E959, 0xE88EE9ED, 0xE993EA88,
	0xEA97EB23, 0xEB9FEBC1, 0xECB1EC65, 0xEDC6ED0E, 0xEEDDEDBB, 0xEFFBEE6B, 0xF11AEF1C, 0xF23CEFD0, 0xF362F089, 0xF487F142, 0xF5ADF1FB,
	0xF6D4F2B6, 0xF7FBF375, 0xF926F437, 0xFA50F4F9, 0xFB76F5B7, 0xFC9BF677, 0xFDC0F738, 0xFEE2F7FA, 0x0004F8BE, 0x0121F980, 0x023CFA41,
	0x0358FB03, 0x046EFBC1, 0x057BFC7D, 0x0685FD3A, 0x078DFDF6, 0x088EFEAD, 0x098AFF62, 0x0A810017, 0x0B7400C8, 0x0C600176, 0x0D480224,
	0x0E2B02D0, 0x0F040377, 0x0FD4041A, 0x10A204BB, 0x11670559, 0x122405F5, 0x12DD068D, 0x138B071F, 0x143207AD, 0x14D7083B, 0x156F08C4,
	0x15FE0948, 0x168D09CB, 0x17120A48, 0x17890AC0, 0x17FE0B37, 0x186D0BAA, 0x18D10C19, 0x192E0C83, 0x19840CE8, 0x19D10D49, 0x1A190DA9,
	0x1A590E04, 0x1A900E5B, 0x1AC10EAE, 0x1AED0F00, 0x1B0F0F4B, 0x1B270F8F, 0x1B3D0FD2, 0x1B501018, 0x1B561056, 0x1B54108D, 0x1B5310C7,
	0x1B4610FC, 0x1B30112A, 0x1B1A1159, 0x1AFD1186, 0x1AD711AB, 0x1AAC11CD, 0x1A7C11EF, 0x1A44120D, 0x1A081227, 0x19CA1241, 0x19861258,
	0x193A126A, 0x18E7127A, 0x18921289, 0x183A1296, 0x17DB129E, 0x177512A2, 0x170D12A6, 0x16A212AA, 0x162F12A8, 0x15B712A2, 0x153E129E,
	0x14BF1296, 0x143A1288, 0x13B5127A, 0x132C126C, 0x129C1258, 0x12091242, 0x1174122B, 0x10DC1213, 0x104111F8, 0x0FA111D8, 0x0EFC11B7,
	0x0E571195, 0x0DAC116B, 0x0CFB113E, 0x0C4D1115, 0x0B9B10E8, 0x0AE310B4, 0x0A2F1083, 0x0977104F, 0x08B61012, 0x07F80FD4, 0x073B0F98,
	0x06750F53, 0x05AB0F09, 0x04E60EC1, 0x04200E79, 0x03530E28, 0x02850DD2, 0x01BE0D7D, 0x00F20D26, 0x001F0CC8, 0xFF500C69, 0xFE830C08,
	0xFDB30BA4, 0xFCE30B3A, 0xFC130ACB, 0xFB440A5C, 0xFA7809EE, 0xF9A90979, 0xF8D808FE, 0xF8110884, 0xF7480806, 0xF67A077F, 0xF5B306F9,
	0xF4F10675, 0xF42E05ED, 0xF36D055E, 0xF2AE04CB, 0xF1F6043A, 0xF14303A9, 0xF08E0311, 0xEFDD0275, 0xEF3601DC, 0xEE900140, 0xEDEC00A0,
	0xED4EFFFF, 0xECB5FF5D, 0xEC22FEB8, 0xEB96FE13, 0xEB10FD70, 0xEA91FCCF, 0xEA17FC29, 0xE9A2FB80, 0xE935FAD9, 0xE8D1FA35, 0xE872F98F,
	0xE819F8E9, 0xE7C8F844, 0xE780F7A1, 0xE73EF6FE, 0xE704F65B, 0xE6D5F5BE, 0xE6AFF522, 0xE68EF485, 0xE678F3EE, 0xE66CF35C, 0xE667F2C8,
	0xE669F234, 0xE674F1A9, 0xE68AF123, 0xE6AAF09E, 0xE6D0F019, 0xE6FFEF9D, 0xE73AEF29, 0xE77CEEB8, 0xE7C8EE4B, 0xE81CEDE2, 0xE873ED7C,
	0xE8D7ED1D, 0xE949ECC7, 0xE9C0EC79, 0xEA3DEC2F, 0xEAC2EBE7, 0xEB4CEBA5, 0xEBE2EB6D, 0xEC80EB3D, 0xED23EB11, 0xEDCFEAEF, 0xEE82EAD5,
	0xEF36EABD, 0xEFF4EAAC, 0xF0BCEAA6, 0xF185EAA8, 0xF253EAB0, 0xF325EABD, 0xF3FAEAD0, 0xF4D5EAEB, 0xF5B5EB10, 0xF69CEB3F, 0xF787EB74,
	0xF86FEBAB, 0xF95AEBEC, 0xFA4BEC35, 0xFB37EC80, 0xFC25ECD3, 0xFD18ED31, 0xFE09ED92, 0xFEF7EDF8, 0xFFECEE6A, 0x00E0EEE1, 0x01CEEF5A,
	0x02BAEFD9, 0x03A5F05D, 0x0490F0E6, 0x0579F173, 0x065BF205, 0x073BF29F, 0x081AF33F, 0x08F2F3DE, 0x09C4F47E, 0x0A91F523, 0x0B5AF5CC,
	0x0C1FF678, 0x0CDFF728, 0x0D99F7D9, 0x0E4EF88C, 0x0EF9F941, 0x0F9DF9F6, 0x103CFAAB, 0x10D3FB63, 0x1163FC1C, 0x11EBFCD3, 0x1269FD87,
	0x12E2FE3F, 0x1358FEFA, 0x13C0FFAF, 0x141D0060, 0x14760111, 0x14C501C2, 0x150C0271, 0x154D031F, 0x158403CA, 0x15B10471, 0x15D80515,
	0x15F405B5, 0x16080653, 0x161706EE, 0x161B0782, 0x16140811, 0x1609089E, 0x15F70927, 0x15D909A9, 0x15B70A29, 0x158E0AA6, 0x155B0B1C,
	0x15250B8E, 0x14E80BFC, 0x149D0C60, 0x144A0CBB, 0x13F40D14, 0x139B0D6C, 0x133D0DBE, 0x12D50E09, 0x12660E4F, 0x11F50E8E, 0x117D0EC3,
	0x10FD0EF4, 0x10800F25, 0x0FFC0F4D, 0x0F6D0F6A, 0x0EE00F87, 0x0E520FA1, 0x0DBB0FB0, 0x0D1F0FB7, 0x0C810FB9, 0x0BDF0FB7, 0x0B3F0FB3,
	0x0A9D0FA9, 0x09F30F96, 0x09480F7E, 0x089D0F60, 0x07EF0F3D, 0x07400F16, 0x068F0EEB, 0x05DD0EB9, 0x052A0E82, 0x04760E46, 0x03C20E09,
	0x030F0DC6, 0x02570D7A, 0x01A00D2A, 0x00EB0CD9, 0x00350C84, 0xFF810C2A, 0xFECC0BCB, 0xFE160B68, 0xFD640B06, 0xFCB40A9F, 0xFC000A30,
	0xFB5009C3, 0xFAA40954, 0xF9F708DF, 0xF94B0867, 0xF8A307EE, 0xF7FB0773, 0xF75606F6, 0xF6B00673, 0xF60705EA, 0xF5670566, 0xF4CE04E4,
	0xF436045D, 0xF39E03D4, 0xF30A034B, 0xF27902C3, 0xF1ED023B, 0xF16301B0, 0xF0DD0123, 0xF05C0099, 0xEFDE0011, 0xEF62FF88, 0xEEE9FEFD,
	0xEE75FE74, 0xEE0BFDF2, 0xEDA4FD6E, 0xED3DFCE5, 0xECDFFC60, 0xEC8AFBE4, 0xEC38FB6A, 0xEBEBFAF0, 0xEBA5FA78, 0xEB5FF9FE, 0xEB21F989,
	0xEAEFF91D, 0xEAC0F8B1, 0xEA95F845, 0xEA74F7E1, 0xEA5CF784, 0xEA48F728, 0xEA3AF6CE, 0xEA36F67D, 0xEA3BF632, 0xEA49F5ED, 0xEA5EF5AB,
	0xEA77F56C, 0xEA97F531, 0xEAC3F4FF, 0xEAF5F4D1, 0xEB2DF4A8, 0xEB74F48B, 0xEBC6F475, 0xEC1AF45F, 0xEC72F44E, 0xECD6F447, 0xED48F447,
	0xEDC0F44D, 0xEE3BF457, 0xEEC0F46B, 0xEF51F486, 0xEFE9F4A5, 0xF08AF4CD, 0xF12FF4FA, 0xF1D7F52A, 0xF28EF564, 0xF34FF5A8, 0xF411F5EE,
	0xF4DDF63A, 0xF5AFF68B, 0xF681F6DF, 0xF763F740, 0xF84EF7A9, 0xF932F80E, 0xFA1AF878, 0xFB0EF8EC, 0xFC04F963, 0xFD01F9E1, 0xFE05FA65,
	0xFF05FAE8, 0x0007FB6F, 0x010EFBF9, 0x0213FC86, 0x031DFD18, 0x042DFDAE, 0x0537FE42, 0x0641FED8, 0x0750FF74, 0x085C000E, 0x096300A7,
	0x0A680143, 0x0B6A01DC, 0x0C6B0274, 0x0D6A0311, 0x0E6403AC, 0x0F570442, 0x104704D5, 0x1133056B, 0x121A05FE, 0x12F8068C, 0x13D00719,
	0x14A307A2, 0x156B0824, 0x162A08A3, 0x16E5091F, 0x17960996, 0x18380A05, 0x18D10A6E, 0x19640AD3, 0x19ED0B33, 0x1A6B0B8D, 0x1ADF0BE0,
	0x1B450C2A, 0x1BA10C6E, 0x1BF20CAD, 0x1C340CE3, 0x1C6A0D0F, 0x1C960D35, 0x1CB60D55, 0x1CC80D6B, 0x1CCF0D7A, 0x1CC90D82, 0x1CB60D7F,
	0x1C950D73, 0x1C6B0D62, 0x1C360D4A, 0x1BF30D28, 0x1BA20CFD, 0x1B470CCA, 0x1ADE0C8D, 0x1A670C49, 0x19E70BFE, 0x195C0BAB, 0x18C90B53,
	0x182A0AF5, 0x177E0A8D, 0x16C80A1D, 0x160B09A8, 0x1541092B, 0x146E08AB, 0x13980828, 0x12B8079D, 0x11CE070A, 0x10DC0670, 0x0FE305D2,
	0x0EE60534, 0x0DE60494, 0x0CDD03EE, 0x0BD00345, 0x0ABF0299, 0x09A901EB, 0x0890013B, 0x0777008D, 0x065CFFDD, 0x0540FF2C, 0x041DFE78,
	0x02FAFDC5, 0x01DDFD16, 0x00BEFC68, 0xFF9CFBB8, 0xFE81FB0E, 0xFD69FA67, 0xFC4CF9BC, 0xFB33F914, 0xFA21F874, 0xF914F7D9, 0xF80DF740,
	0xF709F6AC, 0xF607F61E, 0xF50EF596, 0xF41BF510, 0xF32BF48C, 0xF242F411, 0xF165F3A1, 0xF08FF337, 0xEFBCF2D1, 0xEEF1F271, 0xEE31F21A,
	0xED78F1C7, 0xECC6F17C, 0xEC1FF13B, 0xEB7FF100, 0xEAE8F0CB, 0xEA5FF0A1, 0xE9DFF080, 0xE963F062, 0xE8EFF04A, 0xE884F03A, 0xE825F035,
	0xE7D2F038, 0xE789F041, 0xE749F052, 0xE70FF06B, 0xE6DBF088, 0xE6B2F0AC, 0xE694F0D8, 0xE67FF10D, 0xE674F149, 0xE672F189, 0xE677F1D0,
	0xE687F220, 0xE699F271, 0xE6AFF2C4, 0xE6D6F323, 0xE705F388, 0xE730F3E9, 0xE767F451, 0xE7ABF4C3, 0xE7EEF534, 0xE83BF5A9, 0xE892F626,
	0xE8E8F6A4, 0xE942F723, 0xE9A6F7A4, 0xEA0EF828, 0xEA7DF8B2, 0xEAF0F93C, 0xEB63F9C4, 0xEBDBFA4F, 0xEC5BFADD, 0xECDBFB69, 0xED5EFBF3,
	0xEDEAFC81, 0xEE75FD0E, 0xEF01FD9D, 0xEF93FE2B, 0xF026FEB4, 0xF0BCFF3F, 0xF157FFCE, 0xF1F30059, 0xF29000DE, 0xF3310165, 0xF3D301EC,
	0xF471026E, 0xF51002EC, 0xF5B6036B, 0xF66103EA, 0xF7080462, 0xF7B004D9, 0xF85D0551, 0xF90905C5, 0xF9B10632, 0xFA5C069C, 0xFB0B0708,
	0xFBB8076F, 0xFC6707D3, 0xFD180835, 0xFDCA0894, 0xFE7C08EF, 0xFF2E0947, 0xFFDC0998, 0x008A09E5, 0x013C0A32, 0x01EF0A7D, 0x02A00AC3,
	0x03520B05, 0x04050B43, 0x04B50B7D, 0x05660BB8, 0x06170BEE, 0x06C60C1E, 0x07750C49, 0x08230C74, 0x08CE0C99, 0x09790CB9, 0x0A220CD5,
	0x0AC90CEE, 0x0B720D07, 0x0C1B0D1E, 0x0CBE0D2B, 0x0D5C0D31, 0x0DFC0D39, 0x0E9A0D41, 0x0F360D42, 0x0FCD0D3C, 0x105E0D30, 0x10EF0D25,
	0x117F0D19, 0x12090D04, 0x128D0CEB, 0x130E0CD1, 0x138E0CB4, 0x14090C93, 0x147C0C6B, 0x14E90C3F, 0x15540C14, 0x15BB0BE5, 0x16170BAD,
	0x16710B75, 0x16C80B3D, 0x17150AFD, 0x17590AB8, 0x179B0A74, 0x17D50A2C, 0x180A09E0, 0x18390994, 0x185C0941, 0x187708EA, 0x18920895,
	0x18A6083F, 0x18AE07E4, 0x18AF0787, 0x18AB072C, 0x189B06C8, 0x18810660, 0x186605FD, 0x1845059B, 0x18180534, 0x17E404CC, 0x17A80462,
	0x175E03F3, 0x17100386, 0x16C20320, 0x166802B6, 0x16000246, 0x159701D9, 0x152C0172, 0x14B80109, 0x1437009D, 0x13AD0032, 0x1322FFCC,
	0x1295FF67, 0x11FBFF02, 0x115AFE9C, 0x10B7FE37, 0x100DFDD5, 0x0F60FD78, 0x0EADFD1E, 0x0DF2FCC2, 0x0D34FC68, 0x0C70FC0E, 0x0BA4FBB5,
	0x0AD8FB63, 0x0A0DFB18, 0x093CFACD, 0x0867FA83, 0x078FFA3A, 0x06B1F9F4, 0x05D5F9B4, 0x04F7F975, 0x0414F937, 0x0332F8FD, 0x0250F8C7,
	0x016AF893, 0x0086F863, 0xFFA3F836, 0xFEBCF808, 0xFDD5F7DC, 0xFCF2F7B8, 0xFC10F797, 0xFB2EF777, 0xFA4CF755, 0xF96CF737, 0xF892F71F,
	0xF7B9F708, 0xF6DFF6F0, 0xF609F6DC, 0xF538F6CC, 0xF467F6BA, 0xF39BF6AB, 0xF2D7F6A0, 0xF215F696, 0xF157F68C, 0xF09EF684, 0xEFE8F67D,
	0xEF36F675, 0xEE8CF671, 0xEDE9F66F, 0xED48F66C, 0xECADF668, 0xEC1BF667, 0xEB8FF667, 0xEB0AF667, 0xEA8DF66B, 0xEA14F670, 0xE99FF670,
	0xE935F672, 0xE8D5F67A, 0xE879F67F, 0xE821F680, 0xE7D3F685, 0xE78FF68D, 0xE74FF690, 0xE717F693, 0xE6EAF69E, 0xE6C5F6A8, 0xE6A6F6AF,
	0xE690F6B6, 0xE680F6C1, 0xE677F6CC, 0xE67BF6D9, 0xE687F6E6, 0xE697F6F4, 0xE6AFF703, 0xE6CCF710, 0xE6F0F71B, 0xE721F72D, 0xE75BF744,
	0xE798F757, 0xE7DEF76B, 0xE82BF77F, 0xE87AF795, 0xE8D4F7B0, 0xE938F7CF, 0xE9A0F7EF, 0xEA0FF80E, 0xEA81F82B, 0xEAF7F84B, 0xEB78F871,
	0xEBFFF898, 0xEC87F8C0, 0xED17F8EC, 0xEDADF919, 0xEE43F946, 0xEEDFF977, 0xEF83F9AB, 0xF026F9E0, 0xF0CDFA18, 0xF17AFA52, 0xF22BFA8E,
	0xF2E0FAD1, 0xF396FB14, 0xF44AFB55, 0xF504FB99, 0xF5C3FBE2, 0xF683FC30, 0xF744FC7F, 0xF803FCCB, 0xF8C1FD15, 0xF984FD6A, 0xFA4DFDC6,
	0xFB13FE1F, 0xFBD5FE75, 0xFC99FECF, 0xFD60FF2D, 0xFE24FF8D, 0xFEE6FFEE, 0xFFAB0053, 0x006F00B7, 0x012D0119, 0x01ED017F, 0x02AD01E8,
	0x0369024F, 0x042402B7, 0x04DE0324, 0x05980391, 0x065103FF, 0x0706046C, 0x07B704D9, 0x08690548, 0x091905B8, 0x09C50628, 0x0A6D0697,
	0x0B110705, 0x0BB30773, 0x0C5407E0, 0x0CF0084C, 0x0D8A08BA, 0x0E25092A, 0x0EB80998, 0x0F440A00, 0x0FD10A69, 0x105C0AD1, 0x10E20B38,
	0x11680B9F, 0x11E90C03, 0x12610C64, 0x12D80CC4, 0x134C0D24, 0x13BA0D7F, 0x14270DD9, 0x148F0E31, 0x14EF0E85, 0x154D0ED7, 0x15AA0F29,
	0x16000F75, 0x164E0FBB, 0x16981000, 0x16DD1042, 0x171F1080, 0x175E10BB, 0x179510F3, 0x17C41123, 0x17EF114E, 0x18161179, 0x183711A0,
	0x185211C2, 0x186711DD, 0x187411F4, 0x187B1204, 0x187B1210, 0x18751218, 0x186C121C, 0x185C121A, 0x18431212, 0x18251204, 0x17FF11EF,
	0x17CE11D3, 0x179911B4, 0x17631193, 0x17231169, 0x16DA1138, 0x16891102, 0x163110C5, 0x15D21081, 0x156C1038, 0x14FE0FE9, 0x148B0F95,
	0x14110F3B, 0x138B0ED6, 0x13000E6E, 0x12730E05, 0x11DE0D96, 0x11400D1E, 0x109B0CA1, 0x0FF10C1F, 0x0F420B98, 0x0E8C0B0C, 0x0DCE0A79,
	0x0D0C09E1, 0x0C430944, 0x0B7508A4, 0x0AA307FE, 0x09CA0752, 0x08ED06A5, 0x080F05F6, 0x07290541, 0x063F0487, 0x055403CC, 0x0464030D,
	0x0370024A, 0x027C0187, 0x018200C0, 0x0084FFF6, 0xFF8BFF2C, 0xFE8DFE5F, 0xFD8CFD91, 0xFC91FCC7, 0xFB97FBFE, 0xFA99FB31, 0xF99BFA60,
	0xF89AF98D, 0xF79AF8BD, 0xF6A2F7F3, 0xF5ACF727, 0xF4B4F65B, 0xF3C1F594, 0xF2D1F4D0, 0xF1E3F40C, 0xF0FEF34B, 0xF01CF28E, 0xEF3BF1D4,
	0xEE62F11F, 0xED8EF06C, 0xECBCEFBB, 0xEBF2EF0F, 0xEB32EE6B, 0xEA78EDCC, 0xE9C6ED33, 0xE918EC9E, 0xE870EC0B, 0xE7D3EB80, 0xE742EB00,
	0xE6B5EA84, 0xE62FEA0B, 0xE5B6E99B, 0xE546E933, 0xE4DBE8D0, 0xE47CE876, 0xE42CE829, 0xE3E5E7E2, 0xE3A5E79F, 0xE36EE763, 0xE342E732,
	0xE323E70A, 0xE30FE6EB, 0xE305E6D6, 0xE308E6C8, 0xE314E6C1, 0xE328E6C2, 0xE347E6CC, 0xE373E6E1, 0xE3ABE700, 0xE3EEE728, 0xE438E757,
	0xE48CE78E, 0xE4EFE7D1, 0xE55CE81D, 0xE5CEE86D, 0xE64DE8C7, 0xE6D8E92D, 0xE768E99A, 0xE805EA11, 0xE8AFEA91, 0xE95DEB15, 0xEA12EBA2,
	0xEAD4EC3B, 0xEB9BECD8, 0xEC69ED7C, 0xED43EE2B, 0xEE20EEDE, 0xEF00EF94, 0xEFECF057, 0xF0E1F121, 0xF1D6F1EC, 0xF2D1F2BD, 0xF3D2F397,
	0xF4D5F474, 0xF5DCF554, 0xF6EAF63B, 0xF7F9F726, 0xF906F812, 0xFA1CF906, 0xFB37F9FE, 0xFC4FFAF6, 0xFD64FBED, 0xFE79FCE7, 0xFF90FDE5,
	0x00A8FEE5, 0x01BCFFE2, 0x02CC00DE, 0x03DF01DD, 0x04F102DD, 0x05FE03DB, 0x070B04D9, 0x081205D2, 0x091006C6, 0x0A0D07BD, 0x0B0808B1,
	0x0BF7099B, 0x0CE30A84, 0x0DCA0B6C, 0x0EA80C4E, 0x0F830D2B, 0x10580E02, 0x111E0ED1, 0x11DD0F9B, 0x129B1060, 0x1350111E, 0x13FA11D6,
	0x149B1287, 0x1533132E, 0x15C113CB, 0x1645145E, 0x16C114EB, 0x17391576, 0x17A515F4, 0x18021666, 0x185916D2, 0x18A91734, 0x18EA1788,
	0x192217D5, 0x1950181C, 0x19731855, 0x198C1882, 0x199E18A8, 0x19A718C8, 0x19A518DC, 0x199618E0, 0x197F18DB, 0x196418D2, 0x193F18C0,
	0x190F18A2, 0x18D6187A, 0x18931847, 0x18481809, 0x17F517C4, 0x179A1776, 0x17381722, 0x16D116C5, 0x1663165F, 0x15ED15F1, 0x156E157A,
	0x14E414FB, 0x14571474, 0x13C813E9, 0x13301356, 0x129212BC, 0x11F3121F, 0x114C1179, 0x109F10CD, 0x0FF11020, 0x0F3F0F6E, 0x0E850EB4,
	0x0DCB0DF8, 0x0D0F0D39, 0x0C4D0C74, 0x0B850BAB, 0x0ABE0AE2, 0x09F70A17, 0x092D094B, 0x085F087C, 0x079007AB, 0x06C106DB, 0x05F10609,
	0x051F0536, 0x04500467, 0x03810398, 0x02AC02C4, 0x01D901F4, 0x010B012B, 0x003C0060, 0xFF6AFF93, 0xFE9DFECA, 0xFDD0FE03, 0xFD02FD3E,
	0xFC39FC81, 0xFB70FBC5, 0xFAA6FB07, 0xF9E2FA4E, 0xF923F99F, 0xF865F8F4, 0xF7A8F849, 0xF6EEF7A3, 0xF639F704, 0xF588F669, 0xF4D7F5D1,
	0xF42AF541, 0xF383F4B4, 0xF2DDF428, 0xF23DF3A6, 0xF1A7F32F, 0xF10EF2B7, 0xF077F241, 0xEFEDF1D9, 0xEF67F175, 0xEEDFF112, 0xEE61F0B9,
	0xEDECF06A, 0xED78F01B, 0xED0AEFD0, 0xECA3EF8E, 0xEC41EF53, 0xEBE7EF1F, 0xEB94EEF2, 0xEB46EECA, 0xEAFDEEA7, 0xEABAEE87, 0xEA7DEE6D,
	0xEA48EE5D, 0xEA1DEE53, 0xE9F8EE4E, 0xE9DAEE4E, 0xE9C4EE56, 0xE9B5EE61, 0xE9ADEE71, 0xE9ADEE89, 0xE9B6EEA7, 0xE9C3EEC7, 0xE9D8EEEC,
	0xE9F8EF1A, 0xEA1EEF4C, 0xEA49EF81, 0xEA7FEFBB, 0xEABCEFFA, 0xEAFEF03C, 0xEB4DF086, 0xEBA1F0D4, 0xEBFBF125, 0xEC61F17B, 0xECCBF1D5,
	0xED37F230, 0xEDAFF28F, 0xEE32F2F3, 0xEEB7F35A, 0xEF44F3C5, 0xEFDBF434, 0xF076F4A5, 0xF118F51B, 0xF1C0F593, 0xF269F609, 0xF31BF681,
	0xF3D3F6FE, 0xF48FF77C, 0xF554F7FD, 0xF61DF883, 0xF6E5F908, 0xF7B2F98B, 0xF886FA11, 0xF95FFA9D, 0xFA39FB28, 0xFB14FBB1, 0xFBF5FC3D,
	0xFCD7FCC9, 0xFDB5FD50, 0xFE95FDD6, 0xFF7CFE60, 0x0064FEED, 0x014AFF79, 0x02310004, 0x0318008C, 0x03FE0114, 0x04E1019A, 0x05C4021E,
	0x06A602A4, 0x07840328, 0x085E03A8, 0x09380428, 0x0A0F04A6, 0x0AE10521, 0x0BAF0599, 0x0C770610, 0x0D3C0685, 0x0DFD06F7, 0x0EB40762,
	0x0F6607CC, 0x10160836, 0x10BE089A, 0x115D08FA, 0x11F80958, 0x128A09B2, 0x13170A0B, 0x139C0A5E, 0x14130AA9, 0x14870AF4, 0x14F60B3E,
	0x15550B7E, 0x15AD0BBC, 0x16030BFA, 0x164D0C31, 0x168B0C60, 0x16C00C8C, 0x16ED0CB3, 0x17110CD6, 0x172A0CF4, 0x17380D0D, 0x17410D23,
	0x17410D34, 0x17360D3E, 0x17230D46, 0x17050D48, 0x16DD0D45, 0x16AD0D3D, 0x16730D2F, 0x16320D1F, 0x15EC0D0D, 0x15980CF3, 0x153D0CD4,
	0x14E00CB6, 0x14780C91, 0x14050C65, 0x138E0C37, 0x130D0C05, 0x12860BCE, 0x11FC0B95, 0x116B0B5A, 0x10D50B1D, 0x10380AD9, 0x0F920A90,
	0x0EEC0A49, 0x0E440A01, 0x0D9409B4, 0x0CE30966, 0x0C2F0914, 0x0B7408BF, 0x0AB9086C, 0x09FF0818, 0x093F07C0, 0x08800769, 0x07C00710,
	0x06FB06B5, 0x0636065C, 0x05760605, 0x04B605AC, 0x03F60554, 0x033704FB, 0x027904A1, 0x01BD044B, 0x010203F5, 0x004A03A0, 0xFF97034F,
	0xFEE602FE, 0xFE3602AB, 0xFD8A025C, 0xFCE60214, 0xFC4201CA, 0xFB9E017D, 0xFB000135, 0xFA6A00F2, 0xF9D700B0, 0xF948006E, 0xF8C00033,
	0xF83CFFFC, 0xF7BBFFC5, 0xF743FF8F, 0xF6D0FF5E, 0xF660FF30, 0xF5F5FF02, 0xF58DFED2, 0xF529FEA8, 0xF4CDFE85, 0xF475FE61, 0xF421FE39,
	0xF3D4FE17, 0xF38FFDFC, 0xF34DFDE2, 0xF30CFDC5, 0xF2CFFDA7, 0xF296FD8C, 0xF264FD76, 0xF238FD61, 0xF20BFD49, 0xF1DEFD31, 0xF1BAFD1B,
	0xF19DFD09, 0xF180FCF4, 0xF162FCDD, 0xF14AFCC7, 0xF134FCB0, 0xF11EFC97, 0xF10BFC7E, 0xF0FDFC65, 0xF0EFFC4B, 0xF0E2FC2E, 0xF0D8FC11,
	0xF0CFFBF2, 0xF0C5FBD0, 0xF0BDFBAD, 0xF0B9FB8A, 0xF0B5FB63, 0xF0B1FB39, 0xF0AEFB0D, 0xF0A9FADC, 0xF0A6FAAB, 0xF0A8FA7A, 0xF0A9FA47,
	0xF0A7FA0F, 0xF0A6F9D5, 0xF0A8F999, 0xF0AAF95B, 0xF0ACF91B, 0xF0ABF8D7, 0xF0ADF891, 0xF0B4F84C, 0xF0B9F804, 0xF0BDF7B9, 0xF0C6F76F,
	0xF0D2F724, 0xF0DDF6D8, 0xF0E8F68C, 0xF0F8F63F, 0xF109F5F0, 0xF11BF5A2, 0xF130F556, 0xF146F507, 0xF15EF4B9, 0xF17DF470, 0xF19FF429,
	0xF1C3F3E1, 0xF1EDF39C, 0xF21AF35B, 0xF246F318, 0xF277F2D7, 0xF2AFF299, 0xF2EAF262, 0xF32EF233, 0xF376F206, 0xF3BDF1D7, 0xF40AF1AE,
	0xF462F18E, 0xF4BFF175, 0xF522F161, 0xF588F150, 0xF5F1F143, 0xF662F13E, 0xF6D9F13F, 0xF75AF149, 0xF7E1F15C, 0xF867F170, 0xF8F3F189,
	0xF988F1AC, 0xFA21F1D6, 0xFAC0F208, 0xFB69F244, 0xFC12F284, 0xFCC0F2C7, 0xFD77F317, 0xFE32F370, 0xFEF0F3CE, 0xFFB3F431, 0x0076F497,
	0x013EF507, 0x020DF581, 0x02DEF5FF, 0x03B1F682, 0x048BF70E, 0x0563F79E, 0x063AF830, 0x0715F8CB, 0x07F4F96E, 0x08D3FA15, 0x09AFFABC,
	0x0A89FB69, 0x0B68FC1D, 0x0C47FCD5, 0x0D20FD8C, 0x0DF7FE45, 0x0ECDFF04, 0x0FA1FFC7, 0x1072008A, 0x113D014C, 0x1203020D, 0x12C802D4,
	0x13860399, 0x1438045A, 0x14E7051B, 0x159605E2, 0x163E06A8, 0x16DC076A, 0x1775082B, 0x180708E8, 0x188D099F, 0x19080A53, 0x197D0B08,
	0x19EB0BBA, 0x1A4D0C63, 0x1AA50D07, 0x1AF50DAB, 0x1B3D0E4B, 0x1B780EE2, 0x1BA70F73, 0x1BCC1000, 0x1BE71087, 0x1BF51107, 0x1BF91180,
	0x1BF211F4, 0x1BE01263, 0x1BC512C9, 0x1B9E1326, 0x1B6A137B, 0x1B2A13CA, 0x1AE21411, 0x1A8F1450, 0x1A2E1489, 0x19C214BA, 0x194F14E3,
	0x18D31504, 0x184C151E, 0x17B9152F, 0x171A1534, 0x16751534, 0x15C4152D, 0x1509151C, 0x14471504, 0x138114E5, 0x12B114BE, 0x11D91490,
	0x10F9145B, 0x1012141C, 0x0F2513D8, 0x0E33138E, 0x0D3B133D, 0x0C3F12E3, 0x0B3B1282, 0x0A34121A, 0x092C11AF, 0x081F113C, 0x070A10BF,
	0x05F6103F, 0x04E30FBC, 0x03CB0F32, 0x02B30EA2, 0x019B0E0D, 0x00810D72, 0xFF690CD4, 0xFE560C36, 0xFD430B92, 0xFC2D0AE8, 0xFB190A3A,
	0xFA0B098A, 0xF8FF08D7, 0xF7F50820, 0xF6F10769, 0xF5F206B0, 0xF4F505F4, 0xF3FD0535, 0xF30A0474, 0xF22203B8, 0xF14202FD, 0xF0600239,
	0xEF810171, 0xEEB300B1, 0xEDECFFF4, 0xED29FF36, 0xEC70FE79, 0xEBBFFDBA, 0xEB14FCFB, 0xEA75FC44, 0xE9DEFB8E, 0xE94FFAD8, 0xE8CDFA26,
	0xE850F976, 0xE7D9F8C7, 0xE771F81E, 0xE713F77A, 0xE6BEF6D9, 0xE671F63A, 0xE62CF59D, 0xE5F4F509, 0xE5C8F47C, 0xE5A0F3ED, 0xE583F365,
	0xE574F2E7, 0xE56AF26A, 0xE56AF1F2, 0xE577F185, 0xE58CF11B, 0xE5A6F0B5, 0xE5CAF058, 0xE5F7F001, 0xE630EFB2, 0xE672EF6A, 0xE6B8EF25,
	0xE707EEE7, 0xE761EEB5, 0xE7C2EE89, 0xE82AEE62, 0xE89AEE42, 0xE910EE28, 0xE98CEE15, 0xEA0FEE0B, 0xEA9AEE0A, 0xEB2BEE0E, 0xEBBEEE18,
	0xEC57EE29, 0xECF5EE41, 0xED99EE60, 0xEE45EE88, 0xEEF2EEB4, 0xEFA1EEE5, 0xF05BEF23, 0xF118EF69, 0xF1D2EFAF, 0xF290EFFC, 0xF352F04D,
	0xF416F0A6, 0xF4E0F109, 0xF5AAF16D, 0xF673F1D4, 0xF741F244, 0xF810F2B9, 0xF8DDF331, 0xF9ADF3AF, 0xFA7AF42E, 0xFB4BF4B3, 0xFC1FF540,
	0xFCEEF5CA, 0xFDBDF658, 0xFE8EF6ED, 0xFF5AF783, 0x0025F816, 0x00F0F8AE, 0x01B9F94A, 0x0282F9E9, 0x0349FA86, 0x040EFB24, 0x04D2FBC6,
	0x0590FC65, 0x064AFD03, 0x0706FDA3, 0x07BEFE42, 0x0871FEE2, 0x0925FF82, 0x09CF0018, 0x0A7500B0, 0x0B210150, 0x0BC301E6, 0x0C5C0275,
	0x0CF8030A, 0x0D8F039B, 0x0E1F0423, 0x0EA904A7, 0x0F2D0529, 0x0FB005AB, 0x1032062A, 0x10A6069D, 0x1114070B, 0x11800778, 0x11E407DD,
	0x12460840, 0x12A508A4, 0x12F908FC, 0x1346094A, 0x13910996, 0x13D409DD, 0x140F0A1C, 0x14400A53, 0x146D0A86, 0x14980AB6, 0x14BC0AE0,
	0x14D80B02, 0x14EB0B1B, 0x14F80B31, 0x15020B44, 0x15000B4A, 0x14F30B44, 0x14E40B40, 0x14CF0B36, 0x14AF0B22, 0x14900B0E, 0x14690AF4,
	0x14330ACC, 0x13FA0AA1, 0x13BF0A75, 0x13790A43, 0x132D0A0C, 0x12DB09CD, 0x1283098A, 0x12260948, 0x11BF08FC, 0x115108A8, 0x10E20857,
	0x10690800, 0x0FEA07A3, 0x0F6D0749, 0x0EE606E7, 0x0E550680, 0x0DC7061D, 0x0D3505B7, 0x0C990549, 0x0BFC04E0, 0x0B5C0475, 0x0AB70404,
	0x0A0E0394, 0x09610326, 0x08B502B9, 0x0805024A, 0x074D01D8, 0x0697016B, 0x05E40101, 0x05290094, 0x046E002A, 0x03B4FFC4, 0x02F6FF5A,
	0x0239FEF3, 0x017FFE93, 0x00C5FE34, 0x000AFDD7, 0xFF50FD80, 0xFE98FD2D, 0xFDE0FCD8, 0xFD26FC83, 0xFC71FC39, 0xFBC7FBF9, 0xFB1AFBB4,
	0xFA69FB6F, 0xF9BDFB34, 0xF917FAFF, 0xF873FACB, 0xF7D3FA9C, 0xF738FA75, 0xF6A1FA50, 0xF60BFA2A, 0xF57CFA0D, 0xF4F6F9FB, 0xF471F9E7,
	0xF3EEF9D4, 0xF373F9CB, 0xF2FEF9C6, 0xF28EF9C4, 0xF227F9C9, 0xF1BFF9CE, 0xF15DF9D6, 0xF105F9E7, 0xF0B2F9FA, 0xF064FA10, 0xF020FA2D,
	0xEFE0FA4B, 0xEFA6FA6C, 0xEF72FA91, 0xEF42FAB8, 0xEF1CFAE6, 0xEF00FB19, 0xEEE5FB49, 0xEECFFB79, 0xEEC2FBB0, 0xEEBBFBEA, 0xEEBBFC25,
	0xEEBFFC60, 0xEEC7FC9D, 0xEED9FCDE, 0xEEF4FD21, 0xEF13FD64, 0xEF37FDA8, 0xEF61FDEE, 0xEF91FE33, 0xEFC7FE79, 0xF005FEC3, 0xF048FF10,
	0xF08EFF57, 0xF0D7FF9E, 0xF12AFFE9, 0xF1800032, 0xF1D80079, 0xF23700C3, 0xF29D010C, 0xF3070153, 0xF375019C, 0xF3E401E2, 0xF4580226,
	0xF4D4026E, 0xF54F02B1, 0xF5CA02F0, 0xF64D0332, 0xF6D30372, 0xF75A03B3, 0xF7E703F5, 0xF874042F, 0xF9010466, 0xF99204A0, 0xFA2504D8,
	0xFABA050C, 0xFB520542, 0xFBE50573, 0xFC79059F, 0xFD1205CD, 0xFDAA05FA, 0xFE410623, 0xFED8064B, 0xFF700670, 0x00080695, 0x009D06B6,
	0x012D06D0, 0x01BF06E9, 0x02520702, 0x02E10716, 0x036E0727, 0x03F90737, 0x04800743, 0x0506074C, 0x058B0751, 0x060C0757, 0x06890759,
	0x06FF0753, 0x0775074C, 0x07EA0745, 0x08550738, 0x08B90724, 0x091F0710, 0x098406FA, 0x09E106E1, 0x0A3606C3, 0x0A8A06A1, 0x0ADD067F,
	0x0B260658, 0x0B66062A, 0x0BA605FB, 0x0BE205C9, 0x0C13058F, 0x0C410557, 0x0C6E051C, 0x0C9404DB, 0x0CB50499, 0x0CCF0457, 0x0CE3040D,
	0x0CF303C0, 0x0CFC0371, 0x0D00031F, 0x0D0402CE, 0x0D040279, 0x0CF90220, 0x0CEB01C6, 0x0CDB016D, 0x0CC60110, 0x0CA800AF, 0x0C85004A,
	0x0C60FFE6, 0x0C3BFF86, 0x0C10FF24, 0x0BDFFEBD, 0x0BA9FE54, 0x0B73FDF0, 0x0B3AFD8C, 0x0AFCFD24, 0x0ABAFCBE, 0x0A77FC5C, 0x0A30FBFA,
	0x09E7FB96, 0x099DFB33, 0x094FFAD4, 0x0900FA76, 0x08B0FA1B, 0x085BF9C2, 0x0802F969, 0x07AAF910, 0x0752F8BC, 0x06F9F86F, 0x069EF825,
	0x0644F7DE, 0x05EAF79A, 0x058EF75A, 0x052FF71C, 0x04D1F6E4, 0x0474F6B1, 0x0416F680, 0x03B7F654, 0x0359F62D, 0x02FAF60A, 0x029BF5EE,
	0x023EF5D6, 0x01E1F5C0, 0x0183F5B0, 0x0125F5A6, 0x00C8F59F, 0x006CF59E, 0x0013F5A7, 0xFFB9F5B3, 0xFF5CF5BD, 0xFF01F5CC, 0xFEABF5E3,
	0xFE53F5FF, 0xFDFCF623, 0xFDA6F649, 0xFD50F671, 0xFCFEF69F, 0xFCADF6D3, 0xFC58F709, 0xFC05F741, 0xFBB6F77E, 0xFB6AF7C0, 0xFB1DF807,
	0xFACDF84B, 0xFA7EF891, 0xFA37F8DF, 0xF9EFF92E, 0xF9A3F97C, 0xF95EF9D2, 0xF918FA28, 0xF8CFFA79, 0xF88EFAD0, 0xF851FB2B, 0xF80FFB81,
	0xF7CEFBD8, 0xF792FC33, 0xF75AFC8F, 0xF723FCEB, 0xF6E8FD42, 0xF6AFFD98, 0xF67EFDF0, 0xF64EFE47, 0xF61EFE9E, 0xF5F4FEF5, 0xF5C9FF49,
	0xF59FFF98, 0xF579FFE5, 0xF5550032, 0xF535007E, 0xF51800C9, 0xF4FB010F, 0xF4E10150, 0xF4CD0192, 0xF4BE01D4, 0xF4B00210, 0xF4A20244,
	0xF499027A, 0xF49602B0, 0xF49302DD, 0xF4940308, 0xF49E0336, 0xF4A5035B, 0xF4AF037A, 0xF4C4039D, 0xF4DE03BF, 0xF4F703DA, 0xF51303F1,
	0xF5310402, 0xF5560413, 0xF5820427, 0xF5AF0434, 0xF5E0043B, 0xF6180446, 0xF651044D, 0xF68C044D, 0xF6CC044B, 0xF711044B, 0xF75D044C,
	0xF7AC044B, 0xF7FC0445, 0xF84D043A, 0xF8A3042F, 0xF9020429, 0xF9660425, 0xF9C7041A, 0xFA27040A, 0xFA9003FD, 0xFAFE03F4, 0xFB6D03EB,
	0xFBDF03DE, 0xFC5103CE, 0xFCC503BF, 0xFD3D03B5, 0xFDB903AC, 0xFE3403A2, 0xFEAF0395, 0xFF2E038C, 0xFFB30389, 0x00350383, 0x00B20379,
	0x01340375, 0x01BA0376, 0x023C0375, 0x02BD0375, 0x033F0379, 0x03C1037C, 0x04450381, 0x04C8038B, 0x05470395, 0x05C3039F, 0x064003AD,
	0x06BE03BD, 0x073703CE, 0x07AB03E0, 0x081F03F4, 0x0893040B, 0x09040423, 0x0971043F, 0x09DC045B, 0x0A420476, 0x0AA40492, 0x0B0304B2,
	0x0B6004D3, 0x0BBB04F3, 0x0C0E0515, 0x0C5C053A, 0x0CA7055E, 0x0CEF0581, 0x0D3405A8, 0x0D7205CF, 0x0DA805F3, 0x0DDC0616, 0x0E0E063D,
	0x0E390663, 0x0E5F0689, 0x0E8106AE, 0x0E9A06D0, 0x0EAE06F1, 0x0EBE0712, 0x0ECB0732, 0x0ED50752, 0x0ED80772, 0x0ED60790, 0x0ECE07A9,
	0x0EBF07BE, 0x0EAC07D3, 0x0E9707E9, 0x0E7A07F8, 0x0E5A0804, 0x0E370812, 0x0E090819, 0x0DD5081A, 0x0DA4081C, 0x0D6F081E, 0x0D36081B,
	0x0CF80814, 0x0CB30809, 0x0C6A07FB, 0x0C1E07EA, 0x0BCE07D2, 0x0B7D07B8, 0x0B2A079D, 0x0AD0077D, 0x0A740758, 0x0A17072F, 0x09B70703,
	0x095506D5, 0x08F006A3, 0x0885066B, 0x081A062F, 0x07B005F1, 0x074505B2, 0x06D9056F, 0x06670527, 0x05F304DB, 0x0582048C, 0x050F0438,
	0x049B03E3, 0x0428038E, 0x03B00333, 0x033702D3, 0x02C20274, 0x024D0212, 0x01D501AC, 0x015E0145, 0x00E800DD, 0x00720074, 0xFFFD0009,
	0xFF89FF9B, 0xFF15FF2C, 0xFE9FFEBC, 0xFE2AFE4B, 0xFDB6FDD8, 0xFD43FD64, 0xFCD2FCF0, 0xFC63FC7E, 0xFBF4FC0B, 0xFB86FB98, 0xFB18FB26,
	0xFAA8FAB0, 0xFA3BFA3A, 0xF9D2F9C8, 0xF968F956, 0xF8FEF8E1, 0xF896F86E, 0xF830F7FD, 0xF7CAF78E, 0xF764F71E, 0xF6FFF6AF, 0xF69FF644,
	0xF63FF5DB, 0xF5DCF571, 0xF57CF50A, 0xF51FF4A5, 0xF4C5F443, 0xF470F3E8, 0xF417F38B, 0xF3B7F329, 0xF360F2D0, 0xF310F280, 0xF2BAF22A,
	0xF260F1D0, 0xF20EF181, 0xF1C3F139, 0xF175F0F2, 0xF128F0AB, 0xF0DFF069, 0xF098F02A, 0xF04FEFED, 0xF008EFB2, 0xEFC7EF7C, 0xEF88EF4A,
	0xEF48EF18, 0xEF0BEEED, 0xEED4EEC8, 0xEE9DEEA3, 0xEE69EE83, 0xEE3DEE6B, 0xEE11EE54, 0xEDE4EE3C, 0xEDBEEE2E, 0xEDA0EE28, 0xED82EE21,
	0xED67EE1D, 0xED50EE1F, 0xED3DEE24, 0xED30EE30, 0xED29EE43, 0xED26EE5B, 0xED27EE75, 0xED2DEE94, 0xED3FEEBE, 0xED56EEEC, 0xED6CEF19,
	0xED88EF4D, 0xEDAFEF8C, 0xEDDBEFCF, 0xEE0BF016, 0xEE42F063, 0xEE80F0B4, 0xEEC6F10D, 0xEF13F16C, 0xEF63F1CB, 0xEFBDF234, 0xF022F2A8,
	0xF08AF31F, 0xF0FAF39B, 0xF173F41F, 0xF1F2F4A6, 0xF278F535, 0xF307F5CB, 0xF39AF661, 0xF435F6FD, 0xF4D9F7A6, 0xF582F851, 0xF631F8FD,
	0xF6E6F9AF, 0xF7A0FA67, 0xF863FB27, 0xF92EFBEB, 0xF9FEFCB1, 0xFAD0FD79, 0xFBA6FE46, 0xFC84FF19, 0xFD69FFF0, 0xFE5000CB, 0xFF3A01A5,
	0x002A0283, 0x01210367, 0x0218044C, 0x030B052C, 0x0402060E, 0x050206F7, 0x05FF07DD, 0x06F708C0, 0x07F509A8, 0x08F50A8F, 0x09F20B74,
	0x0AED0C59, 0x0BE50D39, 0x0CDE0E17, 0x0DD80EF6, 0x0EC90FCC, 0x0FB6109F, 0x10A61173, 0x118B123F, 0x12681302, 0x134413C5, 0x141A1480,
	0x14E91536, 0x15B415E9, 0x1673168D, 0x172B172B, 0x17E017CA, 0x1887185C, 0x192618E2, 0x19C21968, 0x1A4F19E0, 0x1ACC1A49, 0x1B491AAF,
	0x1BBB1B0C, 0x1C1C1B59, 0x1C711B9E, 0x1CBE1BDB, 0x1D041C0F, 0x1D3C1C37, 0x1D631C4F, 0x1D7F1C5C, 0x1D931C65, 0x1D9B1C63, 0x1D961C53,
	0x1D851C36, 0x1D661C0E, 0x1D381BDA, 0x1D021B9E, 0x1CC31B5A, 0x1C761B08, 0x1C1B1AA9, 0x1BB81A42, 0x1B4A19D2, 0x1ACD1957, 0x1A4518D0,
	0x19B3183E, 0x191817A8, 0x1875170B, 0x17C5165F, 0x170D15AC, 0x164F14F8, 0x15841436, 0x14B01366, 0x13DB1297, 0x12FC11C4, 0x121210E7,
	0x11231005, 0x102D0F1D, 0x0F310E2F, 0x0E330D3F, 0x0D300C4A, 0x0C290B53, 0x0B1D0A5A, 0x0A0E095B, 0x08FE085A, 0x07EB075A, 0x06D50659,
	0x05C00557, 0x04AB0453, 0x03930350, 0x027E0250, 0x01690151, 0x00540051, 0xFF41FF54, 0xFE31FE5A, 0xFD24FD62, 0xFC1BFC6E, 0xFB16FB7E,
	0xFA14FA92, 0xF915F9A9, 0xF819F8C3, 0xF723F7E3, 0xF633F708, 0xF54AF634, 0xF46BF569, 0xF393F4A6, 0xF2BDF3E3, 0xF1ECF324, 0xF127F271,
	0xF068F1C5, 0xEFAFF11F, 0xEF01F082, 0xEE58EFEA, 0xEDB6EF56, 0xED1DEECD, 0xEC91EE50, 0xEC10EDDB, 0xEB92ED66, 0xEB1BECFA, 0xEAB3EC9B,
	0xEA52EC43, 0xE9F7EBF1, 0xE9A8EBA8, 0xE962EB68, 0xE924EB31, 0xE8F1EB03, 0xE8C2EAD6, 0xE89FEAB2, 0xE887EA9A, 0xE872EA86, 0xE866EA77,
	0xE865EA72, 0xE86BEA74, 0xE879EA7C, 0xE890EA8D, 0xE8AFEAA6, 0xE8D5EAC4, 0xE901EAE6, 0xE933EB0C, 0xE96EEB3B, 0xE9B1EB71, 0xE9F9EBA9,
	0xEA49EBE8, 0xEA9EEC2F, 0xEAF4EC77, 0xEB54ECC4, 0xEBBDED18, 0xEC26ED6C, 0xEC93EDC7, 0xED08EE26, 0xED7FEE85, 0xEDF9EEE9, 0xEE77EF52,
	0xEEF8EFBB, 0xEF81F028, 0xF00BF09A, 0xF094F10C, 0xF123F17F, 0xF1B5F1F4, 0xF249F26F, 0xF2DEF2EA, 0xF373F363, 0xF40EF3E2, 0xF4A7F45E,
	0xF53BF4D7, 0xF5D9F559, 0xF679F5DA, 0xF710F654, 0xF7ADF6D5, 0xF84EF75B, 0xF8E9F7DA, 0xF985F858, 0xFA21F8D7, 0xFABBF956, 0xFB58F9D9,
	0xFBF2FA56, 0xFC88FACF, 0xFD20FB4D, 0xFDB5FBC8, 0xFE48FC40, 0xFEDDFCBA, 0xFF6DFD30, 0xFFF8FD9F, 0x0085FE11, 0x0114FE86, 0x01A0FEF8,
	0x0227FF66, 0x02AAFFD2, 0x032D003B, 0x03AC00A2, 0x04280107, 0x04A3016B, 0x051D01CD, 0x0593022C, 0x06040285, 0x067302DF, 0x06E00337,
	0x0749038A, 0x07B003DB, 0x0814042A, 0x08750478, 0x08D304C0, 0x092C0505, 0x09810548, 0x09D30588, 0x0A2005C2, 0x0A6F05FD, 0x0ABB0638,
	0x0AFF066E, 0x0B41069E, 0x0B8006CB, 0x0BB706F4, 0x0BED071E, 0x0C1F0744, 0x0C4F0767, 0x0C7E0789, 0x0CA607A5, 0x0CCD07C1, 0x0CF007DC,
	0x0D0A07EF, 0x0D230800, 0x0D3B0810, 0x0D4A081B, 0x0D5A0828, 0x0D660831, 0x0D6B0834, 0x0D6E0839, 0x0D6C083A, 0x0D680837, 0x0D650835,
	0x0D5A0831, 0x0D470828, 0x0D340820, 0x0D220817, 0x0D0B080D, 0x0CEC07FF, 0x0CCC07F0, 0x0CAA07E2, 0x0C8307D2, 0x0C5907C0, 0x0C2E07AE,
	0x0C01079D, 0x0BCF078A, 0x0B970774, 0x0B630762, 0x0B2B074E, 0x0AEB0739, 0x0AAF0729, 0x0A6E0714, 0x0A2706F9, 0x09E606EB, 0x09A306DF,
	0x095606C9, 0x090A06B4, 0x08BF06A5, 0x08730697, 0x0825068A, 0x07D4067D, 0x07830670, 0x07320665, 0x06DE065C, 0x06890653, 0x0634064B,
	0x05E10645, 0x058F0641, 0x0537063D, 0x04DE063A, 0x048A063A, 0x0438063B, 0x03E2063D, 0x0389063D, 0x0332063F, 0x02E20649, 0x02900652,
	0x02380656, 0x01E5065D, 0x01980669, 0x01440670, 0x00F10678, 0x00A40686, 0x0054068F, 0x00050697, 0xFFBB06A2, 0xFF6F06AC, 0xFF2606B8,
	0xFEDD06C1, 0xFE9206C7, 0xFE4B06CF, 0xFE0806D8, 0xFDC506DD, 0xFD8606E5, 0xFD4506E9, 0xFD0106E7, 0xFCC206E6, 0xFC8506E3, 0xFC4B06E0,
	0xFC1106DB, 0xFBD606D0, 0xFB9F06C6, 0xFB6E06BC, 0xFB3806A9, 0xFB010691, 0xFAD2067B, 0xFAA20660, 0xFA70063E, 0xFA40061C, 0xFA1205F6,
	0xF9E605CB, 0xF9BF05A1, 0xF9990574, 0xF96F053F, 0xF9470504, 0xF92104C5, 0xF8FD0488, 0xF8DA0446, 0xF8B703FD, 0xF89A03B2, 0xF87F0367,
	0xF8600314, 0xF84202BB, 0xF8280262, 0xF80D0203, 0xF7F301A2, 0xF7E00141, 0xF7CD00DC, 0xF7BA0072, 0xF7A70007, 0xF795FF99, 0xF787FF29,
	0xF77EFEBC, 0xF774FE4B, 0xF768FDD4, 0xF75FFD5B, 0xF757FCE1, 0xF751FC67, 0xF750FBF1, 0xF751FB7B, 0xF754FB04, 0xF755FA89, 0xF75AFA11,
	0xF765F99D, 0xF76FF926, 0xF779F8B0, 0xF788F840, 0xF797F7CE, 0xF7A9F75E, 0xF7BDF6F0, 0xF7D0F684, 0xF7ECF620, 0xF808F5BC, 0xF820F555,
	0xF841F4F7, 0xF863F49E, 0xF882F447, 0xF8AAF3F8, 0xF8D8F3AD, 0xF905F365, 0xF932F321, 0xF95FF2E0, 0xF992F2A7, 0xF9C5F272, 0xF9FAF243,
	0xFA35F21E, 0xFA6DF1F7, 0xFAA5F1D4, 0xFAE7F1C0, 0xFB2DF1B3, 0xFB6FF1A6, 0xFBB1F19E, 0xFBF6F19D, 0xFC3CF1A0, 0xFC86F1A8, 0xFCD4F1BB,
	0xFD20F1D2, 0xFD6BF1EC, 0xFDBCF210, 0xFE0EF23A, 0xFE5FF265, 0xFEB4F298, 0xFF08F2D0, 0xFF5BF30C, 0xFFB0F34E, 0x0005F396, 0x005FF3E6,
	0x00B7F436, 0x010FF488, 0x016AF4E3, 0x01C1F542, 0x0218F5A3, 0x0276F60D, 0x02D1F678, 0x0329F6E8, 0x0384F75C, 0x03DAF7CB, 0x0433F841,
	0x0490F8C0, 0x04E3F93B, 0x0538F9B9, 0x0593FA3F, 0x05E6FAC2, 0x0637FB45, 0x068AFBCD, 0x06D8FC54, 0x0724FCDA, 0x0774FD66, 0x07C2FDF3,
	0x080BFE7F, 0x0852FF0A, 0x0899FF94, 0x08DC001E, 0x091A00A6, 0x0954012E, 0x099101B8, 0x09CC023F, 0x09FD02C1, 0x0A2E0345, 0x0A5E03CB,
	0x0A89044D, 0x0AB204CC, 0x0AD9054A, 0x0AFA05C5, 0x0B16063C, 0x0B2F06B3, 0x0B450727, 0x0B550794, 0x0B6107FD, 0x0B6A0867, 0x0B6F08CE,
	0x0B6C092D, 0x0B630985, 0x0B5909DD, 0x0B4C0A35, 0x0B390A86, 0x0B200AD0, 0x0B010B14, 0x0ADD0B55, 0x0AB60B92, 0x0A880BCA, 0x0A570BFF,
	0x0A250C31, 0x09E60C55, 0x09A00C73, 0x095B0C94, 0x09110CAD, 0x08C20CBF, 0x08720CD1, 0x08160CD9, 0x07B60CDA, 0x07560CD6, 0x06EC0CCA,
	0x067F0CBE, 0x06150CB2, 0x05A20C98, 0x05290C76, 0x04B00C55, 0x04310C2C, 0x03AC0BF9, 0x032A0BC7, 0x02A60B93, 0x021A0B54, 0x018B0B0E,
	0x00FE0AC6, 0x00700A7C, 0xFFDE0A2B, 0xFF4C09D5, 0xFEBA097D, 0xFE25091E, 0xFD8E08BD, 0xFCFC085A, 0xFC6707F0, 0xFBD30785, 0xFB410719,
	0xFAAB06A5, 0xFA1C0631, 0xF99205BE, 0xF9050544, 0xF87C04CB, 0xF7F70452, 0xF76E03D2, 0xF6EA0350, 0xF66D02D2, 0xF5F60255, 0xF58201D5,
	0xF5110153, 0xF4A800D7, 0xF442005B, 0xF3DDFFDC, 0xF381FF5F, 0xF32AFEE0, 0xF2D9FE62, 0xF292FDEC, 0xF24FFD78, 0xF212FD05, 0xF1DDFC94,
	0xF1ADFC24, 0xF184FBB7, 0xF15EFB4A, 0xF141FAE2, 0xF133FA85, 0xF127FA28, 0xF121F9CD, 0xF123F977, 0xF12AF924, 0xF140F8DB, 0xF15CF896,
	0xF177F84E, 0xF19CF80F, 0xF1C7F7D3, 0xF1FAF79D, 0xF239F772, 0xF27BF749, 0xF2C4F725, 0xF314F706, 0xF366F6E9, 0xF3C3F6D7, 0xF426F6CA,
	0xF48AF6BD, 0xF4F7F6BB, 0xF568F6BE, 0xF5DFF6C4, 0xF65CF6D2, 0xF6DAF6E2, 0xF75BF6F7, 0xF7E4F716, 0xF870F738, 0xF8FFF75D, 0xF990F787,
	0xFA26F7B8, 0xFAC1F7EF, 0xFB5AF827, 0xFBF5F864, 0xFC92F8A5, 0xFD2FF8EA, 0xFDD0F935, 0xFE6FF980, 0xFF0DF9CD, 0xFFAFFA22, 0x004FFA77,
	0x00EEFAD0, 0x0190FB30, 0x022BFB8C, 0x02C5FBEA, 0x0363FC4E, 0x03FAFCB2, 0x0491FD19, 0x0528FD83, 0x05B8FDE7, 0x0643FE4E, 0x06D1FEBB,
	0x075DFF27, 0x07E2FF91, 0x0860FFF8, 0x08DC0061, 0x095700CB, 0x09CE0136, 0x0A4201A0, 0x0AAD0206, 0x0B0F0267, 0x0B7102CA, 0x0BD0032C,
	0x0C27038B, 0x0C7C03EA, 0x0CCA0446, 0x0D10049D, 0x0D5304F1, 0x0D8E0540, 0x0DC6058D, 0x0DF805DA, 0x0E21061E, 0x0E4B0665, 0x0E7006A8,
	0x0E8706E0, 0x0E9E071A, 0x0EAF074F, 0x0EB50777, 0x0EB9079F, 0x0EB907C7, 0x0EB307E9, 0x0EA80805, 0x0E97081C, 0x0E80082F, 0x0E610839,
	0x0E3D083F, 0x0E160842, 0x0DE5083B, 0x0DB10830, 0x0D810827, 0x0D450813, 0x0D0507FC, 0x0CC407E0, 0x0C7807B9, 0x0C280790, 0x0BD60764,
	0x0B7F0732, 0x0B2806FD, 0x0ACB06C0, 0x0A67067E, 0x0A020638, 0x099A05EF, 0x093205A2, 0x08C2054F, 0x084D04F6, 0x07DA049E, 0x0764043F,
	0x06EC03DF, 0x0673037D, 0x05F40313, 0x057602A9, 0x04F8023D, 0x047401CD, 0x03F3015F, 0x037100EE, 0x02EB0077, 0x02650001, 0x01DEFF89,
	0x0158FF11, 0x00D0FE98, 0x0049FE21, 0xFFC4FDAC, 0xFF3BFD30, 0xFEB3FCB6, 0xFE31FC42, 0xFDABFBCC, 0xFD28FB59, 0xFCAAFAEB, 0xFC27FA7B,
	0xFBA7FA0B, 0xFB2BF9A1, 0xFAAFF938, 0xFA34F8D2, 0xF9BBF86F, 0xF945F811, 0xF8D0F7B6, 0xF85DF75D, 0xF7F0F70B, 0xF782F6BC, 0xF719F675,
	0xF6B5F635, 0xF64DF5EE, 0xF5EBF5B0, 0xF595F583, 0xF538F551, 0xF4E0F523, 0xF491F502, 0xF442F4E2, 0xF3F7F4C8, 0xF3AFF4B4, 0xF366F4A2,
	0xF327F49B, 0xF2EAF498, 0xF2AEF496, 0xF27EF4A2, 0xF250F4B3, 0xF220F4C4, 0xF1F9F4E0, 0xF1D8F503, 0xF1B6F525, 0xF199F54C, 0xF182F57D,
	0xF16FF5B3, 0xF15EF5EC, 0xF154F62C, 0xF150F672, 0xF14DF6B9, 0xF14CF702, 0xF155F754, 0xF162F7AB, 0xF16BF7FF, 0xF17AF857, 0xF198F8BC,
	0xF1BAF924, 0xF1D9F989, 0xF1FDF9F1, 0xF227FA5C, 0xF252FAC7, 0xF283FB37, 0xF2BEFBAF, 0xF2FAFC24, 0xF339FC98, 0xF37CFD0F, 0xF3C0FD84,
	0xF40CFDFD, 0xF45EFE77, 0xF4AEFEEF, 0xF503FF6A, 0xF55FFFE5, 0xF5BD005F, 0xF61D00D7, 0xF680014D, 0xF6E901C5, 0xF758023E, 0xF7C302B1,
	0xF8330323, 0xF8AB0398, 0xF928040B, 0xF9A5047C, 0xFA2204EA, 0xFAA20555, 0xFB2505BD, 0xFBA80622, 0xFC300687, 0xFCBC06EA, 0xFD4A074B,
	0xFDDB07A9, 0xFE690801, 0xFEF70856, 0xFF8B08AC, 0x002008FE, 0x00B5094C, 0x01490993, 0x01DD09D9, 0x02790A21, 0x030E0A5E, 0x039E0A93,
	0x04380AD0, 0x04CE0B08, 0x05600B38, 0x05F60B66, 0x068A0B90, 0x071B0BB6, 0x07AC0BDA, 0x083A0BF9, 0x08C50C13, 0x094D0C2A, 0x09D40C3E,
	0x0A570C4A, 0x0AD50C51, 0x0B560C5D, 0x0BD00C63, 0x0C430C5D, 0x0CB90C57, 0x0D280C4F, 0x0D900C41, 0x0DF70C32, 0x0E570C1A, 0x0EB20BFF,
	0x0F080BE3, 0x0F580BC0, 0x0FA70B9B, 0x0FEF0B71, 0x102E0B43, 0x106C0B16, 0x109E0ADE, 0x10C70A9E, 0x10F10A62, 0x11130A23, 0x112D09DD,
	0x11430994, 0x11500948, 0x115708F8, 0x115508A3, 0x114D084C, 0x114307F5, 0x112F0799, 0x11120737, 0x10ED06D0, 0x10C40668, 0x10960601,
	0x10610598, 0x1027052C, 0x0FE704BC, 0x0F9C0449, 0x0F4B03D4, 0x0EF6035D, 0x0E9C02E6, 0x0E3C026E, 0x0DD401F4, 0x0D6B0179, 0x0CFB00FD,
	0x0C830080, 0x0C080005, 0x0B8BFF89, 0x0B08FF0A, 0x0A83FE90, 0x09F8FE14, 0x0969FD97, 0x08DCFD1E, 0x084CFCA9, 0x07B8FC34, 0x0720FBBF,
	0x0688FB4D, 0x05F0FADF, 0x0553FA70, 0x04B5FA04, 0x041BF9A0, 0x037DF93B, 0x02DEF8D8, 0x0244F87D, 0x01A7F824, 0x0109F7CC, 0x0070F77C,
	0xFFDBF732, 0xFF44F6EA, 0xFEB0F6A7, 0xFE1FF66A, 0xFD8FF62F, 0xFD02F5FC, 0xFC7BF5D0, 0xFBF5F5A8, 0xFB71F582, 0xFAF2F564, 0xFA79F54E,
	0xFA03F53C, 0xF992F530, 0xF926F529, 0xF8BDF524, 0xF859F528, 0xF7FDF536, 0xF7A3F546, 0xF74DF558, 0xF700F574, 0xF6B7F595, 0xF672F5BA,
	0xF633F5E5, 0xF5FDF618, 0xF5CAF64E, 0xF598F684, 0xF570F6C3, 0xF54FF708, 0xF52CF749, 0xF512F792, 0xF502F7E5, 0xF4EEF833, 0xF4DFF884,
	0xF4DBF8DB, 0xF4D9F933, 0xF4DAF98D, 0xF4DEF9E8, 0xF4E9FA48, 0xF4FAFAAA, 0xF508FB08, 0xF51CFB6B, 0xF538FBD1, 0xF556FC34, 0xF577FC97,
	0xF595FCF5, 0xF5B4FD53, 0xF5E1FDBB, 0xF60EFE1D, 0xF632FE74, 0xF65DFECF, 0xF68CFF2C, 0xF6B9FF82, 0xF6E7FFD6, 0xF7180028, 0xF7460075,
	0xF77700BE, 0xF7AD0109, 0xF7DF014E, 0xF8090188, 0xF83701C2, 0xF86901FC, 0xF898022F, 0xF8C5025B, 0xF8F10282, 0xF91D02A7, 0xF94802C8,
	0xF97202E3, 0xF99902F7, 0xF9BE0306, 0xF9E30312, 0xFA080319, 0xFA270317, 0xFA470314, 0xFA690310, 0xFA840302, 0xFA9C02EE, 0xFAB502D9,
	0xFACE02C0, 0xFAE302A1, 0xFAF6027C, 0xFB090257, 0xFB1A022D, 0xFB2601FA, 0xFB3401C8, 0xFB430195, 0xFB4F015D, 0xFB57011F, 0xFB6000E1,
	0xFB6E00A7, 0xFB780068, 0xFB7C0022, 0xFB85FFDF, 0xFB8FFF9D, 0xFB9AFF59, 0xFBA2FF13, 0xFBA4FEC9, 0xFBAEFE85, 0xFBC0FE44, 0xFBC7FDFB,
	0xFBD1FDB8, 0xFBE2FD7C, 0xFBEFFD39, 0xFBFCFCF5, 0xFC0FFCBA, 0xFC25FC84, 0xFC3CFC4E, 0xFC52FC19, 0xFC6CFBE9, 0xFC88FBBC, 0xFCA5FB91,
	0xFCC6FB6D, 0xFCEBFB4E, 0xFD13FB32, 0xFD3FFB1A, 0xFD6BFB07, 0xFD9CFAFA, 0xFDD0FAF1, 0xFE04FAEB, 0xFE3BFAEA, 0xFE77FAEF, 0xFEBAFAFD,
	0xFEFDFB0E, 0xFF3DFB1C, 0xFF85FB36, 0xFFD6FB59, 0x001DFB78, 0x006AFB9E, 0x00C2FBD0, 0x011AFC04, 0x016CFC38, 0x01C5FC74, 0x0229FCBB,
	0x028BFD02, 0x02E6FD48, 0x0349FD96, 0x03AFFDE9, 0x0413FE3C, 0x047DFE99, 0x04E5FEF9, 0x0548FF54, 0x05B1FFB7, 0x061C001D, 0x06810080,
	0x06E900E9, 0x0756015A, 0x07BF01C8, 0x08250235, 0x088902A3, 0x08EC0311, 0x094F0381, 0x09AE03EF, 0x0A0D0460, 0x0A6C04D2, 0x0AC80542,
	0x0B1E05AE, 0x0B6C0616, 0x0BBA067F, 0x0C0C06EB, 0x0C560750, 0x0C9907B2, 0x0CDE0817, 0x0D1B0876, 0x0D5108CE, 0x0D820924, 0x0DB00977,
	0x0DDE09CB, 0x0E020A16, 0x0E1C0A5A, 0x0E3A0AA1, 0x0E4F0AE0, 0x0E590B16, 0x0E660B4F, 0x0E6B0B81, 0x0E670BAA, 0x0E5D0BCF, 0x0E4C0BED,
	0x0E380C09, 0x0E1E0C20, 0x0DFB0C2D, 0x0DD30C35, 0x0DA40C37, 0x0D710C36, 0x0D3A0C31, 0x0CF80C20, 0x0CB30C0D, 0x0C680BF4, 0x0C120BD0,
	0x0BBF0BAD, 0x0B650B84, 0x0B000B51, 0x0A9D0B1F, 0x0A330AE5, 0x09C20AA2, 0x094C0A5D, 0x08D20A10, 0x085809C2, 0x07D7096E, 0x074B0910,
	0x06C508B5, 0x063A0854, 0x05A707E8, 0x0516077D, 0x04830711, 0x03ED06A1, 0x0355062B, 0x02B505AD, 0x0217052E, 0x017B04B3, 0x00DD0434,
	0x003F03B1, 0xFF9C0327, 0xFEF7029A, 0xFE580211, 0xFDBB0187, 0xFD1900F8, 0xFC7A006C, 0xFBE0FFE1, 0xFB46FF52, 0xFAADFEC2, 0xFA16FE33,
	0xF97CFD9F, 0xF8E9FD0F, 0xF85EFC85, 0xF7CFFBF6, 0xF747FB69, 0xF6C6FAE0, 0xF640FA52, 0xF5C3F9CD, 0xF552F94F, 0xF4D9F8C8, 0xF468F845,
	0xF404F7CE, 0xF39FF755, 0xF340F6DF, 0xF2ECF672, 0xF299F604, 0xF247F597, 0xF203F536, 0xF1C5F4D8, 0xF18BF47B, 0xF159F426, 0xF12DF3D6,
	0xF103F388, 0xF0E3F341, 0xF0CEF303, 0xF0BCF2C9, 0xF0AFF293, 0xF0AAF264, 0xF0B0F23F, 0xF0B7F21B, 0xF0C3F1FC, 0xF0E0F1ED, 0xF100F1E0,
	0xF11EF1D3, 0xF14BF1D4, 0xF182F1DF, 0xF1BBF1ED, 0xF1F9F202, 0xF23CF21E, 0xF286F23F, 0xF2D6F266, 0xF32CF294, 0xF386F2CA, 0xF3E7F307,
	0xF44EF34B, 0xF4B9F395, 0xF527F3E3, 0xF599F438, 0xF613F494, 0xF690F4F7, 0xF70DF55D, 0xF791F5CA, 0xF81BF63E, 0xF8A3F6B2, 0xF92CF72C,
	0xF9BCF7AF, 0xFA4BF834, 0xFADDF8BD, 0xFB75F94B, 0xFC07F9D9, 0xFC9BFA6B, 0xFD33FB03, 0xFDCAFB9B, 0xFE60FC34, 0xFEF6FCCE, 0xFF89FD6A,
	0x001CFE07, 0x00AFFEA5, 0x0141FF46, 0x01D3FFE8, 0x02610086, 0x02EE0124, 0x037801C3, 0x03FE0262, 0x048402FE, 0x05050395, 0x0583042C,
	0x05FD04C3, 0x06740556, 0x06E805E5, 0x07570670, 0x07BF06F7, 0x0824077B, 0x088807FE, 0x08E9087A, 0x093E08EC, 0x0990095D, 0x09E109CB,
	0x0A270A2D, 0x0A6C0A8D, 0x0AAD0AE9, 0x0ADF0B38, 0x0B140B86, 0x0B480BD1, 0x0B6C0C10, 0x0B900C4C, 0x0BAF0C7F, 0x0BC30CA5, 0x0BD60CCD,
	0x0BE00CEB, 0x0BE90D02, 0x0BF40D18, 0x0BEC0D1E, 0x0BDE0D1F, 0x0BD60D21, 0x0BC20D12, 0x0BA90CFC, 0x0B900CE8, 0x0B6E0CC9, 0x0B450CA0,
	0x0B190C74, 0x0AEC0C42, 0x0ABB0C0A, 0x0A820BCA, 0x0A450B85, 0x0A050B3B, 0x09C20AEA, 0x097D0A98, 0x09330A40, 0x08E409E0, 0x0893097C,
	0x083C0911, 0x07E808A8, 0x0791083B, 0x073107C3, 0x06D2074E, 0x067406D8, 0x060F0659, 0x05AC05DA, 0x0548055A, 0x04DE04D6, 0x0472044F,
	0x040803CA, 0x039F0346, 0x033102BD, 0x02C10230, 0x025601AA, 0x01E80122, 0x01780098, 0x010C0013, 0x009CFF88, 0x002CFEFF, 0xFFC5FE80,
	0xFF5AFDFE, 0xFEE9FD78, 0xFE80FCF9, 0xFE16FC7B, 0xFDAAFBFD, 0xFD46FB85, 0xFCE1FB10, 0xFC7AFA9C, 0xFC19FA2E, 0xFBBBF9C3, 0xFB5CF958,
	0xFAFBF8F0, 0xFAA2F891, 0xFA50F838, 0xF9FAF7DD, 0xF9A3F785, 0xF956F737, 0xF90CF6EA, 0xF8C1F6A2, 0xF87BF662, 0xF836F622, 0xF7F9F5EA,
	0xF7C1F5BA, 0xF782F588, 0xF74CF55D, 0xF71FF53C, 0xF6F2F51C, 0xF6C7F502, 0xF6A2F4EE, 0xF680F4DD, 0xF661F4D3, 0xF646F4CD, 0xF632F4CD,
	0xF622F4D2, 0xF615F4DE, 0xF60DF4F0, 0xF608F504, 0xF605F51A, 0xF608F538, 0xF610F55C, 0xF61FF585, 0xF62BF5AC, 0xF63BF5DA, 0xF657F611,
	0xF673F647, 0xF691F682, 0xF6B4F6C4, 0xF6D9F706, 0xF708F750, 0xF739F79C, 0xF767F7E7, 0xF79FF83B, 0xF7D7F88D, 0xF80EF8E0, 0xF854F940,
	0xF89AF9A0, 0xF8DCF9FB, 0xF922FA5A, 0xF96BFAB9, 0xF9BAFB1F, 0xFA0DFB88, 0xFA5CFBEE, 0xFAB0FC55, 0xFB05FCBD, 0xFB59FD23, 0xFBAFFD8D,
	0xFC07FDF6, 0xFC61FE5E, 0xFCBFFEC9, 0xFD1CFF33, 0xFD78FF99, 0xFDD4FFFF, 0xFE320068, 0xFE8F00CF, 0xFEEF0133, 0xFF4A0192, 0xFFA301F0,
	0x00030254, 0x006002B3, 0x00B50307, 0x01100360, 0x016D03BB, 0x01C4040E, 0x0219045F, 0x026D04AF, 0x02BE04FA, 0x030E0540, 0x035B0582,
	0x03AA05C7, 0x03F9060A, 0x043F0643, 0x04830678, 0x04C906AE, 0x050906DE, 0x05430706, 0x057F072F, 0x05BB0758, 0x05EF0777, 0x06220795,
	0x065307AF, 0x068007C2, 0x06B007D9, 0x06D807EA, 0x06FA07F2, 0x072207FD, 0x074107FF, 0x075907FD, 0x077A0801, 0x079107F9, 0x07A207EB,
	0x07B707DF, 0x07C807D0, 0x07D507BC, 0x07E007A6, 0x07E6078C, 0x07EC076F, 0x07EF074E, 0x07EE072C, 0x07ED0709, 0x07E706DF, 0x07E006B6,
	0x07DC068F, 0x07CF065D, 0x07C1062B, 0x07B405FE, 0x07A105CA, 0x078B0591, 0x0779055A, 0x07650523, 0x074A04E7, 0x073004AB, 0x0715046E,
	0x06F40430, 0x06D603F3, 0x06B903B6, 0x06970374, 0x06730334, 0x064E02F4, 0x062802B3, 0x06040276, 0x05DA0234, 0x05AC01EE, 0x058101AB,
	0x05540169, 0x05250128, 0x04FB00EC, 0x04CE00AD, 0x049A006D, 0x04690031, 0x0438FFF6, 0x0403FFB6, 0x03D0FF7C, 0x039DFF44, 0x0365FF09,
	0x0330FED4, 0x02FCFEA3, 0x02C4FE6F, 0x028DFE3D, 0x0256FE0C, 0x0219FDDB, 0x01DFFDAF, 0x01AAFD86, 0x0172FD5E, 0x0137FD3A, 0x00FEFD17,
	0x00C6FCF7, 0x008AFCD7, 0x004BFCB7, 0x0014FCA1, 0xFFDFFC8D, 0xFFA3FC76, 0xFF68FC65, 0xFF2FFC58, 0xFEF4FC49, 0xFEBDFC41, 0xFE85FC3C,
	0xFE4BFC37, 0xFE15FC39, 0xFDE1FC3D, 0xFDACFC41, 0xFD76FC47, 0xFD40FC52, 0xFD0DFC61, 0xFCDCFC72, 0xFCACFC85, 0xFC80FCA0, 0xFC52FCBA,
	0xFC21FCD1, 0xFBF7FCF1, 0xFBD0FD16, 0xFBA7FD38, 0xFB81FD5F, 0xFB5BFD87, 0xFB36FDB2, 0xFB17FDE0, 0xFAF6FE0E, 0xFAD4FE3E, 0xFAB8FE72,
	0xFA9EFEA5, 0xFA87FEDB, 0xFA71FF14, 0xFA5AFF4A, 0xFA42FF81, 0xFA31FFBB, 0xFA23FFF7, 0xFA160033, 0xFA09006B, 0xFA0000A6, 0xF9FA00E4,
	0xF9F1011D, 0xF9E90154, 0xF9E90190, 0xF9E901CA, 0xF9E501FD, 0xF9E80236, 0xF9ED026C, 0xF9F1029C, 0xF9FA02CE, 0xFA050300, 0xFA0C032B,
	0xFA160354, 0xFA25037D, 0xFA3703A4, 0xFA4803C6, 0xFA5803E4, 0xFA6503FD, 0xFA760412, 0xFA8F0428, 0xFAA6043A, 0xFAB60442, 0xFACB044A,
	0xFAE2044D, 0xFAF9044B, 0xFB15044C, 0xFB2C0443, 0xFB440432, 0xFB600423, 0xFB79040E, 0xFB9103F1, 0xFBB003D5, 0xFBD003B6, 0xFBE9038D,
	0xFC01035F, 0xFC200330, 0xFC400300, 0xFC5C02C8, 0xFC75028A, 0xFC8F0247, 0xFCAF0207, 0xFCD001C5, 0xFCEA0178, 0xFD07012A, 0xFD2700DD,
	0xFD430089, 0xFD600033, 0xFD7FFFDC, 0xFD9CFF82, 0xFDBAFF28, 0xFDD9FECD, 0xFDF7FE6E, 0xFE14FE0B, 0xFE34FDAD, 0xFE53FD4E, 0xFE6CFCE7,
	0xFE8CFC86, 0xFEB0FC2B, 0xFECAFBC7, 0xFEE7FB66, 0xFF0CFB0C, 0xFF2DFAAF, 0xFF4CFA54, 0xFF6AF9FB, 0xFF8AF9A3, 0xFFAEF950, 0xFFCFF8FF,
	0xFFF1F8B2, 0x0012F867, 0x0033F81C, 0x0059F7DC, 0x007DF79E, 0x009EF761, 0x00C3F72B, 0x00E9F6F9, 0x010FF6CC, 0x0134F6A5, 0x0158F67F,
	0x0180F661, 0x01AAF64A, 0x01D1F637, 0x01F8F62A, 0x0220F620, 0x024AF61C, 0x0274F621, 0x029CF62C, 0x02C5F63A, 0x02EFF64F, 0x0319F66B,
	0x0342F68A, 0x036DF6B0, 0x0395F6DB, 0x03BCF709, 0x03E6F73F, 0x0410F77B, 0x0437F7B9, 0x0460F802, 0x0488F84D, 0x04AFF89C, 0x04D6F8F1,
	0x04F9F946, 0x051EF9A1, 0x0545FA05, 0x0569FA6B, 0x058DFAD3, 0x05B0FB3C, 0x05CEFBA7, 0x05EFFC1B, 0x060EFC8F, 0x0628FD00, 0x0643FD77,
	0x065FFDF2, 0x067AFE6E, 0x0692FEE9, 0x06A6FF66, 0x06B9FFE3, 0x06CC0060, 0x06DE00DD, 0x06EE0159, 0x06F901D3, 0x07030250, 0x070B02CC,
	0x07130347, 0x071C03C2, 0x0720043A, 0x071E04AF, 0x071F0526, 0x07200599, 0x071A0606, 0x07100670, 0x070606D9, 0x06FA073D, 0x06EB079E,
	0x06DD0800, 0x06C90858, 0x06B208AC, 0x069F0903, 0x06850951, 0x06660998, 0x064C09E1, 0x06320A25, 0x06110A65, 0x05EA0A9B, 0x05C00ACA,
	0x059B0AFA, 0x05730B26, 0x05480B4B, 0x05200B70, 0x04F30B8C, 0x04BE0B9F, 0x048B0BB1, 0x04590BC0, 0x04230BC5, 0x03EB0BC6, 0x03B40BC6,
	0x037A0BBD, 0x033D0BAE, 0x03020B9E, 0x02C40B89, 0x02860B6D, 0x02480B51, 0x02060B2C, 0x01C30B00, 0x01820AD1, 0x013F0AA2, 0x00F90A6E,
	0x00B10A31, 0x006C09F0, 0x002809B0, 0xFFE0096B, 0xFF9B0924, 0xFF5308D5, 0xFF070880, 0xFEBF082C, 0xFE7A07D7, 0xFE31077D, 0xFDE5071F,
	0xFD9D06BF, 0xFD57065E, 0xFD0E05F7, 0xFCC3058D, 0xFC7D0526, 0xFC3804B9, 0xFBF1044A, 0xFBA903DC, 0xFB600368, 0xFB1B02F4, 0xFAD90282,
	0xFA93020C, 0xFA4F0195, 0xFA110122, 0xF9D200AB, 0xF98E0031, 0xF94FFFBB, 0xF912FF43, 0xF8D1FEC6, 0xF897FE50, 0xF861FDDE, 0xF826FD64,
	0xF7EBFCEB, 0xF7B6FC76, 0xF783FC04, 0xF754FB96, 0xF724FB28, 0xF6F5FAB8, 0xF6CCFA4D, 0xF6A6F9E5, 0xF67EF980, 0xF65AF91F, 0xF63AF8BD,
	0xF617F85B, 0xF5F5F7FF, 0xF5DCF7A8, 0xF5C5F754, 0xF5AFF702, 0xF59DF6B7, 0xF58DF66F, 0xF580F627, 0xF577F5E6, 0xF570F5A9, 0xF56CF571,
	0xF56CF53F, 0xF570F511, 0xF578F4E8, 0xF583F4C3, 0xF58FF4A2, 0xF59FF489, 0xF5B4F474, 0xF5CEF463, 0xF5EEF45B, 0xF60FF456, 0xF630F455,
	0xF65CF45F, 0xF689F46B, 0xF6B5F47A, 0xF6EBF494, 0xF723F4B1, 0xF75AF4CE, 0xF79CF4F9, 0xF7E1F528, 0xF824F556, 0xF86FF58F, 0xF8BDF5CE,
	0xF90BF60D, 0xF961F653, 0xF9BAF6A0, 0xFA14F6F0, 0xFA70F743, 0xFAD4F79C, 0xFB3CF7FC, 0xFBA1F85C, 0xFC0BF8C1, 0xFC7CF92E, 0xFCEBF998,
	0xFD5BFA05, 0xFDCEFA75, 0xFE44FAEA, 0xFEBEFB63, 0xFF36FBD9, 0xFFB3FC52, 0x0034FCD4, 0x00B2FD51, 0x012EFDCE, 0x01AEFE50, 0x0230FED2,
	0x02B4FF56, 0x0336FFD7, 0x03B40055, 0x043300D4, 0x04B40152, 0x053501D2, 0x05B2024E, 0x062E02C7, 0x06A90341, 0x072003B5, 0x0798042A,
	0x080F049D, 0x087F0507, 0x08EF0572, 0x095C05DA, 0x09C6063E, 0x0A2D069E, 0x0A8B06F4, 0x0AE70749, 0x0B43079F, 0x0B9707EB, 0x0BE70831,
	0x0C330872, 0x0C7A08AF, 0x0CBB08EA, 0x0CF40919, 0x0D2C0943, 0x0D5F096A, 0x0D860986, 0x0DAD09A3, 0x0DCE09B8, 0x0DE409C2, 0x0DFB09CE,
	0x0E0709D1, 0x0E0B09C9, 0x0E0F09C6, 0x0E0A09B9, 0x0DFB099F, 0x0DE90986, 0x0DD00969, 0x0DB30946, 0x0D8C0919, 0x0D5E08E7, 0x0D2C08B4,
	0x0CF20877, 0x0CB10836, 0x0C6F07F6, 0x0C2307AD, 0x0BCE075B, 0x0B79070A, 0x0B1E06B7, 0x0ABB065F, 0x0A560606, 0x09EB05A6, 0x097B0545,
	0x090904E4, 0x088C0479, 0x080A040B, 0x078D03A5, 0x070B033B, 0x068302CE, 0x05F90260, 0x056901EE, 0x04DB0180, 0x044A0112, 0x03B3009D,
	0x03220032, 0x0291FFCA, 0x01F7FF58, 0x0161FEEC, 0x00CBFE82, 0x002EFE14, 0xFF97FDAE, 0xFF04FD4B, 0xFE70FCE7, 0xFDDDFC8A, 0xFD4CFC2E,
	0xFCBEFBD3, 0xFC34FB80, 0xFBA7FB2B, 0xFB1AFAD6, 0xFA99FA8D, 0xFA1CFA4A, 0xF99EFA05, 0xF926F9C7, 0xF8B4F98F, 0xF843F957, 0xF7D6F924,
	0xF774F8FD, 0xF716F8DC, 0xF6BAF8B9, 0xF664F89B, 0xF617F886, 0xF5CDF875, 0xF58DF86B, 0xF551F864, 0xF518F85E, 0xF4EBF866, 0xF4C2F870,
	0xF49EF87C, 0xF486F894, 0xF472F8AF, 0xF466F8CF, 0xF463F8F7, 0xF460F91E, 0xF466F94C, 0xF476F982, 0xF48BF9BB, 0xF4A8F9FC, 0xF4CAFA3E,
	0xF4F3FA86, 0xF524FAD5, 0xF554FB1E, 0xF58DFB70, 0xF5D2FBCC, 0xF617FC24, 0xF664FC82, 0xF6B6FCE4, 0xF709FD44, 0xF766FDB0, 0xF7C5FE1A,
	0xF827FE82, 0xF892FEF3, 0xF8FDFF63, 0xF96DFFD4, 0xF9E10049, 0xFA5500B8, 0xFACF012D, 0xFB4E01A5, 0xFBC90217, 0xFC450289, 0xFCC70301,
	0xFD480376, 0xFDC903E6, 0xFE4A0455, 0xFECB04C5, 0xFF4B0532, 0xFFCB059E, 0x00490606, 0x00C7066B, 0x014606D1, 0x01C20732, 0x023A078F,
	0x02AE07E5, 0x03210839, 0x0393088D, 0x03FE08D9, 0x0464091F, 0x04C80961, 0x0527099B, 0x058309D5, 0x05DC0A09, 0x062B0A31, 0x06760A58,
	0x06BF0A7C, 0x07010A94, 0x073D0AA5, 0x07750AB2, 0x07A60ABB, 0x07D30ABF, 0x07FB0ABA, 0x081C0AAC, 0x08320A95, 0x08420A7B, 0x08500A5C,
	0x08550A31, 0x08560A02, 0x084F09CB, 0x0840098C, 0x0833094E, 0x081D0908, 0x07F808B2, 0x07D4085C, 0x07AC0801, 0x077D079F, 0x0749073B,
	0x070F06CE, 0x06D1065B, 0x068F05E6, 0x0648056B, 0x05FB04EA, 0x05A80462, 0x055203D8, 0x04FD0350, 0x04A402C1, 0x0443022A, 0x03DE0192,
	0x037800F6, 0x0314005E, 0x02B0FFC6, 0x0244FF26, 0x01D9FE86, 0x0170FDE9, 0x0103FD47, 0x0094FCA6, 0x0026FC06, 0xFFB9FB65, 0xFF4EFACA,
	0xFEE3FA2F, 0xFE74F991, 0xFE0AF8F7, 0xFDA3F863, 0xFD3FF7D3, 0xFCDCF744, 0xFC79F6B9, 0xFC1BF634, 0xFBBDF5AF, 0xFB63F52F, 0xFB11F4BA,
	0xFABFF444, 0xFA6EF3D3, 0xFA24F36E, 0xF9DEF30C, 0xF9A0F2B3, 0xF964F25F, 0xF926F20A, 0xF8F4F1C6, 0xF8C8F188, 0xF89CF14B, 0xF879F11E,
	0xF85AF0F6, 0xF83CF0D0, 0xF825F0B7, 0xF812F0A3, 0xF80AF09C, 0xF807F09D, 0xF7FFF09C, 0xF7FFF0A8, 0xF809F0C1, 0xF813F0DA, 0xF823F0FE,
	0xF83EF132, 0xF859F166, 0xF873F19B, 0xF896F1DF, 0xF8C0F22E, 0xF8ECF27F, 0xF91DF2D9, 0xF94FF339, 0xF985F39E, 0xF9C1F40B, 0xF9FAF479,
	0xFA37F4ED, 0xFA7CF56C, 0xFAC2F5EE, 0xFB09F673, 0xFB52F6FE, 0xFB9FF78E, 0xFBEDF81F, 0xFC39F8B1, 0xFC88F94D, 0xFCDBF9E9, 0xFD29FA81,
	0xFD7AFB22, 0xFDCCFBC5, 0xFE1DFC63, 0xFE73FD08, 0xFEC4FDAB, 0xFF12FE4D, 0xFF64FEF2, 0xFFB6FF94, 0x00040036, 0x005100D7, 0x009D0175,
	0x00E90213, 0x012C02AA, 0x01730341, 0x01C003DE, 0x0201046F, 0x023E04FB, 0x027E0587, 0x02BD060F, 0x02F90696, 0x032D0714, 0x035F078A,
	0x03940801, 0x03C1086E, 0x03E908D6, 0x04190942, 0x044409A6, 0x046109FB, 0x047B0A47, 0x049A0A94, 0x04B60ADF, 0x04CB0B20, 0x04DF0B5C,
	0x04F20B93, 0x04FF0BBF, 0x050A0BE7, 0x05100C08, 0x05140C22, 0x05180C3A, 0x05190C4A, 0x05170C53, 0x05110C58, 0x05060C51, 0x04FB0C45,
	0x04F00C39, 0x04E10C27, 0x04CE0C0C, 0x04B90BEA, 0x04A30BC4, 0x048D0B9B, 0x04730B6A, 0x04570B35, 0x043C0AFE, 0x041D0ABF, 0x03FD0A7B,
	0x03E10A38, 0x03BE09EF, 0x0398099F, 0x0375094E, 0x035108FA, 0x032B08A3, 0x03060849, 0x02E207EC, 0x02BB078E, 0x0293072F, 0x026C06CD,
	0x02420665, 0x021805FE, 0x01F3059B, 0x01CD0535, 0x01A704CD, 0x01810466, 0x015903FD, 0x01340396, 0x0111032E, 0x00EB02C4, 0x00CB0263,
	0x00A701FD, 0x00820194, 0x00680138, 0x004700D3, 0x0024006E, 0x000D0018, 0xFFF2FFBB, 0xFFD5FF5E, 0xFFC2FF0D, 0xFFADFEBB, 0xFF98FE6C,
	0xFF87FE22, 0xFF76FDD7, 0xFF68FD92, 0xFF5BFD4F, 0xFF51FD11, 0xFF49FCD6, 0xFF43FCA2, 0xFF41FC73, 0xFF37FC3C, 0xFF35FC0F, 0xFF3EFBF4,
	0xFF3DFBCF, 0xFF3FFBAF, 0xFF4CFB9C, 0xFF52FB81, 0xFF5CFB71, 0xFF69FB6A, 0xFF73FB5F, 0xFF87FB5D, 0xFF9BFB60, 0xFFABFB64, 0xFFC1FB72,
	0xFFD7FB80, 0xFFEEFB92, 0x0009FBAB, 0x0026FBC7, 0x0044FBE7, 0x005DFC07, 0x0078FC2B, 0x009BFC59, 0x00BBFC86, 0x00DAFCB6, 0x00FCFCEC,
	0x011EFD21, 0x0142FD5E, 0x0163FD9B, 0x0187FDD9, 0x01AFFE1D, 0x01D0FE5E, 0x01F4FEA6, 0x021DFEF2, 0x023DFF34, 0x025CFF7B, 0x027EFFC9,
	0x029A000E, 0x02BB0058, 0x02DC00A6, 0x02F400EC, 0x03130137, 0x03320186, 0x034601CD, 0x035D0216, 0x0377025D, 0x038902A0, 0x039B02E6,
	0x03A80327, 0x03B30363, 0x03C103A3, 0x03C803DB, 0x03CF0414, 0x03D7044D, 0x03D5047B, 0x03D004A5, 0x03CC04CF, 0x03C404F4, 0x03BB0519,
	0x03B00537, 0x03A1054F, 0x03910568, 0x037B0579, 0x03630586, 0x034D0591, 0x032F0594, 0x030F0594, 0x02EC058D, 0x02C50582, 0x029F0577,
	0x02740563, 0x02460548, 0x021B052D, 0x01E8050B, 0x01B004E2, 0x017A04B7, 0x01430487, 0x010A0454, 0x00CC041C, 0x008E03DE, 0x0050039E,
	0x000E0356, 0xFFCB030B, 0xFF8A02C1, 0xFF450274, 0xFEFF0221, 0xFEBA01CB, 0xFE750173, 0xFE2D0118, 0xFDE300BA, 0xFD9A0058, 0xFD51FFF4,
	0xFD08FF90, 0xFCBFFF2A, 0xFC77FEC1, 0xFC31FE59, 0xFBE8FDEF, 0xFB9EFD80, 0xFB5AFD14, 0xFB18FCAC, 0xFAD2FC3F, 0xFA8CFBCF, 0xFA4EFB64,
	0xFA10FAFC, 0xF9CDFA8D, 0xF98CFA1F, 0xF954F9B9, 0xF91FF957, 0xF8E5F8F1, 0xF8ABF888, 0xF879F827, 0xF84AF7CA, 0xF816F768, 0xF7E9F70E,
	0xF7C1F6B9, 0xF797F661, 0xF774F611, 0xF755F5C6, 0xF730F576, 0xF711F52C, 0xF6FAF4EA, 0xF6E6F4AB, 0xF6D2F470, 0xF6C2F43B, 0xF6B6F40A,
	0xF6ABF3D8, 0xF6A5F3AD, 0xF6A4F38B, 0xF6A0F368, 0xF6A2F34C, 0xF6AAF336, 0xF6B7F325, 0xF6C8F31D, 0xF6D7F314, 0xF6E7F30B, 0xF6FBF309,
	0xF715F310, 0xF739F323, 0xF759F332, 0xF777F341, 0xF7A3F362, 0xF7D1F384, 0xF800F3A9, 0xF835F3DA, 0xF866F408, 0xF8A0F440, 0xF8E1F47F,
	0xF918F4B6, 0xF958F4FB, 0xF9A2F549, 0xF9EBF597, 0xFA3BF5F1, 0xFA87F648, 0xFAD2F69E, 0xFB2BF703, 0xFB83F769, 0xFBD9F7CF, 0xFC36F841,
	0xFC92F8B1, 0xFCF0F923, 0xFD53F99D, 0xFDB9FA1B, 0xFE1FFA9C, 0xFE87FB20, 0xFEF3FBA8, 0xFF5EFC31, 0xFFC7FCBB, 0x0035FD4B, 0x00A4FDDB,
	0x0112FE6A, 0x0181FF00, 0x01EEFF94, 0x025C0026, 0x02D000C0, 0x03400157, 0x03AD01EF, 0x041E028B, 0x048A0320, 0x04F403B4, 0x0563044E,
	0x05CD04E2, 0x06340576, 0x069D060D, 0x0704069F, 0x076A072F, 0x07CA07BB, 0x08270844, 0x088708D0, 0x08DE0953, 0x093009D1, 0x09830A52,
	0x09D20ACA, 0x0A1C0B3D, 0x0A630BB0, 0x0AA60C1C, 0x0AE80C86, 0x0B230CE8, 0x0B530D3F, 0x0B840D99, 0x0BB10DEC, 0x0BD50E34, 0x0BFA0E7D,
	0x0C180EBD, 0x0C2D0EF3, 0x0C3F0F25, 0x0C4D0F52, 0x0C540F75, 0x0C540F8F, 0x0C4E0FA4, 0x0C430FB4, 0x0C330FBB, 0x0C1F0FBD, 0x0C070FB8,
	0x0BE70FA9, 0x0BBE0F92, 0x0B920F77, 0x0B650F58, 0x0B330F30, 0x0AF90EFE, 0x0AB90EC8, 0x0A740E89, 0x0A280E42, 0x09DA0DF8, 0x09890DA8,
	0x09340D50, 0x08DA0CF3, 0x087D0C92, 0x081A0C2A, 0x07B40BBB, 0x074E0B4B, 0x06E50AD6, 0x06750A5A, 0x060309DB, 0x05910957, 0x051D08D1,
	0x04A60849, 0x042C07BC, 0x03B5072F, 0x033D069F, 0x02C3060D, 0x024B057D, 0x01CD04E3, 0x0151044A, 0x00DD03BB, 0x00620324, 0xFFEA028D,
	0xFF7901FC, 0xFF020164, 0xFE8E00D2, 0xFE210044, 0xFDB0FFB2, 0xFD43FF23, 0xFCDBFE99, 0xFC78FE16, 0xFC16FD93, 0xFBB2FD0B, 0xFB5AFC91,
	0xFB05FC1B, 0xFAACFB9E, 0xFA5EFB31, 0xFA18FACB, 0xF9CFFA60, 0xF98EF9FE, 0xF952F9A2, 0xF918F94A, 0xF8E2F8F7, 0xF8B3F8AA, 0xF88CF868,
	0xF868F82A, 0xF847F7EF, 0xF82DF7BB, 0xF817F78C, 0xF804F763, 0xF7F7F741, 0xF7F0F724, 0xF7EDF70E, 0xF7ECF6FD, 0xF7F1F6F3, 0xF7FFF6F1,
	0xF80DF6F0, 0xF81DF6F5, 0xF835F705, 0xF84EF716, 0xF86AF72D, 0xF88AF74A, 0xF8B0F76B, 0xF8DAF794, 0xF904F7C0, 0xF92DF7EB, 0xF95BF81D,
	0xF98FF857, 0xF9C4F893, 0xF9FBF8D2, 0xFA32F914, 0xFA69F959, 0xFAA4F9A1, 0xFADFF9E8, 0xFB19FA33, 0xFB58FA85, 0xFB96FAD6, 0xFBD5FB28,
	0xFC14FB7B, 0xFC4FFBCD, 0xFC8DFC23, 0xFCCDFC7B, 0xFD07FCD0, 0xFD43FD24, 0xFD7FFD78, 0xFDB7FDCA, 0xFDEEFE1E, 0xFE25FE72, 0xFE5DFEC5,
	0xFE92FF16, 0xFEC0FF62, 0xFEEEFFAE, 0xFF1DFFF8, 0xFF4B003F, 0xFF730084, 0xFF9700C4, 0xFFBD0105, 0xFFE20144, 0x00030180, 0x002201B8,
	0x003C01EA, 0x0054021A, 0x006E024B, 0x00850275, 0x009C029D, 0x00B002C4, 0x00BC02E1, 0x00C802FD, 0x00D30315, 0x00DC0327, 0x00E8033A,
	0x00F3034C, 0x00F70358, 0x00F9035F, 0x00F9035E, 0x00F9035A, 0x00FA0357, 0x00F8034E, 0x00F40341, 0x00F10333, 0x00ED0322, 0x00EA030E,
	0x00E702F6, 0x00E002D7, 0x00DA02BB, 0x00D5029C, 0x00CC0275, 0x00C80253, 0x00C60230, 0x00BF0203, 0x00BC01D9, 0x00B801AE, 0x00B0017B,
	0x00AF014C, 0x00AE011A, 0x00A700E2, 0x00A100A9, 0x009E006F, 0x00A2003A, 0x00A50006, 0x00A2FFC9, 0x00A4FF90, 0x00A8FF58, 0x00A8FF1A,
	0x00AAFEDF, 0x00AEFEA3, 0x00B2FE63, 0x00B8FE27, 0x00BEFDEB, 0x00C7FDB1, 0x00D0FD77, 0x00D6FD39, 0x00DEFCFE, 0x00E7FCC6, 0x00EFFC8E,
	0x00FAFC58, 0x0105FC23, 0x010DFBEC, 0x0114FBB6, 0x011FFB85, 0x012CFB57, 0x0135FB27, 0x013DFAF7, 0x0147FACB, 0x0153FAA4, 0x015CFA7E,
	0x0161FA55, 0x0165FA2E, 0x016AFA0A, 0x0171F9ED, 0x0176F9D2, 0x0178F9B3, 0x017DF99B, 0x0181F98A, 0x017AF971, 0x0178F961, 0x017BF958,
	0x0174F949, 0x016CF93F, 0x0165F938, 0x015BF931, 0x0156F935, 0x014DF93B, 0x013CF93D, 0x012AF941, 0x011BF94B, 0x010EF95D, 0x00FDF970,
	0x00E9F983, 0x00D8F99E, 0x00C2F9B9, 0x00ABF9D6, 0x0095F9FB, 0x007AFA1D, 0x0062FA44, 0x004CFA72, 0x002CFA9C, 0x000DFACB, 0xFFF3FB01,
	0xFFD7FB39, 0xFFBAFB73, 0xFF9DFBAF, 0xFF81FBF0, 0xFF67FC35, 0xFF4BFC7B, 0xFF31FCC3, 0xFF18FD0E, 0xFEF9FD57, 0xFEDDFDA6, 0xFEC4FDF9,
	0xFEACFE4C, 0xFE97FEA3, 0xFE82FEFD, 0xFE6DFF56, 0xFE5BFFB3, 0xFE4A0010, 0xFE3A006F, 0xFE3000D0, 0xFE240130, 0xFE1B0193, 0xFE1A01FC,
	0xFE16025F, 0xFE1102BE, 0xFE120327, 0xFE15038E, 0xFE1B03F4, 0xFE28045E, 0xFE3404C3, 0xFE3D0523, 0xFE4D0589, 0xFE6405F0, 0xFE7A0653,
	0xFE9206B5, 0xFEAD0715, 0xFEC90771, 0xFEEB07D0, 0xFF120831, 0xFF350888, 0xFF5B08DC, 0xFF890934, 0xFFB80987, 0xFFE809D9, 0x00180A26,
	0x00460A69, 0x007B0AAF, 0x00B50AF5, 0x00EB0B34, 0x01240B6F, 0x01610BAA, 0x019E0BDF, 0x01D90C0E, 0x02140C39, 0x02520C60, 0x02900C83,
	0x02CD0CA1, 0x030B0CB9, 0x03480CCE, 0x03830CE0, 0x03BE0CEC, 0x03FA0CF2, 0x04330CF1, 0x04680CE9, 0x049E0CE2, 0x04D10CD5, 0x05020CBF,
	0x05340CA7, 0x055E0C86, 0x05850C5F, 0x05AF0C3C, 0x05D20C0C, 0x05F00BD5, 0x06110BA0, 0x06280B62, 0x063A0B1B, 0x064D0AD6, 0x065C0A88,
	0x06640A34, 0x066809DB, 0x0666097E, 0x06630920, 0x065B08BD, 0x064D0854, 0x063E07EA, 0x06250777, 0x06080700, 0x05EB0689, 0x05C30609,
	0x05970587, 0x056B0508, 0x0536047E, 0x04FD03F2, 0x04C20368, 0x048002D9, 0x043E024C, 0x03F601BA, 0x03A60121, 0x0358008E, 0x0304FFF8,
	0x02AAFF5D, 0x0252FEC8, 0x01F4FE2E, 0x0193FD94, 0x0132FD00, 0x00CBFC65, 0x0063FBCB, 0xFFFCFB38, 0xFF90FAA2, 0xFF25FA0F, 0xFEB9F97C,
	0xFE4AF8E8, 0xFDDAF85B, 0xFD6CF7D2, 0xFD01F74C, 0xFC95F6C7, 0xFC26F643, 0xFBBCF5C9, 0xFB52F54F, 0xFAE9F4D7, 0xFA85F469, 0xFA1FF3FD,
	0xF9BEF396, 0xF962F336, 0xF903F2D6, 0xF8ACF280, 0xF85DF234, 0xF80AF1E8, 0xF7BDF1A4, 0xF776F166, 0xF734F12E, 0xF6F6F0FF, 0xF6BCF0D5,
	0xF68AF0B4, 0xF65DF09A, 0xF635F087, 0xF614F07E, 0xF5F7F078, 0xF5E1F07A, 0xF5D1F085, 0xF5C2F091, 0xF5C0F0AB, 0xF5C1F0CB, 0xF5C5F0EF,
	0xF5D7F121, 0xF5EDF158, 0xF602F190, 0xF624F1D8, 0xF64AF224, 0xF676F273, 0xF6A9F2CD, 0xF6DDF327, 0xF71AF38B, 0xF75EF3F7, 0xF7A3F463,
	0xF7EDF4D6, 0xF83DF551, 0xF891F5CF, 0xF8ECF654, 0xF94CF6DF, 0xF9ADF76A, 0xFA12F7FB, 0xFA78F88C, 0xFADCF91C, 0xFB46F9B0, 0xFBB7FA4D,
	0xFC28FAE9, 0xFC98FB84, 0xFD0AFC20, 0xFD7EFCBE, 0xFDF3FD5D, 0xFE67FDF9, 0xFEDAFE96, 0xFF4EFF34, 0xFFC1FFD1, 0x0032006A, 0x00A30101,
	0x01130196, 0x01810229, 0x01EE02BB, 0x02570348, 0x02BA03CD, 0x0318044E, 0x037804CE, 0x03DA054E, 0x043305C5, 0x0480062F, 0x04CD0698,
	0x051806FE, 0x055D075A, 0x059E07B2, 0x05D90804, 0x0610084F, 0x06450897, 0x067108D6, 0x06960909, 0x06B60938, 0x06CE095E, 0x06E50982,
	0x06F909A0, 0x070209AF, 0x070509B9, 0x070709C1, 0x070409C1, 0x06FC09BA, 0x06EB09A9, 0x06D40990, 0x06BE0977, 0x06A10954, 0x067B0928,
	0x065508FC, 0x062908C7, 0x05F8088B, 0x05C6084E, 0x058D0807, 0x055207BE, 0x05180776, 0x04D20720, 0x048B06C5, 0x0449066F, 0x04010613,
	0x03B305B2, 0x036B0553, 0x032204F1, 0x02D4048C, 0x02850427, 0x023303BE, 0x01E20354, 0x019602F1, 0x014A028B, 0x00FD0223, 0x00AF01BB,
	0x00600152, 0x001800EF, 0xFFD50093, 0xFF8E0032, 0xFF49FFD5, 0xFF0AFF7E, 0xFECAFF23, 0xFE90FED1, 0xFE5DFE86, 0xFE28FE38, 0xFDF9FDF1,
	0xFDCDFDB1, 0xFDA2FD70, 0xFD82FD3B, 0xFD62FD07, 0xFD41FCD1, 0xFD2FFCAA, 0xFD20FC8A, 0xFD0CFC68, 0xFD02FC51, 0xFCFFFC3F, 0xFCFDFC2E,
	0xFD04FC2B, 0xFD0FFC2C, 0xFD1AFC2C, 0xFD2EFC37, 0xFD49FC4B, 0xFD66FC63, 0xFD85FC7E, 0xFDA8FC9D, 0xFDD3FCC5, 0xFE00FCF2, 0xFE2DFD20,
	0xFE5FFD56, 0xFE97FD92, 0xFED3FDD1, 0xFF12FE16, 0xFF53FE5F, 0xFF95FEAA, 0xFFDAFEF5, 0x0021FF49, 0x006BFFA3, 0x00B8FFFC, 0x01070058,
	0x015600B5, 0x01A20112, 0x01F40174, 0x024901D8, 0x02960238, 0x02E10299, 0x033202FF, 0x03850365, 0x03CC03C3, 0x04130422, 0x0465048A,
	0x04B404EE, 0x04FA054B, 0x054005A9, 0x05850605, 0x05C3065B, 0x05FE06B1, 0x06380706, 0x06700755, 0x06A4079F, 0x06D307E7, 0x06FE082B,
	0x0725086A, 0x074708A4, 0x076808DD, 0x0783090F, 0x07960938, 0x07A80962, 0x07B90989, 0x07BD09A1, 0x07BC09B2, 0x07BC09C6, 0x07B509D1,
	0x07AA09D5, 0x079909D5, 0x077F09CC, 0x076609C1, 0x074909B1, 0x07200994, 0x06F50976, 0x06CA0954, 0x069A092A, 0x066608FD, 0x062908C6,
	0x05E80889, 0x05A50847, 0x055D07FE, 0x051707B7, 0x04CC076A, 0x0475070F, 0x042106B5, 0x03CC0659, 0x037505F6, 0x031D0594, 0x02BB0525,
	0x025704B1, 0x01F60440, 0x018E03C8, 0x01280350, 0x00C302D6, 0x00590254, 0xFFF101D6, 0xFF890154, 0xFF1C00CA, 0xFEB60049, 0xFE4DFFC5,
	0xFDDFFF37, 0xFD76FEAC, 0xFD0FFE25, 0xFCA7FD9D, 0xFC41FD14, 0xFBDDFC89, 0xFB7BFC02, 0xFB17FB7A, 0xFAB2FAEF, 0xFA56FA6A, 0xF9FCF9E8,
	0xF9A0F964, 0xF949F8E5, 0xF8F6F867, 0xF8A1F7EA, 0xF853F775, 0xF80BF703, 0xF7C2F68E, 0xF77AF61E, 0xF738F5B3, 0xF6FAF54D, 0xF6C2F4EC,
	0xF68BF48D, 0xF657F431, 0xF62AF3DC, 0xF601F38D, 0xF5D8F340, 0xF5B2F2F7, 0xF594F2B8, 0xF579F27B, 0xF55DF23E, 0xF54BF20C, 0xF540F1E4,
	0xF533F1BD, 0xF52CF19B, 0xF52DF182, 0xF52CF16C, 0xF52EF15B, 0xF537F14F, 0xF545F14B, 0xF557F14F, 0xF56AF156, 0xF581F163, 0xF59CF175,
	0xF5B7F188, 0xF5DFF1AB, 0xF60AF1D5, 0xF62BF1F6, 0xF655F226, 0xF688F25E, 0xF6B7F292, 0xF6F1F2D5, 0xF72BF31C, 0xF760F35E, 0xF79FF3AF,
	0xF7DEF402, 0xF819F451, 0xF861F4B0, 0xF8AAF510, 0xF8EEF56F, 0xF938F5D8, 0xF986F644, 0xF9D3F6B2, 0xFA22F723, 0xFA72F796, 0xFAC4F80D,
	0xFB17F887, 0xFB6AF903, 0xFBBFF982, 0xFC13F9FF, 0xFC68FA7F, 0xFCBDFB02, 0xFD13FB86, 0xFD68FC09, 0xFDBEFC8C, 0xFE17FD15, 0xFE6FFD9C,
	0xFEC6FE21, 0xFF21FEAB, 0xFF77FF31, 0xFFCBFFB2, 0x00200037, 0x007500BA, 0x00CD013F, 0x012301C1, 0x0172023B, 0x01C402B7, 0x02150332,
	0x025F03A5, 0x02AF041C, 0x02FE048E, 0x034404F9, 0x0392056A, 0x03E205D8, 0x042A063B, 0x047006A0, 0x04B40701, 0x04F5075A, 0x053707B0,
	0x05780804, 0x05B40854, 0x05EF089E, 0x062F08E9, 0x066C0931, 0x069D096C, 0x06CE09A5, 0x070509DE, 0x07380A10, 0x07670A3D, 0x07930A66,
	0x07BC0A8A, 0x07E20AA8, 0x08070AC1, 0x082F0AD9, 0x08520AEE, 0x086E0AFB, 0x088B0B07, 0x08A70B0E, 0x08C00B10, 0x08DA0B11, 0x08EF0B0A,
	0x09010B01, 0x090F0AF5, 0x09180ADF, 0x09250ACB, 0x09300AB6, 0x092E0A92, 0x092E0A72, 0x09320A53, 0x092D0A28, 0x092509FE, 0x091C09D3,
	0x090E09A0, 0x0902096F, 0x08F10939, 0x08DA0900, 0x08C408C7, 0x08AA088A, 0x088C084B, 0x086B0808, 0x084407C1, 0x0820077E, 0x07F80738,
	0x07C606E9, 0x079906A0, 0x076A0656, 0x07330604, 0x06FA05B6, 0x06BD0565, 0x067F0513, 0x064304C6, 0x05FE0470, 0x05B50418, 0x057203CA,
	0x05290375, 0x04DC031E, 0x049102CB, 0x043F0274, 0x03EC021E, 0x039901CB, 0x03410174, 0x02E8011F, 0x029200CE, 0x02360079, 0x01D90022,
	0x0180FFD4, 0x0126FF88, 0x00C7FF35, 0x006AFEE6, 0x0010FE9E, 0xFFB5FE55, 0xFF5AFE0D, 0xFEFFFDC8, 0xFEA4FD85, 0xFE49FD44, 0xFDF1FD04,
	0xFD9FFCCA, 0xFD4BFC91, 0xFCF5FC56, 0xFCA6FC26, 0xFC59FBF7, 0xFC08FBC3, 0xFBC3FB9D, 0xFB81FB79, 0xFB3AFB52, 0xFAFBFB34, 0xFAC1FB18,
	0xFA89FAFF, 0xFA57FAF0, 0xFA24FADF, 0xF9FCFAD5, 0xF9DCFAD3, 0xF9B4FACA, 0xF996FACD, 0xF985FADC, 0xF971FAE3, 0xF962FAF0, 0xF95BFB08,
	0xF956FB21, 0xF958FB3E, 0xF960FB61, 0xF969FB86, 0xF978FBB0, 0xF990FBDF, 0xF9AFFC15, 0xF9CEFC4D, 0xF9F2FC87, 0xFA1DFCC7, 0xFA4AFD07,
	0xFA7EFD4D, 0xFAB8FD9A, 0xFAF1FDE5, 0xFB2FFE34, 0xFB73FE88, 0xFBB9FEDF, 0xFC04FF37, 0xFC50FF8F, 0xFCA1FFEC, 0xFCF3004B, 0xFD4400A5,
	0xFD9B0105, 0xFDF60169, 0xFE4F01C9, 0xFEA80229, 0xFF030289, 0xFF5F02E9, 0xFFBA034A, 0x001503A9, 0x00720408, 0x00CC0462, 0x012104B8,
	0x0177050F, 0x01CD0562, 0x021F05B2, 0x02700601, 0x02BD064A, 0x0305068C, 0x034B06CD, 0x038D0709, 0x03CD0742, 0x04070776, 0x043B07A1,
	0x046A07C5, 0x049407E3, 0x04C00804, 0x04E1081A, 0x04F60821, 0x050F082A, 0x0526082F, 0x05310828, 0x0535081B, 0x05320805, 0x052A07E9,
	0x052007CB, 0x050B07A0, 0x04F20770, 0x04D4073D, 0x04AE06FC, 0x048606B8, 0x045B0671, 0x0425061D, 0x03EA05C3, 0x03AB0562, 0x036704FC,
	0x03220494, 0x02D70425, 0x028203AB, 0x0228032C, 0x01CD02AB, 0x01720227, 0x011701A0, 0x00B80117, 0x00530087, 0xFFEDFFF3, 0xFF88FF5D,
	0xFF1CFEC1, 0xFEB0FE24, 0xFE49FD8B, 0xFDDDFCEC, 0xFD6EFC4B, 0xFD03FBAC, 0xFC9BFB0C, 0xFC34FA6F, 0xFBCAF9CF, 0xFB5FF92E, 0xFAFDF895,
	0xFA9CF7FB, 0xFA3BF763, 0xF9E4F6D5, 0xF98BF645, 0xF934F5B5, 0xF8E6F530, 0xF897F4AA, 0xF84EF42A, 0xF80EF3B4, 0xF7CDF33B, 0xF791F2C8,
	0xF75EF261, 0xF72DF1FD, 0xF706F1A2, 0xF6E7F150, 0xF6C6F101, 0xF6ADF0BA, 0xF69FF07C, 0xF695F043, 0xF68FF015, 0xF68EEFED, 0xF694EFCB,
	0xF6A5EFB5, 0xF6BAEFA7, 0xF6D3EFA0, 0xF6F3EFA1, 0xF718EFAA, 0xF744EFBF, 0xF777EFDB, 0xF7AFEFFC, 0xF7ECF025, 0xF82CF059, 0xF872F092,
	0xF8C0F0D3, 0xF90FF11C, 0xF960F16D, 0xF9BAF1C6, 0xFA17F224, 0xFA74F289, 0xFAD4F2F5, 0xFB39F365, 0xFBA3F3DD, 0xFC0EF45C, 0xFC77F4DD,
	0xFCE5F565, 0xFD56F5F2, 0xFDC8F684, 0xFE38F718, 0xFEA4F7AC, 0xFF13F845, 0xFF84F8E4, 0xFFF3F982, 0x0063FA25, 0x00D3FACD, 0x013EFB72,
	0x01A7FC17, 0x020EFCBB, 0x0273FD61, 0x02D8FE0B, 0x033DFEB5, 0x0399FF5A, 0x03F0FFFD, 0x044A00A3, 0x049F0146, 0x04E901E2, 0x05350280,
	0x0580031F, 0x05C103B3, 0x05FD0447, 0x063904DC, 0x066F0569, 0x06A005F3, 0x06CD067A, 0x06F406FB, 0x07170778, 0x073607F1, 0x074E0865,
	0x076108D2, 0x076F0937, 0x0779099A, 0x078009FB, 0x07840A56, 0x07840AA9, 0x077D0AF8, 0x07700B40, 0x075E0B82, 0x074A0BBF, 0x07360BF8,
	0x071F0C2C, 0x07030C59, 0x06E10C7F, 0x06C10CA5, 0x06A20CC7, 0x06770CD8, 0x064A0CE6, 0x06210CF9, 0x05F20D01, 0x05C20D02, 0x05940D02,
	0x05610CF9, 0x05300CEF, 0x05010CE2, 0x04CE0CCD, 0x049A0CB6, 0x04650C9A, 0x04320C79, 0x04040C5C, 0x03D40C37, 0x03A30C0D, 0x03760BE1,
	0x03450BAE, 0x03190B7E, 0x02EF0B4D, 0x02C20B12, 0x029D0AD9, 0x027D0AA4, 0x02580A67, 0x02370A29, 0x021A09ED, 0x01FE09AC, 0x01E40969,
	0x01CB0923, 0x01B508DF, 0x01A1089C, 0x018E0855, 0x017C080C, 0x016F07C4, 0x01670780, 0x0162073D, 0x015C06F4, 0x015A06AD, 0x01570668,
	0x0152061E, 0x015505D9, 0x015D0596, 0x0161054E, 0x0166050A, 0x016F04C8, 0x01770484, 0x017F043E, 0x018803F8, 0x019503B7, 0x01A4037B,
	0x01AD033A, 0x01B702F9, 0x01C302BB, 0x01CE027B, 0x01D9023E, 0x01E60206, 0x01F301CE, 0x01FE0196, 0x0206015D, 0x020B0123, 0x021300EE,
	0x021700B6, 0x0216007C, 0x021A004C, 0x021A0019, 0x0217FFE5, 0x0217FFB9, 0x0211FF8B, 0x0207FF5C, 0x0201FF33, 0x01F2FF03, 0x01E1FED4,
	0x01D4FEAE, 0x01BCFE81, 0x01A2FE55, 0x018DFE31, 0x0174FE0A, 0x0155FDE4, 0x0135FDBF, 0x0112FD98, 0x00F0FD77, 0x00CAFD58, 0x009FFD35,
	0x0072FD13, 0x0046FCF4, 0x0017FCD6, 0xFFE6FCB8, 0xFFB5FC9C, 0xFF82FC82, 0xFF4AFC65, 0xFF14FC4D, 0xFEDEFC37, 0xFEA1FC1C, 0xFE66FC06,
	0xFE31FBF4, 0xFDF9FBE0, 0xFDBAFBCA, 0xFD79FBB3, 0xFD3FFBA3, 0xFD06FB92, 0xFCC9FB80, 0xFC8FFB75, 0xFC55FB67, 0xFC19FB55, 0xFBE0FB47,
	0xFBA8FB39, 0xFB72FB2F, 0xFB3DFB27, 0xFB07FB1C, 0xFAD7FB15, 0xFAACFB12, 0xFA80FB0C, 0xFA54FB07, 0xFA25FAFD, 0xF9FEFAF6, 0xF9DDFAF6,
	0xF9B6FAED, 0xF994FAE6, 0xF97DFAEA, 0xF963FAE8, 0xF94BFAE6, 0xF93AFAE9, 0xF929FAE8, 0xF91BFAE7, 0xF911FAEA, 0xF90BFAEC, 0xF905FAED,
	0xF902FAEF, 0xF903FAF2, 0xF905FAF1, 0xF90CFAF1, 0xF919FAF8, 0xF925FAFC, 0xF936FAFF, 0xF94CFB04, 0xF963FB07, 0xF97DFB0F, 0xF998FB15,
	0xF9B4FB19, 0xF9D5FB1E, 0xF9F6FB22, 0xFA19FB24, 0xFA41FB2A, 0xFA68FB2D, 0xFA8EFB2F, 0xFABAFB34, 0xFAEAFB39, 0xFB18FB3C, 0xFB45FB41,
	0xFB77FB48, 0xFBADFB50, 0xFBDDFB51, 0xFC0DFB53, 0xFC44FB5C, 0xFC78FB5E, 0xFCA8FB5E, 0xFCDEFB65, 0xFD10FB69, 0xFD40FB6A, 0xFD74FB6F,
	0xFDA5FB71, 0xFDD3FB72, 0xFE04FB77, 0xFE34FB7A, 0xFE62FB7B, 0xFE90FB80, 0xFEBAFB83, 0xFEE2FB85, 0xFF0CFB8A, 0xFF31FB8B, 0xFF52FB8A,
	0xFF76FB8F, 0xFF97FB91, 0xFFB5FB92, 0xFFD4FB98, 0xFFEEFB9C, 0x0007FB9F, 0x0020FBA7, 0x0035FBAC, 0x0049FBB1, 0x005DFBB8, 0x006DFBC1,
	0x007DFBCC, 0x008CFBD7, 0x0097FBDD, 0x00A2FBE8, 0x00AAFBF5, 0x00AFFC00, 0x00B5FC0C, 0x00B9FC1A, 0x00BBFC29, 0x00BCFC39, 0x00BFFC4D,
	0x00C2FC66, 0x00C2FC7E, 0x00C3FC94, 0x00C3FCAB, 0x00C0FCC3, 0x00BFFCE1, 0x00C0FD01, 0x00C0FD20, 0x00C1FD42, 0x00C3FD67, 0x00C4FD90,
	0x00C5FDB9, 0x00C8FDE4, 0x00CEFE12, 0x00D3FE3F, 0x00DCFE74, 0x00E9FEAD, 0x00F3FEE3, 0x0102FF1E, 0x0110FF59, 0x011BFF94, 0x0131FFD8,
	0x0148001B, 0x015D005E, 0x017900AC, 0x019300F5, 0x01AF013E, 0x01D30190, 0x01F601E2, 0x02180232, 0x02420288, 0x026E02DF, 0x029E0339,
	0x02D00398, 0x030203F6, 0x03320452, 0x036804B1, 0x03A10510, 0x03D9056F, 0x041605D4, 0x04540637, 0x04940699, 0x04D506FD, 0x05150761,
	0x055B07C9, 0x05A40831, 0x05E50890, 0x062808F1, 0x066F0953, 0x06B109B1, 0x06FA0A14, 0x07420A75, 0x07840ACC, 0x07C60B22, 0x08060B7A,
	0x08460BCF, 0x08850C1E, 0x08C40C6A, 0x09020CB7, 0x093A0CFF, 0x096E0D40, 0x09A30D7F, 0x09D30DB7, 0x0A000DEE, 0x0A2A0E21, 0x0A4D0E4A,
	0x0A710E71, 0x0A8D0E92, 0x0AA30EAB, 0x0ABB0EC5, 0x0ACD0ED4, 0x0AD40EDB, 0x0ADA0EE1, 0x0ADC0EDE, 0x0AD60ED3, 0x0ACC0EC3, 0x0ABC0EAC,
	0x0AA90E90, 0x0A8C0E6A, 0x0A670E3D, 0x0A410E0D, 0x0A130DD1, 0x09DE0D90, 0x09A60D4B, 0x09670CFE, 0x09240CAA, 0x08D80C4D, 0x08830BE9,
	0x082F0B85, 0x07D60B19, 0x07740AA4, 0x070E0A2B, 0x06A609AB, 0x063B0928, 0x05C9089F, 0x05500811, 0x04D3077C, 0x045006E0, 0x03CB0642,
	0x034405A0, 0x02B504F4, 0x0229044C, 0x01A103AB, 0x011202FF, 0x007C024B, 0xFFE90198, 0xFF5600E6, 0xFEC10034, 0xFE2AFF7D, 0xFD92FEC4,
	0xFCFCFE0D, 0xFC66FD54, 0xFBD0FC9D, 0xFB3FFBEB, 0xFAAEFB37, 0xFA1BFA7F, 0xF98CF9CD, 0xF8FFF91F, 0xF873F86F, 0xF7F1F7C9, 0xF777F72A,
	0xF6F6F686, 0xF678F5E6, 0xF605F551, 0xF592F4BC, 0xF525F429, 0xF4C0F39F, 0xF45CF319, 0xF401F29E, 0xF3AEF229, 0xF35BF1B3, 0xF312F148,
	0xF2CEF0E7, 0xF28CF085, 0xF253F02E, 0xF224EFE0, 0xF1FAEF99, 0xF1D8EF5B, 0xF1BBEF25, 0xF1A5EEF7, 0xF194EECE, 0xF18AEEA9, 0xF18AEE91,
	0xF18DEE81, 0xF196EE76, 0xF1A9EE74, 0xF1C0EE7B, 0xF1DCEE89, 0xF202EEA2, 0xF230EEC2, 0xF261EEE7, 0xF295EF13, 0xF2D3EF4A, 0xF316EF8A,
	0xF359EFCB, 0xF3A3F012, 0xF3F2F061, 0xF446F0B8, 0xF4A1F118, 0xF500F17C, 0xF561F1E3, 0xF5C4F250, 0xF629F2C4, 0xF695F33F, 0xF704F3BC,
	0xF773F43E, 0xF7E3F4C2, 0xF854F549, 0xF8CAF5D6, 0xF942F668, 0xF9B8F6FA, 0xFA31F78F, 0xFAABF827, 0xFB23F8BF, 0xFB9AF959, 0xFC13F9F6,
	0xFC8EFA94, 0xFD04FB2F, 0xFD79FBCC, 0xFDF0FC6C, 0xFE62FD07, 0xFED5FDA3, 0xFF49FE41, 0xFFB6FEDB, 0x0022FF75, 0x008D000C, 0x00F700A1,
	0x015A0133, 0x01B901C0, 0x021C024F, 0x027B02DA, 0x02CE035B, 0x032503E0, 0x037B0461, 0x03C804D8, 0x04150551, 0x045D05C4, 0x04A00630,
	0x04E5069C, 0x05230700, 0x055B075D, 0x059207B8, 0x05C3080C, 0x05F00859, 0x061D08A4, 0x064708EA, 0x06680924, 0x0687095C, 0x06A60993,
	0x06BF09C1, 0x06D609E9, 0x06EC0A0D, 0x06FC0A2A, 0x070B0A45, 0x07150A58, 0x071A0A60, 0x07220A6B, 0x07250A6F, 0x07200A68, 0x071F0A61,
	0x071E0A59, 0x07190A49, 0x07120A34, 0x07060A16, 0x06F709F5, 0x06E909D4, 0x06DC09AF, 0x06CB0983, 0x06B90954, 0x06A50923, 0x068D08EA,
	0x067508AD, 0x06610873, 0x06480834, 0x062F07F1, 0x061607AC, 0x05FB0765, 0x05E4071F, 0x05C906D6, 0x05AC0687, 0x05900639, 0x057405E9,
	0x0558059B, 0x05390549, 0x051A04F4, 0x050404A7, 0x04E90456, 0x04C80401, 0x04AF03B3, 0x04950364, 0x04770310, 0x045C02C0, 0x043E0270,
	0x04220223, 0x040A01DB, 0x03EF0190, 0x03CF0141, 0x03B000F5, 0x039600B1, 0x037D0071, 0x0360002C, 0x0344FFEB, 0x032BFFB0, 0x030CFF72,
	0x02EFFF37, 0x02D5FF02, 0x02B9FECC, 0x029BFE9A, 0x027EFE6D, 0x0266FE46, 0x024DFE1F, 0x022EFDF6, 0x020FFDD2, 0x01F0FDB3, 0x01CFFD93,
	0x01B4FD7B, 0x0197FD66, 0x0173FD4F, 0x0158FD43, 0x013DFD38, 0x0119FD28, 0x00F8FD1F, 0x00DAFD1C, 0x00B8FD19, 0x0098FD1A, 0x0078FD1E,
	0x0057FD24, 0x0036FD2E, 0x0015FD38, 0xFFF2FD43, 0xFFD2FD54, 0xFFB0FD65, 0xFF8BFD75, 0xFF6AFD8C, 0xFF4AFDA6, 0xFF24FDBC, 0xFF02FDD6,
	0xFEE3FDF4, 0xFEBFFE0F, 0xFE9EFE2E, 0xFE7DFE50, 0xFE5AFE6E, 0xFE3AFE91, 0xFE19FEB2, 0xFDFAFED3, 0xFDDFFEF9, 0xFDBFFF1B, 0xFDA0FF3E,
	0xFD85FF62, 0xFD6BFF87, 0xFD54FFB1, 0xFD36FFD4, 0xFD1CFFF5, 0xFD0E001E, 0xFCF6003E, 0xFCE20062, 0xFCD6008C, 0xFCC000A8, 0xFCB100C9,
	0xFCA800EC, 0xFC970103, 0xFC940126, 0xFC90014A, 0xFC830161, 0xFC840180, 0xFC87019D, 0xFC8601B5, 0xFC8B01D0, 0xFC9201E7, 0xFC9C01FE,
	0xFCA50212, 0xFCAE0222, 0xFCC00237, 0xFCD10249, 0xFCDF0255, 0xFCF50265, 0xFD0B0270, 0xFD25027B, 0xFD47028B, 0xFD660295, 0xFD810298,
	0xFDA2029D, 0xFDC702A5, 0xFDEC02A8, 0xFE1502AD, 0xFE3F02B0, 0xFE6502AD, 0xFE8C02AB, 0xFEB802AB, 0xFEE502A9, 0xFF1402A4, 0xFF41029A,
	0xFF700294, 0xFF9F028C, 0xFFC8027F, 0xFFF70274, 0x00280269, 0x0055025A, 0x0083024B, 0x00AE023A, 0x00DA0228, 0x01090218, 0x01340204,
	0x015C01F0, 0x018401DD, 0x01A801C6, 0x01CF01AE, 0x01F50198, 0x0215017E, 0x0231015F, 0x024E0145, 0x026A012B, 0x027E010A, 0x029300EA,
	0x02AB00CE, 0x02B800AC, 0x02C20089, 0x02CD0067, 0x02D0003F, 0x02D3001A, 0x02D4FFF7, 0x02CCFFCB, 0x02C5FFA2, 0x02C0FF7C, 0x02AFFF50,
	0x029BFF23, 0x028AFEFA, 0x0274FECE, 0x0258FE9F, 0x023AFE71, 0x0219FE41, 0x01F6FE13, 0x01CFFDE4, 0x01A4FDB1, 0x017BFD82, 0x014FFD54,
	0x011CFD22, 0x00E9FCF1, 0x00B7FCC2, 0x007EFC8E, 0x0044FC5D, 0x000CFC31, 0xFFCFFC01, 0xFF94FBD4, 0xFF5DFBAC, 0xFF23FB81, 0xFEE2FB51,
	0xFEA4FB26, 0xFE69FB00, 0xFE2BFAD7, 0xFDEFFAB1, 0xFDB4FA8E, 0xFD78FA6C, 0xFD40FA4C, 0xFD0BFA2F, 0xFCD7FA15, 0xFCA4F9FD, 0xFC70F9E4,
	0xFC44F9D2, 0xFC1DF9C6, 0xFBF2F9B6, 0xFBCCF9AA, 0xFBACF9A7, 0xFB8AF9A3, 0xFB6DF99F, 0xFB56F9A1, 0xFB41F9A6, 0xFB2DF9AD, 0xFB1FF9B8,
	0xFB18F9C9, 0xFB13F9DD, 0xFB14F9F6, 0xFB18FA12, 0xFB1DFA2F, 0xFB29FA50, 0xFB3BFA76, 0xFB4EFA9C, 0xFB64FAC7, 0xFB83FAFA, 0xFBA4FB2C,
	0xFBC4FB5E, 0xFBEEFB99, 0xFC1DFBD9, 0xFC47FC13, 0xFC75FC4F, 0xFCAAFC93, 0xFCE0FCD5, 0xFD19FD1B, 0xFD58FD68, 0xFD91FDAF, 0xFDCCFDF6,
	0xFE0FFE40, 0xFE52FE8C, 0xFE98FEDC, 0xFEDFFF2C, 0xFF22FF76, 0xFF66FFC0, 0xFFAC000D, 0xFFEF0057, 0x003600A6, 0x007C00F4, 0x00BA013A,
	0x01000185, 0x014201CA, 0x01770205, 0x01B8024B, 0x01F5028F, 0x022702C6, 0x02600303, 0x02930339, 0x02BB0365, 0x02E80398, 0x030E03C5,
	0x033203EC, 0x03550410, 0x03690428, 0x037E0444, 0x03920460, 0x039E046F, 0x03AB047E, 0x03B00488, 0x03AA0488, 0x03A50488, 0x039B0483,
	0x038D047B, 0x0379046E, 0x035D0456, 0x033F043D, 0x03220426, 0x02FA0404, 0x02CB03DA, 0x02A003B4, 0x0271038C, 0x02370357, 0x01FF0323,
	0x01C502ED, 0x018202B0, 0x01420276, 0x01000238, 0x00B301EF, 0x006901AB, 0x001F0164, 0xFFCD0115, 0xFF7F00CA, 0xFF320082, 0xFEE30036,
	0xFE93FFE7, 0xFE3FFF95, 0xFDECFF46, 0xFD9FFEFA, 0xFD53FEAE, 0xFD06FE61, 0xFCBDFE17, 0xFC76FDCF, 0xFC30FD88, 0xFBEDFD43, 0xFBADFD01,
	0xFB6FFCBF, 0xFB36FC81, 0xFAFFFC46, 0xFACEFC10, 0xFAA5FBE1, 0xFA7FFBB4, 0xFA5BFB89, 0xFA3DFB63, 0xFA21FB40, 0xFA0BFB21, 0xF9FCFB07,
	0xF9F6FAF5, 0xF9F7FAEC, 0xF9F8FAE3, 0xF9FFFADD, 0xFA0EFAE0, 0xFA27FAEC, 0xFA45FAFC, 0xFA63FB0C, 0xFA8EFB27, 0xFAC3FB4D, 0xFAF4FB6E,
	0xFB2CFB96, 0xFB6DFBC7, 0xFBAFFBF8, 0xFBFCFC34, 0xFC51FC78, 0xFCA3FCBB, 0xFCFFFD06, 0xFD61FD56, 0xFDC4FDA8, 0xFE30FE03, 0xFE9EFE61,
	0xFF10FEC1, 0xFF87FF28, 0xFFF9FF8D, 0x0071FFF7, 0x00F20068, 0x017000D7, 0x01ED0147, 0x027501C3, 0x02FC023D, 0x037A02B0, 0x03FC0329,
	0x048403A7, 0x05060422, 0x0586049B, 0x06040513, 0x0682058A, 0x0705060A, 0x077E0682, 0x07EF06F2, 0x0867076A, 0x08DC07E1, 0x09480850,
	0x09B308C0, 0x0A17092A, 0x0A72098B, 0x0ACC09ED, 0x0B220A4C, 0x0B710AA7, 0x0BBA0AFD, 0x0BF90B4A, 0x0C340B94, 0x0C6D0BDD, 0x0C9A0C1D,
	0x0CC20C58, 0x0CE50C8F, 0x0D000CBF, 0x0D120CE7, 0x0D1B0D06, 0x0D210D25, 0x0D210D3E, 0x0D120D48, 0x0CFF0D4E, 0x0CEA0D54, 0x0CC70D4E,
	0x0C9D0D40, 0x0C6F0D2C, 0x0C390D11, 0x0BFE0CF3, 0x0BB90CCA, 0x0B6E0C9B, 0x0B210C6B, 0x0ACB0C30, 0x0A6D0BED, 0x0A0C0BA4, 0x09AA0B5B,
	0x09430B0F, 0x08CF0AB3, 0x085B0A53, 0x07E609F3, 0x07650989, 0x06E5091F, 0x066308AE, 0x05D90831, 0x055407BB, 0x04CA0740, 0x043B06BD,
	0x03B2063D, 0x032405B6, 0x0293052B, 0x020704A1, 0x01760410, 0x00E50380, 0x005502EF, 0xFFC8025C, 0xFF4101CD, 0xFEB70139, 0xFE2B00A2,
	0xFDA5000D, 0xFD1FFF77, 0xFC9EFEE5, 0xFC21FE55, 0xFBA2FDBF, 0xFB2BFD2D, 0xFAB9FC9F, 0xFA46FC0F, 0xF9DBFB84, 0xF978FB01, 0xF912FA7B,
	0xF8AEF9F3, 0xF854F972, 0xF7FFF8F5, 0xF7AAF877, 0xF75CF7FF, 0xF716F78E, 0xF6D3F71E, 0xF696F6B3, 0xF65CF64A, 0xF621F5E2, 0xF5F2F585,
	0xF5CCF52E, 0xF5A0F4D1, 0xF57AF47D, 0xF561F434, 0xF547F3E8, 0xF533F3A2, 0xF525F366, 0xF516F32A, 0xF50DF2F3, 0xF508F2C1, 0xF504F292,
	0xF50CF271, 0xF515F24F, 0xF519F229, 0xF529F213, 0xF53AF200, 0xF547F1EB, 0xF55CF1E0, 0xF577F1DA, 0xF594F1DA, 0xF5B2F1DD, 0xF5CBF1DE,
	0xF5ECF1E8, 0xF616F1FC, 0xF637F20D, 0xF65AF222, 0xF685F241, 0xF6AAF25D, 0xF6CEF27A, 0xF6F9F2A2, 0xF725F2CB, 0xF74EF2F5, 0xF77AF325,
	0xF7A2F354, 0xF7CCF387, 0xF800F3C5, 0xF82EF402, 0xF857F43B, 0xF882F479, 0xF8B0F4BE, 0xF8DDF505, 0xF906F549, 0xF932F591, 0xF963F5E2,
	0xF98BF62E, 0xF9B3F679, 0xF9E3F6CD, 0xFA10F721, 0xFA3AF774, 0xFA65F7C9, 0xFA92F821, 0xFABDF87A, 0xFAE7F8D2, 0xFB19F932, 0xFB48F991,
	0xFB71F9ED, 0xFB9CFA4B, 0xFBC8FAA7, 0xFBF8FB07, 0xFC29FB6B, 0xFC50FBC7, 0xFC7FFC28, 0xFCB4FC8D, 0xFCE0FCEB, 0xFD11FD4D, 0xFD45FDB1,
	0xFD76FE11, 0xFDABFE76, 0xFDDFFED8, 0xFE14FF38, 0xFE4EFF9C, 0xFE84FFFB, 0xFEBD005D, 0xFEFA00BF, 0xFF32011D, 0xFF6E017D, 0xFFAE01DF,
	0xFFEE023C, 0x0030029A, 0x007402FB, 0x00B80358, 0x00FE03B3, 0x0144040C, 0x018B0465, 0x01D104BC, 0x021A0512, 0x0269056A, 0x02B405BE,
	0x02FE060E, 0x034D0661, 0x039D06B2, 0x03EB06FF, 0x0439074A, 0x04880795, 0x04D907DE, 0x05290824, 0x05760864, 0x05C508A7, 0x061908ED,
	0x0668092A, 0x06B60964, 0x0706099F, 0x075109D3, 0x079B0A03, 0x07E70A33, 0x08310A63, 0x087A0A90, 0x08C00AB7, 0x09030ADA, 0x09440AFD,
	0x09830B1E, 0x09C20B3A, 0x09FC0B52, 0x0A330B67, 0x0A6B0B7D, 0x0A9A0B8A, 0x0AC40B91, 0x0AF50B9E, 0x0B1F0BA3, 0x0B3B0B9C, 0x0B580B97,
	0x0B760B93, 0x0B8A0B87, 0x0B970B75, 0x0BA60B64, 0x0BB20B4E, 0x0BB40B30, 0x0BB20B10, 0x0BAC0AEF, 0x0BA20ACB, 0x0B940AA1, 0x0B7F0A73,
	0x0B640A41, 0x0B450A0D, 0x0B2309D6, 0x0AFC099C, 0x0ACD095B, 0x0A9C0919, 0x0A6408D4, 0x0A250889, 0x09E5083E, 0x09A207F1, 0x0957079D,
	0x09080747, 0x08B706F2, 0x0861069B, 0x0807063F, 0x07AB05E2, 0x074B0582, 0x06E50520, 0x067E04BE, 0x0615045B, 0x05A803F5, 0x05390390,
	0x04C70329, 0x045202BE, 0x03DC0254, 0x036501EB, 0x02F00184, 0x027A011D, 0x020200B5, 0x0188004E, 0x010EFFE8, 0x0097FF84, 0x0022FF24,
	0xFFAAFEC2, 0xFF36FE62, 0xFEC4FE04, 0xFE53FDA8, 0xFDE2FD4E, 0xFD72FCF6, 0xFD05FCA1, 0xFC9DFC51, 0xFC3AFC06, 0xFBDCFBBD, 0xFB7BFB73,
	0xFB1DFB2E, 0xFAC6FAEF, 0xFA6FFAB0, 0xFA23FA79, 0xF9DBFA49, 0xF991FA17, 0xF950F9ED, 0xF913F9C7, 0xF8D8F9A1, 0xF8A6F983, 0xF875F965,
	0xF849F94D, 0xF827F941, 0xF807F935, 0xF7ECF92C, 0xF7D6F928, 0xF7C1F925, 0xF7B2F927, 0xF7AAF92E, 0xF7AAF940, 0xF7B0F955, 0xF7B1F964,
	0xF7B9F979, 0xF7CAF999, 0xF7DCF9B9, 0xF7F4F9DC, 0xF810FA02, 0xF82CFA29, 0xF84DFA57, 0xF871FA86, 0xF89AFAB7, 0xF8C6FAEB, 0xF8EFFB1C,
	0xF91DFB53, 0xF950FB8D, 0xF982FBC6, 0xF9BAFC04, 0xF9F3FC40, 0xFA27FC79, 0xFA5BFCB3, 0xFA92FCEF, 0xFACAFD2C, 0xFB05FD69, 0xFB3DFDA4,
	0xFB74FDDC, 0xFBA9FE13, 0xFBDFFE4A, 0xFC1AFE85, 0xFC51FEBD, 0xFC81FEEC, 0xFCB5FF1F, 0xFCE7FF50, 0xFD13FF7A, 0xFD43FFA9, 0xFD70FFD3,
	0xFD97FFF5, 0xFDC4001C, 0xFDE8003D, 0xFE050057, 0xFE290075, 0xFE4A008F, 0xFE6500A1, 0xFE7F00B5, 0xFE9700C5, 0xFEAE00D0, 0xFEC000D7,
	0xFED100DC, 0xFEE300E3, 0xFEF000E3, 0xFEF700DD, 0xFEFE00D7, 0xFF0100CB, 0xFF0700BF, 0xFF0A00B1, 0xFF07009D, 0xFF08008C, 0xFF0A007A,
	0xFF080063, 0xFF030049, 0xFEFB002A, 0xFEF5000E, 0xFEF2FFF4, 0xFEE8FFD2, 0xFEDFFFAF, 0xFED9FF8E, 0xFED1FF6A, 0xFEC9FF47, 0xFEC3FF24,
	0xFEBCFEFD, 0xFEB5FED7, 0xFEB2FEB5, 0xFEB2FE97, 0xFEAFFE74, 0xFEACFE4F, 0xFEADFE2C, 0xFEABFE09, 0xFEABFDE7, 0xFEAFFDC9, 0xFEB7FDAC,
	0xFEC1FD90, 0xFECAFD75, 0xFED4FD5B, 0xFEE0FD43, 0xFEF1FD30, 0xFF08FD20, 0xFF1BFD0F, 0xFF30FD00, 0xFF4AFCF4, 0xFF64FCE8, 0xFF81FCE0,
	0xFFA3FCDE, 0xFFC4FCDB, 0xFFE8FCDC, 0x000EFCE0, 0x0034FCE5, 0x0060FCEF, 0x008BFCF9, 0x00B5FD04, 0x00E6FD17, 0x0118FD2C, 0x0146FD3D,
	0x0178FD53, 0x01ACFD6D, 0x01DEFD86, 0x0214FDA5, 0x024CFDC8, 0x0280FDE8, 0x02B6FE0C, 0x02EFFE32, 0x0325FE58, 0x0359FE7C, 0x038AFEA2,
	0x03BDFECE, 0x03F2FEFD, 0x0424FF29, 0x0455FF55, 0x0486FF83, 0x04B3FFB2, 0x04E2FFE4, 0x050D0013, 0x0534003D, 0x055A006B, 0x057F009D,
	0x05A400CF, 0x05C500FF, 0x05DF012B, 0x05F80159, 0x0611018A, 0x062501B5, 0x063501DC, 0x06440208, 0x06510235, 0x0657025B, 0x065B0280,
	0x065E02A7, 0x065802C8, 0x065202EA, 0x064B030C, 0x063F032B, 0x0631034A, 0x061B0363, 0x06010378, 0x05E90390, 0x05CE03A8, 0x05AD03BA,
	0x058703C8, 0x056103D5, 0x053903E4, 0x050B03ED, 0x04DA03F3, 0x04A703F6, 0x047103F8, 0x043D03FE, 0x040303FC, 0x03C903F7, 0x038F03F3,
	0x034B03E8, 0x030B03E1, 0x02CE03DA, 0x028703C9, 0x024403BA, 0x01FD03A8, 0x01B30390, 0x01700380, 0x01290368, 0x00DF034C, 0x009D0337,
	0x00510318, 0x000702F6, 0xFFC502DA, 0xFF7F02BB, 0xFF39029A, 0xFEF70278, 0xFEB30252, 0xFE70022D, 0xFE300209, 0xFDF301E3, 0xFDB501B8,
	0xFD790191, 0xFD41016A, 0xFD0A013F, 0xFCD90118, 0xFCA900F1, 0xFC7600C5, 0xFC4A009A, 0xFC220073, 0xFBFF004F, 0xFBDB0028, 0xFBB7FFFA,
	0xFB97FFD0, 0xFB78FFA8, 0xFB5FFF81, 0xFB53FF60, 0xFB41FF3B, 0xFB2EFF14, 0xFB26FEF5, 0xFB1FFED3, 0xFB18FEB3, 0xFB16FE97, 0xFB12FE75,
	0xFB14FE55, 0xFB21FE41, 0xFB2DFE2C, 0xFB37FE14, 0xFB47FDFE, 0xFB59FDEA, 0xFB6CFDD8, 0xFB83FDCA, 0xFB9BFDBC, 0xFBB4FDAD, 0xFBD4FDA3,
	0xFBF4FD9D, 0xFC17FD9B, 0xFC3EFD9B, 0xFC60FD95, 0xFC82FD92, 0xFCAAFD96, 0xFCD4FD9D, 0xFD00FDA5, 0xFD2BFDAF, 0xFD59FDBD, 0xFD88FDCC,
	0xFDB6FDDA, 0xFDE4FDED, 0xFE10FE00, 0xFE3DFE13, 0xFE6FFE2C, 0xFE9EFE46, 0xFECBFE61, 0xFEFAFE7D, 0xFF29FE9B, 0xFF58FEBF, 0xFF84FEE2,
	0xFFADFEFF, 0xFFDDFF24, 0x000AFF4C, 0x002EFF6F, 0x0057FF98, 0x0082FFC3, 0x00A4FFE7, 0x00C6000F, 0x00EE003D, 0x01100068, 0x012C008F,
	0x014B00BA, 0x016B00E7, 0x0185010F, 0x019B0136, 0x01B30161, 0x01CB018C, 0x01DE01B3, 0x01F201DB, 0x02010201, 0x020C0224, 0x021E024C,
	0x02290270, 0x02300290, 0x023A02B4, 0x023F02CF, 0x024302EC, 0x024A030E, 0x02470326, 0x0247033D, 0x02490355, 0x02420368, 0x023D037B,
	0x023A038D, 0x0235039B, 0x022C03A8, 0x022203B3, 0x021703B9, 0x020903BA, 0x01FC03BD, 0x01F103C1, 0x01E303C0, 0x01D603BB, 0x01C703B6,
	0x01B803AF, 0x01AB03A7, 0x019C039B, 0x018B038C, 0x017A037C, 0x01680369, 0x01580355, 0x01480340, 0x01360326, 0x01240308, 0x011102E9,
	0x00FF02CA, 0x00EC02AA, 0x00DC0288, 0x00CC0265, 0x00B7023D, 0x00A70218, 0x009901F1, 0x008401C3, 0x0075019B, 0x00660171, 0x00550140,
	0x004C0115, 0x003D00E7, 0x002B00B5, 0x001E0085, 0x000E0051, 0x00030022, 0xFFF7FFF2, 0xFFE2FFB8, 0xFFD4FF84, 0xFFC9FF53, 0xFFBBFF1F,
	0xFFAFFEEC, 0xFFA1FEB6, 0xFF95FE81, 0xFF87FE4C, 0xFF74FE13, 0xFF67FDDF, 0xFF5BFDAD, 0xFF4CFD77, 0xFF3CFD43, 0xFF2BFD0F, 0xFF19FCDA,
	0xFF09FCA5, 0xFEF9FC73, 0xFEEAFC44, 0xFED8FC12, 0xFECAFBE4, 0xFEB9FBB4, 0xFE9EFB7D, 0xFE8BFB4F, 0xFE79FB23, 0xFE62FAF5, 0xFE4DFACA,
	0xFE34FA9D, 0xFE1CFA72, 0xFE04FA49, 0xFDE8FA1D, 0xFDD0F9F8, 0xFDB8F9D3, 0xFD9DF9AC, 0xFD85F98A, 0xFD6AF968, 0xFD4CF948, 0xFD2EF927,
	0xFD0FF905, 0xFCF5F8EB, 0xFCD9F8D1, 0xFCB7F8B3, 0xFC9CF89D, 0xFC81F889, 0xFC5EF870, 0xFC41F85F, 0xFC2AF853, 0xFC0EF843, 0xFBF1F835,
	0xFBD9F82E, 0xFBC1F827, 0xFBA5F81F, 0xFB8DF81D, 0xFB77F81E, 0xFB60F81E, 0xFB4AF81F, 0xFB39F829, 0xFB2CF836, 0xFB1DF842, 0xFB0EF850,
	0xFB06F867, 0xFAFFF87E, 0xFAF4F892, 0xFAF1F8AE, 0xFAF1F8CE, 0xFAF0F8EF, 0xFAF4F916, 0xFAFDF940, 0xFB07F96B, 0xFB15F99B, 0xFB26F9CF,
	0xFB3AFA08, 0xFB52FA42, 0xFB6CFA7D, 0xFB8AFABD, 0xFBA9FB00, 0xFBCBFB45, 0xFBF5FB90, 0xFC21FBDE, 0xFC4FFC2E, 0xFC83FC83, 0xFCB9FCD9,
	0xFCF4FD34, 0xFD33FD94, 0xFD73FDF3, 0xFDB8FE56, 0xFE00FEBB, 0xFE48FF21, 0xFE94FF8A, 0xFEE0FFF2, 0xFF350061, 0xFF9000D7, 0xFFE40147,
	0x003F01B9, 0x009D022D, 0x00F802A1, 0x0159031A, 0x01B9038F, 0x021A0402, 0x02880482, 0x02EE04FC, 0x034B056C, 0x03B405E3, 0x041E065D,
	0x048206D2, 0x04EA0748, 0x055207BD, 0x05B6082C, 0x0618089B, 0x067B0909, 0x06DF0977, 0x074209E0, 0x079F0A46, 0x07FA0AAA, 0x08570B0C,
	0x08AC0B67, 0x08FE0BBE, 0x09510C16, 0x09A20C69, 0x09EE0CB4, 0x0A360CFD, 0x0A780D41, 0x0AB70D7F, 0x0AEF0DB7, 0x0B230DEB, 0x0B550E1D,
	0x0B810E45, 0x0BA70E66, 0x0BCA0E85, 0x0BE60E9D, 0x0BFD0EAF, 0x0C110EBC, 0x0C1B0EC0, 0x0C210EBF, 0x0C240EBB, 0x0C1E0EAD, 0x0C140E9C,
	0x0C050E83, 0x0BEC0E5D, 0x0BD10E38, 0x0BB30E10, 0x0B8A0DDE, 0x0B5D0DA5, 0x0B2B0D66, 0x0AF00D1F, 0x0AB40CD6, 0x0A730C88, 0x0A2C0C32,
	0x09DC0BD5, 0x098A0B75, 0x09370B15, 0x08DC0AAB, 0x087A0A39, 0x081A09CA, 0x07B80957, 0x075008DF, 0x06E10860, 0x067007E1, 0x06000761,
	0x058906DA, 0x05140653, 0x049B05CA, 0x041C053A, 0x03A204AF, 0x0321041C, 0x02980384, 0x021F02FC, 0x01A0026D, 0x011A01D5, 0x009E0147,
	0x001800B1, 0xFF93001D, 0xFF1AFF94, 0xFE98FF01, 0xFE18FE70, 0xFDA1FDEA, 0xFD26FD60, 0xFCADFCD9, 0xFC3CFC57, 0xFBC9FBD4, 0xFB55FB51,
	0xFAE8FAD5, 0xFA7EFA5C, 0xFA13F9E4, 0xF9AEF972, 0xF94FF906, 0xF8F2F89C, 0xF89AF836, 0xF843F7D2, 0xF7F1F775, 0xF7A6F720, 0xF759F6CB,
	0xF715F67D, 0xF6D5F631, 0xF696F5E7, 0xF661F5AA, 0xF629F56B, 0xF5F5F530, 0xF5D2F505, 0xF5A9F4D7, 0xF582F4A9, 0xF566F485, 0xF54EF465,
	0xF53DF451, 0xF529F43B, 0xF514F422, 0xF50FF419, 0xF509F412, 0xF504F40A, 0xF508F40A, 0xF50BF40C, 0xF513F415, 0xF51EF421, 0xF529F42D,
	0xF53EF443, 0xF552F459, 0xF564F46D, 0xF581F48A, 0xF59DF4A7, 0xF5B9F4C6, 0xF5D6F4E8, 0xF5F5F50D, 0xF61DF539, 0xF641F562, 0xF662F588,
	0xF68BF5B6, 0xF6B2F5E3, 0xF6D8F60F, 0xF708F644, 0xF733F675, 0xF759F6A3, 0xF789F6D9, 0xF7B8F70F, 0xF7E4F742, 0xF812F777, 0xF841F7AD,
	0xF870F7E4, 0xF89BF818, 0xF8C4F84A, 0xF8F1F87E, 0xF91AF8AF, 0xF948F8E4, 0xF979F91C, 0xF9A0F94B, 0xF9CAF97B, 0xF9F8F9AE, 0xFA1EF9DB,
	0xFA4BFA0F, 0xFA78FA41, 0xFA9BFA68, 0xFAC7FA98, 0xFAF5FACB, 0xFB1AFAF5, 0xFB45FB23, 0xFB70FB52, 0xFB93FB78, 0xFBBEFBA3, 0xFBEAFBCD,
	0xFC12FBF5, 0xFC40FC22, 0xFC67FC47, 0xFC8AFC68, 0xFCBAFC96, 0xFCE5FCBF, 0xFD0CFCE1, 0xFD3EFD0D, 0xFD6EFD38, 0xFD9CFD5E, 0xFDCFFD88,
	0xFDFCFDAC, 0xFE2CFDD4, 0xFE62FDFE, 0xFE93FE22, 0xFEC9FE4C, 0xFF03FE7B, 0xFF3BFEA6, 0xFF78FED4, 0xFFB1FEFE, 0xFFECFF29, 0x002BFF56,
	0x0069FF82, 0x00ACFFB3, 0x00F0FFE5, 0x01340016, 0x017B0049, 0x01BF007A, 0x020800B1, 0x025700EA, 0x029F011B, 0x02EA0150, 0x03370188,
	0x038301BE, 0x03D801FD, 0x042C023A, 0x047B0274, 0x04CD02B1, 0x052002EF, 0x0574032F, 0x05C8036E, 0x061703AA, 0x066903E7, 0x06BD0428,
	0x0712046A, 0x076304AA, 0x07B204E9, 0x0803052B, 0x0854056D, 0x08A205AE, 0x08EE05EE, 0x0937062D, 0x09830670, 0x09CC06AF, 0x0A1206ED,
	0x0A55072B, 0x0A930766, 0x0AD307A3, 0x0B1107DF, 0x0B470816, 0x0B7C0850, 0x0BAF0888, 0x0BDD08BB, 0x0C0708EC, 0x0C2C091C, 0x0C51094F,
	0x0C70097D, 0x0C8809A4, 0x0CA209CF, 0x0CB509F6, 0x0CC20A19, 0x0CCF0A3D, 0x0CD40A5B, 0x0CD10A75, 0x0CCE0A8F, 0x0CC60AA6, 0x0CB70AB8,
	0x0CA40AC7, 0x0C8B0AD1, 0x0C700ADB, 0x0C540AE5, 0x0C2F0AEA, 0x0C040AE8, 0x0BD60AE5, 0x0BA10ADD, 0x0B670AD1, 0x0B2C0AC5, 0x0AED0AB4,
	0x0AAB0AA1, 0x0A620A89, 0x0A160A6E, 0x09CA0A53, 0x09760A32, 0x09200A0F, 0x08C909E9, 0x086609B9, 0x0809098E, 0x07AC0964, 0x0743092E,
	0x06DB08F9, 0x066F08BE, 0x05FD087E, 0x05930843, 0x05230802, 0x04AF07BE, 0x0440077B, 0x03CA0731, 0x035506E6, 0x02E4069E, 0x026F0651,
	0x01F90602, 0x018505B3, 0x01110562, 0x009D050D, 0x002804B6, 0xFFB70462, 0xFF46040B, 0xFED603B3, 0xFE630358, 0xFDF402FE, 0xFD8E02AB,
	0xFD260253, 0xFCBB01F5, 0xFC56019C, 0xFBF30140, 0xFB9500E7, 0xFB3D0093, 0xFADF0039, 0xFA87FFE1, 0xFA35FF8B, 0xF9E6FF36, 0xF99AFEE3,
	0xF94FFE8F, 0xF908FE3B, 0xF8C6FDEA, 0xF886FD98, 0xF84DFD4B, 0xF814FCFE, 0xF7DCFCB1, 0xF7ADFC6B, 0xF77EFC22, 0xF753FBDB, 0xF730FB9B,
	0xF70DFB5A, 0xF6ECFB18, 0xF6D3FADC, 0xF6BCFAA3, 0xF6A5FA69, 0xF692FA32, 0xF685F9FE, 0xF676F9C8, 0xF66BF998, 0xF667F96D, 0xF663F93F,
	0xF663F916, 0xF667F8F3, 0xF668F8CC, 0xF66FF8A9, 0xF67CF889, 0xF687F86B, 0xF694F851, 0xF6A1F836, 0xF6B1F81C, 0xF6C7F808, 0xF6DBF7F4,
	0xF6F1F7E2, 0xF70BF7D6, 0xF720F7C8, 0xF738F7BB, 0xF755F7B4, 0xF770F7AD, 0xF78AF7A6, 0xF7A8F7A3, 0xF7C8F7A2, 0xF7E6F7A1, 0xF800F79E,
	0xF820F7A2, 0xF843F7A9, 0xF85FF7AB, 0xF87BF7AF, 0xF89EF7BA, 0xF8BFF7C3, 0xF8DEF7CC, 0xF900F7DB, 0xF923F7EB, 0xF946F7FB, 0xF969F80E,
	0xF98BF820, 0xF9A9F82E, 0xF9CAF842, 0xF9F3F85F, 0xFA16F879, 0xFA38F88F, 0xFA60F8AA, 0xFA83F8C2, 0xFAA7F8DE, 0xFACEF8FD, 0xFAF4F91C,
	0xFB1DF93D, 0xFB43F95C, 0xFB6DF97F, 0xFB9DF9A8, 0xFBC4F9CB, 0xFBF0F9F3, 0xFC21FA1D, 0xFC4AFA40, 0xFC7CFA6D, 0xFCB5FAA2, 0xFCE7FACF,
	0xFD1CFAFD, 0xFD53FB2E, 0xFD8CFB64, 0xFDCAFB9C, 0xFE05FBD0, 0xFE41FC05, 0xFE7CFC3A, 0xFEBBFC74, 0xFF01FCB3, 0xFF41FCEC, 0xFF84FD28,
	0xFFCEFD6A, 0x0010FDA5, 0x005AFDE6, 0x00A8FE2B, 0x00EDFE69, 0x013AFEAD, 0x018EFEF8, 0x01DBFF3B, 0x022AFF80, 0x027FFFC9, 0x02D00011,
	0x031E0056, 0x036E009C, 0x03BC00DF, 0x040F0127, 0x04630172, 0x04AF01B5, 0x04FC01F8, 0x05510241, 0x059E0284, 0x05E702C5, 0x062E0303,
	0x06780342, 0x06C50385, 0x070703C2, 0x074703FC, 0x07890437, 0x07C8046F, 0x080504A8, 0x083A04DA, 0x086A0507, 0x089F0538, 0x08CC0563,
	0x08F4058B, 0x091C05B2, 0x093D05D4, 0x095B05F4, 0x0972060E, 0x09840624, 0x0998063E, 0x09A30650, 0x09A7065B, 0x09A80666, 0x09A3066D,
	0x099F0674, 0x09950675, 0x0983066E, 0x096F0668, 0x0951065C, 0x0931064C, 0x0911063F, 0x08E70628, 0x08B5060C, 0x088605F1, 0x084F05D0,
	0x081505AC, 0x07DA0588, 0x0797055E, 0x074F0532, 0x07040502, 0x06B704CF, 0x066A049C, 0x06150463, 0x05BB0427, 0x056703F0, 0x050E03B5,
	0x04B10375, 0x04540337, 0x03F102F3, 0x039002B1, 0x03340274, 0x02CE022E, 0x026901E9, 0x020701A7, 0x01A20160, 0x01450120, 0x00E500E0,
	0x007F009A, 0x0023005A, 0xFFC6001A, 0xFF67FFDA, 0xFF0CFF9C, 0xFEB1FF5E, 0xFE5CFF26, 0xFE07FEED, 0xFDAFFEB0, 0xFD64FE7E, 0xFD1AFE4C,
	0xFCCBFE16, 0xFC84FDE7, 0xFC44FDBE, 0xFC07FD98, 0xFBCAFD71, 0xFB93FD4E, 0xFB62FD2F, 0xFB2EFD0F, 0xFB03FCF7, 0xFADEFCE2, 0xFAB5FCC9,
	0xFA96FCB9, 0xFA7EFCB0, 0xFA65FCA5, 0xFA52FC9E, 0xFA42FC9B, 0xFA34FC97, 0xFA2DFC9A, 0xFA27FC9C, 0xFA25FCA3, 0xFA2FFCB4, 0xFA36FCC2,
	0xFA3CFCCE, 0xFA4DFCE5, 0xFA61FCFF, 0xFA73FD17, 0xFA8CFD32, 0xFAA2FD4C, 0xFAB7FD65, 0xFAD7FD86, 0xFAF8FDA8, 0xFB1AFDCC, 0xFB42FDF6,
	0xFB66FE1C, 0xFB8DFE44, 0xFBBCFE72, 0xFBE8FE9E, 0xFC12FEC9, 0xFC40FEF7, 0xFC6EFF24, 0xFC9CFF51, 0xFCCAFF80, 0xFCF6FFAD, 0xFD25FFDA,
	0xFD58000B, 0xFD89003A, 0xFDB80068, 0xFDE80096, 0xFE1500C3, 0xFE4200F0, 0xFE740121, 0xFEA2014F, 0xFECB0177, 0xFEFA01A5, 0xFF2901D2,
	0xFF5001F8, 0xFF76021F, 0xFF9E0247, 0xFFC4026C, 0xFFE90290, 0x000B02B1, 0x002C02D3, 0x005102F7, 0x00700316, 0x008C0331, 0x00AB034F,
	0x00C60367, 0x00E10381, 0x00FE039E, 0x011203B2, 0x012903C6, 0x014303DC, 0x015503EB, 0x016903FE, 0x017D040F, 0x018B041C, 0x019D0429,
	0x01A90432, 0x01B7043A, 0x01CA0448, 0x01D6044E, 0x01E10451, 0x01EF0458, 0x01F8045B, 0x01FF045B, 0x0208045A, 0x0214045B, 0x021D045B,
	0x02240458, 0x022D0455, 0x0235044F, 0x023C0448, 0x0240043E, 0x02460434, 0x0251042D, 0x02550420, 0x02570411, 0x02610409, 0x026603FA,
	0x026903E9, 0x026F03DA, 0x027203C7, 0x027A03B7, 0x027F03A5, 0x0280038D, 0x02860378, 0x02890360, 0x028D034B, 0x02930336, 0x02920318,
	0x029602FE, 0x029B02E7, 0x029802C7, 0x029802A8, 0x029B028D, 0x029D0270, 0x029A024E, 0x0298022D, 0x029A020F, 0x029501EB, 0x028E01C5,
	0x028E01A4, 0x0288017E, 0x027F0154, 0x0277012B, 0x026F0104, 0x026800DF, 0x025900B2, 0x024A0084, 0x0240005C, 0x02310030, 0x02210004,
	0x0213FFD9, 0x0202FFAC, 0x01ECFF7B, 0x01D3FF48, 0x01BDFF19, 0x01A6FEEA, 0x0188FEB4, 0x0170FE84, 0x0156FE56, 0x0132FE1E, 0x0112FDEB,
	0x00F6FDBB, 0x00D1FD85, 0x00ABFD4F, 0x008AFD20, 0x0063FCEF, 0x0038FCB8, 0x0011FC86, 0xFFE6FC51, 0xFFB8FC1D, 0xFF90FBEF, 0xFF62FBBB,
	0xFF2FFB85, 0xFF00FB55, 0xFECDFB23, 0xFE9DFAF2, 0xFE6DFAC2, 0xFE37FA8E, 0xFE05FA60, 0xFDD8FA38, 0xFDA6FA0D, 0xFD71F9E1, 0xFD3CF9B6,
	0xFD0AF98D, 0xFCD8F966, 0xFCA5F93E, 0xFC73F918, 0xFC42F8F6, 0xFC14F8D8, 0xFBE5F8B8, 0xFBB4F896, 0xFB84F878, 0xFB51F859, 0xFB27F841,
	0xFB04F830, 0xFAD9F819, 0xFAAFF805, 0xFA8AF7F4, 0xFA66F7E4, 0xFA45F7DA, 0xFA23F7CF, 0xFA04F7C6, 0xF9ECF7C4, 0xF9CFF7BE, 0xF9B5F7BC,
	0xF9A7F7C3, 0xF996F7C9, 0xF982F7CD, 0xF975F7D8, 0xF96CF7E5, 0xF960F7EF, 0xF95CF802, 0xF95BF818, 0xF95AF82D, 0xF95FF848, 0xF963F863,
	0xF967F87F, 0xF975F8A2, 0xF984F8C6, 0xF995F8EB, 0xF9A6F911, 0xF9BAF93A, 0xF9D7F96A, 0xF9F0F996, 0xFA0DF9C6, 0xFA30F9FD, 0xFA52FA32,
	0xFA7AFA6B, 0xFAA6FAA7, 0xFAD0FAE2, 0xFAFFFB21, 0xFB2EFB5F, 0xFB5FFBA0, 0xFB95FBE5, 0xFBC9FC27, 0xFC03FC6F, 0xFC40FCBB, 0xFC79FD02,
	0xFCB5FD4B, 0xFCF8FD99, 0xFD3BFDE8, 0xFD7EFE36, 0xFDC0FE83, 0xFE04FED3, 0xFE4DFF27, 0xFE90FF75, 0xFED5FFC2, 0xFF26001A, 0xFF71006D,
	0xFFB700BD, 0x00050114, 0x004F0166, 0x009801B5, 0x00E7020C, 0x0131025D, 0x017E02AF, 0x01CE0304, 0x02160350, 0x025F039E, 0x02AD03F0,
	0x02F5043D, 0x033F048B, 0x038A04DA, 0x03D20524, 0x0419056C, 0x046105B7, 0x04A505FF, 0x04EB0645, 0x0532068B, 0x057106CB, 0x05AF070B,
	0x05F1074E, 0x062B0788, 0x066507C0, 0x06A507FD, 0x06DE0834, 0x07130867, 0x0748089C, 0x077708C9, 0x07A908F8, 0x07DC0928, 0x0803094C,
	0x082F0972, 0x085A099B, 0x087809B8, 0x089909D4, 0x08C109F4, 0x08E20A10, 0x08FB0A26, 0x09100A38, 0x092A0A4C, 0x093D0A5B, 0x094B0A63,
	0x095B0A6E, 0x09660A74, 0x096C0A76, 0x09750A79, 0x09770A76, 0x09750A6F, 0x09730A68, 0x09700A5F, 0x09690A52, 0x095E0A43, 0x094F0A31,
	0x093D0A1A, 0x092B0A01, 0x091509E8, 0x08FA09CB, 0x08E109AF, 0x08C4098D, 0x089F0965, 0x087D0940, 0x08590919, 0x082F08ED, 0x080308BF,
	0x07D50890, 0x07A7085F, 0x07710826, 0x073807EC, 0x070207B6, 0x06C8077B, 0x068E0741, 0x06530706, 0x060F06C4, 0x05CD0682, 0x058C0641,
	0x054505FC, 0x04FE05B7, 0x04B60571, 0x046B0528, 0x042104DF, 0x03D60497, 0x0388044E, 0x03370400, 0x02E803B2, 0x02980365, 0x02450318,
	0x01F302CA, 0x01A2027B, 0x014D022A, 0x00FA01DC, 0x00AA0191, 0x00580141, 0x000100ED, 0xFFAB009A, 0xFF57004B, 0xFF04FFFD, 0xFEB3FFAF,
	0xFE63FF62, 0xFE11FF13, 0xFDBDFEC2, 0xFD6DFE75, 0xFD1DFE28, 0xFCCEFDDC, 0xFC83FD93, 0xFC34FD46, 0xFBE7FCFA, 0xFBA0FCB4, 0xFB56FC6C,
	0xFB0CFC23, 0xFAC5FBDB, 0xFA80FB94, 0xFA3EFB51, 0xF9FCFB0E, 0xF9BBFACD, 0xF979FA88, 0xF939FA44, 0xF900FA07, 0xF8C9F9CC, 0xF891F991,
	0xF858F953, 0xF820F916, 0xF7EFF8DF, 0xF7C1F8AA, 0xF791F875, 0xF75FF83C, 0xF731F805, 0xF70CF7D6, 0xF6E4F7A8, 0xF6BCF779, 0xF69BF74D,
	0xF67DF721, 0xF65CF6F4, 0xF639F6C7, 0xF61EF6A0, 0xF606F67C, 0xF5EEF657, 0xF5DCF637, 0xF5C8F616, 0xF5B7F5F6, 0xF5AAF5DB, 0xF59BF5BE,
	0xF591F5A5, 0xF588F58C, 0xF57FF574, 0xF57AF55E, 0xF573F547, 0xF577F53A, 0xF57DF531, 0xF57AF51D, 0xF581F511, 0xF58AF509, 0xF591F501,
	0xF5A3F502, 0xF5B3F500, 0xF5C2F4FD, 0xF5D6F501, 0xF5EDF507, 0xF608F511, 0xF623F51C, 0xF63EF527, 0xF65FF539, 0xF683F54C, 0xF6A3F55C,
	0xF6C6F571, 0xF6F1F58F, 0xF71BF5AA, 0xF74CF5CA, 0xF781F5F0, 0xF7AEF612, 0xF7E1F63A, 0xF81BF668, 0xF854F694, 0xF892F6C8, 0xF8D2F6FD,
	0xF914F736, 0xF959F76F, 0xF99AF7A8, 0xF9E7F7ED, 0xFA34F832, 0xFA7AF86F, 0xFACCF8BC, 0xFB1DF909, 0xFB6CF954, 0xFBCAF9AC, 0xFC23FA02,
	0xFC74FA52, 0xFCCCFAA8, 0xFD2BFB04, 0xFD8AFB63, 0xFDE5FBC0, 0xFE49FC25, 0xFEB1FC8E, 0xFF15FCF4, 0xFF78FD5B, 0xFFDCFDC3, 0x0042FE2E,
	0x00A9FE9A, 0x010EFF06, 0x0176FF74, 0x01DFFFE4, 0x02480054, 0x02B200C6, 0x031C013A, 0x038601AE, 0x03ED021E, 0x0452028D, 0x04BC0302,
	0x05220375, 0x058403E4, 0x05EC0458, 0x065204C9, 0x06B20535, 0x071105A0, 0x076C060A, 0x07C70673, 0x082206DC, 0x0878073E, 0x08CF07A4,
	0x0924080A, 0x09740869, 0x09C408C6, 0x0A0C091E, 0x0A510973, 0x0A9709C7, 0x0AD70A16, 0x0B130A61, 0x0B4C0AA9, 0x0B840AF0, 0x0BB80B33,
	0x0BE10B6C, 0x0C0C0BA5, 0x0C340BDC, 0x0C510C08, 0x0C700C36, 0x0C8F0C63, 0x0CA30C86, 0x0CB30CA4, 0x0CC10CC1, 0x0CCE0CDA, 0x0CD00CEB,
	0x0CCB0CF5, 0x0CC50CFD, 0x0CBD0D00, 0x0CAF0CFF, 0x0C9D0CF9, 0x0C8A0CF2, 0x0C720CE5, 0x0C500CCE, 0x0C2B0CB7, 0x0C080C9E, 0x0BDD0C7D,
	0x0BAD0C56, 0x0B7C0C30, 0x0B470C05, 0x0B0A0BD1, 0x0AD10BA1, 0x0A920B6B, 0x0A490B2B, 0x0A040AEE, 0x09BA0AAD, 0x09680A63, 0x091E0A1F,
	0x08D009D6, 0x08780984, 0x08220934, 0x07CB08E3, 0x076F088C, 0x07100831, 0x06B307DA, 0x06540781, 0x05EF0720, 0x058E06C0, 0x052C0661,
	0x04C70600, 0x0463059E, 0x03FF053A, 0x039904D6, 0x03310471, 0x02CC040C, 0x026B03AA, 0x02050343, 0x01A002DE, 0x013B027B, 0x00D70216,
	0x007601B4, 0x00170153, 0xFFBA00F4, 0xFF5B0093, 0xFEFD0034, 0xFEA6FFDC, 0xFE4DFF81, 0xFDF3FF25, 0xFD9DFECD, 0xFD4BFE79, 0xFCFAFE26,
	0xFCA8FDD0, 0xFC5FFD83, 0xFC18FD38, 0xFBCCFCEB, 0xFB87FCA5, 0xFB44FC5C, 0xFB05FC17, 0xFACBFBD9, 0xFA8AFB98, 0xFA51FB5C, 0xFA1DFB26,
	0xF9EAFAF1, 0xF9C0FAC3, 0xF98FFA8F, 0xF961FA5E, 0xF93CFA36, 0xF916FA0D, 0xF8F2F9E8, 0xF8D1F9C8, 0xF8B6F9AC, 0xF89EF991, 0xF882F974,
	0xF86CF95D, 0xF858F947, 0xF843F932, 0xF835F925, 0xF826F918, 0xF81BF90D, 0xF81BF90C, 0xF816F909, 0xF80CF902, 0xF808F901, 0xF80AF903,
	0xF808F903, 0xF80EF90C, 0xF816F916, 0xF818F918, 0xF821F924, 0xF82CF933, 0xF834F93D, 0xF842F94D, 0xF84EF95C, 0xF85AF96E, 0xF86DF982,
	0xF87BF993, 0xF88BF9A6, 0xF89EF9BF, 0xF8B4F9D7, 0xF8C9F9EB, 0xF8DBF9FF, 0xF8EFFA16, 0xF903FA2C, 0xF91DFA47, 0xF936FA60, 0xF94CFA75,
	0xF968FA91, 0xF982FAAC, 0xF999FAC2, 0xF9B7FADE, 0xF9D3FAF6, 0xF9F1FB0F, 0xFA0EFB29, 0xFA29FB41, 0xFA4AFB5D, 0xFA6AFB75, 0xFA89FB8E,
	0xFAADFBAB, 0xFAD2FBC7, 0xFAFAFBE3, 0xFB1AFBFA, 0xFB3BFC11, 0xFB64FC2E, 0xFB89FC46, 0xFBAFFC5E, 0xFBD9FC79, 0xFC05FC95, 0xFC31FCB1,
	0xFC58FCC7, 0xFC84FCE0, 0xFCB3FCFA, 0xFCE0FD14, 0xFD13FD33, 0xFD44FD4E, 0xFD73FD68, 0xFDA7FD84, 0xFDD8FD9D, 0xFE0DFDB9, 0xFE43FDD7,
	0xFE77FDF3, 0xFEB1FE13, 0xFEEAFE32, 0xFF22FE4F, 0xFF5FFE6F, 0xFF98FE8C, 0xFFD1FEAA, 0x000DFECB, 0x0048FEEB, 0x0083FF09, 0x00C2FF2D,
	0x0105FF55, 0x0141FF76, 0x0179FF93, 0x01B8FFB9, 0x01F7FFDE, 0x0230FFFC, 0x026F001F, 0x02AA0041, 0x02E00060, 0x031D0085, 0x035900A8,
	0x039300CB, 0x03C900EE, 0x03FB010B, 0x0431012E, 0x04650150, 0x0495016F, 0x04C7018E, 0x04F101A9, 0x051801C4, 0x054101E2, 0x056701FC,
	0x058A0217, 0x05AC022F, 0x05CE0248, 0x05EB025F, 0x06040274, 0x061B0288, 0x062B0298, 0x063802A8, 0x064802BA, 0x065302C7, 0x065B02D2,
	0x065F02DB, 0x065E02E4, 0x065D02EC, 0x065602EE, 0x064C02F1, 0x063E02F1, 0x062C02EE, 0x061A02EE, 0x060302E8, 0x05EC02E3, 0x05D102D9,
	0x05AD02CD, 0x059102CA, 0x056D02BD, 0x054202A7, 0x051F029B, 0x04F1028A, 0x04BC0273, 0x048C025F, 0x045D024A, 0x042C0236, 0x03F3021C,
	0x03BB0202, 0x038501EC, 0x034801D0, 0x030D01B6, 0x02D6019D, 0x029A0181, 0x025B0164, 0x021E0148, 0x01E4012C, 0x01A80111, 0x016A00F7,
	0x012E00DE, 0x00F400C4, 0x00BA00A8, 0x007D008B, 0x00450077, 0x000D005D, 0xFFD50042, 0xFFA60033, 0xFF70001F, 0xFF3C0007, 0xFF10FFF5,
	0xFEE2FFE4, 0xFEB6FFD8, 0xFE8DFFCA, 0xFE68FFBC, 0xFE43FFB0, 0xFE1DFFA3, 0xFDFFFF9E, 0xFDE1FF99, 0xFDC3FF94, 0xFDADFF93, 0xFD93FF8C,
	0xFD82FF8D, 0xFD75FF95, 0xFD62FF96, 0xFD55FF9C, 0xFD4AFFA1, 0xFD41FFA7, 0xFD3FFFB3, 0xFD3AFFBD, 0xFD39FFCC, 0xFD3EFFDD, 0xFD3EFFE8,
	0xFD40FFF4, 0xFD460003, 0xFD510018, 0xFD580027, 0xFD5F0036, 0xFD6F004E, 0xFD7B0060, 0xFD880073, 0xFD9A008A, 0xFDA8009D, 0xFDBB00B4,
	0xFDCC00C9, 0xFDDB00DB, 0xFDEE00F0, 0xFE010103, 0xFE170119, 0xFE27012B, 0xFE350139, 0xFE4B014E, 0xFE600162, 0xFE730172, 0xFE840180,
	0xFE95018D, 0xFEA7019D, 0xFEB201A7, 0xFEC101B2, 0xFED501C2, 0xFEE301CC, 0xFEEF01D4, 0xFEFD01DC, 0xFF0B01E3, 0xFF1401E6, 0xFF1D01E8,
	0xFF2701EB, 0xFF3101ED, 0xFF3B01F1, 0xFF4101F1, 0xFF4501ED, 0xFF5101EF, 0xFF5801EC, 0xFF5C01E6, 0xFF6401E3, 0xFF6601DB, 0xFF6701D2,
	0xFF6D01CB, 0xFF7201C5, 0xFF7701BD, 0xFF7B01B4, 0xFF8001AC, 0xFF8501A4, 0xFF88019B, 0xFF8E0192, 0xFF96018A, 0xFF9C017F, 0xFFA20175,
	0xFFAB016E, 0xFFB60168, 0xFFBF015E, 0xFFCA0157, 0xFFD80154, 0xFFE7014E, 0xFFF60149, 0x00040145, 0x00160143, 0x0029013F, 0x003D013D,
	0x00540140, 0x0068013F, 0x00800140, 0x009F0147, 0x00B80149, 0x00CF0149, 0x00ED014E, 0x010F0158, 0x012F0160, 0x014F0168, 0x01730172,
	0x0193017A, 0x01B70187, 0x01E1019A, 0x020701A5, 0x022801AE, 0x024F01BE, 0x027901D1, 0x02A001DF, 0x02C501EC, 0x02ED01FE, 0x03170212,
	0x033F0223, 0x03650232, 0x038D0244, 0x03B20255, 0x03D1025F, 0x03F5026E, 0x041B0281, 0x0437028B, 0x04560299, 0x047702A8, 0x049102B1,
	0x04AC02BC, 0x04C602C9, 0x04D802CE, 0x04E702CF, 0x04FA02D6, 0x050C02DC, 0x051302D9, 0x051C02D8, 0x052202D8, 0x052502D3, 0x052702CD,
	0x052002BF, 0x051302AF, 0x050D02A6, 0x05030299, 0x04EF0283, 0x04D60269, 0x04BD0252, 0x04A00236, 0x047D0216, 0x045F01FA, 0x043A01DA,
	0x040D01B2, 0x03E0018B, 0x03B00162, 0x037B0135, 0x03430104, 0x030A00D5, 0x02CB00A1, 0x02890068, 0x024A0034, 0x0204FFFA, 0x01BDFFBE,
	0x0177FF86, 0x0127FF44, 0x00DCFF05, 0x008FFEC3, 0x003AFE7D, 0xFFE8FE3C, 0xFF90FDF2, 0xFF3CFDAA, 0xFEEAFD66, 0xFE8FFD1A, 0xFE3CFCD6,
	0xFDE7FC8E, 0xFD8AFC40, 0xFD33FBF6, 0xFCDBFBAC, 0xFC89FB67, 0xFC35FB20, 0xFBDAFAD2, 0xFB8BFA8F, 0xFB3AFA4A, 0xFAEAFA04, 0xFA9FF9C4,
	0xFA50F97F, 0xFA07F93E, 0xF9C1F900, 0xF97AF8C0, 0xF936F884, 0xF8F7F84D, 0xF8BFF81A, 0xF885F7E6, 0xF850F7B6, 0xF821F78B, 0xF7F0F75C,
	0xF7C6F734, 0xF7A3F715, 0xF77FF6F3, 0xF75EF6D2, 0xF743F6B5, 0xF72DF6A0, 0xF718F689, 0xF70AF676, 0xF704F66D, 0xF6FAF660, 0xF6F5F658,
	0xF6FBF65A, 0xF701F65C, 0xF707F65F, 0xF712F665, 0xF726F672, 0xF73EF685, 0xF757F69A, 0xF777F6B2, 0xF797F6CC, 0xF7BBF6EB, 0xF7E6F712,
	0xF811F735, 0xF83DF75A, 0xF86FF787, 0xF8A5F7B7, 0xF8DCF7EA, 0xF916F820, 0xF954F859, 0xF990F890, 0xF9D1F8CE, 0xFA1AF914, 0xFA5FF957,
	0xFAA4F999, 0xFAEBF9E1, 0xFB38FA2F, 0xFB89FA7E, 0xFBD4FACA, 0xFC21FB1B, 0xFC70FB6E, 0xFCBEFBBF, 0xFD0FFC14, 0xFD5DFC69, 0xFDADFCC2,
	0xFDFEFD1A, 0xFE4AFD6F, 0xFE9EFDCC, 0xFEEFFE29, 0xFF3AFE7F, 0xFF89FED9, 0xFFDAFF38, 0x0029FF96, 0x0072FFF0, 0x00BE004B, 0x010C00A9,
	0x014E00FD, 0x01970157, 0x01E501B7, 0x0226020B, 0x026A0263, 0x02B002BC, 0x02EF0311, 0x032F0367, 0x036D03BB, 0x03AB040F, 0x03E70461,
	0x041B04AC, 0x045504FB, 0x048C054A, 0x04B9058F, 0x04EC05D8, 0x05210621, 0x054F0664, 0x057E06A9, 0x05A906EC, 0x05D20729, 0x05FF0769,
	0x062807A7, 0x064A07DD, 0x066F0814, 0x0696084A, 0x06B50878, 0x06D008A5, 0x06F108D5, 0x07100900, 0x07290926, 0x0746094F, 0x07620975,
	0x077B0995, 0x079009B3, 0x07A609D1, 0x07BD09EC, 0x07CF09FF, 0x07E00A12, 0x07F20A29, 0x08000A37, 0x080F0A45, 0x081E0A52, 0x08250A57,
	0x082F0A5C, 0x08380A5E, 0x083E0A5D, 0x08460A5D, 0x084A0A59, 0x084D0A53, 0x08490A45, 0x08460A36, 0x08490A2D, 0x08420A18, 0x083C0A03,
	0x083909F2, 0x082A09D4, 0x081B09B6, 0x080E0999, 0x07FC0978, 0x07ED0957, 0x07D60930, 0x07BD0908, 0x07A708E0, 0x078908B0, 0x0768087E,
	0x0748084D, 0x0726081A, 0x070107E5, 0x06D807AC, 0x06B00773, 0x0689073C, 0x065606FC, 0x061C06B7, 0x05EC0679, 0x05B70636, 0x057A05EC,
	0x054305AA, 0x05040562, 0x04C00516, 0x048304D0, 0x043C0480, 0x03F50430, 0x03AE03E3, 0x03620392, 0x03180345, 0x02C802F2, 0x0275029E,
	0x0227024F, 0x01D001F8, 0x017801A1, 0x0121014D, 0x00CB00F9, 0x007600A9, 0x001C0053, 0xFFC0FFFD, 0xFF64FFA8, 0xFF0AFF54, 0xFEB1FF02,
	0xFE51FEAA, 0xFDF5FE59, 0xFD9BFE08, 0xFD3FFDB5, 0xFCE7FD67, 0xFC8AFD16, 0xFC32FCC9, 0xFBDEFC7D, 0xFB81FC2B, 0xFB2AFBE1, 0xFAD5FB96,
	0xFA7FFB4B, 0xFA31FB09, 0xF9E2FAC4, 0xF994FA81, 0xF948FA3F, 0xF8FFFA00, 0xF8BCF9C5, 0xF877F987, 0xF836F94E, 0xF7F8F917, 0xF7B8F8DF,
	0xF77FF8AD, 0xF748F87B, 0xF715F84C, 0xF6E5F81E, 0xF6B9F7F4, 0xF694F7D1, 0xF66BF7A8, 0xF648F784, 0xF62FF768, 0xF611F748, 0xF5F7F72A,
	0xF5E5F713, 0xF5D8F6FF, 0xF5CBF6EB, 0xF5C5F6DD, 0xF5C5F6D3, 0xF5BCF6BF, 0xF5BDF6B4, 0xF5CAF6B5, 0xF5CEF6AB, 0xF5DBF6AA, 0xF5ECF6AD,
	0xF5FBF6AB, 0xF619F6B8, 0xF634F6C2, 0xF64DF6C7, 0xF673F6D8, 0xF698F6EA, 0xF6BDF6FC, 0xF6E7F711, 0xF712F724, 0xF741F73C, 0xF773F759,
	0xF7AAF777, 0xF7E0F794, 0xF813F7B2, 0xF84FF7D9, 0xF88EF801, 0xF8CBF825, 0xF90CF84E, 0xF952F87D, 0xF994F8A8, 0xF9D5F8D2, 0xFA1EF906,
	0xFA66F939, 0xFAACF96A, 0xFAFBF9A4, 0xFB45F9DB, 0xFB8BFA0D, 0xFBD8FA46, 0xFC24FA7F, 0xFC6CFAB5, 0xFCB8FAF1, 0xFD09FB32, 0xFD56FB6F,
	0xFDA1FBAC, 0xFDF1FBEF, 0xFE3FFC30, 0xFE8BFC71, 0xFEDAFCB3, 0xFF24FCF2, 0xFF6DFD31, 0xFFB8FD75, 0x0003FDB8, 0x004BFDF9, 0x0093FE3D,
	0x00D8FE7F, 0x011DFEC0, 0x0164FF04, 0x01A8FF45, 0x01EBFF87, 0x022DFFC9, 0x026C0009, 0x02AA0047, 0x02E50083, 0x032200C2, 0x03600107,
	0x03960142, 0x03CC017A, 0x040401B6, 0x043701EE, 0x046A0228, 0x049C025F, 0x04CC0296, 0x04FD02CD, 0x052402FD, 0x054D032E, 0x05790363,
	0x05A00391, 0x05C803C0, 0x05F003EF, 0x06100419, 0x06300443, 0x0652046B, 0x06720490, 0x068B04B2, 0x06A604D9, 0x06C204FD, 0x06DB051A,
	0x06F4053B, 0x0709055B, 0x071E0576, 0x07340591, 0x074405A9, 0x075305C0, 0x076305D8, 0x077205EC, 0x077D05FD, 0x07880610, 0x07930622,
	0x079E0632, 0x07A80641, 0x07AC064D, 0x07AF0658, 0x07B50663, 0x07B7066B, 0x07BA0675, 0x07BC067D, 0x07BB0681, 0x07BA0686, 0x07B30688,
	0x07AD068B, 0x07A9068E, 0x07A0068C, 0x079B0690, 0x0790068E, 0x0783068A, 0x077B068A, 0x076C0684, 0x075F0680, 0x0751067D, 0x073B0673,
	0x0729066E, 0x07130664, 0x06FE065A, 0x06E80653, 0x06CC0646, 0x06B3063B, 0x0696062C, 0x0677061D, 0x065A0611, 0x063405FF, 0x061305EF,
	0x05F005DE, 0x05C805C8, 0x05A305B6, 0x057905A1, 0x054F058D, 0x05200576, 0x04EE055A, 0x04C40544, 0x04930529, 0x045F050C, 0x042C04F1,
	0x03F304D1, 0x03BE04B4, 0x03820490, 0x03420469, 0x03090449, 0x02C70420, 0x028B03FD, 0x024F03DB, 0x020703AC, 0x01C60382, 0x01840359,
	0x013A0329, 0x00F402FC, 0x00AC02CB, 0x00620298, 0x001B0269, 0xFFD20236, 0xFF880201, 0xFF3C01CB, 0xFEF10195, 0xFEA5015E, 0xFE560122,
	0xFE0900E6, 0xFDC400B1, 0xFD760075, 0xFD240035, 0xFCDFFFFF, 0xFC93FFC0, 0xFC45FF7F, 0xFC01FF47, 0xFBB3FF04, 0xFB6BFEC3, 0xFB29FE88,
	0xFADEFE45, 0xFA9CFE0B, 0xFA57FDCB, 0xFA13FD8A, 0xF9DEFD55, 0xF99BFD12, 0xF95BFCD3, 0xF926FC9D, 0xF8E9FC5C, 0xF8B5FC23, 0xF884FBEC,
	0xF84FFBAF, 0xF81EFB76, 0xF7EDFB3E, 0xF7C6FB0D, 0xF7A2FADE, 0xF77AFAA8, 0xF75AFA7A, 0xF73DFA4D, 0xF71EFA1D, 0xF705F9F4, 0xF6F1F9CE,
	0xF6DDF9A7, 0xF6C8F980, 0xF6BDF960, 0xF6B6F944, 0xF6AAF923, 0xF6A5F908, 0xF6A6F8F3, 0xF6A8F8DD, 0xF6ABF8C8, 0xF6B2F8B7, 0xF6BFF8AB,
	0xF6CCF89E, 0xF6DEF896, 0xF6F3F891, 0xF707F88B, 0xF722F88B, 0xF73EF88C, 0xF75BF88E, 0xF77DF895, 0xF79FF89D, 0xF7C5F8A8, 0xF7EFF8B7,
	0xF81BF8C8, 0xF84CF8DE, 0xF87CF8F2, 0xF8AFF90B, 0xF8E7F928, 0xF91AF941, 0xF951F95F, 0xF991F986, 0xF9CFF9AA, 0xFA10F9D0, 0xFA53F9FA,
	0xFA93FA22, 0xFAD6FA4D, 0xFB1DFA7D, 0xFB63FAAE, 0xFBABFAE0, 0xFBF1FB0E, 0xFC3CFB43, 0xFC8FFB80, 0xFCDCFBB7, 0xFD28FBEF, 0xFD7BFC2F,
	0xFDC9FC6A, 0xFE16FCA4, 0xFE66FCE3, 0xFEB8FD23, 0xFF09FD63, 0xFF59FDA2, 0xFFAAFDE2, 0xFFFBFE24, 0x004EFE68, 0x00A0FEAD, 0x00EEFEED,
	0x013DFF2F, 0x018EFF73, 0x01DCFFB5, 0x022BFFF9, 0x02720036, 0x02BB0074, 0x030B00B9, 0x035000F5, 0x03920131, 0x03DD0174, 0x042101B1,
	0x046201EB, 0x04A40228, 0x04E10260, 0x051D0299, 0x055B02D4, 0x05910308, 0x05C4033A, 0x05FB036F, 0x062C039F, 0x065803CA, 0x068603F7,
	0x06AE0420, 0x06D30447, 0x06F6046B, 0x0716048F, 0x073204B0, 0x074A04CD, 0x076404EC, 0x07780506, 0x0786051A, 0x07980530, 0x07A60546,
	0x07AF0557, 0x07B10562, 0x07B0056A, 0x07B00575, 0x07AB057A, 0x07A2057A, 0x0797057B, 0x07880577, 0x07770572, 0x0764056A, 0x074E055F,
	0x07360554, 0x07170542, 0x06F60530, 0x06D7051D, 0x06B20504, 0x068904EB, 0x065D04CF, 0x063104B0, 0x0605048F, 0x05D60471, 0x05A50450,
	0x0573042B, 0x05420408, 0x050903DE, 0x04CF03B3, 0x049B038C, 0x045D035C, 0x041F032B, 0x03E70301, 0x03A602CF, 0x0367029D, 0x032F0273,
	0x02F40243, 0x02B50210, 0x027401DC, 0x023401A8, 0x01F70175, 0x01BB0144, 0x017E0111, 0x013E00DB, 0x010200A8, 0x00C80077, 0x008D0045,
	0x00540014, 0x001FFFE7, 0xFFE9FFB7, 0xFFADFF81, 0xFF79FF55, 0xFF4AFF2D, 0xFF17FEFE, 0xFEE9FED5, 0xFEBCFEAD, 0xFE8CFE82, 0xFE65FE5D,
	0xFE3AFE35, 0xFE12FE11, 0xFDEFFDF1, 0xFDC7FDCA, 0xFDA6FDAC, 0xFD89FD91, 0xFD6BFD75, 0xFD51FD5D, 0xFD32FD40, 0xFD1BFD2B, 0xFD09FD1B,
	0xFCEEFD01, 0xFCDBFCF0, 0xFCCBFCE2, 0xFCB7FCCE, 0xFCA8FCC2, 0xFC9DFCB9, 0xFC97FCB4, 0xFC8FFCAE, 0xFC84FCA6, 0xFC7EFCA4, 0xFC76FC9E,
	0xFC71FC9B, 0xFC70FC9F, 0xFC6BFC9E, 0xFC6DFCA5, 0xFC74FCB1, 0xFC73FCB5, 0xFC76FCBD, 0xFC7DFCCA, 0xFC82FCD5, 0xFC8AFCE4, 0xFC91FCF4,
	0xFC98FD02, 0xFC9FFD10, 0xFCAAFD22, 0xFCBBFD3E, 0xFCC6FD53, 0xFCCDFD64, 0xFCDFFD7F, 0xFCEEFD9A, 0xFCFBFDB3, 0xFD0CFDD1, 0xFD1BFDEB,
	0xFD2CFE09, 0xFD40FE2A, 0xFD52FE4A, 0xFD65FE6B, 0xFD77FE8A, 0xFD8CFEAF, 0xFD9FFED1, 0xFDAFFEEE, 0xFDCAFF17, 0xFDE1FF3E, 0xFDF2FF5E,
	0xFE0CFF87, 0xFE26FFB0, 0xFE3DFFD6, 0xFE56FFFE, 0xFE700026, 0xFE8C0051, 0xFEA6007B, 0xFEC300A5, 0xFEE400D2, 0xFEFE00FA, 0xFF170120,
	0xFF35014C, 0xFF560179, 0xFF7501A3, 0xFF9501CE, 0xFFB801FC, 0xFFD90228, 0xFFFA0253, 0x001D027E, 0x004002A8, 0x006502D4, 0x008902FE,
	0x00AF032A, 0x00D60357, 0x00F9037C, 0x011E03A4, 0x014503CE, 0x016903F5, 0x018E041A, 0x01B4043F, 0x01DE0468, 0x0203048C, 0x022404AB,
	0x024B04CC, 0x027504EE, 0x029E0511, 0x02C40532, 0x02E7054E, 0x030D056C, 0x03300585, 0x0350059B, 0x037105B0, 0x038F05C1, 0x03B005D6,
	0x03CF05E8, 0x03EB05F6, 0x04080602, 0x0420060B, 0x04370612, 0x044B0617, 0x045D0616, 0x046F0616, 0x04810616, 0x04930613, 0x049D0609,
	0x04A605FE, 0x04B005F6, 0x04B305E4, 0x04B305CF, 0x04B205BB, 0x04AC05A0, 0x04A50585, 0x049E0567, 0x04930547, 0x04830521, 0x046F04F9,
	0x045F04D4, 0x044604A5, 0x04280472, 0x040C0442, 0x03EC040E, 0x03C903D7, 0x03A00399, 0x0377035B, 0x034F031F, 0x031B02D8, 0x02ED0297,
	0x02BD0255, 0x02800204, 0x024801BB, 0x020F016F, 0x01D0011E, 0x019300CF, 0x014F007C, 0x01080028, 0x00C3FFD2, 0x007FFF7C, 0x0038FF25,
	0xFFECFECB, 0xFFA2FE73, 0xFF56FE19, 0xFF09FDBD, 0xFEBFFD66, 0xFE6FFD0B, 0xFE22FCB2, 0xFDD6FC59, 0xFD86FBFD, 0xFD3AFBA6, 0xFCECFB4D,
	0xFCA0FAF4, 0xFC58FAA1, 0xFC0EFA4E, 0xFBC4F9FC, 0xFB7CF9AA, 0xFB38F95A, 0xFAF5F90E, 0xFAB4F8C4, 0xFA76F87D, 0xFA39F837, 0xF9FFF7F6,
	0xF9C7F7B7, 0xF992F77A, 0xF966F744, 0xF936F70C, 0xF907F6D6, 0xF8DEF6A7, 0xF8B6F679, 0xF898F655, 0xF87CF632, 0xF860F60F, 0xF84CF5F5,
	0xF837F5DC, 0xF829F5C9, 0xF822F5BD, 0xF81BF5B0, 0xF81BF5AA, 0xF81AF5A6, 0xF81DF5A8, 0xF825F5AC, 0xF82DF5B0, 0xF841F5C1, 0xF858F5D6,
	0xF870F5EA, 0xF88FF607, 0xF8ABF625, 0xF8D0F64A, 0xF8F7F671, 0xF919F694, 0xF945F6C3, 0xF976F6F6, 0xF9A8F728, 0xF9DCF761, 0xFA0FF79B,
	0xFA47F7D8, 0xFA83F819, 0xFABFF85C, 0xFAFEF8A4, 0xFB3DF8EB, 0xFB7DF934, 0xFBBEF981, 0xFC04F9D2, 0xFC4CFA24, 0xFC8CFA71, 0xFCD1FAC4,
	0xFD1AFB1C, 0xFD5DFB6D, 0xFD9EFBC0, 0xFDE3FC18, 0xFE29FC71, 0xFE6EFCC8, 0xFEAFFD1D, 0xFEF1FD74, 0xFF35FDCD, 0xFF77FE24, 0xFFB9FE7D,
	0xFFF7FED3, 0x0031FF24, 0x006DFF77, 0x00A8FFCE, 0x00E00020, 0x01170071, 0x014C00C1, 0x0179010A, 0x01A70154, 0x01D901A0, 0x020401E7,
	0x022D022E, 0x02550270, 0x027A02AF, 0x02A202F4, 0x02C70335, 0x02E6036F, 0x030303A6, 0x031C03DB, 0x03370411, 0x03510445, 0x03660474,
	0x037D04A5, 0x039404D4, 0x03A304F9, 0x03B40521, 0x03C50548, 0x03D20568, 0x03E4058C, 0x03F505AF, 0x03FC05C8, 0x040905E5, 0x04140600,
	0x04190614, 0x0424062C, 0x042F0641, 0x04390653, 0x04420664, 0x04490673, 0x04560688, 0x04610696, 0x0468069F, 0x047706B0, 0x048206BB,
	0x048906C1, 0x049506CB, 0x04A106D2, 0x04B106DC, 0x04BE06E1, 0x04C306DF, 0x04D506E9, 0x04E906F3, 0x04F706F4, 0x050A06FB, 0x051E0703,
	0x052C0702, 0x053D0703, 0x0554070A, 0x056B0710, 0x05810714, 0x05950716, 0x05AB0719, 0x05C2071D, 0x05D8071F, 0x05EF0720, 0x06040721,
	0x0616071F, 0x062D0722, 0x06460725, 0x065B0724, 0x066E0724, 0x06800724, 0x06950726, 0x06AA0729, 0x06B70724, 0x06C70721, 0x06D80720,
	0x06E10719, 0x06EB0718, 0x06F60716, 0x06FC070D, 0x07010705, 0x070406FF, 0x070506F6, 0x070006E8, 0x06FC06DF, 0x06F706D6, 0x06EA06C6,
	0x06DE06B7, 0x06D006A7, 0x06B90691, 0x06A4067D, 0x068B0667, 0x066E064E, 0x064F0635, 0x06290617, 0x060605FD, 0x05E205E2, 0x05B205BC,
	0x0585059D, 0x0554057A, 0x051D0550, 0x04E50527, 0x04A704FC, 0x046904D2, 0x042B04A6, 0x03E30470, 0x039A043C, 0x03510409, 0x030703D4,
	0x02BE03A0, 0x026C0365, 0x02180327, 0x01C802EE, 0x017002AD, 0x01140268, 0x00BE0227, 0x006601E5, 0x000A01A1, 0xFFAF015C, 0xFF520113,
	0xFEF700CB, 0xFE980082, 0xFE390036, 0xFDDEFFED, 0xFD82FFA1, 0xFD25FF53, 0xFCCBFF07, 0xFC6FFEB9, 0xFC16FE6C, 0xFBC0FE20, 0xFB6AFDD2,
	0xFB13FD84, 0xFABDFD33, 0xFA6DFCE7, 0xFA20FC9C, 0xF9CEFC4B, 0xF980FBFB, 0xF938FBB0, 0xF8F2FB64, 0xF8B1FB1D, 0xF872FAD5, 0xF832FA8A,
	0xF7F9FA44, 0xF7C5FA00, 0xF78CF9B7, 0xF756F96F, 0xF72AF930, 0xF6FEF8EE, 0xF6D3F8AD, 0xF6B1F871, 0xF68EF835, 0xF670F7FB, 0xF65BF7C7,
	0xF646F790, 0xF632F75B, 0xF624F72E, 0xF61AF701, 0xF60FF6D1, 0xF608F6A5, 0xF60AF681, 0xF610F661, 0xF613F63D, 0xF616F617, 0xF622F5FB,
	0xF634F5E3, 0xF642F5C7, 0xF657F5B2, 0xF670F5A2, 0xF684F58E, 0xF69FF580, 0xF6BEF575, 0xF6E1F570, 0xF704F56D, 0xF725F567, 0xF74FF569,
	0xF777F56B, 0xF79DF56D, 0xF7CFF57D, 0xF7FEF589, 0xF82BF594, 0xF85BF5A6, 0xF88AF5B7, 0xF8C1F5D0, 0xF8F6F5E9, 0xF926F601, 0xF95DF622,
	0xF98FF63E, 0xF9C6F65F, 0xFA04F689, 0xFA37F6AC, 0xFA6FF6D8, 0xFAADF709, 0xFAE3F732, 0xFB1EF762, 0xFB5AF797, 0xFB93F7CB, 0xFBCDF801,
	0xFC09F83D, 0xFC43F878, 0xFC7CF8B3, 0xFCB8F8F2, 0xFCF0F930, 0xFD2CF973, 0xFD6DF9BB, 0xFDA3F9FC, 0xFDDCFA40, 0xFE1DFA8F, 0xFE57FAD8,
	0xFE91FB22, 0xFECCFB6D, 0xFF04FBB8, 0xFF41FC0A, 0xFF7DFC5A, 0xFFB6FCA7, 0xFFF3FCFA, 0x002BFD4B, 0x0063FD9A, 0x00A2FDF0, 0x00DDFE45,
	0x0113FE95, 0x0150FEEA, 0x0190FF41, 0x01CBFF95, 0x0207FFED, 0x02420041, 0x027C0094, 0x02BA00EB, 0x02F4013E, 0x03310192, 0x037101EA,
	0x03AA023D, 0x03E0028B, 0x041D02DB, 0x045B032F, 0x0493037D, 0x04C903C7, 0x05080418, 0x0545046A, 0x057A04B4, 0x05B004FC, 0x05EC0546,
	0x0625058C, 0x065A05D0, 0x06940618, 0x06C9065B, 0x06F90698, 0x072E06D9, 0x07640718, 0x07950753, 0x07C5078E, 0x07F107C2, 0x082007F9,
	0x084D082D, 0x08720858, 0x089C0888, 0x08C308B4, 0x08E608DD, 0x090B0907, 0x09280928, 0x0946094A, 0x0964096D, 0x097A0988, 0x099209A2,
	0x09A809BB, 0x09B709CE, 0x09C509E1, 0x09CF09F0, 0x09D709FC, 0x09E20A0A, 0x09E70A12, 0x09E10A0F, 0x09DB0A10, 0x09D50A0F, 0x09C70A05,
	0x09B909FE, 0x09A609F4, 0x099109E7, 0x097C09D9, 0x095F09C3, 0x093D09AA, 0x091A0991, 0x08F20973, 0x08C70953, 0x08980930, 0x0868090B,
	0x083408E4, 0x07FA08B8, 0x07C0088B, 0x07820858, 0x07410827, 0x06FF07F6, 0x06B507BB, 0x066F0784, 0x06250749, 0x05D00705, 0x058006C7,
	0x052C0685, 0x04D3063D, 0x047B05F6, 0x042005AB, 0x03C60563, 0x03670517, 0x030204C4, 0x02A50478, 0x02440428, 0x01E003D5, 0x017E0384,
	0x0118032F, 0x00B302D9, 0x004B0280, 0xFFE50227, 0xFF8701D6, 0xFF230181, 0xFEBF012A, 0xFE5B00D3, 0xFDF30078, 0xFD910022, 0xFD37FFD3,
	0xFCDBFF7E, 0xFC7AFF24, 0xFC1FFED2, 0xFBC7FE81, 0xFB70FE2F, 0xFB1FFDE4, 0xFACDFD96, 0xFA7AFD45, 0xFA2EFCF9, 0xF9E2FCAE, 0xF99DFC69,
	0xF95DFC27, 0xF917FBDE, 0xF8D6FB9C, 0xF8A0FB64, 0xF86BFB27, 0xF83BFAEE, 0xF810FABB, 0xF7E5FA87, 0xF7BBFA53, 0xF79AFA28, 0xF77BFA01,
	0xF75FF9D9, 0xF74BF9B9, 0xF739F99C, 0xF727F97E, 0xF71DF966, 0xF717F94F, 0xF716F940, 0xF719F936, 0xF71EF929, 0xF72AF925, 0xF739F925,
	0xF745F921, 0xF758F924, 0xF772F92D, 0xF78FF939, 0xF7AFF949, 0xF7CFF957, 0xF7F4F96C, 0xF81FF988, 0xF845F9A0, 0xF86EF9BA, 0xF8A2F9DE,
	0xF8D3F9FE, 0xF907FA24, 0xF942FA52, 0xF977FA79, 0xF9B0FAA3, 0xF9EEFAD4, 0xFA2CFB05, 0xFA6CFB39, 0xFAACFB6D, 0xFAEBFBA2, 0xFB2DFBDA,
	0xFB6CFC0E, 0xFBAFFC48, 0xFBF6FC86, 0xFC36FCBD, 0xFC76FCF4, 0xFCB9FD30, 0xFCFDFD6C, 0xFD3DFDA4, 0xFD7DFDDD, 0xFDBFFE19, 0xFDFEFE51,
	0xFE3EFE8B, 0xFE7BFEC1, 0xFEB4FEF5, 0xFEF2FF2E, 0xFF2BFF61, 0xFF63FF94, 0xFFA1FFCC, 0xFFD3FFF9, 0x00020022, 0x0035004E, 0x00660077,
	0x009700A3, 0x00C000C8, 0x00E700E9, 0x0115010E, 0x0139012A, 0x015B0145, 0x017F0160, 0x019F0176, 0x01BF018B, 0x01D8019C, 0x01F201AC,
	0x021101C0, 0x022601C9, 0x023801CE, 0x024901D2, 0x025701D3, 0x026901D8, 0x027701D9, 0x028001D2, 0x028901CA, 0x029401C3, 0x029A01B7,
	0x029C01A8, 0x02A2019D, 0x02A4018E, 0x02A4017A, 0x02A50168, 0x02A20150, 0x029F0138, 0x029C0120, 0x02990105, 0x029600EC, 0x029000D2,
	0x028800B5, 0x027B0092, 0x026F006E, 0x026A0052, 0x02620034, 0x0254000F, 0x024BFFEF, 0x0241FFD0, 0x0235FFB0, 0x022AFF91, 0x0221FF71,
	0x0215FF4F, 0x0209FF2E, 0x01FCFF0F, 0x01EFFEED, 0x01E5FED0, 0x01DEFEB7, 0x01CFFE99, 0x01C4FE7C, 0x01B8FE62, 0x01AAFE48, 0x01A3FE35,
	0x019CFE20, 0x0193FE0A, 0x018BFDFA, 0x0180FDE9, 0x0175FDD6, 0x0171FDCA, 0x016EFDC2, 0x0164FDB5, 0x0157FDA6, 0x0153FDA1, 0x014FFD9C,
	0x0147FD95, 0x0146FD99, 0x0143FD9B, 0x013CFD9A, 0x0138FD9C, 0x0133FDA2, 0x0130FDAB, 0x012DFDB3, 0x0129FDBC, 0x0129FDC9, 0x0126FDD5,
	0x0125FDE7, 0x0128FDFE, 0x0123FE0E, 0x011FFE1E, 0x0123FE37, 0x0124FE50, 0x0120FE65, 0x0123FE7F, 0x012AFEA0, 0x012CFEC0, 0x0129FED9,
	0x0127FEF4, 0x012AFF14, 0x0129FF32, 0x0128FF50, 0x012DFF76, 0x012FFF98, 0x012EFFBA, 0x0130FFDD, 0x0130FFFE, 0x01300021, 0x012F0044,
	0x012C0065, 0x012C0089, 0x012C00AC, 0x012D00D0, 0x012C00F4, 0x01290115, 0x01290137, 0x01250157, 0x011F0175, 0x011A0193, 0x011501B1,
	0x011301D1, 0x010F01EE, 0x010B020A, 0x01070226, 0x00FE023E, 0x00FA025A, 0x00F30272, 0x00E90284, 0x00E5029D, 0x00DC02B0, 0x00CF02BE,
	0x00C902D4, 0x00C002E6, 0x00B802F6, 0x00AF0303, 0x00A3030D, 0x0099031A, 0x00900325, 0x0086032E, 0x007B0335, 0x006E033A, 0x00630340,
	0x00570342, 0x004E0347, 0x0046034C, 0x0038034A, 0x0030034D, 0x0027034E, 0x00190349, 0x000F0346, 0x00060342, 0xFFFF033F, 0xFFF6033A,
	0xFFEE0333, 0xFFE7032E, 0xFFDF0327, 0xFFD90320, 0xFFD20316, 0xFFC90309, 0xFFC50301, 0xFFBF02F6, 0xFFBA02EB, 0xFFB702E1, 0xFFB102D2,
	0xFFAF02C7, 0xFFAD02BC, 0xFFA602AB, 0xFFA802A1, 0xFFAC0296, 0xFFA90286, 0xFFA60278, 0xFFAA026D, 0xFFAE0260, 0xFFB00251, 0xFFB50246,
	0xFFBC0239, 0xFFBE0227, 0xFFC4021B, 0xFFCC0212, 0xFFD20205, 0xFFD801F6, 0xFFDF01E7, 0xFFE801DB, 0xFFF101CF, 0xFFF901C1, 0x000201B4,
	0x000B01A8, 0x0015019C, 0x001F018F, 0x00280180, 0x00350174, 0x003E0166, 0x00450158, 0x0051014E, 0x005D0143, 0x00670134, 0x00700127,
	0x00760118, 0x007E010B, 0x008B0102, 0x009400F5, 0x009900E6, 0x00A100DA, 0x00A800CC, 0x00AE00BE, 0x00B300B1, 0x00B700A3, 0x00BA0096,
	0x00BF0088, 0x00C2007A, 0x00C1006A, 0x00C00059, 0x00C3004C, 0x00C3003E, 0x00BC002C, 0x00B8001D, 0x00B3000B, 0x00ABFFF7, 0x00A6FFEA,
	0x009FFFDC, 0x0098FFCB, 0x0091FFBB, 0x0085FFAA, 0x0075FF96, 0x0067FF81, 0x005BFF6F, 0x004AFF5A, 0x0036FF44, 0x0027FF33, 0x0015FF1F,
	0x0000FF0A, 0xFFEBFEF5, 0xFFD4FEE0, 0xFFC2FECF, 0xFFADFEBB, 0xFF94FEA4, 0xFF7DFE91, 0xFF64FE7C, 0xFF4AFE64, 0xFF32FE4E, 0xFF1BFE3E,
	0xFEFDFE28, 0xFEDEFE0F, 0xFECAFDFD, 0xFEB0FDE8, 0xFE93FDD3, 0xFE7CFDC2, 0xFE5FFDAB, 0xFE45FD98, 0xFE2EFD86, 0xFE0FFD6E, 0xFDF7FD5D,
	0xFDDFFD4B, 0xFDC5FD37, 0xFDB2FD29, 0xFD99FD16, 0xFD81FD03, 0xFD6DFCF4, 0xFD59FCE4, 0xFD46FCD8, 0xFD30FCC6, 0xFD1DFCB4, 0xFD10FCA8,
	0xFD00FC9B, 0xFCF3FC92, 0xFCE5FC86, 0xFCD4FC75, 0xFCCAFC6B, 0xFCC0FC61, 0xFCB8FC5A, 0xFCB2FC52, 0xFCA6FC44, 0xFC9EFC3A, 0xFC9DFC36,
	0xFC9EFC33, 0xFC9BFC2B, 0xFC97FC25, 0xFC9DFC27, 0xFCA5FC25, 0xFCA6FC1E, 0xFCA8FC1C, 0xFCABFC1B, 0xFCB1FC19, 0xFCBAFC19, 0xFCC8FC1D,
	0xFCD5FC22, 0xFCDAFC1F, 0xFCE5FC22, 0xFCF8FC2C, 0xFD05FC2F, 0xFD13FC32, 0xFD21FC36, 0xFD2FFC3A, 0xFD41FC42, 0xFD53FC4A, 0xFD65FC52,
	0xFD77FC5A, 0xFD89FC64, 0xFD9CFC6D, 0xFDACFC74, 0xFDBFFC7F, 0xFDD4FC8C, 0xFDE5FC95, 0xFDF9FCA1, 0xFE0CFCAC, 0xFE19FCB4, 0xFE2EFCC2,
	0xFE43FCCF, 0xFE53FCD7, 0xFE65FCE7, 0xFE76FCF7, 0xFE84FD03, 0xFE96FD11, 0xFEA5FD1F, 0xFEB6FD2F, 0xFEC5FD3E, 0xFECEFD47, 0xFEDBFD55,
	0xFEECFD69, 0xFEFAFD78, 0xFF04FD83, 0xFF0CFD90, 0xFF1BFDA7, 0xFF29FDBB, 0xFF30FDC8, 0xFF3BFDD9, 0xFF45FDEB, 0xFF4CFDFB, 0xFF56FE0E,
	0xFF5FFE20, 0xFF69FE35, 0xFF72FE4A, 0xFF7AFE5D, 0xFF85FE73, 0xFF8CFE87, 0xFF97FE9F, 0xFFA4FEB8, 0xFFACFECE, 0xFFB7FEEA, 0xFFC3FF04,
	0xFFCEFF1B, 0xFFDFFF39, 0xFFECFF57, 0xFFF9FF73, 0x000AFF94, 0x001AFFB4, 0x002DFFD6, 0x0041FFF7, 0x00570019, 0x006E0040, 0x00830065,
	0x009D008E, 0x00B900B7, 0x00D200DE, 0x00F1010B, 0x010E0136, 0x012C0160, 0x01500191, 0x017501C1, 0x019C01F2, 0x01C60226, 0x01EF0259,
	0x021A028F, 0x024602C6, 0x026F02F9, 0x02A10333, 0x02D90372, 0x030803A7, 0x033903DF, 0x0373041F, 0x03AA045B, 0x03E10498, 0x041A04D7,
	0x04500512, 0x048A054F, 0x04C3058B, 0x04FD05C7, 0x05380607, 0x05700643, 0x05AB0681, 0x05E806BE, 0x061F06F6, 0x06570731, 0x068E076C,
	0x06C307A3, 0x06F907DA, 0x072E080F, 0x07610845, 0x07920878, 0x07C008A9, 0x07ED08D9, 0x08170905, 0x08400931, 0x08640958, 0x0883097A,
	0x08A2099C, 0x08BF09BA, 0x08D909D7, 0x08EC09F0, 0x08F90A03, 0x09070A18, 0x09120A27, 0x09160A30, 0x09190A39, 0x09180A3D, 0x09100A3B,
	0x09040A37, 0x08F30A2E, 0x08DC0A21, 0x08C10A0F, 0x08A509FC, 0x088809E7, 0x086109C8, 0x082F09A0, 0x07FF097B, 0x07CE0955, 0x07930925,
	0x075408F2, 0x071308BD, 0x06CE0882, 0x06850843, 0x063507FE, 0x05E407B9, 0x05930772, 0x05380721, 0x04DC06CE, 0x047E067B, 0x0418061F,
	0x03B405C4, 0x03500568, 0x02E20503, 0x0274049D, 0x020A043A, 0x019B03D2, 0x01280367, 0x00B602F9, 0x0045028A, 0xFFD10218, 0xFF5C01A4,
	0xFEE80130, 0xFE7300BB, 0xFDFF0047, 0xFD8DFFD5, 0xFD1AFF5F, 0xFCA8FEE8, 0xFC37FE70, 0xFBC8FDFC, 0xFB61FD8C, 0xFAF7FD19, 0xFA89FCA1,
	0xFA25FC31, 0xF9C3FBC1, 0xF960FB4F, 0xF906FAE6, 0xF8ADFA7B, 0xF854FA0D, 0xF805F9A8, 0xF7B6F946, 0xF765F8E0, 0xF71CF87E, 0xF6DEF827,
	0xF6A1F7D2, 0xF660F777, 0xF62AF723, 0xF5FCF6D9, 0xF5CDF68D, 0xF5A4F645, 0xF57EF600, 0xF55FF5C2, 0xF548F58A, 0xF52FF54D, 0xF51CF517,
	0xF50FF4EA, 0xF504F4BD, 0xF501F498, 0xF4FCF471, 0xF4FDF450, 0xF50AF438, 0xF518F421, 0xF527F411, 0xF539F403, 0xF550F3F7, 0xF56DF3F3,
	0xF58CF3F3, 0xF5AEF3F7, 0xF5D4F3FD, 0xF600F409, 0xF631F41D, 0xF65CF42D, 0xF68CF442, 0xF6C6F461, 0xF6FAF47C, 0xF733F49F, 0xF770F4C7,
	0xF7AEF4F1, 0xF7EEF51F, 0xF82EF54E, 0xF872F581, 0xF8B7F5B7, 0xF8FAF5EE, 0xF940F629, 0xF983F664, 0xF9CCF6A5, 0xFA19F6EC, 0xFA5DF72D,
	0xFAA4F773, 0xFAF1F7BF, 0xFB38F806, 0xFB81F851, 0xFBC9F8A1, 0xFC10F8EF, 0xFC57F93D, 0xFC9FF98F, 0xFCE4F9E2, 0xFD2AFA34, 0xFD73FA89,
	0xFDBBFAE0, 0xFDFFFB37, 0xFE42FB8D, 0xFE84FBE1, 0xFEC3FC34, 0xFF01FC89, 0xFF43FCE2, 0xFF84FD3B, 0xFFBCFD8D, 0xFFF7FDE3, 0x0038FE3B,
	0x006EFE8A, 0x00A6FEDF, 0x00E0FF36, 0x0116FF87, 0x014CFFD7, 0x01800026, 0x01B20073, 0x01E500C1, 0x0217010E, 0x02460156, 0x0276019F,
	0x02A501EA, 0x02CF022E, 0x02FB0273, 0x032C02BA, 0x035502F8, 0x037B0335, 0x03A70376, 0x03D103B4, 0x03FA03EE, 0x04210427, 0x0446045E,
	0x046D0494, 0x049504C9, 0x04B704F8, 0x04D80525, 0x04FE0553, 0x0520057C, 0x053D05A1, 0x056205CD, 0x058405F3, 0x05A10612, 0x05C20636,
	0x05E00654, 0x05FB066D, 0x06180688, 0x063806A3, 0x065506BB, 0x067006D0, 0x068806E2, 0x069E06F0, 0x06B706FF, 0x06CF070C, 0x06DF0714,
	0x06F5071F, 0x070A0726, 0x07160725, 0x07230727, 0x07310728, 0x07400729, 0x074E072B, 0x07550724, 0x075D071D, 0x07640715, 0x0765070A,
	0x076B0704, 0x076D06F6, 0x076606E1, 0x076406D4, 0x076306C7, 0x075A06B2, 0x074E069C, 0x0744068A, 0x07360674, 0x0725065A, 0x07140641,
	0x06FC0623, 0x06E20606, 0x06CC05EB, 0x06AF05CB, 0x068F05AC, 0x0671058D, 0x0651056C, 0x062D054C, 0x06040528, 0x05DD0506, 0x05B204E0,
	0x058004B7, 0x05540496, 0x0522046F, 0x04EA0444, 0x04B4041F, 0x047C03F7, 0x044303CC, 0x040803A1, 0x03CB0378, 0x038E0350, 0x034D0325,
	0x030F02FC, 0x02CE02D4, 0x028902A9, 0x0247027E, 0x02020253, 0x01BD022A, 0x01780200, 0x012E01D1, 0x00E801A9, 0x00A60185, 0x0061015B,
	0x001C0131, 0xFFD60107, 0xFF8E00DE, 0xFF4A00B9, 0xFF080096, 0xFEC50070, 0xFE800046, 0xFE430023, 0xFE060004, 0xFDC4FFDE, 0xFD87FFBB,
	0xFD4DFF9B, 0xFD11FF77, 0xFCD8FF58, 0xFCA4FF3D, 0xFC6EFF1C, 0xFC3BFEFE, 0xFC0CFEE4, 0xFBDBFEC5, 0xFBB3FEAF, 0xFB8EFE9A, 0xFB62FE7D,
	0xFB42FE6B, 0xFB24FE59, 0xFB00FE41, 0xFAE7FE31, 0xFACCFE1C, 0xFAB1FE08, 0xFAA2FDFD, 0xFA90FDED, 0xFA83FDE2, 0xFA77FDD7, 0xFA67FDC6,
	0xFA63FDC0, 0xFA5DFDB7, 0xFA5BFDAE, 0xFA62FDAF, 0xFA63FDA7, 0xFA68FDA3, 0xFA74FDA3, 0xFA81FDA2, 0xFA8FFDA2, 0xFA9CFDA2, 0xFAB2FDA6,
	0xFAC6FDA8, 0xFAD4FDA6, 0xFAEFFDAF, 0xFB0AFDB4, 0xFB22FDB6, 0xFB41FDC1, 0xFB5EFDC7, 0xFB7EFDCE, 0xFBA0FDD8, 0xFBBFFDE2, 0xFBE3FDEF,
	0xFC03FDF6, 0xFC27FE00, 0xFC51FE11, 0xFC74FE1A, 0xFC99FE24, 0xFCC1FE30, 0xFCE5FE3B, 0xFD0CFE48, 0xFD31FE53, 0xFD57FE5F, 0xFD7EFE6C,
	0xFDA4FE79, 0xFDCAFE85, 0xFDEDFE8F, 0xFE11FE9A, 0xFE34FEA5, 0xFE53FEAC, 0xFE77FEB7, 0xFE96FEBE, 0xFEB2FEC4, 0xFED4FED0, 0xFEF0FED5,
	0xFF0AFED9, 0xFF27FEE1, 0xFF3DFEE4, 0xFF55FEE7, 0xFF70FEEE, 0xFF85FEF2, 0xFF9AFEF5, 0xFFACFEF3, 0xFFBBFEF0, 0xFFCBFEF0, 0xFFDCFEEF,
	0xFFEAFEEC, 0xFFF3FEE4, 0xFFF9FEDC, 0x0004FEDA, 0x000DFED3, 0x0015FECD, 0x001EFEC9, 0x001FFEBD, 0x0023FEB2, 0x0028FEAA, 0x0028FE9D,
	0x002BFE92, 0x002DFE86, 0x002CFE7A, 0x002DFE70, 0x002BFE60, 0x002AFE52, 0x0026FE45, 0x0020FE36, 0x001DFE27, 0x0019FE16, 0x001AFE0D,
	0x0017FE01, 0x000BFDE9, 0x000EFDE1, 0x0012FDDA, 0x000BFDC9, 0x000CFDC0, 0x000AFDB2, 0x0008FDA6, 0x000BFDA0, 0x0008FD93, 0x000DFD8C,
	0x0012FD87, 0x0013FD81, 0x0016FD7D, 0x0017FD75, 0x001EFD74, 0x0029FD77, 0x0030FD77, 0x003CFD7D, 0x0044FD7F, 0x004DFD82, 0x005DFD8C,
	0x006AFD94, 0x007CFDA1, 0x008AFDAB, 0x0097FDB6, 0x00ACFDC7, 0x00BCFDD5, 0x00D2FDE9, 0x00E8FDFF, 0x00F7FE0F, 0x0114FE2D, 0x012CFE48,
	0x013FFE5E, 0x0159FE7C, 0x0170FE97, 0x018AFEB7, 0x01A6FED9, 0x01BDFEF7, 0x01DAFF1B, 0x01F3FF3C, 0x020AFF5F, 0x0227FF86, 0x023EFFA7,
	0x0257FFCE, 0x0272FFF8, 0x0289001C, 0x02A30045, 0x02B9006D, 0x02D00093, 0x02E600BA, 0x02F500DC, 0x03070102, 0x031B012B, 0x032D0152,
	0x033D0177, 0x0349019B, 0x035701BE, 0x036001DF, 0x036701FE, 0x036F021D, 0x036E0235, 0x0370024F, 0x0376026E, 0x03750288, 0x0373029E,
	0x036F02B3, 0x036402C3, 0x035602D0, 0x034902DD, 0x033B02E9, 0x032602EE, 0x031302F4, 0x03060300, 0x02EF0300, 0x02D202FC, 0x02B802F9,
	0x029902F1, 0x027802E9, 0x025502DE, 0x022F02CD, 0x020902BD, 0x01E202AA, 0x01BA0295, 0x0190027F, 0x01630264, 0x0138024B, 0x010C022E,
	0x00DB020C, 0x00AD01EC, 0x007D01CA, 0x004A01A5, 0x0015017C, 0xFFE10153, 0xFFB3012D, 0xFF800103, 0xFF4B00D5, 0xFF1C00AD, 0xFEEA0081,
	0xFEB50053, 0xFE840027, 0xFE53FFF6, 0xFE24FFC7, 0xFDF6FF9C, 0xFDC1FF6B, 0xFD95FF3E, 0xFD6EFF14, 0xFD43FEE8, 0xFD1AFEBD, 0xFCF4FE92,
	0xFCD1FE69, 0xFCAEFE41, 0xFC8CFE1A, 0xFC6EFDF6, 0xFC52FDD4, 0xFC38FDB4, 0xFC20FD95, 0xFC0CFD78, 0xFBFDFD62, 0xFBEEFD4B, 0xFBE2FD36,
	0xFBDAFD25, 0xFBD1FD14, 0xFBD0FD0A, 0xFBD0FD02, 0xFBCEFCF7, 0xFBD5FCF5, 0xFBDCFCF6, 0xFBE3FCF2, 0xFBF0FCF5, 0xFC00FCFF, 0xFC15FD0C,
	0xFC28FD19, 0xFC3CFD28, 0xFC59FD40, 0xFC75FD55, 0xFC95FD6E, 0xFCBAFD8F, 0xFCDCFDAE, 0xFD04FDD1, 0xFD2DFDF7, 0xFD54FE1E, 0xFD7EFE49,
	0xFDABFE73, 0xFDD9FEA0, 0xFE0AFED1, 0xFE3DFF05, 0xFE72FF3A, 0xFEA4FF6D, 0xFED9FFA8, 0xFF12FFE5, 0xFF46001D, 0xFF7C0058, 0xFFB20093,
	0xFFEA00CF, 0x0023010F, 0x0057014A, 0x008F018A, 0x00C701CA, 0x00FA0205, 0x01310247, 0x01680288, 0x019C02C4, 0x01CE0300, 0x01FB0339,
	0x022D0374, 0x025C03AE, 0x028503E2, 0x02B1041A, 0x02DD0451, 0x03070486, 0x032E04B9, 0x035104E8, 0x03730514, 0x0390053A, 0x03AB0560,
	0x03C9058B, 0x03E205AE, 0x03F605CC, 0x040D05ED, 0x0423060C, 0x04320623, 0x043B0634, 0x04470647, 0x04510657, 0x0454065F, 0x04540668,
	0x0452066E, 0x044F0671, 0x044C0671, 0x04420669, 0x04370661, 0x042C0657, 0x041B0646, 0x04090636, 0x03F90625, 0x03E3060F, 0x03CA05F4,
	0x03B005D6, 0x039605B7, 0x03790593, 0x035A056D, 0x033D0549, 0x031D0520, 0x02F404EF, 0x02CF04C2, 0x02AD0495, 0x0282045C, 0x02570425,
	0x023103F1, 0x020703B7, 0x01DB037C, 0x01AD033F, 0x01820304, 0x015802C7, 0x01280283, 0x00FD0244, 0x00D50206, 0x00A401BE, 0x00760178,
	0x004B0134, 0x002000F1, 0xFFF300AD, 0xFFC50063, 0xFF9B001E, 0xFF73FFDC, 0xFF48FF96, 0xFF21FF52, 0xFEFBFF0F, 0xFED2FEC9, 0xFEADFE87,
	0xFE88FE43, 0xFE62FDFE, 0xFE40FDBE, 0xFE1CFD7C, 0xFDFAFD3A, 0xFDDFFCFE, 0xFDC1FCC0, 0xFDA0FC7F, 0xFD84FC45, 0xFD69FC0A, 0xFD4FFBD1,
	0xFD3AFB9C, 0xFD22FB64, 0xFD0CFB30, 0xFCF7FAFD, 0xFCE2FAC9, 0xFCD2FA9B, 0xFCC1FA6D, 0xFCB1FA41, 0xFCA2FA17, 0xFC90F9EB, 0xFC87F9C7,
	0xFC7DF9A5, 0xFC71F981, 0xFC6CF962, 0xFC61F93E, 0xFC56F91F, 0xFC51F907, 0xFC4AF8EB, 0xFC47F8D7, 0xFC45F8C4, 0xFC40F8B0, 0xFC3FF8A0,
	0xFC35F888, 0xFC33F87B, 0xFC3CF879, 0xFC3AF86E, 0xFC3AF866, 0xFC3DF864, 0xFC3BF85F, 0xFC3EF860, 0xFC44F863, 0xFC48F866, 0xFC4AF86C,
	0xFC4DF873, 0xFC55F87E, 0xFC5BF88C, 0xFC5FF89A, 0xFC66F8AB, 0xFC70F8BE, 0xFC79F8D3, 0xFC7DF8E5, 0xFC86F8FD, 0xFC94F91C, 0xFC9BF937,
	0xFCA7F956, 0xFCB6F97A, 0xFCC2F999, 0xFCD3F9C0, 0xFCE4F9EA, 0xFCEFFA11, 0xFD01FA3D, 0xFD17FA6D, 0xFD25FA97, 0xFD33FAC3, 0xFD47FAF5,
	0xFD5CFB28, 0xFD73FB5E, 0xFD8BFB95, 0xFDA1FBCC, 0xFDBCFC07, 0xFDDBFC46, 0xFDF7FC82, 0xFE13FCBD, 0xFE31FCFB, 0xFE51FD3C, 0xFE70FD7E,
	0xFE93FDC2, 0xFEB8FE05, 0xFEDAFE47, 0xFEFEFE8B, 0xFF26FED3, 0xFF52FF1D, 0xFF7CFF64, 0xFFA4FFA6, 0xFFD0FFED, 0xFFFF003A, 0x002B0082,
	0x005800C9, 0x008B0113, 0x00BB015B, 0x00E901A1, 0x011B01EA, 0x014E0233, 0x0183027A, 0x01B702BF, 0x01E90304, 0x021E0348, 0x0253038C,
	0x028603CE, 0x02BB0410, 0x02F40455, 0x03290495, 0x035A04D0, 0x038D050B, 0x03C30546, 0x03FA0584, 0x042905B9, 0x045905EC, 0x04900627,
	0x04BE0655, 0x04E8067F, 0x051906B2, 0x054206DB, 0x056C0704, 0x05990731, 0x05BD0752, 0x05E00771, 0x06060791, 0x062507AC, 0x064507C8,
	0x066207E0, 0x067907F1, 0x06920804, 0x06AC0816, 0x06BD0820, 0x06CC0829, 0x06DB0832, 0x06E40835, 0x06EE0838, 0x06F20835, 0x06F0082D,
	0x06F20829, 0x06F10821, 0x06E80811, 0x06DD07FF, 0x06CD07EA, 0x06BC07D3, 0x06AB07BD, 0x069407A1, 0x06790782, 0x065E0764, 0x063C0740,
	0x0618071A, 0x05FA06F8, 0x05D006CD, 0x059C069A, 0x056F066D, 0x053E063C, 0x050C060A, 0x04DB05D8, 0x04A1059F, 0x04680569, 0x042F0532,
	0x03EB04F1, 0x03AD04B5, 0x036C0478, 0x03270437, 0x02EA03FB, 0x02A203B7, 0x02560370, 0x02120332, 0x01CA02F1, 0x018102AD, 0x013A026B,
	0x00F00226, 0x00A601E1, 0x005D019D, 0x0015015A, 0xFFCA0114, 0xFF8000CD, 0xFF3B008D, 0xFEF10049, 0xFEA80006, 0xFE66FFC7, 0xFE20FF85,
	0xFDDDFF47, 0xFD9DFF0A, 0xFD5FFECE, 0xFD23FE95, 0xFCE4FE58, 0xFCA9FE1D, 0xFC73FDE8, 0xFC3DFDB4, 0xFC0AFD81, 0xFBD8FD4D, 0xFBAAFD1E,
	0xFB80FCF1, 0xFB55FCC4, 0xFB34FC9F, 0xFB13FC7B, 0xFAEEFC52, 0xFAD3FC31, 0xFABCFC14, 0xFAA2FBF6, 0xFA8BFBDA, 0xFA7BFBC1, 0xFA71FBAD,
	0xFA67FB99, 0xFA5CFB85, 0xFA57FB78, 0xFA57FB6D, 0xFA56FB61, 0xFA55FB56, 0xFA5FFB55, 0xFA6DFB56, 0xFA73FB4F, 0xFA7DFB4C, 0xFA8CFB4F,
	0xFA9AFB50, 0xFAAFFB56, 0xFAC4FB5E, 0xFAD9FB68, 0xFAF4FB76, 0xFB0DFB81, 0xFB27FB8D, 0xFB47FBA1, 0xFB63FBB1, 0xFB83FBC1, 0xFBA6FBD6,
	0xFBC4FBE8, 0xFBE4FBFB, 0xFC08FC14, 0xFC28FC28, 0xFC46FC39, 0xFC69FC51, 0xFC8CFC6A, 0xFCADFC7F, 0xFCD0FC99, 0xFCF0FCB1, 0xFD0EFCC4,
	0xFD30FCDC, 0xFD50FCF2, 0xFD6CFD07, 0xFD8CFD20, 0xFDA7FD34, 0xFDBDFD45, 0xFDDCFD5F, 0xFDF9FD75, 0xFE0FFD85, 0xFE24FD95, 0xFE39FDA3,
	0xFE4EFDB6, 0xFE5DFDC5, 0xFE6BFDD0, 0xFE80FDE1, 0xFE8EFDED, 0xFE97FDF5, 0xFEA8FE05, 0xFEB0FE0C, 0xFEB2FE0D, 0xFEB9FE15, 0xFEBFFE1A,
	0xFEC3FE1C, 0xFEC6FE1F, 0xFECAFE22, 0xFECDFE26, 0xFECBFE24, 0xFEC8FE21, 0xFEC6FE21, 0xFEC0FE1A, 0xFEBEFE15, 0xFEC0FE16, 0xFEB8FE0F,
	0xFEB0FE06, 0xFEB2FE06, 0xFEAEFDFF, 0xFEA5FDF4, 0xFEA5FDF3, 0xFEA1FDEB, 0xFE99FDDF, 0xFE9AFDDA, 0xFE94FDD0, 0xFE8BFDC3, 0xFE8DFDBE,
	0xFE90FDBA, 0xFE92FDB6, 0xFE92FDAE, 0xFE91FDA5, 0xFE99FDA3, 0xFEA1FDA1, 0xFEA8FD9C, 0xFEB1FD9B, 0xFEBBFD9B, 0xFEC6FD9A, 0xFECEFD95,
	0xFED9FD93, 0xFEEDFD9A, 0xFEFEFD9E, 0xFF0EFDA2, 0xFF25FDA8, 0xFF3BFDAE, 0xFF54FDBB, 0xFF6EFDC8, 0xFF89FDD1, 0xFFA8FDDD, 0xFFC3FDEB,
	0xFFE1FDFB, 0x0006FE11, 0x002BFE24, 0x004CFE37, 0x0071FE4E, 0x0099FE67, 0x00C0FE81, 0x00EAFE9F, 0x0111FEB9, 0x0136FED2, 0x0168FEF7,
	0x0196FF1B, 0x01BEFF39, 0x01EFFF5C, 0x021EFF82, 0x0247FFA7, 0x0270FFCA, 0x029CFFEE, 0x02CC001B, 0x02F90046, 0x0326006F, 0x0356009D,
	0x037C00C4, 0x03A300F0, 0x03D00121, 0x03F8014D, 0x041F017B, 0x044701AB, 0x046D01DA, 0x048F0208, 0x04AF0236, 0x04D00265, 0x04ED0292,
	0x050B02C2, 0x052902F1, 0x053F031A, 0x05580347, 0x056D0376, 0x057C03A0, 0x058D03CA, 0x059C03F2, 0x05A8041A, 0x05AD043C, 0x05B3045F,
	0x05BE0489, 0x05C204AE, 0x05C304D0, 0x05C204F0, 0x05BB050B, 0x05B9052C, 0x05B10548, 0x05A0055C, 0x05950578, 0x0586058E, 0x057405A0,
	0x056205B5, 0x054B05C5, 0x053605D7, 0x051F05E6, 0x04FD05E9, 0x04DE05F1, 0x04C005FA, 0x04A005FE, 0x04800601, 0x045C0602, 0x043505FF,
	0x040E05FA, 0x03EA05F6, 0x03C105ED, 0x039305DF, 0x036A05D4, 0x034105C7, 0x031305B6, 0x02E605A5, 0x02BB0594, 0x028B057B, 0x0259055E,
	0x022E0549, 0x02030533, 0x01D30515, 0x01A304F6, 0x017304D7, 0x014204B3, 0x01140491, 0x00E90470, 0x00BB044B, 0x008D0424, 0x006503FF,
	0x003C03DA, 0x000F03B0, 0xFFE70386, 0xFFC1035D, 0xFF980331, 0xFF6E0303, 0xFF4702D6, 0xFF2602AE, 0xFF020282, 0xFEDE0254, 0xFEBF0229,
	0xFE9D01FA, 0xFE7E01CD, 0xFE6501A3, 0xFE480172, 0xFE2C0144, 0xFE120119, 0xFDF600E8, 0xFDDE00BB, 0xFDCA0091, 0xFDB50067, 0xFDA2003C,
	0xFD8F0010, 0xFD7BFFE4, 0xFD6DFFBE, 0xFD62FF98, 0xFD4EFF6A, 0xFD3EFF40, 0xFD36FF1F, 0xFD2BFEF9, 0xFD1DFED0, 0xFD13FEAC, 0xFD0CFE8B,
	0xFD03FE66, 0xFCFDFE45, 0xFCF8FE26, 0xFCEFFE03, 0xFCEEFDE8, 0xFCEDFDCF, 0xFCE1FDAC, 0xFCDDFD92, 0xFCDEFD7B, 0xFCD8FD5D, 0xFCD8FD46,
	0xFCD7FD2E, 0xFCD6FD18, 0xFCD8FD07, 0xFCD3FCF0, 0xFCD4FCDF, 0xFCD7FCCD, 0xFCD2FCB6, 0xFCD7FCAA, 0xFCDAFC9D, 0xFCD6FC8C, 0xFCD7FC80,
	0xFCD9FC75, 0xFCDCFC6A, 0xFCDAFC5C, 0xFCDAFC54, 0xFCE1FC51, 0xFCE0FC44, 0xFCE0FC3C, 0xFCE7FC3B, 0xFCE7FC34, 0xFCE9FC2F, 0xFCEDFC2D,
	0xFCF1FC2B, 0xFCF5FC2B, 0xFCF7FC29, 0xFCFEFC2B, 0xFD01FC2D, 0xFD00FC2B, 0xFD07FC2F, 0xFD11FC37, 0xFD16FC3B, 0xFD1CFC3F, 0xFD25FC46,
	0xFD2FFC4D, 0xFD36FC54, 0xFD3EFC5B, 0xFD46FC61, 0xFD4FFC69, 0xFD59FC73, 0xFD66FC7F, 0xFD77FC8F, 0xFD82FC99, 0xFD8CFCA2, 0xFD9CFCB2,
	0xFDABFCC0, 0xFDBCFCCE, 0xFDCEFCDD, 0xFDDCFCEA, 0xFDF0FCFD, 0xFE04FD10, 0xFE16FD1F, 0xFE2AFD30, 0xFE40FD41, 0xFE55FD52, 0xFE6AFD63,
	0xFE82FD78, 0xFE9DFD90, 0xFEB4FDA2, 0xFECCFDB4, 0xFEE7FDC8, 0xFEFEFDDA, 0xFF19FDF0, 0xFF36FE07, 0xFF51FE1C, 0xFF6DFE31, 0xFF89FE47,
	0xFFA4FE5C, 0xFFBFFE70, 0xFFDEFE87, 0xFFFAFE9C, 0x0014FEB0, 0x0033FEC7, 0x004EFEDC, 0x0068FEF0, 0x0085FF06, 0x009DFF16, 0x00BAFF2C,
	0x00D5FF42, 0x00EFFF55, 0x010FFF6E, 0x0125FF7D, 0x0138FF8B, 0x0156FFA3, 0x0167FFB0, 0x017AFFBF, 0x0197FFD8, 0x01A4FFE1, 0x01B1FFEB,
	0x01C7FFFE, 0x01D20005, 0x01DF000E, 0x01F1001F, 0x01FA0027, 0x0202002F, 0x02100039, 0x02160040, 0x021A0047, 0x02200050, 0x02240054,
	0x02240055, 0x021F0055, 0x02190054, 0x021A0057, 0x02180059, 0x020F0055, 0x02060051, 0x01FF0050, 0x01F20049, 0x01E40042, 0x01D6003C,
	0x01C20030, 0x01B20028, 0x01A50022, 0x018E0013, 0x01760007, 0x0160FFFD, 0x0149FFEF, 0x0134FFE3, 0x0119FFD2, 0x00FDFFC1, 0x00E3FFB2,
	0x00C3FF9C, 0x00A4FF89, 0x008BFF7E, 0x006DFF6B, 0x004BFF53, 0x002BFF3F, 0x000FFF2E, 0xFFF2FF1D, 0xFFD3FF0C, 0xFFB7FEFC, 0xFF9AFEEA,
	0xFF7BFED8, 0xFF5BFEC5, 0xFF3CFEB2, 0xFF22FEA3, 0xFF09FE95, 0xFEEEFE87, 0xFED6FE7D, 0xFEC0FE73, 0xFEA9FE67, 0xFE91FE5B, 0xFE79FE51,
	0xFE66FE4A, 0xFE55FE45, 0xFE48FE42, 0xFE39FE3F, 0xFE2EFE3F, 0xFE26FE42, 0xFE1CFE45, 0xFE19FE4F, 0xFE17FE58, 0xFE12FE5D, 0xFE15FE6D,
	0xFE18FE7B, 0xFE1AFE87, 0xFE23FE9C, 0xFE2BFEB0, 0xFE35FEC5, 0xFE44FEDE, 0xFE54FEFA, 0xFE6AFF1C, 0xFE7CFF3A, 0xFE90FF59, 0xFEABFF7F,
	0xFEC5FFA5, 0xFEE3FFCF, 0xFF02FFF9, 0xFF1F0020, 0xFF450051, 0xFF6E0086, 0xFF9700BB, 0xFFC200F1, 0xFFEA0126, 0x0014015D, 0x00430199,
	0x007301D6, 0x00A20210, 0x00D2024D, 0x0106028D, 0x013A02CD, 0x016E030D, 0x01A2034E, 0x01D7038F, 0x020903CD, 0x023A040B, 0x0271044D,
	0x02A90490, 0x02DC04CE, 0x030F050E, 0x0342054D, 0x03700587, 0x03A105C4, 0x03D40601, 0x04010639, 0x042E0671, 0x045B06A8, 0x048306D8,
	0x04A90707, 0x04D2073B, 0x04F70767, 0x051A078F, 0x053D07BC, 0x055807E0, 0x05730800, 0x05920825, 0x05A6083F, 0x05B60854, 0x05CA0869,
	0x05D30873, 0x05DD0881, 0x05EA0892, 0x05EB0894, 0x05EA0892, 0x05EC0893, 0x05E9088E, 0x05E40887, 0x05D70878, 0x05C70863, 0x05BA0850,
	0x05A80837, 0x05910819, 0x057807FA, 0x055907D4, 0x053C07AD, 0x051D0783, 0x04F80753, 0x04D10720, 0x04A606E9, 0x047906AF, 0x044D0672,
	0x041E0631, 0x03EE05F0, 0x03B705AA, 0x03800560, 0x034B0516, 0x031004C8, 0x02D6047B, 0x029B042C, 0x025B03D6, 0x021D0381, 0x01E0032C,
	0x019E02D3, 0x015B0277, 0x011A021C, 0x00DB01C4, 0x00980168, 0x00530109, 0x001300AC, 0xFFD30051, 0xFF92FFF7, 0xFF4CFF96, 0xFF0BFF3A,
	0xFED1FEE3, 0xFE8DFE83, 0xFE4BFE26, 0xFE11FDD2, 0xFDD4FD79, 0xFD98FD21, 0xFD5FFCCC, 0xFD26FC79, 0xFCEFFC28, 0xFCB9FBD8, 0xFC89FB8D,
	0xFC59FB42, 0xFC25FAF5, 0xFBF8FAB2, 0xFBCEFA6F, 0xFBA4FA2D, 0xFB7FF9F1, 0xFB59F9B5, 0xFB35F97A, 0xFB13F944, 0xFAF4F912, 0xFAD9F8E2,
	0xFABEF8B3, 0xFAA4F889, 0xFA8EF863, 0xFA7AF83F, 0xFA6AF81E, 0xFA5AF7FF, 0xFA4DF7E6, 0xFA44F7D1, 0xFA39F7BB, 0xFA2FF7A8, 0xFA2AF79C,
	0xFA27F790, 0xFA24F785, 0xFA25F77F, 0xFA27F77D, 0xFA2AF77D, 0xFA2FF77E, 0xFA34F784, 0xFA3CF78C, 0xFA47F796, 0xFA54F7A4, 0xFA5FF7B2,
	0xFA66F7BD, 0xFA72F7D1, 0xFA85F7EA, 0xFA94F7FE, 0xFAA3F813, 0xFAB6F830, 0xFACBF850, 0xFADDF86D, 0xFAEEF889, 0xFB04F8AA, 0xFB14F8C6,
	0xFB25F8E5, 0xFB40F911, 0xFB54F934, 0xFB65F954, 0xFB7BF97B, 0xFB8EF9A0, 0xFBA7F9CA, 0xFBBBF9F2, 0xFBC9FA12, 0xFBE0FA3C, 0xFBF7FA67,
	0xFC08FA8B, 0xFC1EFAB5, 0xFC33FADF, 0xFC44FB05, 0xFC57FB2B, 0xFC6DFB55, 0xFC82FB7E, 0xFC94FBA5, 0xFCA8FBCD, 0xFCBAFBF4, 0xFCCAFC1A,
	0xFCDDFC41, 0xFCF2FC67, 0xFD05FC90, 0xFD16FCB6, 0xFD28FCD8, 0xFD3EFCFE, 0xFD52FD24, 0xFD67FD4A, 0xFD7DFD73, 0xFD93FD9A, 0xFDA7FDBD,
	0xFDBAFDE0, 0xFDD0FE04, 0xFDE6FE25, 0xFDFEFE4A, 0xFE19FE72, 0xFE2EFE91, 0xFE47FEB1, 0xFE66FED8, 0xFE7FFEFA, 0xFE97FF1C, 0xFEB4FF40,
	0xFED1FF61, 0xFEF0FF82, 0xFF0FFFA5, 0xFF2FFFCA, 0xFF4FFFEC, 0xFF72000E, 0xFF980032, 0xFFBC0056, 0xFFE00078, 0x0005009B, 0x002E00C0,
	0x005900E8, 0x0081010A, 0x00AD012F, 0x00DB0155, 0x01050177, 0x0134019F, 0x016101C2, 0x018D01E2, 0x01C2020F, 0x01F40236, 0x02220257,
	0x02560280, 0x028B02AA, 0x02BD02CF, 0x02EF02F1, 0x03210316, 0x0358033F, 0x038D0366, 0x03BF038A, 0x03F303B2, 0x042903D9, 0x045A03FC,
	0x048B0421, 0x04BC0445, 0x04EC0467, 0x0520048D, 0x055004B1, 0x057B04D0, 0x05A804F3, 0x05D70517, 0x06020538, 0x06290556, 0x06500575,
	0x06750593, 0x069605AC, 0x06BA05CA, 0x06DA05E7, 0x06F305FC, 0x07100615, 0x072C062F, 0x07410642, 0x07530654, 0x07650667, 0x07760679,
	0x077E0686, 0x07860693, 0x079306A5, 0x079906AF, 0x079C06B9, 0x079B06C4, 0x079406C8, 0x079006D0, 0x078506D3, 0x077706D1, 0x076B06D3,
	0x075A06D1, 0x074806D0, 0x073406D1, 0x071906C9, 0x06FC06C1, 0x06DD06B7, 0x06BE06AD, 0x06A206A6, 0x067F069A, 0x0658068D, 0x0631067F,
	0x0607066C, 0x05D90658, 0x05A60643, 0x05790631, 0x054C061D, 0x05160601, 0x04E205E9, 0x04B205D4, 0x047D05BB, 0x0443059C, 0x040B057F,
	0x03D50564, 0x039C0547, 0x035E0524, 0x032104FF, 0x02E804DE, 0x02AF04BF, 0x0273049D, 0x02380478, 0x01FA0450, 0x01BF042B, 0x0189040B,
	0x014F03E5, 0x011303BB, 0x00DD0396, 0x00A40370, 0x00680344, 0x002F0317, 0xFFFA02ED, 0xFFC502C5, 0xFF8D0296, 0xFF5A026C, 0xFF2D0246,
	0xFEFC021B, 0xFEC901EC, 0xFE9B01C0, 0xFE700196, 0xFE42016A, 0xFE12013A, 0xFDE6010A, 0xFDBF00DE, 0xFD9C00B6, 0xFD750086, 0xFD4B0054,
	0xFD290028, 0xFD05FFF9, 0xFCE1FFC8, 0xFCC3FF9B, 0xFCA3FF6B, 0xFC84FF3B, 0xFC6AFF0E, 0xFC4DFEDD, 0xFC2CFEA7, 0xFC0EFE75, 0xFBF3FE45,
	0xFBD8FE12, 0xFBC0FDE1, 0xFBABFDB4, 0xFB93FD82, 0xFB7DFD50, 0xFB66FD1E, 0xFB51FCEE, 0xFB3FFCC0, 0xFB28FC8B, 0xFB13FC58, 0xFB02FC2B,
	0xFAECFBF8, 0xFADBFBCA, 0xFACDFB9F, 0xFAB9FB6C, 0xFAA4FB39, 0xFA92FB0A, 0xFA81FADD, 0xFA70FAAD, 0xFA5EFA7E, 0xFA4FFA55, 0xFA40FA29,
	0xFA31F9FC, 0xFA23F9D5, 0xFA15F9AF, 0xFA07F986, 0xF9F8F95C, 0xF9EAF935, 0xF9D9F90F, 0xF9C9F8EA, 0xF9C0F8CA, 0xF9B4F8A8, 0xF9A5F885,
	0xF998F865, 0xF98DF847, 0xF986F82E, 0xF97DF813, 0xF974F7FA, 0xF96FF7E5, 0xF968F7D0, 0xF965F7C0, 0xF962F7B1, 0xF95AF79D, 0xF957F790,
	0xF958F784, 0xF959F77C, 0xF95AF777, 0xF95DF772, 0xF965F76F, 0xF96BF76F, 0xF971F773, 0xF97FF77D, 0xF98CF784, 0xF99AF78C, 0xF9AAF799,
	0xF9B9F7A8, 0xF9D0F7BF, 0xF9E6F7D3, 0xF9FBF7E7, 0xFA1AF804, 0xFA3AF824, 0xFA5BF845, 0xFA7EF86B, 0xFAA2F890, 0xFAC8F8B7, 0xFAF1F8E0,
	0xFB1EF90F, 0xFB4EF941, 0xFB7DF973, 0xFBB2F9AB, 0xFBEEF9E8, 0xFC24FA20, 0xFC5CFA5D, 0xFC9CFAA1, 0xFCDAFAE1, 0xFD1BFB24, 0xFD5FFB6D,
	0xFDA0FBB3, 0xFDEAFBFF, 0xFE38FC4E, 0xFE7EFC98, 0xFECCFCEA, 0xFF1CFD3E, 0xFF6AFD8E, 0xFFBBFDE2, 0x000CFE38, 0x005EFE8F, 0x00B4FEE8,
	0x010CFF43, 0x0161FF9C, 0x01B4FFF3, 0x020D0051, 0x026400AD, 0x02B70103, 0x03110162, 0x036801BE, 0x03BB0216, 0x04130273, 0x046702CD,
	0x04B90324, 0x050B037C, 0x055A03D2, 0x05A8042A, 0x05F5047E, 0x064004CE, 0x068A051F, 0x06D0056F, 0x071205BD, 0x07540607, 0x0796064F,
	0x07D00693, 0x080806D7, 0x083F071C, 0x086F0757, 0x08A00792, 0x08CF07CE, 0x08F50801, 0x091A0833, 0x093D0861, 0x0958088B, 0x096E08B2,
	0x098308D5, 0x099708F7, 0x09A1090F, 0x09A40924, 0x09AC0940, 0x09AF0954, 0x09AC0960, 0x09A7096C, 0x099B0973, 0x09890974, 0x09740970,
	0x095E096C, 0x09430965, 0x09230958, 0x0904094B, 0x08DF0937, 0x08B1091C, 0x08840903, 0x085208E1, 0x081F08BE, 0x07ED089D, 0x07B20873,
	0x07770848, 0x073B081B, 0x06F607E6, 0x06B007B0, 0x066D077E, 0x06250746, 0x05DC0708, 0x059206C9, 0x05440687, 0x04F40643, 0x04A50600,
	0x045605BB, 0x04060576, 0x03B6052E, 0x036604E3, 0x0316049A, 0x02C3044D, 0x027003FF, 0x022203B4, 0x01D20367, 0x01820319, 0x013602CD,
	0x00E7027E, 0x0095022C, 0x004701DE, 0x00010196, 0xFFBA014A, 0xFF7200FC, 0xFF2D00B1, 0xFEE60064, 0xFEA5001C, 0xFE66FFD7, 0xFE22FF8D,
	0xFDE2FF45, 0xFDACFF03, 0xFD79FEC5, 0xFD42FE85, 0xFD0CFE44, 0xFCDDFE0B, 0xFCAFFDD0, 0xFC82FD96, 0xFC5BFD62, 0xFC36FD31, 0xFC12FD01,
	0xFBEDFCD0, 0xFBCEFCA3, 0xFBB5FC7D, 0xFB98FC53, 0xFB7EFC2B, 0xFB6BFC09, 0xFB54FBE8, 0xFB42FBCC, 0xFB33FBB1, 0xFB26FB96, 0xFB1BFB80,
	0xFB12FB6D, 0xFB0EFB60, 0xFB09FB51, 0xFB02FB40, 0xFB03FB38, 0xFB04FB32, 0xFB05FB2D, 0xFB0BFB2E, 0xFB10FB2C, 0xFB13FB2B, 0xFB1AFB32,
	0xFB23FB3A, 0xFB2DFB41, 0xFB38FB4C, 0xFB44FB58, 0xFB50FB66, 0xFB60FB78, 0xFB6DFB8A, 0xFB79FB9C, 0xFB8BFBB2, 0xFB99FBC5, 0xFBA9FBDC,
	0xFBBBFBF8, 0xFBC9FC10, 0xFBDBFC2A, 0xFBEFFC47, 0xFBFEFC63, 0xFC0FFC82, 0xFC20FC9D, 0xFC33FCBC, 0xFC44FCDC, 0xFC51FCF8, 0xFC65FD19,
	0xFC79FD3C, 0xFC8AFD5C, 0xFC9AFD7A, 0xFCA9FD97, 0xFCBDFDBA, 0xFCCEFDDB, 0xFCDBFDF7, 0xFCEDFE19, 0xFCFAFE35, 0xFD07FE51, 0xFD1CFE73,
	0xFD2DFE90, 0xFD38FEA9, 0xFD45FEC3, 0xFD53FEE0, 0xFD63FEFA, 0xFD6FFF0F, 0xFD7CFF24, 0xFD8EFF3F, 0xFD9DFF57, 0xFDA7FF69, 0xFDB4FF7B,
	0xFDC3FF8E, 0xFDCFFF9D, 0xFDDCFFAB, 0xFDE9FFBA, 0xFDF7FFC8, 0xFE07FFD4, 0xFE17FFE0, 0xFE25FFEA, 0xFE30FFF0, 0xFE40FFF8, 0xFE540004,
	0xFE5F0007, 0xFE6A0008, 0xFE7C000D, 0xFE8D000F, 0xFE9D0010, 0xFEAC000F, 0xFEBD000E, 0xFECE000D, 0xFEE0000A, 0xFEF60009, 0xFF070005,
	0xFF190000, 0xFF30FFFF, 0xFF41FFF5, 0xFF56FFF1, 0xFF6DFFEE, 0xFF7DFFE3, 0xFF94FFDD, 0xFFA6FFD1, 0xFFB9FFC7, 0xFFD4FFC6, 0xFFE5FFB8,
	0xFFF9FFAD, 0x0016FFAC, 0x0028FFA0, 0x0040FF97, 0x005CFF94, 0x006FFF87, 0x0084FF7C, 0x009DFF76, 0x00B3FF6F, 0x00CBFF69, 0x00E6FF65,
	0x00FCFF5E, 0x010FFF55, 0x0124FF4F, 0x0138FF47, 0x014BFF3F, 0x015FFF38, 0x0172FF32, 0x0189FF32, 0x019CFF2E, 0x01A9FF26, 0x01BBFF24,
	0x01CBFF1F, 0x01D7FF1A, 0x01E8FF1A, 0x01F8FF1A, 0x0202FF16, 0x020AFF14, 0x0217FF17, 0x0224FF19, 0x022CFF16, 0x0235FF17, 0x023CFF1A,
	0x0242FF1B, 0x0249FF20, 0x024FFF26, 0x024FFF26, 0x024FFF27, 0x0252FF2D, 0x0252FF31, 0x0254FF39, 0x0257FF44, 0x0252FF44, 0x024BFF47,
	0x0248FF4F, 0x0242FF55, 0x023CFF5C, 0x0235FF62, 0x022DFF68, 0x0226FF72, 0x021BFF78, 0x0213FF82, 0x020EFF8F, 0x0203FF96, 0x01FAFFA0,
	0x01EFFFAA, 0x01E2FFB2, 0x01D8FFBD, 0x01CCFFC7, 0x01C2FFD2, 0x01B5FFDD, 0x01A6FFE6, 0x01A0FFF6, 0x01980005, 0x018A000F, 0x0180001C,
	0x01760028, 0x016A0033, 0x015F0041, 0x01570051, 0x014F0062, 0x0145006F, 0x013B007B, 0x0137008D, 0x0134009F, 0x012D00AC, 0x012A00BF,
	0x012500D0, 0x011C00DC, 0x011C00F0, 0x01190101, 0x0114010F, 0x01190127, 0x01180138, 0x01160149, 0x011C0160, 0x011E0170, 0x01210182,
	0x01260198, 0x012A01AD, 0x013001C2, 0x013701D5, 0x014001EB, 0x014601FF, 0x014C0212, 0x01560227, 0x015E0239, 0x016A0251, 0x01740267,
	0x017A0277, 0x0187028E, 0x019002A0, 0x019502AD, 0x01A402C4, 0x01B102D8, 0x01BB02EB, 0x01C502FD, 0x01CC030C, 0x01D90320, 0x01E40330,
	0x01EC0340, 0x01F60351, 0x01FB035C, 0x0204036C, 0x020F037C, 0x02110384, 0x0213038D, 0x02190397, 0x021E03A1, 0x022203AB, 0x022203B1,
	0x022003B5, 0x021F03BA, 0x021B03BD, 0x021503BD, 0x021303BE, 0x021003C1, 0x020403BC, 0x01F903B7, 0x01F203B5, 0x01E503AE, 0x01D703A6,
	0x01CA039E, 0x01BA0393, 0x01AA0388, 0x0198037B, 0x01820368, 0x016E0359, 0x015B034C, 0x01400336, 0x0126031F, 0x0110030B, 0x00F402F4,
	0x00D402D9, 0x00B402BB, 0x0093029C, 0x00760283, 0x00530262, 0x0030023F, 0x00130222, 0xFFEE01FE, 0xFFC801DA, 0xFFA801B8, 0xFF820191,
	0xFF5C016B, 0xFF370142, 0xFF100118, 0xFEEB00F1, 0xFEC400C7, 0xFE9D009E, 0xFE7A0076, 0xFE530049, 0xFE2D001E, 0xFE09FFF3, 0xFDE5FFC8,
	0xFDC0FF9C, 0xFD9EFF72, 0xFD7EFF49, 0xFD5BFF1A, 0xFD38FEEF, 0xFD1AFECA, 0xFCF9FE9F, 0xFCDCFE74, 0xFCC4FE4F, 0xFCAAFE29, 0xFC8FFE01,
	0xFC75FDDB, 0xFC5EFDB6, 0xFC49FD92, 0xFC32FD6D, 0xFC1EFD4C, 0xFC12FD31, 0xFC05FD13, 0xFBF6FCF5, 0xFBEEFCDF, 0xFBE4FCC5, 0xFBD8FCA8,
	0xFBD8FC96, 0xFBD8FC86, 0xFBD8FC77, 0xFBDBFC6A, 0xFBD7FC55, 0xFBD9FC47, 0xFBE4FC45, 0xFBECFC3B, 0xFBF8FC36, 0xFC07FC35, 0xFC14FC33,
	0xFC26FC36, 0xFC36FC36, 0xFC47FC38, 0xFC5BFC3C, 0xFC6EFC40, 0xFC86FC4C, 0xFCA4FC5B, 0xFCC1FC68, 0xFCDAFC76, 0xFCF5FC86, 0xFD17FC9C,
	0xFD38FCAE, 0xFD57FCC2, 0xFD78FCDA, 0xFD97FCEF, 0xFDB9FD06, 0xFDDDFD21, 0xFE02FD3B, 0xFE28FD57, 0xFE4BFD72, 0xFE6EFD8D, 0xFE93FDAB,
	0xFEB8FDC8, 0xFEDDFDE7, 0xFEFDFE00, 0xFF1DFE1A, 0xFF45FE3C, 0xFF68FE5C, 0xFF86FE74, 0xFFA8FE90, 0xFFCDFEB0, 0xFFEDFECD, 0x000BFEE5,
	0x0026FEFD, 0x0042FF17, 0x0061FF34, 0x0077FF46, 0x008AFF54, 0x00A6FF6E, 0x00BFFF85, 0x00D0FF91, 0x00E2FFA1, 0x00F3FFB2, 0x0105FFC4,
	0x0115FFD0, 0x011FFFD6, 0x012BFFE0, 0x0135FFE8, 0x013FFFF0, 0x0145FFF5, 0x0147FFF4, 0x014DFFF6, 0x0151FFF4, 0x014FFFEF, 0x014EFFED,
	0x014BFFE7, 0x0146FFDF, 0x0140FFD6, 0x013AFFCB, 0x0135FFC0, 0x012CFFB3, 0x011EFFA4, 0x0114FF95, 0x010BFF86, 0x00FDFF72, 0x00EDFF60,
	0x00DFFF4C, 0x00CFFF33, 0x00C3FF24, 0x00B7FF14, 0x00A5FEFA, 0x009BFEE9, 0x008CFED4, 0x0079FEBB, 0x006DFEA9, 0x005AFE90, 0x004AFE7A,
	0x003FFE6A, 0x002CFE50, 0x001DFE3D, 0x0011FE2A, 0x0005FE15, 0xFFFBFE05, 0xFFEAFDF1, 0xFFDFFDE1, 0xFFDDFDD9, 0xFFD4FDCA, 0xFFCCFDBD,
	0xFFC8FDB6, 0xFFC5FDAE, 0xFFC1FDA5, 0xFFBEFD9E, 0xFFBEFD9A, 0xFFBDFD97, 0xFFC1FD99, 0xFFC8FD9F, 0xFFCCFD9F, 0xFFD2FDA5, 0xFFDAFDAE,
	0xFFE5FDB9, 0xFFF1FDC8, 0xFFFDFDD3, 0x000BFDE2, 0x001BFDF5, 0x002BFE0A, 0x003DFE20, 0x0051FE39, 0x0069FE55, 0x007EFE72, 0x0093FE90,
	0x00ABFEB1, 0x00C3FED3, 0x00E0FEFA, 0x00FFFF24, 0x0116FF47, 0x0131FF6D, 0x0150FF9B, 0x016BFFC7, 0x0188FFF2, 0x01AA0022, 0x01C80051,
	0x01E60083, 0x020600B6, 0x022200E4, 0x023F0115, 0x025E014A, 0x027B017E, 0x029901B5, 0x02B401E7, 0x02CF0219, 0x02ED0252, 0x03030281,
	0x031902B2, 0x033502EA, 0x03480319, 0x03590345, 0x036F0377, 0x038503AB, 0x039303D8, 0x039E03FF, 0x03AD042C, 0x03BA0458, 0x03C2047E,
	0x03CA04A5, 0x03D204CA, 0x03D704EF, 0x03D90511, 0x03D9052F, 0x03D9054B, 0x03D10564, 0x03CA057C, 0x03C50593, 0x03BB05A4, 0x03AE05B5,
	0x03A205C8, 0x039405D5, 0x038205DC, 0x036F05E2, 0x035A05E8, 0x033F05E7, 0x032605E9, 0x030905E5, 0x02ED05DE, 0x02D505DA, 0x02B205CF,
	0x028D05BF, 0x026F05B4, 0x024A05A1, 0x02220589, 0x01FF0576, 0x01DA055F, 0x01B10545, 0x01860527, 0x015C0508, 0x013104E7, 0x010604C5,
	0x00DC04A2, 0x00AD0479, 0x00810452, 0x0057042B, 0x002A03FF, 0x000103D6, 0xFFD203A6, 0xFFA10374, 0xFF790349, 0xFF4F0317, 0xFF1F02E1,
	0xFEF702B3, 0xFED00283, 0xFEA6024E, 0xFE7E021B, 0xFE5B01EB, 0xFE3501B7, 0xFE0A017C, 0xFDE60148, 0xFDC60118, 0xFDA400E3, 0xFD8300AF,
	0xFD64007C, 0xFD450047, 0xFD280013, 0xFD0CFFE1, 0xFCF6FFB1, 0xFCE0FF80, 0xFCC8FF4F, 0xFCB3FF22, 0xFCA0FEF4, 0xFC8EFEC3, 0xFC83FE99,
	0xFC74FE6F, 0xFC62FE41, 0xFC55FE16, 0xFC4CFDF0, 0xFC45FDCA, 0xFC3DFDA2, 0xFC34FD7A, 0xFC31FD57, 0xFC2EFD37, 0xFC27FD11, 0xFC27FCF0,
	0xFC2AFCD5, 0xFC29FCB6, 0xFC2CFC99, 0xFC31FC7F, 0xFC34FC65, 0xFC38FC4B, 0xFC3DFC32, 0xFC45FC1D, 0xFC50FC0C, 0xFC57FBF6, 0xFC5EFBE2,
	0xFC6BFBD4, 0xFC77FBC6, 0xFC82FBB8, 0xFC8AFBA6, 0xFC94FB98, 0xFCA6FB94, 0xFCB2FB8C, 0xFCBEFB83, 0xFCD0FB80, 0xFCDEFB7B, 0xFCE8FB73,
	0xFCF9FB73, 0xFD0BFB75, 0xFD1AFB74, 0xFD26FB73, 0xFD35FB76, 0xFD46FB7B, 0xFD57FB80, 0xFD66FB86, 0xFD75FB8E, 0xFD87FB99, 0xFD99FBA3,
	0xFDAAFBB0, 0xFDBDFBBE, 0xFDCBFBC8, 0xFDDCFBD8, 0xFDEFFBE9, 0xFDFCFBF6, 0xFE0FFC0A, 0xFE26FC22, 0xFE33FC33, 0xFE40FC44, 0xFE54FC5B,
	0xFE6DFC76, 0xFE82FC90, 0xFE95FCAA, 0xFEA6FCC3, 0xFEB7FCDA, 0xFECEFCF9, 0xFEE2FD16, 0xFEF7FD33, 0xFF13FD57, 0xFF2BFD7A, 0xFF43FD9B,
	0xFF5BFDBC, 0xFF70FDDB, 0xFF8AFE01, 0xFFA5FE28, 0xFFBDFE49, 0xFFD8FE6F, 0xFFF3FE96, 0x000BFEB7, 0x0026FEDA, 0x0043FF01, 0x005EFF28,
	0x007AFF50, 0x009AFF77, 0x00B9FF9D, 0x00D7FFC3, 0x00F1FFE6, 0x0111000C, 0x01380039, 0x0154005D, 0x01710082, 0x019800AE, 0x01B900D1,
	0x01D900F4, 0x01F80118, 0x0215013A, 0x023A0163, 0x025C0186, 0x027A01A3, 0x029801C2, 0x02B601E2, 0x02D60201, 0x02F3021A, 0x03110236,
	0x03320256, 0x034D026E, 0x036A0285, 0x0385029C, 0x039802AE, 0x03B002C1, 0x03CB02D4, 0x03E002E3, 0x03F102F0, 0x040402FC, 0x041A030B,
	0x042C0317, 0x0438031C, 0x04440321, 0x04530329, 0x0460032F, 0x0467032D, 0x046B0329, 0x04710327, 0x04720323, 0x0472031B, 0x04720313,
	0x0471030B, 0x046B02FF, 0x046402F3, 0x045D02E5, 0x045002D1, 0x044502C1, 0x043902B1, 0x04230297, 0x040D027F, 0x03FA0269, 0x03E4024F,
	0x03C70230, 0x03AC0214, 0x039301FB, 0x037101D8, 0x035201B9, 0x0334019F, 0x030B0178, 0x02E50153, 0x02BE012F, 0x0293010A, 0x026B00E8,
	0x023C00BD, 0x020F0096, 0x01E80076, 0x01B7004E, 0x01870026, 0x0156FFFD, 0x0122FFD4, 0x00F2FFB1, 0x00BFFF88, 0x008CFF60, 0x005BFF3E,
	0x0029FF19, 0xFFF8FEF5, 0xFFC5FED0, 0xFF91FEAB, 0xFF5EFE89, 0xFF2DFE66, 0xFF00FE49, 0xFED0FE2D, 0xFE9FFE0E, 0xFE73FDF0, 0xFE47FDD3,
	0xFE18FDB8, 0xFDE9FD9F, 0xFDC2FD8B, 0xFD9EFD78, 0xFD78FD65, 0xFD53FD56, 0xFD31FD47, 0xFD0FFD38, 0xFCF2FD2D, 0xFCD6FD25, 0xFCBDFD20,
	0xFCA3FD1A, 0xFC8CFD16, 0xFC7EFD19, 0xFC6CFD1A, 0xFC5CFD1D, 0xFC50FD25, 0xFC42FD2A, 0xFC3AFD35, 0xFC37FD45, 0xFC2EFD4E, 0xFC2EFD5E,
	0xFC31FD73, 0xFC35FD8A, 0xFC3DFDA3, 0xFC40FDB7, 0xFC4BFDD3, 0xFC5EFDF4, 0xFC6AFE11, 0xFC7BFE33, 0xFC8DFE55, 0xFC9BFE71, 0xFCB7FE97,
	0xFCD1FEC0, 0xFCE5FEE6, 0xFCFCFF0C, 0xFD1BFF35, 0xFD3EFF62, 0xFD5BFF8D, 0xFD7AFFBA, 0xFD9EFFE8, 0xFDBC000E, 0xFDDC003B, 0xFE01006C,
	0xFE230097, 0xFE4500C2, 0xFE6800EE, 0xFE8A011B, 0xFEB00149, 0xFED60174, 0xFEF901A0, 0xFF1A01CA, 0xFF3C01F1, 0xFF5E0219, 0xFF820244,
	0xFFA5026D, 0xFFC10290, 0xFFE002B5, 0xFFFF02D8, 0x001702F4, 0x00340314, 0x00520336, 0x006C0353, 0x00860371, 0x00990386, 0x00AD039B,
	0x00C103B0, 0x00D103C0, 0x00E603D4, 0x00F503E2, 0x00FF03EB, 0x010F03F9, 0x011A0401, 0x011C0401, 0x01240406, 0x012C0409, 0x012E0405,
	0x01310402, 0x013203FE, 0x012F03F5, 0x012E03ED, 0x012F03E3, 0x012C03D6, 0x012703C8, 0x012003B6, 0x011903A3, 0x0111038D, 0x01070374,
	0x00FD035D, 0x00F00340, 0x00E50326, 0x00DF030F, 0x00CE02ED, 0x00C102CC, 0x00B602AD, 0x00A6028A, 0x009C026A, 0x008B0242, 0x007D021B,
	0x007601FE, 0x006601D6, 0x005B01AF, 0x0053018C, 0x00440162, 0x00370139, 0x002F0114, 0x002400EC, 0x001A00C4, 0x0014009F, 0x000D0077,
	0x00070051, 0x00060030, 0xFFFD0005, 0xFFF8FFDF, 0xFFFBFFC2, 0xFFF5FF99, 0xFFF2FF73, 0xFFF5FF53, 0xFFF5FF32, 0xFFF9FF15, 0xFFFCFEF3,
	0x0002FED5, 0x000CFEBE, 0x000FFE9E, 0x0015FE81, 0x001EFE68, 0x0024FE4F, 0x0030FE3A, 0x003DFE26, 0x004AFE14, 0x0053FDFE, 0x005AFDE6,
	0x006CFDD9, 0x007AFDCB, 0x0087FDBD, 0x009BFDB5, 0x00A7FDA5, 0x00B4FD9B, 0x00CAFD99, 0x00D8FD90, 0x00E2FD85, 0x00F0FD81, 0x0100FD80,
	0x0111FD7F, 0x0121FD7E, 0x012CFD7C, 0x0139FD7E, 0x0148FD81, 0x0155FD83, 0x0165FD8A, 0x016FFD8F, 0x0178FD94, 0x0184FD9C, 0x018BFDA1,
	0x0192FDA9, 0x019CFDB4, 0x01A0FDBA, 0x01A5FDC3, 0x01A9FDCE, 0x01ADFDDA, 0x01ADFDE3, 0x01A8FDE9, 0x01A9FDF8, 0x01A9FE05, 0x01A3FE0D,
	0x01A0FE1B, 0x0197FE27, 0x018FFE33, 0x0186FE3E, 0x0178FE44, 0x016DFE51, 0x0162FE5D, 0x0151FE66, 0x013FFE70, 0x0132FE7C, 0x0129FE8C,
	0x0115FE94, 0x00FDFE9A, 0x00ECFEA5, 0x00D6FEAA, 0x00BFFEB0, 0x00A6FEB7, 0x0089FEBA, 0x0074FEC2, 0x0059FEC5, 0x003AFEC6, 0x0025FED2,
	0x000EFED9, 0xFFEFFED8, 0xFFD1FED8, 0xFFB4FED8, 0xFF98FEDB, 0xFF7DFEDE, 0xFF60FEDD, 0xFF43FEDB, 0xFF26FED9, 0xFF09FED8, 0xFEEBFED6,
	0xFED1FED3, 0xFEB7FECE, 0xFE9DFECC, 0xFE83FECB, 0xFE67FEC5, 0xFE52FEC3, 0xFE3EFEC3, 0xFE1FFEB8, 0xFE06FEB0, 0xFDF8FEB1, 0xFDE4FEAF,
	0xFDD2FEAD, 0xFDC4FEAC, 0xFDB3FEA6, 0xFDA5FEA5, 0xFD98FEA5, 0xFD8AFEA1, 0xFD7EFE9C, 0xFD74FE99, 0xFD6CFE98, 0xFD65FE98, 0xFD5EFE97,
	0xFD5BFE96, 0xFD58FE97, 0xFD56FE97, 0xFD57FE98, 0xFD59FE9B, 0xFD59FE9D, 0xFD59FE9D, 0xFD5DFEA1, 0xFD68FEA9, 0xFD6FFEAE, 0xFD78FEB4,
	0xFD82FEBB, 0xFD8DFEC2, 0xFD9AFECC, 0xFDA6FED5, 0xFDB2FEDF, 0xFDBEFEE7, 0xFDCFFEF1, 0xFDE6FF03, 0xFDF5FF0D, 0xFE03FF16, 0xFE19FF29,
	0xFE30FF3C, 0xFE43FF4B, 0xFE55FF59, 0xFE6BFF69, 0xFE81FF7C, 0xFE93FF8C, 0xFEADFFA2, 0xFEC6FFB9, 0xFED8FFCA, 0xFEF0FFE0, 0xFF06FFF3,
	0xFF1A0005, 0xFF32001C, 0xFF4A0034, 0xFF61004B, 0xFF770060, 0xFF8C0076, 0xFFA60092, 0xFFBE00AB, 0xFFD000C0, 0xFFE300D4, 0xFFFB00ED,
	0x0014010A, 0x00280123, 0x003C013C, 0x00500155, 0x0061016C, 0x00750186, 0x008B01A1, 0x009B01B5, 0x00AB01CC, 0x00BE01E8, 0x00D10200,
	0x00E5021A, 0x00F40232, 0x01010245, 0x0116025E, 0x01270277, 0x0134028B, 0x014302A1, 0x015102B5, 0x016202CD, 0x017402E7, 0x017D02F6,
	0x018C030A, 0x019C0321, 0x01A5032F, 0x01B50342, 0x01C20355, 0x01CE0364, 0x01DF037B, 0x01EB038B, 0x01F40395, 0x020003A3, 0x020F03B2,
	0x021E03C0, 0x022A03CD, 0x023903DB, 0x024703E7, 0x025003F0, 0x025E03FB, 0x026D0406, 0x0278040E, 0x02870417, 0x0293041F, 0x029D0424,
	0x02A70427, 0x02B2042C, 0x02C00433, 0x02CE0436, 0x02DA0438, 0x02E60439, 0x02ED0436, 0x02F60434, 0x03010435, 0x03090430, 0x0316042E,
	0x0322042B, 0x0321041F, 0x032A0419, 0x03340412, 0x03340401, 0x033C03FB, 0x034403F3, 0x034303E1, 0x034803D6, 0x034B03C8, 0x034D03B8,
	0x035003A8, 0x034C0390, 0x0349037E, 0x0348036C, 0x03400351, 0x033A0339, 0x03350321, 0x032E0308, 0x032502ED, 0x031902D0, 0x030C02B2,
	0x03000294, 0x02F50277, 0x02E10254, 0x02CA022E, 0x02BA020C, 0x02A701E8, 0x028E01C2, 0x02730199, 0x025C0173, 0x02480151, 0x022E012B,
	0x02100101, 0x01EF00D4, 0x01CF00A6, 0x01B0007B, 0x018D004C, 0x016B0021, 0x0146FFF5, 0x011AFFBF, 0x00F2FF8D, 0x00CBFF5E, 0x00A4FF2F,
	0x007CFF00, 0x004BFECA, 0x001DFE96, 0xFFF0FE64, 0xFFC1FE30, 0xFF92FDFE, 0xFF5EFDC8, 0xFF2FFD94, 0xFF01FD63, 0xFECCFD2C, 0xFE9CFCFA,
	0xFE6DFCCA, 0xFE38FC94, 0xFE05FC61, 0xFDD2FC2E, 0xFDA0FBFB, 0xFD6DFBC7, 0xFD3BFB96, 0xFD0BFB68, 0xFCD8FB38, 0xFCA7FB0A, 0xFC78FADC,
	0xFC48FAAF, 0xFC1AFA83, 0xFBEDFA59, 0xFBBFFA2F, 0xFB90FA03, 0xFB67F9DD, 0xFB3FF9BA, 0xFB15F994, 0xFAF0F972, 0xFACCF952, 0xFAA9F934,
	0xFA8AF91B, 0xFA6BF902, 0xFA4EF8EA, 0xFA36F8D6, 0xFA20F8C4, 0xFA07F8AF, 0xF9EFF89B, 0xF9DDF890, 0xF9C9F883, 0xF9BCF87C, 0xF9B9F87C,
	0xF9ACF875, 0xF99FF870, 0xF99DF876, 0xF9A0F87F, 0xF9A6F889, 0xF9A7F890, 0xF9AAF899, 0xF9B5F8AC, 0xF9C1F8C0, 0xF9D2F8D9, 0xF9E6F8F4,
	0xF9F9F90D, 0xFA0EF92B, 0xFA27F94C, 0xFA45F972, 0xFA64F998, 0xFA81F9BF, 0xFAA5F9EC, 0xFACBFA1A, 0xFAF4FA4C, 0xFB1FFA80, 0xFB49FAB5,
	0xFB78FAEF, 0xFBA6FB27, 0xFBD9FB64, 0xFC10FBA3, 0xFC42FBDF, 0xFC79FC25, 0xFCB5FC6E, 0xFCEDFCB1, 0xFD28FCF7, 0xFD66FD40, 0xFDA5FD8C,
	0xFDE5FDD9, 0xFE26FE25, 0xFE63FE70, 0xFEA2FEBC, 0xFEE8FF0D, 0xFF2BFF5C, 0xFF6DFFAD, 0xFFADFFFC, 0xFFE80045, 0x00290093, 0x006A00E2,
	0x00AC0132, 0x00F20184, 0x012C01CB, 0x01680217, 0x01AC0267, 0x01E302AB, 0x021D02F3, 0x025B033F, 0x02910381, 0x02CA03C7, 0x0300040A,
	0x03320447, 0x03640485, 0x039104BC, 0x03BF04F6, 0x03EE0532, 0x04160565, 0x043C0595, 0x046005C3, 0x048105ED, 0x04A4061A, 0x04C40641,
	0x04DE0662, 0x04FC0687, 0x051406A5, 0x052406BC, 0x053A06D7, 0x054B06EC, 0x055406F8, 0x05600708, 0x05680713, 0x056D071A, 0x05750723,
	0x05750723, 0x05740723, 0x05740723, 0x056B0716, 0x0564070D, 0x055D0703, 0x054F06F1, 0x054506E4, 0x053606CF, 0x052106B1, 0x051606A0,
	0x05040688, 0x04EC0666, 0x04D9064A, 0x04C20628, 0x04A80604, 0x048E05DE, 0x046F05B3, 0x0453058D, 0x04390567, 0x041D053C, 0x03FD050F,
	0x03DA04E0, 0x03BE04B4, 0x03A4048B, 0x0382045A, 0x035F0426, 0x034103F8, 0x032003C7, 0x02FB0393, 0x02E00368, 0x02C4033A, 0x029F0303,
	0x027D02D1, 0x025F02A3, 0x02440275, 0x02290247, 0x02060214, 0x01EA01E7, 0x01CF01BB, 0x01AE0188, 0x0196015F, 0x0181013A, 0x0166010F,
	0x014C00E5, 0x013300C0, 0x011B0099, 0x01060075, 0x00F40055, 0x00E10033, 0x00CC0013, 0x00B9FFF6, 0x00A5FFD9, 0x0097FFC1, 0x0087FFA4,
	0x0073FF85, 0x0068FF71, 0x0057FF5A, 0x0046FF42, 0x003EFF33, 0x0031FF1E, 0x0024FF0E, 0x001BFF02, 0x000EFEF1, 0x0002FEE5, 0xFFF9FEDA,
	0xFFF3FED1, 0xFFE8FEC7, 0xFFDCFEBB, 0xFFDAFEBB, 0xFFD1FEB6, 0xFFC4FEAA, 0xFFC0FEAB, 0xFFB8FEA8, 0xFFAFFEA5, 0xFFA9FEA4, 0xFF9DFE9E,
	0xFF97FE9F, 0xFF8FFEA2, 0xFF82FE9D, 0xFF7DFEA0, 0xFF77FEA5, 0xFF69FEA1, 0xFF60FEA3, 0xFF5BFEA9, 0xFF50FEAA, 0xFF47FEAE, 0xFF3FFEB0,
	0xFF32FEAF, 0xFF26FEB3, 0xFF16FEB2, 0xFF0CFEB5, 0xFF02FEB9, 0xFEEDFEB4, 0xFEE4FEB8, 0xFEDAFEBB, 0xFEC5FEB4, 0xFEB9FEB8, 0xFEA8FEB5,
	0xFE94FEB0, 0xFE8BFEB6, 0xFE78FEB1, 0xFE66FEAB, 0xFE58FEA8, 0xFE43FEA1, 0xFE33FEA1, 0xFE20FE9B, 0xFE0DFE94, 0xFE01FE91, 0xFDEDFE89,
	0xFDDAFE81, 0xFDCAFE7B, 0xFDB6FE71, 0xFDA6FE6B, 0xFD96FE63, 0xFD7FFE54, 0xFD6CFE49, 0xFD60FE42, 0xFD4FFE38, 0xFD3CFE2B, 0xFD2DFE20,
	0xFD1EFE13, 0xFD10FE05, 0xFD00FDFA, 0xFCF2FDEE, 0xFCE7FDE3, 0xFCDAFDD7, 0xFCD0FDCD, 0xFCC8FDC3, 0xFCBBFDB2, 0xFCB0FDA4, 0xFCAAFD9B,
	0xFCA6FD94, 0xFCA2FD8A, 0xFC9DFD7E, 0xFC9CFD76, 0xFC97FD69, 0xFC94FD5F, 0xFC98FD5C, 0xFC92FD4D, 0xFC91FD41, 0xFC97FD3C, 0xFC99FD32,
	0xFCA0FD2D, 0xFCA8FD28, 0xFCB1FD24, 0xFCBAFD22, 0xFCC1FD1A, 0xFCD0FD18, 0xFCDCFD15, 0xFCE5FD12, 0xFCF7FD15, 0xFD04FD13, 0xFD16FD14,
	0xFD2AFD18, 0xFD37FD15, 0xFD4DFD19, 0xFD63FD1E, 0xFD75FD21, 0xFD8AFD26, 0xFD9EFD2C, 0xFDB6FD33, 0xFDCAFD36, 0xFDE2FD3D, 0xFDFEFD4B,
	0xFE12FD50, 0xFE28FD57, 0xFE42FD61, 0xFE58FD68, 0xFE77FD7A, 0xFE92FD89, 0xFEA7FD90, 0xFEC2FD9E, 0xFED9FDAA, 0xFEEEFDB4, 0xFF07FDC2,
	0xFF20FDCF, 0xFF38FDDE, 0xFF4FFDEE, 0xFF67FDFD, 0xFF80FE0D, 0xFF96FE1E, 0xFFACFE2F, 0xFFC1FE3F, 0xFFD3FE4E, 0xFFE8FE5F, 0xFFFDFE73,
	0x0012FE85, 0x0024FE98, 0x0034FEA9, 0x0044FEBB, 0x0054FECB, 0x0062FEDC, 0x0072FEEF, 0x007FFF01, 0x008CFF13, 0x009BFF26, 0x00A7FF3B,
	0x00B1FF4F, 0x00BBFF60, 0x00C7FF74, 0x00D1FF87, 0x00DAFF99, 0x00E5FFAF, 0x00EBFFC0, 0x00F4FFD4, 0x0100FFEC, 0x0103FFFB, 0x01090010,
	0x01120028, 0x01160039, 0x011D004F, 0x01240066, 0x01270077, 0x012E008E, 0x013500A6, 0x013700B7, 0x013A00CA, 0x014200E1, 0x014B00FA,
	0x01500111, 0x01530124, 0x0159013A, 0x01620152, 0x016B0169, 0x0174017F, 0x017D0197, 0x018201AB, 0x018A01C1, 0x019701DD, 0x019E01F3,
	0x01A60206, 0x01B30221, 0x01BF0239, 0x01C8024D, 0x01D00261, 0x01DF0279, 0x01EF0293, 0x01FA02A8, 0x020602BC, 0x021502D2, 0x022202E7,
	0x023102FD, 0x023E0312, 0x024B0326, 0x025C033A, 0x026E034E, 0x027E0361, 0x028A0373, 0x02980385, 0x02A80396, 0x02BA03A8, 0x02C803B9,
	0x02D203C3, 0x02DF03D0, 0x02EE03DE, 0x02FA03E8, 0x030703F6, 0x03150402, 0x0321040A, 0x032D0415, 0x033A041F, 0x03450427, 0x034C042B,
	0x0354042E, 0x035A0432, 0x035F0434, 0x03660437, 0x03690436, 0x036B0433, 0x036D0430, 0x036D042D, 0x036D0429, 0x036A0422, 0x03640418,
	0x035E040D, 0x03580401, 0x035303F9, 0x034703E8, 0x033B03D8, 0x033403D1, 0x032303BD, 0x031203A6, 0x03070396, 0x02F2037F, 0x02DC0369,
	0x02CA0355, 0x02B4033C, 0x029E0324, 0x02850309, 0x026A02EE, 0x024E02D1, 0x022C02AF, 0x020E0290, 0x01F50276, 0x01D50257, 0x01B40235,
	0x01920213, 0x017001F2, 0x015001D2, 0x012B01B0, 0x0105018B, 0x00E4016A, 0x00C00146, 0x0097011F, 0x007400FD, 0x005200DD, 0x002C00BA,
	0x00040094, 0xFFE0006F, 0xFFBE004E, 0xFF99002C, 0xFF74000A, 0xFF52FFE7, 0xFF2EFFC3, 0xFF0AFFA2, 0xFEE8FF82, 0xFECAFF65, 0xFEADFF48,
	0xFE91FF2A, 0xFE77FF11, 0xFE59FEF3, 0xFE3EFED7, 0xFE2AFEC2, 0xFE11FEAA, 0xFDFBFE95, 0xFDE7FE7F, 0xFDD1FE66, 0xFDC3FE56, 0xFDB3FE44,
	0xFDA4FE32, 0xFD9BFE24, 0xFD8DFE13, 0xFD83FE08, 0xFD7CFDFE, 0xFD74FDF1, 0xFD73FDEC, 0xFD6FFDE5, 0xFD6DFDDE, 0xFD6EFDDB, 0xFD6CFDD5,
	0xFD72FDD4, 0xFD77FDD4, 0xFD7BFDD2, 0xFD84FDD7, 0xFD8AFDD8, 0xFD92FDD8, 0xFDA1FDDF, 0xFDAEFDE6, 0xFDBAFDEC, 0xFDC5FDF1, 0xFDD1FDF8,
	0xFDE0FE02, 0xFDF0FE0A, 0xFE00FE12, 0xFE0FFE1B, 0xFE1EFE25, 0xFE30FE30, 0xFE42FE3B, 0xFE50FE45, 0xFE61FE51, 0xFE73FE5D, 0xFE80FE64,
	0xFE8EFE6E, 0xFEA0FE7A, 0xFEAEFE82, 0xFEBDFE8C, 0xFEC9FE93, 0xFED2FE99, 0xFEDCFE9E, 0xFEE5FEA2, 0xFEF1FEAB, 0xFEFBFEB2, 0xFF00FEB2,
	0xFF08FEB7, 0xFF0DFEB9, 0xFF0CFEB5, 0xFF0EFEB5, 0xFF12FEB6, 0xFF11FEB4, 0xFF0DFEAE, 0xFF09FEA8, 0xFF06FEA3, 0xFEFFFE9A, 0xFEF8FE93,
	0xFEF2FE8D, 0xFEE8FE7F, 0xFEDBFE70, 0xFED0FE65, 0xFEC5FE57, 0xFEB7FE48, 0xFEA5FE37, 0xFE90FE22, 0xFE80FE12, 0xFE70FE00, 0xFE59FDE8,
	0xFE46FDD5, 0xFE37FDC4, 0xFE24FDAE, 0xFE0FFD99, 0xFDF6FD7E, 0xFDE2FD66, 0xFDCDFD4E, 0xFDB5FD35, 0xFDA4FD22, 0xFD8FFD08, 0xFD76FCEB,
	0xFD66FCDA, 0xFD51FCC0, 0xFD3CFCA6, 0xFD2EFC94, 0xFD19FC7A, 0xFD07FC61, 0xFCF7FC4D, 0xFCE6FC37, 0xFCDCFC28, 0xFCD2FC18, 0xFCC8FC07,
	0xFCC2FBFB, 0xFCBAFBEB, 0xFCB6FBDE, 0xFCB5FBD3, 0xFCB2FBC7, 0xFCB2FBC0, 0xFCB4FBBB, 0xFCB8FBB7, 0xFCBDFBB3, 0xFCC2FBAD, 0xFCCBFBAE,
	0xFCDBFBB4, 0xFCEFFBBD, 0xFCFEFBC5, 0xFD0CFBCA, 0xFD20FBD5, 0xFD37FBE1, 0xFD4EFBED, 0xFD67FBFF, 0xFD83FC14, 0xFDA1FC28, 0xFDC3FC40,
	0xFDE4FC5B, 0xFE05FC76, 0xFE2CFC94, 0xFE57FCB8, 0xFE7DFCD9, 0xFEA3FCFA, 0xFECEFD1D, 0xFEFBFD44, 0xFF27FD6E, 0xFF51FD98, 0xFF7EFDC3,
	0xFFB1FDF3, 0xFFE3FE24, 0x0011FE55, 0x0044FE88, 0x0079FEBF, 0x00ABFEF2, 0x00DBFF25, 0x010DFF5C, 0x0141FF97, 0x0173FFD1, 0x01A4000A,
	0x01D60045, 0x0209007F, 0x023B00BC, 0x026B00F9, 0x029B0136, 0x02CB0176, 0x02F601B0, 0x031F01E8, 0x034E0225, 0x037B0262, 0x03A402A0,
	0x03CC02DE, 0x03F20318, 0x041A0352, 0x043C038B, 0x045C03C3, 0x048003FF, 0x049F0436, 0x04BC046A, 0x04D904A1, 0x04EF04D1, 0x050404FF,
	0x051C0532, 0x05300562, 0x05440590, 0x055A05BF, 0x056605E6, 0x056F060A, 0x05830638, 0x058D065F, 0x058C067B, 0x0593069B, 0x059906BC,
	0x059A06D8, 0x059D06F3, 0x059C070A, 0x0599071F, 0x05940735, 0x058C0743, 0x05850752, 0x057F0762, 0x0573076B, 0x05640770, 0x05550772,
	0x05450775, 0x0537077A, 0x05240779, 0x05100772, 0x0501076F, 0x04EC0767, 0x04D10757, 0x04B9074B, 0x04A3073C, 0x048B072C, 0x0472071B,
	0x04550702, 0x043506E5, 0x041806CA, 0x03FC06AE, 0x03DE068F, 0x03BD066D, 0x039E064C, 0x037D0627, 0x035B0600, 0x033C05DA, 0x031B05B0,
	0x02F90584, 0x02D80558, 0x02B4052A, 0x029204FB, 0x026F04CA, 0x024A0497, 0x02260463, 0x0202042D, 0x01DB03F5, 0x01B503BC, 0x01910385,
	0x01700350, 0x014D0319, 0x012C02E0, 0x010802A6, 0x00DE0267, 0x00B60228, 0x009301EF, 0x007101B4, 0x004F0175, 0x002B013A, 0x00070100,
	0xFFE100C2, 0xFFBC0085, 0xFF970047, 0xFF710008, 0xFF4DFFCE, 0xFF29FF92, 0xFF04FF53, 0xFEE1FF17, 0xFEBCFEDD, 0xFE96FEA3, 0xFE74FE6A,
	0xFE4FFE30, 0xFE29FDF6, 0xFE07FDC1, 0xFDE3FD87, 0xFDBBFD4C, 0xFD99FD18, 0xFD76FCE3, 0xFD52FCAC, 0xFD30FC7B, 0xFD0BFC49, 0xFCE9FC19,
	0xFCC7FBE8, 0xFCA2FBB7, 0xFC84FB8D, 0xFC63FB63, 0xFC3DFB34, 0xFC1EFB0C, 0xFBFCFAE3, 0xFBDCFABD, 0xFBBFFA9B, 0xFB9DFA75, 0xFB80FA54,
	0xFB65FA36, 0xFB48FA18, 0xFB2DF9FD, 0xFB0FF9DF, 0xFAF3F9C4, 0xFADEF9AE, 0xFAC5F997, 0xFAAAF981, 0xFA91F96D, 0xFA7BF95D, 0xFA68F94E,
	0xFA55F940, 0xFA42F934, 0xFA30F92B, 0xFA22F928, 0xFA15F924, 0xFA09F91F, 0xF9FFF91E, 0xF9F3F91C, 0xF9ECF921, 0xF9E9F928, 0xF9E2F929,
	0xF9DDF930, 0xF9DAF939, 0xF9DBF944, 0xF9E0F956, 0xF9E2F965, 0xF9E9F976, 0xF9F1F98B, 0xF9F6F99B, 0xFA03F9B3, 0xFA13F9CD, 0xFA21F9E4,
	0xFA36FA03, 0xFA47FA20, 0xFA5AFA3F, 0xFA74FA63, 0xFA8AFA82, 0xFAA5FAA3, 0xFAC2FAC9, 0xFADCFAEB, 0xFAFFFB16, 0xFB24FB42, 0xFB44FB66,
	0xFB68FB91, 0xFB90FBBF, 0xFBB7FBEB, 0xFBE1FC1B, 0xFC0FFC4B, 0xFC3CFC7A, 0xFC68FCA9, 0xFC95FCD8, 0xFCC7FD0D, 0xFCFCFD43, 0xFD2AFD70,
	0xFD5CFDA2, 0xFD98FDDC, 0xFDCDFE0E, 0xFE00FE40, 0xFE3BFE78, 0xFE73FEAE, 0xFEABFEE3, 0xFEE7FF18, 0xFF23FF50, 0xFF5DFF87, 0xFF94FFB7,
	0xFFCCFFE8, 0x0005001C, 0x00400051, 0x007E0086, 0x00BA00B9, 0x00F100E9, 0x0129011B, 0x0162014B, 0x0199017A, 0x01CD01A6, 0x020301D2,
	0x023901FE, 0x026D0229, 0x02A20256, 0x02D30280, 0x030202A7, 0x033502D1, 0x036302F5, 0x038F0318, 0x03BD033E, 0x03E3035B, 0x040C037A,
	0x0433039B, 0x045503B5, 0x047D03D3, 0x049E03EC, 0x04B803FF, 0x04DA041A, 0x04F6042F, 0x050C043E, 0x05260452, 0x053E0464, 0x05520472,
	0x0563047E, 0x0576048B, 0x05890498, 0x0595049D, 0x059C04A0, 0x05A204A3, 0x05A804A4, 0x05AE04A5, 0x05B004A4, 0x05B404A4, 0x05B3049F,
	0x05AC0496, 0x05AB0494, 0x05A8048D, 0x059E047F, 0x05960476, 0x05890469, 0x057A0458, 0x0570044C, 0x0561043E, 0x054F042B, 0x0540041B,
	0x0530040A, 0x051803F2, 0x050203DE, 0x04EF03CD, 0x04D703B3, 0x04BF039B, 0x04AA0387, 0x048C036B, 0x04700352, 0x0459033E, 0x043C0322,
	0x041E0306, 0x040402F1, 0x03E602D6, 0x03C502B6, 0x03A8029B, 0x038A0282, 0x036A0267, 0x034A024C, 0x032B022F, 0x030C0215, 0x02ED01FC,
	0x02CD01E2, 0x02B201CC, 0x029401B2, 0x02710196, 0x02560182, 0x02350169, 0x0211014D, 0x01FB013D, 0x01E2012A, 0x01C30113, 0x01A80102,
	0x018F00F3, 0x017400DF, 0x015500C9, 0x013A00B8, 0x012300AB, 0x01070098, 0x00F00089, 0x00D8007B, 0x00BA0069, 0x00A4005F, 0x008E0057,
	0x0076004C, 0x00640045, 0x004C003A, 0x0037002F, 0x00240028, 0x000D0020, 0xFFFA001B, 0xFFE50013, 0xFFCF000B, 0xFFC0000C, 0xFFA90004,
	0xFF94FFFB, 0xFF84FFFB, 0xFF70FFF7, 0xFF5EFFF2, 0xFF4EFFF0, 0xFF3BFFEA, 0xFF26FFE4, 0xFF17FFE5, 0xFF04FFE2, 0xFEEEFFDB, 0xFEDDFFD9,
	0xFECFFFD8, 0xFEBAFFD2, 0xFEA6FFCF, 0xFE94FFC9, 0xFE7DFFC0, 0xFE6CFFBD, 0xFE5DFFBD, 0xFE4BFFB8, 0xFE37FFB2, 0xFE21FFAB, 0xFE0CFFA4,
	0xFDFAFF9D, 0xFDE3FF92, 0xFDCCFF89, 0xFDB9FF82, 0xFDA7FF79, 0xFD90FF6B, 0xFD7BFF61, 0xFD68FF5A, 0xFD4FFF4D, 0xFD39FF3E, 0xFD25FF32,
	0xFD0FFF25, 0xFCF9FF17, 0xFCE4FF07, 0xFCD0FEF8, 0xFCBAFEE9, 0xFCA1FED6, 0xFC8DFEC5, 0xFC7AFEB5, 0xFC64FEA3, 0xFC4EFE90, 0xFC39FE7D,
	0xFC27FE6A, 0xFC15FE58, 0xFC00FE45, 0xFBEDFE31, 0xFBDBFE1C, 0xFBCAFE09, 0xFBBBFDF6, 0xFBABFDE2, 0xFB9EFDD1, 0xFB91FDBE, 0xFB83FDAA,
	0xFB79FD9A, 0xFB6FFD89, 0xFB62FD76, 0xFB59FD64, 0xFB51FD52, 0xFB4CFD41, 0xFB47FD33, 0xFB41FD23, 0xFB3EFD13, 0xFB3DFD06, 0xFB3DFCF9,
	0xFB3FFCEF, 0xFB44FCE8, 0xFB49FCDF, 0xFB4FFCD5, 0xFB57FCCC, 0xFB61FCC3, 0xFB6BFCBF, 0xFB76FCBC, 0xFB83FCB7, 0xFB93FCB6, 0xFBA3FCB5,
	0xFBB4FCB4, 0xFBC9FCB6, 0xFBDFFCB9, 0xFBF7FCBF, 0xFC10FCC6, 0xFC28FCCC, 0xFC46FCD6, 0xFC64FCE2, 0xFC82FCEC, 0xFCA1FCF8, 0xFCBFFD03,
	0xFCE6FD15, 0xFD0EFD28, 0xFD32FD39, 0xFD5BFD50, 0xFD80FD62, 0xFDA8FD78, 0xFDD8FD96, 0xFDFFFDA9, 0xFE26FDBE, 0xFE56FDDC, 0xFE85FDF8,
	0xFEB6FE17, 0xFEE4FE35, 0xFF0FFE50, 0xFF42FE73, 0xFF79FE99, 0xFFA9FEB9, 0xFFD5FED9, 0x0008FEFC, 0x003BFF1F, 0x0069FF3F, 0x009BFF66,
	0x00CFFF8C, 0x00FEFFAE, 0x0130FFD5, 0x0161FFFA, 0x0191001E, 0x01C00044, 0x01ED0069, 0x021D008F, 0x024B00B2, 0x027600D5, 0x02A300FC,
	0x02CA011E, 0x02F80144, 0x0325016C, 0x0348018A, 0x036E01AB, 0x039501CE, 0x03B801ED, 0x03DC020E, 0x03FC0229, 0x04190244, 0x04380261,
	0x0452027B, 0x046D0294, 0x048802AD, 0x049D02C4, 0x04B002D9, 0x04C202EB, 0x04D302FC, 0x04E2030E, 0x04F0031F, 0x04FC032B, 0x05030332,
	0x0509033B, 0x050E0345, 0x0511034D, 0x05140352, 0x05130354, 0x05110355, 0x050E0355, 0x05070352, 0x04FD034C, 0x04F10343, 0x04E8033F,
	0x04DD0338, 0x04CD032C, 0x04BF0321, 0x04AD0312, 0x04970300, 0x048502F4, 0x047002E4, 0x045602CC, 0x043B02B5, 0x042302A2, 0x0409028C,
	0x03E90270, 0x03CF0259, 0x03B50240, 0x038F021F, 0x03710204, 0x035501EA, 0x033001C9, 0x030D01AB, 0x02EB018B, 0x02C70169, 0x02A20148,
	0x027F0128, 0x0261010A, 0x023B00E7, 0x021400C5, 0x01F400A7, 0x01CC0080, 0x01AA0061, 0x01880042, 0x0160001D, 0x01420001, 0x011EFFE3,
	0x00F5FFC0, 0x00D6FFA3, 0x00B3FF82, 0x008FFF61, 0x0071FF46, 0x0051FF29, 0x0032FF0E, 0x0010FEF0, 0xFFEFFED4, 0xFFD3FEC0, 0xFFB6FEA9,
	0xFF9EFE96, 0xFF83FE80, 0xFF63FE65, 0xFF4DFE58, 0xFF37FE4A, 0xFF19FE34, 0xFF03FE25, 0xFEEBFE16, 0xFED3FE09, 0xFEBFFE00, 0xFEA8FDF2,
	0xFE93FDE8, 0xFE81FDE2, 0xFE6DFDD9, 0xFE5BFDD4, 0xFE4DFDD3, 0xFE39FDCE, 0xFE26FDCA, 0xFE17FDCA, 0xFE05FDC8, 0xFDF7FDCB, 0xFDEEFDD4,
	0xFDDEFDD6, 0xFDCFFDD9, 0xFDC9FDE6, 0xFDBDFDED, 0xFDAFFDF1, 0xFDA5FDFE, 0xFD99FE07, 0xFD8EFE10, 0xFD88FE1F, 0xFD7EFE2D, 0xFD75FE3B,
	0xFD6EFE4B, 0xFD65FE57, 0xFD59FE64, 0xFD55FE7A, 0xFD54FE90, 0xFD4BFE9E, 0xFD42FEAD, 0xFD3FFEC5, 0xFD3BFEDB, 0xFD36FEEC, 0xFD30FEFE,
	0xFD2FFF17, 0xFD31FF31, 0xFD2DFF45, 0xFD2CFF5C, 0xFD2FFF79, 0xFD2CFF8D, 0xFD2CFFA0, 0xFD32FFBB, 0xFD31FFD1, 0xFD31FFE8, 0xFD370002,
	0xFD380016, 0xFD3B002C, 0xFD420048, 0xFD480060, 0xFD510076, 0xFD5B008D, 0xFD6600A6, 0xFD7200C2, 0xFD7800D6, 0xFD8200EA, 0xFD920104,
	0xFD9F011C, 0xFDAE0132, 0xFDBD0149, 0xFDCE0160, 0xFDDF0177, 0xFDF1018C, 0xFE0901A5, 0xFE1D01BA, 0xFE2E01C9, 0xFE4901E1, 0xFE6201F5,
	0xFE790208, 0xFE95021E, 0xFEA9022B, 0xFEC2023C, 0xFEE10251, 0xFEF7025B, 0xFF12026A, 0xFF33027E, 0xFF4F028B, 0xFF70029A, 0xFF9202A9,
	0xFFAC02B0, 0xFFC802B8, 0xFFE802C3, 0x000802CD, 0x002802D5, 0x004C02E0, 0x006B02E7, 0x008502E8, 0x00A502EF, 0x00C602F3, 0x00E502F4,
	0x010502F8, 0x012002F7, 0x013902F2, 0x015502ED, 0x017202EA, 0x018C02E5, 0x01A002D9, 0x01B902D3, 0x01D702CF, 0x01EA02C2, 0x01FB02B5,
	0x020C02A6, 0x021E0294, 0x0238028B, 0x02470279, 0x02500261, 0x025E024F, 0x02660237, 0x026F021F, 0x027B020B, 0x027F01EF, 0x028101D3,
	0x028601B8, 0x0289019C, 0x0288017E, 0x0284015C, 0x027E013A, 0x02780117, 0x027400F5, 0x026D00D3, 0x025F00AB, 0x02540085, 0x02490060,
	0x02380035, 0x0224000C, 0x0213FFE5, 0x0204FFBE, 0x01F3FF94, 0x01DBFF68, 0x01C3FF3C, 0x01AAFF12, 0x0191FEE8, 0x017AFEBF, 0x0160FE93,
	0x0147FE6A, 0x012CFE3F, 0x010FFE12, 0x00F7FDEE, 0x00DBFDC6, 0x00BAFD98, 0x009FFD71, 0x0082FD49, 0x0064FD22, 0x0049FD01, 0x002BFCDA,
	0x000EFCB5, 0xFFF6FC98, 0xFFDCFC79, 0xFFBFFC56, 0xFFA4FC35, 0xFF8DFC1A, 0xFF75FC02, 0xFF5CFBE9, 0xFF46FBD1, 0xFF30FBBC, 0xFF1CFBAA,
	0xFF0AFB98, 0xFEF7FB88, 0xFEEAFB7E, 0xFEDFFB76, 0xFECFFB6C, 0xFEC0FB61, 0xFEB5FB5B, 0xFEACFB5A, 0xFEA4FB5C, 0xFEA0FB60, 0xFE9AFB62,
	0xFE96FB67, 0xFE98FB74, 0xFE9CFB82, 0xFE9FFB91, 0xFE9EFB9D, 0xFE9FFBAA, 0xFEA4FBBE, 0xFEA8FBD1, 0xFEB1FBE9, 0xFEBFFC06, 0xFEC9FC1F,
	0xFED5FC3D, 0xFEE2FC5D, 0xFEEDFC78, 0xFEFAFC99, 0xFF0AFCC0, 0xFF1DFCE6, 0xFF2DFD0B, 0xFF39FD2D, 0xFF4FFD58, 0xFF6AFD88, 0xFF7AFDAE,
	0xFF8AFDD7, 0xFFA0FE06, 0xFFB7FE33, 0xFFCDFE61, 0xFFDDFE8C, 0xFFEEFEB6, 0x0001FEE4, 0x0016FF14, 0x002AFF43, 0x003EFF71, 0x0052FFA0,
	0x0064FFCD, 0x0072FFF7, 0x00800020, 0x0092004C, 0x00A10076, 0x00AC009E, 0x00B800C7, 0x00C600F2, 0x00D00117, 0x00D7013A, 0x00E0015D,
	0x00E80180, 0x00ED01A2, 0x00EF01BE, 0x00F101DC, 0x00F701FD, 0x00F80217, 0x00F4022F, 0x00F30248, 0x00F0025C, 0x00EE0272, 0x00E70284,
	0x00DD0292, 0x00D902A6, 0x00D102B4, 0x00C302BB, 0x00BA02C8, 0x00AE02CF, 0x00A102D4, 0x009802DE, 0x008802E0, 0x007502DD, 0x006802DF,
	0x005602DD, 0x004402DA, 0x003402D8, 0x002302D2, 0x001102CA, 0xFFFC02BF, 0xFFEB02B8, 0xFFDE02B2, 0xFFC902A4, 0xFFB70298, 0xFFA7028D,
	0xFF90027A, 0xFF7D026C, 0xFF6C025C, 0xFF5C024A, 0xFF4E023B, 0xFF3B0227, 0xFF2E0217, 0xFF26020B, 0xFF1501F7, 0xFF0501E3, 0xFEF901CF,
	0xFEEC01BA, 0xFEE201A9, 0xFEDB0199, 0xFED40188, 0xFECD0175, 0xFEC90164, 0xFEC90157, 0xFEC20145, 0xFEBD0132, 0xFEC00123, 0xFEC00114,
	0xFEBE0106, 0xFEBD00F6, 0xFEC300E7, 0xFECB00DC, 0xFECB00CC, 0xFED000C0, 0xFEDB00B9, 0xFEE200AE, 0xFEEE00A8, 0xFEF9009F, 0xFF000091,
	0xFF0C008B, 0xFF180084, 0xFF24007E, 0xFF36007C, 0xFF460078, 0xFF580077, 0xFF660074, 0xFF73006D, 0xFF86006C, 0xFF97006B, 0xFFA8006B,
	0xFFB8006C, 0xFFC7006A, 0xFFD9006B, 0xFFEA006B, 0xFFFA006D, 0x000D0072, 0x001D0075, 0x002D0076, 0x003C0078, 0x004C007B, 0x005E0081,
	0x006C0085, 0x00790088, 0x0087008C, 0x0093008F, 0x00A00095, 0x00AD0099, 0x00BA009C, 0x00C700A1, 0x00CB00A2, 0x00CF00A2, 0x00D800A6,
	0x00DE00A5, 0x00E500A8, 0x00EB00AD, 0x00EE00AC, 0x00F200AA, 0x00F600AD, 0x00F800B0, 0x00FA00B2, 0x00FC00B2, 0x00FA00AF, 0x00F700AD,
	0x00F600AB, 0x00F300A8, 0x00F000A7, 0x00ED00A4, 0x00E600A0, 0x00DF009A, 0x00DB0095, 0x00D70090, 0x00CE0088, 0x00C40081, 0x00BA007A,
	0x00B30072, 0x00B0006D, 0x00A60064, 0x00980057, 0x00920050, 0x008B0047, 0x0081003C, 0x007A0034, 0x00700029, 0x0066001C, 0x005E0012,
	0x00540007, 0x004CFFFC, 0x0044FFEE, 0x003CFFE1, 0x0037FFD8, 0x002CFFCA, 0x0023FFBB, 0x0020FFB1, 0x001AFFA5, 0x0011FF98, 0x000CFF8C,
	0x0008FF7D, 0x0003FF6E, 0x0000FF63, 0xFFFDFF58, 0xFFF8FF4A, 0xFFF7FF40, 0xFFF9FF36, 0xFFF4FF27, 0xFFF1FF1B, 0xFFF0FF10, 0xFFF1FF07,
	0xFFF5FEFE, 0xFFF6FEF1, 0xFFF6FEE7, 0xFFF7FEDC, 0xFFF8FED1, 0x0000FECD, 0x0003FEC6, 0x0002FEBA, 0x0008FEB2, 0x000CFEA9, 0x0011FEA4,
	0x0019FEA2, 0x001BFE97, 0x001FFE8F, 0x0027FE8C, 0x002BFE86, 0x0030FE83, 0x0034FE7D, 0x0036FE75, 0x0041FE78, 0x0049FE78, 0x0048FE71,
	0x004DFE6F, 0x0053FE70, 0x0056FE6B, 0x0059FE69, 0x005FFE6C, 0x0063FE6C, 0x0065FE6A, 0x0068FE6C, 0x006EFE71, 0x006EFE70, 0x006EFE70,
	0x0074FE78, 0x0073FE78, 0x006EFE74, 0x0072FE7C, 0x0071FE82, 0x006BFE82, 0x006AFE86, 0x006BFE8D, 0x006AFE92, 0x0066FE96, 0x0061FE9B,
	0x005CFEA1, 0x0056FEA6, 0x0052FEAD, 0x004DFEB3, 0x0044FEB6, 0x003DFEBC, 0x0037FEC4, 0x0031FECF, 0x002BFED9, 0x001EFEDA, 0x0015FEDF,
	0x0011FEED, 0x0006FEF4, 0xFFF8FEF8, 0xFFF2FF03, 0xFFEEFF10, 0xFFE0FF15, 0xFFD3FF1D, 0xFFCFFF2C, 0xFFC3FF33, 0xFFB4FF37, 0xFFB1FF47,
	0xFFA9FF54, 0xFF9BFF59, 0xFF96FF67, 0xFF8FFF75, 0xFF80FF7A, 0xFF77FF84, 0xFF6FFF8F, 0xFF63FF97, 0xFF5EFFA6, 0xFF58FFB4, 0xFF4FFFBC,
	0xFF4DFFCA, 0xFF47FFD6, 0xFF3FFFDE, 0xFF3BFFEB, 0xFF36FFF7, 0xFF330003, 0xFF2E000D, 0xFF290016, 0xFF2E0026, 0xFF2E0034, 0xFF29003D,
	0xFF280049, 0xFF240051, 0xFF24005C, 0xFF2B006C, 0xFF2C0077, 0xFF2D0081, 0xFF2F008D, 0xFF310097, 0xFF32009E, 0xFF3700A8, 0xFF4100B8,
	0xFF4100BD, 0xFF4000C2, 0xFF4D00D2, 0xFF5100D8, 0xFF5500DD, 0xFF5F00EA, 0xFF6100EE, 0xFF6900F6, 0xFF740101, 0xFF740101, 0xFF780104,
	0xFF800109, 0xFF87010D, 0xFF8E0110, 0xFF950114, 0xFF9B0116, 0xFF9D0114, 0xFFA20114, 0xFFAB0118, 0xFFB00117, 0xFFB30115, 0xFFB70111,
	0xFFBB010E, 0xFFC3010D, 0xFFC9010A, 0xFFCC0107, 0xFFCF0104, 0xFFD300FD, 0xFFD900FB, 0xFFDA00F6, 0xFFD900EC, 0xFFDB00E5, 0xFFE000DE,
	0xFFE000D4, 0xFFDC00C7, 0xFFE000C1, 0xFFE400BD, 0xFFDC00AF, 0xFFD800A0, 0xFFD70094, 0xFFD20087, 0xFFD2007E, 0xFFD10073, 0xFFCD0066,
	0xFFCA0059, 0xFFC30048, 0xFFC0003B, 0xFFC00032, 0xFFB60022, 0xFFAE0012, 0xFFA90006, 0xFFA6FFF9, 0xFFA3FFEE, 0xFF9FFFE1, 0xFF99FFD3,
	0xFF91FFC5, 0xFF8BFFB8, 0xFF86FFA9, 0xFF7DFF9C, 0xFF7BFF94, 0xFF77FF89, 0xFF70FF7C, 0xFF6DFF73, 0xFF67FF69, 0xFF61FF5D, 0xFF5FFF53,
	0xFF5CFF4C, 0xFF59FF47, 0xFF56FF3F, 0xFF51FF36, 0xFF4FFF31, 0xFF4DFF2B, 0xFF4FFF28, 0xFF52FF26, 0xFF4FFF20, 0xFF4DFF1E, 0xFF4FFF1F,
	0xFF4EFF1A, 0xFF4EFF17, 0xFF56FF1F, 0xFF5EFF26, 0xFF61FF28, 0xFF63FF2B, 0xFF66FF2C, 0xFF6AFF2F, 0xFF75FF3A, 0xFF7DFF42, 0xFF83FF49,
	0xFF8DFF54, 0xFF98FF5F, 0xFFA1FF6B, 0xFFACFF78, 0xFFBAFF85, 0xFFC6FF92, 0xFFD0FF9F, 0xFFDFFFB0, 0xFFF2FFC4, 0x0000FFD4, 0x000DFFE4,
	0x001AFFF4, 0x002B0008, 0x00420020, 0x00550038, 0x0065004E, 0x00750060, 0x00880077, 0x009E0091, 0x00AD00A4, 0x00BF00BB, 0x00D600D6,
	0x00E900EC, 0x01000108, 0x01180124, 0x012B013B, 0x01410156, 0x0155016F, 0x016A0186, 0x017F01A0, 0x019301B8, 0x01A801D1, 0x01BE01ED,
	0x01D10205, 0x01E4021A, 0x01F60231, 0x020C024A, 0x02200262, 0x02310279, 0x0243028E, 0x025702A4, 0x026C02BA, 0x027D02CD, 0x028802DD,
	0x029602EF, 0x02A80301, 0x02B4030D, 0x02BD0319, 0x02CB0328, 0x02D50333, 0x02DC033C, 0x02EA034B, 0x02F30354, 0x02F50355, 0x02F9035A,
	0x02FF035F, 0x03050363, 0x030A0366, 0x030A0364, 0x030A0362, 0x030A0360, 0x03070358, 0x03030350, 0x02FE0347, 0x02F9033C, 0x02F30333,
	0x02EB0328, 0x02E00315, 0x02D30302, 0x02C902F0, 0x02BB02DC, 0x02A702C5, 0x029A02B1, 0x028B0298, 0x02740279, 0x0263025F, 0x02500243,
	0x0235021E, 0x021D01FE, 0x020501DE, 0x01E801B8, 0x01CC018F, 0x01B2016B, 0x01950145, 0x0178011D, 0x015C00F5, 0x013A00CB, 0x0116009E,
	0x00F60071, 0x00CF003E, 0x00AA000E, 0x008DFFE6, 0x0065FFB4, 0x003AFF80, 0x001AFF56, 0xFFF4FF25, 0xFFC5FEEA, 0xFFA0FEBB, 0xFF7FFE91,
	0xFF53FE5C, 0xFF26FE25, 0xFF01FDF7, 0xFEDDFDC7, 0xFEB1FD91, 0xFE88FD62, 0xFE63FD34, 0xFE36FCFE, 0xFE0CFCCB, 0xFDEBFCA2, 0xFDC5FC75,
	0xFD9CFC45, 0xFD79FC1C, 0xFD55FBF4, 0xFD2EFBC8, 0xFD0BFB9F, 0xFCEBFB79, 0xFCC9FB54, 0xFCADFB34, 0xFC93FB17, 0xFC73FAF4, 0xFC52FAD0,
	0xFC37FAB3, 0xFC1AFA97, 0xFBFEFA7D, 0xFBE9FA69, 0xFBD2FA52, 0xFBB8FA39, 0xFBA6FA28, 0xFB98FA1D, 0xFB88FA10, 0xFB7BFA07, 0xFB6EF9FE,
	0xFB60F9F6, 0xFB59F9F4, 0xFB50F9F2, 0xFB47F9F0, 0xFB45F9F4, 0xFB43F9FB, 0xFB42FA01, 0xFB41FA08, 0xFB42FA13, 0xFB4AFA25, 0xFB4DFA33,
	0xFB51FA42, 0xFB5DFA5A, 0xFB66FA6F, 0xFB70FA88, 0xFB80FAA2, 0xFB8DFABB, 0xFBA1FADD, 0xFBB7FB02, 0xFBCBFB25, 0xFBE2FB4B, 0xFBF5FB6C,
	0xFC0EFB96, 0xFC2DFBC4, 0xFC44FBEB, 0xFC62FC1B, 0xFC83FC4D, 0xFCA1FC7A, 0xFCC4FCAE, 0xFCE2FCDD, 0xFD01FD0E, 0xFD29FD47, 0xFD4AFD7A,
	0xFD6CFDAE, 0xFD93FDE7, 0xFDB9FE1F, 0xFDE0FE56, 0xFE06FE8D, 0xFE2EFEC7, 0xFE56FF02, 0xFE7BFF39, 0xFEA5FF74, 0xFECCFFAB, 0xFEF3FFE1,
	0xFF1F001F, 0xFF470056, 0xFF6E008C, 0xFF9A00C9, 0xFFC10100, 0xFFE80137, 0x000E016C, 0x0030019B, 0x005801D2, 0x00800209, 0x00A30238,
	0x00C9026A, 0x00EF029C, 0x011402CB, 0x013402F6, 0x01550323, 0x017B034F, 0x019B0377, 0x01B9039E, 0x01DA03C8, 0x01F803ED, 0x0217040F,
	0x02350432, 0x024D0451, 0x02690470, 0x0287048F, 0x029F04AB, 0x02B604C5, 0x02CE04DC, 0x02E404F1, 0x02FA0506, 0x0311051C, 0x0326052D,
	0x0337053A, 0x034B054A, 0x035D0558, 0x036C0560, 0x037E0568, 0x03900572, 0x039C0577, 0x03A8057A, 0x03B90581, 0x03C60584, 0x03D00581,
	0x03DF0582, 0x03E9057F, 0x03ED0576, 0x03F80573, 0x0401056B, 0x04070560, 0x040D0559, 0x0411054E, 0x04170543, 0x041C0536, 0x041E0524,
	0x04240516, 0x04280508, 0x042904F6, 0x042D04E6, 0x042B04D1, 0x042B04BD, 0x042D04AC, 0x04260492, 0x04240479, 0x04240463, 0x041C0448,
	0x04180431, 0x04130418, 0x040A03FA, 0x040503E1, 0x040003C8, 0x03F503AA, 0x03EB038B, 0x03E1036E, 0x03D5034E, 0x03C90331, 0x03C00317,
	0x03B002F6, 0x039D02D3, 0x038F02B6, 0x037D0294, 0x036C0271, 0x035D0252, 0x03450230, 0x0330020F, 0x031D01ED, 0x030301C5, 0x02E901A2,
	0x02D20183, 0x02BB0160, 0x02A0013C, 0x02830118, 0x026700F6, 0x024700D0, 0x022900AC, 0x02090088, 0x01E6005F, 0x01C8003E, 0x01A8001B,
	0x0181FFF3, 0x0161FFD3, 0x013BFFAE, 0x0110FF85, 0x00EDFF61, 0x00C4FF39, 0x009CFF14, 0x0078FEF5, 0x0051FED2, 0x002AFEAF, 0x0002FE8B,
	0xFFD8FE68, 0xFFB0FE47, 0xFF88FE27, 0xFF62FE06, 0xFF38FDE3, 0xFF0CFDC1, 0xFEE5FDA3, 0xFEBBFD80, 0xFE95FD62, 0xFE71FD49, 0xFE49FD2C,
	0xFE23FD11, 0xFDFDFCF4, 0xFDD7FCD9, 0xFDB6FCC2, 0xFD91FCA9, 0xFD6EFC92, 0xFD4FFC7C, 0xFD2AFC62, 0xFD0BFC4F, 0xFCEEFC3F, 0xFCCEFC28,
	0xFCB2FC16, 0xFC9EFC0C, 0xFC86FBFF, 0xFC6AFBED, 0xFC53FBE2, 0xFC40FBDA, 0xFC2BFBCE, 0xFC1BFBC4, 0xFC08FBBB, 0xFBF3FBB3, 0xFBE7FBB0,
	0xFBDBFBAA, 0xFBCFFBA6, 0xFBC7FBA8, 0xFBBDFBA3, 0xFBB5FBA4, 0xFBB3FBAB, 0xFBA9FBA7, 0xFBA2FBA7, 0xFBA6FBB2, 0xFBA5FBB8, 0xFBA6FBBE,
	0xFBADFBC9, 0xFBAEFBD0, 0xFBAFFBD8, 0xFBB7FBE4, 0xFBBFFBF1, 0xFBC7FBFE, 0xFBD1FC09, 0xFBDAFC16, 0xFBE6FC29, 0xFBF1FC37, 0xFBFCFC45,
	0xFC0AFC57, 0xFC17FC67, 0xFC28FC79, 0xFC39FC8B, 0xFC45FC9B, 0xFC55FCAF, 0xFC67FCC3, 0xFC75FCD3, 0xFC86FCE8, 0xFC99FCFB, 0xFCAAFD0E,
	0xFCBCFD23, 0xFCCEFD39, 0xFCE1FD4E, 0xFCF3FD60, 0xFD06FD76, 0xFD1AFD8D, 0xFD2FFDA4, 0xFD44FDBB, 0xFD50FDC9, 0xFD64FDDF, 0xFD7EFDFB,
	0xFD87FE08, 0xFD96FE19, 0xFDB0FE35, 0xFDBEFE45, 0xFDCDFE57, 0xFDDFFE6C, 0xFDEDFE7C, 0xFE02FE95, 0xFE19FEAF, 0xFE28FEC1, 0xFE35FED1,
	0xFE48FEE6, 0xFE5CFEFB, 0xFE6DFF0E, 0xFE7CFF21, 0xFE8CFF34, 0xFEA0FF4A, 0xFEB2FF5D, 0xFEC2FF6D, 0xFED7FF86, 0xFEEAFF9D, 0xFEF7FFAD,
	0xFF0DFFC3, 0xFF22FFD8, 0xFF30FFE7, 0xFF44FFFC, 0xFF5F0018, 0xFF770032, 0xFF880044, 0xFF9A0056, 0xFFB4006E, 0xFFCA0085, 0xFFE0009B,
	0xFFF900B5, 0x001000CB, 0x002A00E3, 0x004600FD, 0x005F0115, 0x007A012E, 0x00970148, 0x00B60164, 0x00D5017F, 0x00F10198, 0x011001B3,
	0x012F01CE, 0x015201ED, 0x01750209, 0x01930223, 0x01B40241, 0x01D7025F, 0x01FC027C, 0x0223029B, 0x024202B5, 0x026502D3, 0x028D02F4,
	0x02B00310, 0x02D7032E, 0x02FE034C, 0x03200368, 0x03450385, 0x036903A0, 0x038E03BD, 0x03B103D7, 0x03D403F1, 0x03FB040D, 0x041B0425,
	0x043B043D, 0x045D0456, 0x047A0469, 0x049B0482, 0x04BA0499, 0x04D804AD, 0x04FC04C8, 0x051304D6, 0x052204DD, 0x053904EE, 0x055004FD,
	0x0566050A, 0x057B0514, 0x0589051A, 0x05990525, 0x05A9052F, 0x05B10530, 0x05B80531, 0x05C00534, 0x05C60532, 0x05C7052D, 0x05C70529,
	0x05C90528, 0x05C60520, 0x05BE0511, 0x05B50505, 0x05A704F5, 0x059804E3, 0x058B04D3, 0x057B04C0, 0x056504A8, 0x054D048F, 0x05320472,
	0x05180457, 0x04FB043A, 0x04DA0418, 0x04BC03F8, 0x049B03D5, 0x047303AE, 0x044C038A, 0x04220362, 0x03F60336, 0x03CA030B, 0x039B02E0,
	0x036B02B1, 0x033A027F, 0x0307024D, 0x02CF0219, 0x029A01E7, 0x026701B5, 0x022C017C, 0x01F10145, 0x01BC0114, 0x018300DE, 0x014700A3,
	0x010C006A, 0x00D30034, 0x009CFFFE, 0x0060FFC5, 0x0025FF8E, 0xFFECFF59, 0xFFB0FF20, 0xFF75FEE7, 0xFF3CFEAF, 0xFF05FE7C, 0xFED0FE49,
	0xFE97FE11, 0xFE63FDDE, 0xFE33FDB0, 0xFDFEFD7E, 0xFDCDFD4F, 0xFD9AFD1E, 0xFD68FCEE, 0xFD3FFCC7, 0xFD13FC9E, 0xFCE8FC73, 0xFCC0FC4D,
	0xFC9CFC2A, 0xFC7BFC09, 0xFC56FBE7, 0xFC33FBC6, 0xFC14FBA9, 0xFBF8FB8E, 0xFBDDFB73, 0xFBC1FB5A, 0xFBADFB49, 0xFB99FB36, 0xFB7DFB1C,
	0xFB6DFB0F, 0xFB62FB05, 0xFB51FAF5, 0xFB48FAED, 0xFB3FFAE9, 0xFB38FAE8, 0xFB35FAE9, 0xFB2DFAE3, 0xFB2AFAE3, 0xFB2AFAE8, 0xFB2CFAED,
	0xFB33FAF9, 0xFB36FB01, 0xFB39FB0A, 0xFB41FB18, 0xFB49FB28, 0xFB55FB3B, 0xFB62FB4E, 0xFB70FB62, 0xFB7DFB77, 0xFB87FB8B, 0xFB9BFBA6,
	0xFBB0FBC1, 0xFBBFFBDD, 0xFBCFFBFA, 0xFBDDFC12, 0xFBF3FC32, 0xFC0DFC56, 0xFC21FC74, 0xFC36FC94, 0xFC4AFCB5, 0xFC60FCD8, 0xFC79FCFD,
	0xFC8EFD20, 0xFCA7FD46, 0xFCBCFD6B, 0xFCD3FD8E, 0xFCF1FDB8, 0xFD06FDDC, 0xFD1AFDFF, 0xFD34FE26, 0xFD4BFE4B, 0xFD62FE6F, 0xFD79FE94,
	0xFD8FFEB9, 0xFDA9FEE1, 0xFDBCFF02, 0xFDD3FF26, 0xFDEFFF4F, 0xFE07FF73, 0xFE1FFF98, 0xFE35FFBB, 0xFE48FFD9, 0xFE5EFFF9, 0xFE720018,
	0xFE880038, 0xFE9F0058, 0xFEB40076, 0xFECA0094, 0xFEDE00B2, 0xFEF300CD, 0xFF0D00EB, 0xFF250109, 0xFF37011F, 0xFF490134, 0xFF5F0150,
	0xFF720166, 0xFF840177, 0xFF9C018D, 0xFFB401A2, 0xFFC501B3, 0xFFD701C2, 0xFFEE01D4, 0x000501E8, 0x001601F3, 0x002A01FD, 0x0041020C,
	0x00580219, 0x00700226, 0x0081022E, 0x00920232, 0x00AE0240, 0x00C6024A, 0x00D7024D, 0x00ED0254, 0x01030256, 0x01170257, 0x012D025C,
	0x01430260, 0x01590261, 0x016C025D, 0x0180025B, 0x019A025F, 0x01B0025D, 0x01C30257, 0x01D40252, 0x01E7024B, 0x01FB0245, 0x02100240,
	0x0224023B, 0x02370234, 0x024A022D, 0x025C0220, 0x02690214, 0x027B020C, 0x028D0203, 0x029901F5, 0x02A501E5, 0x02B501DA, 0x02C501D1,
	0x02CF01C2, 0x02D801B0, 0x02E601A4, 0x02EF0195, 0x02F70185, 0x03000177, 0x03050163, 0x030C0152, 0x03120144, 0x03150132, 0x0317011F,
	0x0318010B, 0x031B00FA, 0x031E00EB, 0x031A00D7, 0x031800C5, 0x031600B4, 0x0310009E, 0x03080089, 0x03030078, 0x03000069, 0x02F90058,
	0x02EF0044, 0x02E40032, 0x02D6001E, 0x02C9000C, 0x02BFFFFE, 0x02B4FFED, 0x02A3FFDB, 0x0292FFCB, 0x0283FFBD, 0x0271FFAA, 0x025CFF97,
	0x024FFF8D, 0x023BFF7D, 0x0221FF68, 0x020FFF5E, 0x01FEFF56, 0x01EBFF4B, 0x01D5FF3F, 0x01BDFF31, 0x01A3FF25, 0x018CFF1B, 0x0179FF14,
	0x0166FF0F, 0x014FFF07, 0x0139FF04, 0x0122FF00, 0x010BFEF9, 0x00F7FEF5, 0x00DEFEF2, 0x00C8FEF0, 0x00B5FEF1, 0x00A0FEF1, 0x008BFEF2,
	0x0076FEF2, 0x0060FEF1, 0x004DFEF6, 0x003AFEFC, 0x0028FF00, 0x0016FF04, 0x0004FF0C, 0xFFF5FF16, 0xFFE4FF1C, 0xFFD3FF23, 0xFFC4FF2E,
	0xFFB4FF38, 0xFFA6FF42, 0xFF9BFF4E, 0xFF8FFF5C, 0xFF84FF6A, 0xFF78FF77, 0xFF6FFF86, 0xFF67FF94, 0xFF5CFFA3, 0xFF55FFB6, 0xFF50FFC7,
	0xFF48FFD3, 0xFF42FFE5, 0xFF3EFFFA, 0xFF38000B, 0xFF36001B, 0xFF32002C, 0xFF2E003E, 0xFF2C0051, 0xFF280060, 0xFF240070, 0xFF250084,
	0xFF250096, 0xFF2400A5, 0xFF2400B7, 0xFF2700CB, 0xFF2800DB, 0xFF2600E8, 0xFF2800F9, 0xFF2C010C, 0xFF2B0118, 0xFF2D0127, 0xFF310136,
	0xFF2F013F, 0xFF2F014C, 0xFF31015A, 0xFF330166, 0xFF37016F, 0xFF350175, 0xFF34017E, 0xFF370189, 0xFF36018F, 0xFF360193, 0xFF370197,
	0xFF38019D, 0xFF3A01A1, 0xFF3901A0, 0xFF3501A1, 0xFF3101A1, 0xFF3001A0, 0xFF3601A5, 0xFF3501A4, 0xFF2E019D, 0xFF2B0198, 0xFF280191,
	0xFF23018A, 0xFF220184, 0xFF1D017B, 0xFF180173, 0xFF17016D, 0xFF120163, 0xFF0D0156, 0xFF0C014C, 0xFF090142, 0xFF050135, 0xFF000127,
	0xFEF80116, 0xFEF20107, 0xFEEF00FB, 0xFEEB00ED, 0xFEE600DC, 0xFEE100CA, 0xFEDD00B9, 0xFED900A9, 0xFED00095, 0xFECC0082, 0xFECA0071,
	0xFEC3005D, 0xFEBD004A, 0xFEB90038, 0xFEB70026, 0xFEB60013, 0xFEB2FFFF, 0xFEAEFFED, 0xFEACFFD9, 0xFEAAFFC5, 0xFEAAFFB5, 0xFEA6FFA2,
	0xFEA1FF8D, 0xFEA0FF79, 0xFE9CFF63, 0xFE9CFF52, 0xFE9CFF40, 0xFE9DFF2D, 0xFEA1FF1E, 0xFE9FFF0B, 0xFE9EFEFA, 0xFEA4FEEE, 0xFEA5FEDC,
	0xFEA9FECD, 0xFEACFEBF, 0xFEA9FEAB, 0xFEACFE9D, 0xFEB2FE91, 0xFEB5FE83, 0xFEB9FE74, 0xFEBEFE67, 0xFEC7FE5F, 0xFECBFE53, 0xFECDFE44,
	0xFED6FE3C, 0xFEDCFE31, 0xFEE0FE27, 0xFEE7FE20, 0xFEECFE16, 0xFEF4FE10, 0xFEFFFE0C, 0xFF06FE05, 0xFF0BFDFE, 0xFF11FDF7, 0xFF1CFDF3,
	0xFF27FDF2, 0xFF2DFDEC, 0xFF35FDE8, 0xFF3FFDE8, 0xFF47FDE7, 0xFF51FDE7, 0xFF5DFDE9, 0xFF67FDE8, 0xFF70FDE7, 0xFF7AFDEA, 0xFF85FDEF,
	0xFF8FFDF1, 0xFF99FDF4, 0xFFA2FDF5, 0xFFABFDF8, 0xFFB7FDFF, 0xFFC4FE08, 0xFFD4FE12, 0xFFE0FE19, 0xFFE6FE1B, 0xFFF4FE25, 0xFFFFFE2F,
	0x0006FE34, 0x0016FE42, 0x0022FE4C, 0x002AFE51, 0x0039FE5F, 0x0048FE6C, 0x0055FE78, 0x0063FE86, 0x006AFE8E, 0x0074FE99, 0x0084FEA9,
	0x008FFEB5, 0x009CFEC4, 0x00AAFED4, 0x00B5FEE0, 0x00C2FEEE, 0x00CDFEFD, 0x00D6FF0A, 0x00E3FF1A, 0x00F3FF2B, 0x0101FF3D, 0x010DFF4B,
	0x0117FF58, 0x0124FF6A, 0x0131FF7E, 0x013CFF8D, 0x0146FF9B, 0x0152FFAD, 0x0160FFC0, 0x0169FFD0, 0x0172FFDD, 0x0181FFF1, 0x018B0002,
	0x0190000E, 0x019B001F, 0x01A4002D, 0x01AB003A, 0x01B5004C, 0x01B80057, 0x01BE0065, 0x01CB007A, 0x01CE0086, 0x01D10092, 0x01DB00A4,
	0x01DD00AE, 0x01DD00B8, 0x01E100C5, 0x01E300CF, 0x01E700DC, 0x01EA00E9, 0x01E800F2, 0x01E800FD, 0x01E90107, 0x01E8010F, 0x01E70119,
	0x01E60124, 0x01E00129, 0x01DA012E, 0x01D90137, 0x01D1013C, 0x01C80140, 0x01C60149, 0x01BD014B, 0x01B4014D, 0x01B30158, 0x01A9015C,
	0x019B015B, 0x01960162, 0x018A0163, 0x017C0162, 0x01730166, 0x01680169, 0x015F016D, 0x0154016F, 0x0146016E, 0x013B0171, 0x012D0170,
	0x011C016B, 0x0112016F, 0x01060172, 0x00F2016A, 0x00E40169, 0x00DA016C, 0x00C90168, 0x00B90168, 0x00B1016C, 0x00A30169, 0x00940165,
	0x00860163, 0x00770162, 0x006B0164, 0x00600164, 0x00530163, 0x00460162, 0x0038015F, 0x002D015E, 0x0022015F, 0x0017015D, 0x000A0159,
	0xFFFE0158, 0xFFF50159, 0xFFEE015B, 0xFFE6015B, 0xFFDD015A, 0xFFD4015A, 0xFFCD015D, 0xFFC8015E, 0xFFBE015B, 0xFFB50159, 0xFFB0015A,
	0xFFAB015C, 0xFFA4015E, 0xFFA0015F, 0xFF9D0160, 0xFF99015F, 0xFF970161, 0xFF950165, 0xFF8D0161, 0xFF8A0162, 0xFF8D0167, 0xFF870163,
	0xFF81015F, 0xFF810161, 0xFF7F0161, 0xFF7E0162, 0xFF7E0164, 0xFF7C0165, 0xFF790161, 0xFF73015B, 0xFF700157, 0xFF700155, 0xFF700154,
	0xFF6F0151, 0xFF6B014B, 0xFF6A0147, 0xFF670142, 0xFF63013B, 0xFF610136, 0xFF5B012E, 0xFF590126, 0xFF57011F, 0xFF4F0113, 0xFF4A0107,
	0xFF4500FC, 0xFF3E00F0, 0xFF4000ED, 0xFF3B00E1, 0xFF3000CD, 0xFF2D00C2, 0xFF2600B4, 0xFF1B00A2, 0xFF160093, 0xFF0D0081, 0xFF04006D,
	0xFEFC005C, 0xFEF4004A, 0xFEEB0037, 0xFEE10023, 0xFED7000D, 0xFED1FFFA, 0xFEC8FFE6, 0xFEBCFFD0, 0xFEB2FFBB, 0xFEA9FFA4, 0xFE9FFF8B,
	0xFE97FF74, 0xFE8FFF5E, 0xFE82FF43, 0xFE74FF29, 0xFE6DFF12, 0xFE68FEFE, 0xFE5DFEE5, 0xFE4FFEC5, 0xFE44FEA8, 0xFE3DFE94, 0xFE39FE81,
	0xFE31FE69, 0xFE29FE4E, 0xFE23FE36, 0xFE1CFE20, 0xFE13FE08, 0xFE0FFDF2, 0xFE0DFDDF, 0xFE07FDC7, 0xFE03FDB2, 0xFE01FD9E, 0xFE00FD8A,
	0xFE02FD7A, 0xFDFEFD67, 0xFDF9FD53, 0xFDFDFD47, 0xFDFFFD38, 0xFDFEFD27, 0xFE05FD1D, 0xFE07FD0E, 0xFE08FCFF, 0xFE11FCFA, 0xFE19FCF3,
	0xFE1FFCE9, 0xFE29FCE5, 0xFE31FCE0, 0xFE3AFCDB, 0xFE44FCD7, 0xFE4DFCD2, 0xFE59FCD2, 0xFE67FCD4, 0xFE75FCD6, 0xFE84FCDB, 0xFE8DFCDB,
	0xFE99FCDE, 0xFEACFCE9, 0xFEBFFCF2, 0xFED0FCFA, 0xFEE1FD04, 0xFEEEFD0A, 0xFF00FD16, 0xFF16FD2A, 0xFF2BFD3B, 0xFF3EFD49, 0xFF4EFD58,
	0xFF62FD69, 0xFF79FD7F, 0xFF8EFD92, 0xFFA0FDA4, 0xFFB6FDBB, 0xFFCBFDD0, 0xFFDDFDE4, 0xFFF4FE01, 0x000BFE1B, 0x0022FE33, 0x003AFE4F,
	0x004DFE69, 0x005DFE80, 0x0073FE9D, 0x0089FEBA, 0x009BFED3, 0x00B0FEF0, 0x00C5FF0F, 0x00D7FF2E, 0x00EBFF4E, 0x0101FF6D, 0x0114FF8A,
	0x0123FFA6, 0x0135FFC5, 0x014EFFE9, 0x01610008, 0x016C0020, 0x017D0041, 0x01920063, 0x01A1007F, 0x01B2009D, 0x01C100BC, 0x01CD00D8,
	0x01DE00F9, 0x01ED0117, 0x01FA0131, 0x0209014D, 0x0216016A, 0x021E0184, 0x022D01A2, 0x024201C4, 0x024D01DF, 0x025301F4, 0x025C020B,
	0x02680223, 0x0274023C, 0x027E0255, 0x0285026A, 0x02910282, 0x029D0299, 0x02A402AB, 0x02AA02C0, 0x02B102D4, 0x02B602E5, 0x02BD02F6,
	0x02C50308, 0x02CF031C, 0x02D30329, 0x02D50331, 0x02DE0343, 0x02E40352, 0x02E20357, 0x02E50360, 0x02EA036C, 0x02EC0373, 0x02ED0379,
	0x02EF0381, 0x02EE0384, 0x02EB0385, 0x02ED0388, 0x02EE038C, 0x02EC038C, 0x02EA038D, 0x02E30388, 0x02DE0383, 0x02DB0381, 0x02D20378,
	0x02C9036D, 0x02C40367, 0x02BB035F, 0x02AE0351, 0x02A20341, 0x029A0337, 0x028F032A, 0x027D0316, 0x02720308, 0x026702F9, 0x025202E2,
	0x023F02CC, 0x022F02B8, 0x021C02A1, 0x02050287, 0x01EF026D, 0x01D90254, 0x01C20239, 0x01AA021D, 0x01920200, 0x017801E1, 0x015B01C1,
	0x013B019F, 0x011E017D, 0x0103015C, 0x00E30139, 0x00C20115, 0x00A200F2, 0x008100CD, 0x005F00A8, 0x00390080, 0x00130058, 0xFFF20034,
	0xFFCF000D, 0xFFA8FFE5, 0xFF81FFBC, 0xFF59FF94, 0xFF33FF6D, 0xFF0EFF46, 0xFEEBFF1F, 0xFEC5FEF9, 0xFE98FECD, 0xFE6FFEA4, 0xFE4FFE81,
	0xFE2AFE5B, 0xFE00FE33, 0xFDDAFE0E, 0xFDB5FDE9, 0xFD92FDC7, 0xFD6FFDA6, 0xFD4AFD82, 0xFD2BFD64, 0xFD0AFD44, 0xFCE6FD21, 0xFCC9FD06,
	0xFCABFCEA, 0xFC8AFCCB, 0xFC71FCB5, 0xFC59FC9E, 0xFC3EFC84, 0xFC26FC6E, 0xFC11FC5D, 0xFBFBFC4A, 0xFBE4FC33, 0xFBD5FC26, 0xFBC9FC1D,
	0xFBB8FC0F, 0xFBACFC05, 0xFBA1FBFA, 0xFB97FBF3, 0xFB95FBF5, 0xFB8EFBF0, 0xFB89FBEB, 0xFB8BFBEE, 0xFB86FBEE, 0xFB87FBF3, 0xFB8EFBFB,
	0xFB94FC00, 0xFBA1FC0F, 0xFBA9FC1A, 0xFBB0FC21, 0xFBC0FC32, 0xFBCEFC44, 0xFBDCFC55, 0xFBF2FC6A, 0xFC08FC80, 0xFC1EFC97, 0xFC32FCAC,
	0xFC4AFCC6, 0xFC67FCE6, 0xFC82FD02, 0xFC9EFD1E, 0xFCBDFD3D, 0xFCDCFD5D, 0xFCFDFD80, 0xFD1DFDA2, 0xFD3FFDC4, 0xFD61FDE8, 0xFD82FE0C,
	0xFDA7FE31, 0xFDCDFE58, 0xFDF1FE7D, 0xFE16FEA3, 0xFE3CFECA, 0xFE62FEF0, 0xFE89FF19, 0xFEB2FF44, 0xFED7FF6B, 0xFEFBFF90, 0xFF25FFBB,
	0xFF4CFFE3, 0xFF700007, 0xFF970031, 0xFFBC0057, 0xFFDE007B, 0x000200A2, 0x002500C7, 0x004800EB, 0x0069010D, 0x0089012F, 0x00AE0156,
	0x00CD0176, 0x00EA0193, 0x010A01B5, 0x012401D2, 0x013C01ED, 0x015A020A, 0x01740225, 0x018C023E, 0x01A20254, 0x01B80269, 0x01CD0280,
	0x01DF0292, 0x01F402A7, 0x020C02BD, 0x021802C8, 0x022402D4, 0x023802E7, 0x024702F3, 0x025102FB, 0x02590301, 0x0266030A, 0x02750315,
	0x027A0318, 0x0281031C, 0x028C0321, 0x0290031F, 0x0294031E, 0x029A031E, 0x029F031C, 0x02A5031A, 0x02AA0319, 0x02AD0315, 0x02AD030A,
	0x02AC0300, 0x02AE02FA, 0x02AE02F1, 0x02AF02E8, 0x02B002DD, 0x02AF02D0, 0x02B202C8, 0x02AD02B6, 0x02A902A5, 0x02AE029E, 0x02AA028D,
	0x02A9027D, 0x02AA0270, 0x02A2025B, 0x02A5024F, 0x02A6023F, 0x029E0229, 0x02A0021D, 0x029D020B, 0x029801F5, 0x029B01E7, 0x029801D5,
	0x029301C1, 0x028E01AC, 0x028C019A, 0x028B018C, 0x02850176, 0x02840165, 0x02830155, 0x02800142, 0x02810134, 0x0279011F, 0x0271010A,
	0x027200FD, 0x026B00E8, 0x026400D5, 0x026100C6, 0x025800B1, 0x025500A2, 0x024E0092, 0x02460081, 0x02420072, 0x0236005E, 0x022B004E,
	0x0224003F, 0x0216002B, 0x020C001C, 0x0204000E, 0x01F5FFFB, 0x01E7FFEB, 0x01DAFFDD, 0x01CDFFCF, 0x01BFFFBE, 0x01B0FFAF, 0x019FFFA2,
	0x018CFF93, 0x0179FF82, 0x0168FF73, 0x0154FF65, 0x013EFF56, 0x012AFF46, 0x0117FF3A, 0x00FFFF2C, 0x00E5FF1C, 0x00CBFF0A, 0x00B3FEF9,
	0x009DFEEF, 0x007FFEDF, 0x0060FECC, 0x004AFEC2, 0x002DFEB3, 0x000FFEA2, 0xFFF6FE97, 0xFFD6FE86, 0xFFB8FE77, 0xFF9CFE6C, 0xFF7BFE5D,
	0xFF5FFE52, 0xFF41FE44, 0xFF21FE35, 0xFF07FE2D, 0xFEE7FE20, 0xFEC4FE0F, 0xFEA9FE05, 0xFE8BFDFA, 0xFE6BFDED, 0xFE50FDE6, 0xFE36FDDD,
	0xFE18FDD0, 0xFDFAFDC7, 0xFDDFFDBE, 0xFDC5FDB6, 0xFDACFDAF, 0xFD94FDA7, 0xFD7AFDA0, 0xFD62FD9B, 0xFD4BFD94, 0xFD37FD8E, 0xFD24FD8B,
	0xFD0FFD87, 0xFCFAFD84, 0xFCE9FD82, 0xFCDAFD80, 0xFCC7FD7E, 0xFCBBFD80, 0xFCB5FD85, 0xFCA9FD86, 0xFC9BFD86, 0xFC92FD88, 0xFC88FD89,
	0xFC82FD8C, 0xFC7EFD94, 0xFC7AFD9B, 0xFC79FDA0, 0xFC77FDA6, 0xFC75FDAF, 0xFC77FDB9, 0xFC7CFDC3, 0xFC80FDCE, 0xFC83FDD7, 0xFC86FDE0,
	0xFC8CFDEB, 0xFC93FDF5, 0xFC9FFE03, 0xFCAAFE12, 0xFCB5FE21, 0xFCC4FE33, 0xFCCEFE3F, 0xFCDAFE4E, 0xFCF1FE64, 0xFCFFFE71, 0xFD0BFE7D,
	0xFD1DFE91, 0xFD2DFEA1, 0xFD40FEB4, 0xFD58FEC9, 0xFD6BFEDB, 0xFD7DFEEE, 0xFD94FF03, 0xFDADFF19, 0xFDC1FF2C, 0xFDD6FF40, 0xFDF0FF57,
	0xFE09FF6C, 0xFE1CFF7C, 0xFE32FF90, 0xFE4DFFA8, 0xFE63FFBA, 0xFE79FFCD, 0xFE94FFE5, 0xFEAEFFFB, 0xFEC2000C, 0xFEDA0020, 0xFEF20034,
	0xFF0A0048, 0xFF20005B, 0xFF3A0073, 0xFF56008C, 0xFF6B009C, 0xFF8000AD, 0xFF9C00C5, 0xFFB400DB, 0xFFCB00ED, 0xFFE10100, 0xFFF60112,
	0x000E0125, 0x0027013A, 0x003C014C, 0x0050015C, 0x0067016F, 0x007B017E, 0x008E018B, 0x00A801A1, 0x00BF01B5, 0x00CF01C2, 0x00E201D0,
	0x00F401DC, 0x010901EC, 0x01220200, 0x0134020E, 0x0145021A, 0x015B022A, 0x01710239, 0x01850246, 0x01950250, 0x01A8025D, 0x01BE026C,
	0x01CF0276, 0x01DE027F, 0x01F2028B, 0x02040297, 0x021402A0, 0x022602A8, 0x023902B2, 0x024B02BD, 0x025E02C8, 0x026B02CB, 0x027802CF,
	0x028D02DB, 0x029C02DF, 0x02AC02E4, 0x02C002EF, 0x02C802EE, 0x02D202EE, 0x02E602F6, 0x02F202F5, 0x02FD02F4, 0x030402F2, 0x030B02EF,
	0x031C02F4, 0x032402F0, 0x032C02EB, 0x033C02F0, 0x034302EB, 0x034802E5, 0x034E02DF, 0x035002D3, 0x035802D0, 0x035E02CD, 0x035C02BE,
	0x035D02B2, 0x036202AC, 0x036202A1, 0x03600294, 0x035C0283, 0x03540270, 0x03510262, 0x034F0255, 0x03470242, 0x033F0230, 0x0338021F,
	0x032D0208, 0x032101F2, 0x031501DE, 0x030701CA, 0x02F701B1, 0x02E50195, 0x02D7017F, 0x02C70167, 0x02B10149, 0x029E012D, 0x02890112,
	0x027000F5, 0x025900DA, 0x024000B9, 0x02250095, 0x020A0077, 0x01F0005B, 0x01D4003B, 0x01B60019, 0x0198FFF8, 0x017CFFDA, 0x015FFFBA,
	0x013DFF97, 0x011CFF74, 0x00FCFF52, 0x00D9FF2F, 0x00B8FF0E, 0x0096FEEC, 0x0073FEC9, 0x0052FEA8, 0x002CFE82, 0x0008FE5F, 0xFFE9FE44,
	0xFFC4FE20, 0xFFA2FDFE, 0xFF83FDE2, 0xFF5EFDC0, 0xFF3FFDA5, 0xFF1EFD8A, 0xFEFAFD6A, 0xFEDEFD50, 0xFEBCFD32, 0xFE97FD14, 0xFE7BFCFF,
	0xFE58FCE1, 0xFE3AFCC6, 0xFE23FCB5, 0xFE06FCA0, 0xFDEDFC8C, 0xFDD1FC76, 0xFDB4FC61, 0xFD9DFC53, 0xFD85FC44, 0xFD6DFC33, 0xFD58FC25,
	0xFD44FC19, 0xFD33FC11, 0xFD24FC0C, 0xFD16FC08, 0xFD04FC02, 0xFCF4FBFC, 0xFCEBFBFC, 0xFCDEFBFA, 0xFCD1FBF9, 0xFCC7FBFB, 0xFCC0FBFE,
	0xFCBCFC03, 0xFCB2FC06, 0xFCABFC0D, 0xFCACFC1B, 0xFCA8FC23, 0xFCA6FC2E, 0xFCA8FC3D, 0xFCA7FC4B, 0xFCA9FC5C, 0xFCABFC6C, 0xFCADFC7D,
	0xFCB3FC94, 0xFCBAFCA9, 0xFCBFFCBC, 0xFCC5FCD2, 0xFCCEFCEC, 0xFCD8FD07, 0xFCE2FD20, 0xFCEDFD3C, 0xFCF7FD59, 0xFD03FD76, 0xFD0FFD92,
	0xFD1CFDAD, 0xFD2CFDCF, 0xFD39FDEF, 0xFD44FE0D, 0xFD54FE2D, 0xFD64FE4F, 0xFD75FE71, 0xFD87FE95, 0xFD98FEB5, 0xFDABFED7, 0xFDBAFEFA,
	0xFDCAFF1E, 0xFDE1FF44, 0xFDF2FF64, 0xFE03FF83, 0xFE19FFA9, 0xFE28FFCB, 0xFE39FFEE, 0xFE520012, 0xFE650032, 0xFE770054, 0xFE8D0078,
	0xFEA00098, 0xFEB200B6, 0xFEC600D6, 0xFEDB00F8, 0xFEF00117, 0xFF050136, 0xFF190154, 0xFF2E0171, 0xFF460192, 0xFF5C01AF, 0xFF6F01C9,
	0xFF8501E6, 0xFF9E0204, 0xFFB4021D, 0xFFC80235, 0xFFDE024C, 0xFFF60266, 0x000A027B, 0x001C028E, 0x003302A5, 0x004902BA, 0x005F02CC,
	0x007702DF, 0x008E02F0, 0x00A40300, 0x00BB0310, 0x00D1031E, 0x00E7032B, 0x00FF033B, 0x01140346, 0x0127034E, 0x013B0357, 0x014F035E,
	0x01670368, 0x017D036E, 0x01910370, 0x01A70377, 0x01BA037D, 0x01CC037D, 0x01E2037F, 0x01F2037C, 0x0207037D, 0x021B037D, 0x02260375,
	0x023B0374, 0x024E0370, 0x025A0366, 0x026C0363, 0x027B035A, 0x0286034C, 0x02940343, 0x029E0338, 0x02AB032E, 0x02BA0323, 0x02C10313,
	0x02CA0305, 0x02D102F5, 0x02D802E1, 0x02E002D0, 0x02E402BD, 0x02E602AA, 0x02EA0296, 0x02EE0282, 0x02F40272, 0x02F6025B, 0x02F1023E,
	0x02F2022A, 0x02EF0213, 0x02E701F6, 0x02E701DF, 0x02E201C6, 0x02D601A8, 0x02D0018C, 0x02C90172, 0x02BF0158, 0x02B3013C, 0x02A7011E,
	0x029E0103, 0x028B00E2, 0x027B00C4, 0x027400AD, 0x0262008D, 0x024E006F, 0x023F0056, 0x022D0036, 0x021A0018, 0x0203FFF9, 0x01EDFFDB,
	0x01DDFFC3, 0x01C6FFA4, 0x01AFFF86, 0x019BFF6D, 0x0182FF50, 0x016CFF36, 0x0158FF1D, 0x0140FF03, 0x0129FEEA, 0x010EFECF, 0x00F8FEB8,
	0x00E2FEA2, 0x00C9FE8B, 0x00B2FE77, 0x0099FE60, 0x007FFE4A, 0x006AFE38, 0x0051FE24, 0x003AFE12, 0x0024FE01, 0x000DFDF2, 0xFFF8FDE6,
	0xFFE3FDD7, 0xFFCDFDC8, 0xFFB5FDBA, 0xFFA1FDB0, 0xFF91FDA9, 0xFF7AFD9E, 0xFF66FD96, 0xFF56FD92, 0xFF43FD8B, 0xFF33FD88, 0xFF23FD83,
	0xFF0EFD7A, 0xFF01FD7A, 0xFEF4FD7C, 0xFEE7FD7C, 0xFED9FD7D, 0xFEC7FD7D, 0xFEBDFD83, 0xFEB4FD87, 0xFEA4FD86, 0xFE9BFD8F, 0xFE94FD98,
	0xFE89FD9C, 0xFE81FDA3, 0xFE79FDAE, 0xFE72FDBA, 0xFE6CFDC5, 0xFE69FDD2, 0xFE69FDE1, 0xFE63FDEC, 0xFE5FFDFB, 0xFE5BFE07, 0xFE54FE11,
	0xFE56FE25, 0xFE53FE32, 0xFE4DFE3F, 0xFE50FE54, 0xFE53FE66, 0xFE52FE76, 0xFE52FE87, 0xFE56FE99, 0xFE59FEAC, 0xFE56FEBA, 0xFE59FECC,
	0xFE5FFEE2, 0xFE62FEF4, 0xFE66FF07, 0xFE66FF17, 0xFE6CFF2B, 0xFE77FF43, 0xFE78FF52, 0xFE7BFF61, 0xFE80FF73, 0xFE83FF84, 0xFE89FF97,
	0xFE8DFFA7, 0xFE93FFB7, 0xFE9CFFCA, 0xFEA1FFD9, 0xFEA5FFE8, 0xFEA7FFF3, 0xFEAC0000, 0xFEBA0017, 0xFEC30027, 0xFEC40031, 0xFECC003F,
	0xFED2004D, 0xFED80059, 0xFEDF0065, 0xFEE4006F, 0xFEEE007D, 0xFEF60088, 0xFEF9008F, 0xFEFF0097, 0xFF04009F, 0xFF0D00AB, 0xFF1600B4,
	0xFF1900B4, 0xFF2200BC, 0xFF2B00C7, 0xFF3100CD, 0xFF3800D2, 0xFF4000D6, 0xFF4600D9, 0xFF4800DA, 0xFF5100E0, 0xFF5D00E6, 0xFF6200E5,
	0xFF6900E9, 0xFF6C00E8, 0xFF6D00E5, 0xFF7A00EA, 0xFF7E00E8, 0xFF8100E5, 0xFF8D00E8, 0xFF9100E4, 0xFF9500DF, 0xFF9D00DE, 0xFFA400DD,
	0xFFAB00DB, 0xFFB500DB, 0xFFBC00D9, 0xFFBF00D3, 0xFFC500CF, 0xFFCA00CA, 0xFFCF00C5, 0xFFD800C2, 0xFFDF00BF, 0xFFE700BB, 0xFFEC00B5,
	0xFFEC00AB, 0xFFF400A7, 0xFFFC00A4, 0x000100A0, 0x0007009B, 0x000C0093, 0x0011008C, 0x00130084, 0x001A0080, 0x0021007B, 0x00230072,
	0x0026006C, 0x002A0065, 0x002F005F, 0x0037005B, 0x00390052, 0x003C004B, 0x003E0044, 0x0042003D, 0x004A003B, 0x004B0034, 0x004C002B,
	0x004D0021, 0x0052001B, 0x00580018, 0x0054000F, 0x0057000B, 0x005C0005, 0x005BFFFB, 0x005FFFF7, 0x005DFFF0, 0x005BFFE8, 0x0063FFE7,
	0x0064FFE2, 0x0061FFDB, 0x0064FFD6, 0x0067FFCF, 0x0067FFCA, 0x0069FFC8, 0x006DFFC6, 0x006DFFC1, 0x006DFFBB, 0x006CFFB8, 0x006EFFB4,
	0x0072FFB1, 0x0073FFAF, 0x0073FFAE, 0x0074FFAC, 0x0073FFA7, 0x0075FFA3, 0x0079FFA4, 0x0077FFA0, 0x0076FF9C, 0x0079FF9C, 0x007BFF9D,
	0x0080FFA0, 0x0085FFA1, 0x0085FF9E, 0x0087FFA0, 0x0089FFA1, 0x008FFFA4, 0x0097FFA7, 0x0096FFA7, 0x009BFFAD, 0x00A1FFB1, 0x00A4FFB2,
	0x00ACFFB6, 0x00AEFFB9, 0x00B3FFBF, 0x00BBFFC5, 0x00BEFFC6, 0x00C5FFCE, 0x00CAFFD2, 0x00D0FFD7, 0x00D9FFDF, 0x00DBFFE2, 0x00DEFFE8,
	0x00E5FFEF, 0x00EEFFF5, 0x00F3FFFA, 0x00F5FFFF, 0x00FF0008, 0x0102000B, 0x01070012, 0x01140023, 0x01160026, 0x011C002A, 0x01230033,
	0x01240038, 0x012C0042, 0x012E0047, 0x012D004A, 0x01310051, 0x01310053, 0x0138005B, 0x013D0064, 0x013B0069, 0x013D0070, 0x01410078,
	0x0141007C, 0x013F007F, 0x01420087, 0x013E008A, 0x0135008B, 0x01390094, 0x01370095, 0x01310095, 0x0131009E, 0x012A009F, 0x0122009F,
	0x011F00A3, 0x011D00A7, 0x011700A9, 0x010A00A5, 0x010100A5, 0x00FA00A7, 0x00F200A9, 0x00ED00AC, 0x00DF00A8, 0x00D400A8, 0x00CD00AC,
	0x00BF00A8, 0x00B200A6, 0x00A700A5, 0x009C00A4, 0x009000A2, 0x0080009D, 0x0075009D, 0x0068009B, 0x00590098, 0x0051009A, 0x00450097,
	0x00330091, 0x00280090, 0x001C008D, 0x000D0089, 0xFFFF0089, 0xFFF20088, 0xFFE50084, 0xFFD4007C, 0xFFCA007A, 0xFFC3007D, 0xFFB40076,
	0xFFA80073, 0xFF9D0072, 0xFF920070, 0xFF8D006F, 0xFF83006C, 0xFF7C006E, 0xFF750071, 0xFF68006A, 0xFF600066, 0xFF5A0067, 0xFF520066,
	0xFF4D0065, 0xFF470063, 0xFF440064, 0xFF3D005F, 0xFF3B005F, 0xFF3C0064, 0xFF34005F, 0xFF300060, 0xFF300061, 0xFF2A005C, 0xFF2C005E,
	0xFF2C005E, 0xFF29005D, 0xFF2D0060, 0xFF2C005D, 0xFF2D005C, 0xFF2D005B, 0xFF2E005A, 0xFF35005F, 0xFF36005D, 0xFF37005A, 0xFF39005A,
	0xFF360054, 0xFF390054, 0xFF3E0052, 0xFF420050, 0xFF470051, 0xFF47004D, 0xFF4A0048, 0xFF4F0046, 0xFF4E0041, 0xFF4E003D, 0xFF510039,
	0xFF530033, 0xFF570030, 0xFF5B002F, 0xFF5C0029, 0xFF5B001E, 0xFF590014, 0xFF5B0010, 0xFF5B000A, 0xFF58FFFF, 0xFF58FFF7, 0xFF59FFF0,
	0xFF56FFE5, 0xFF52FFD8, 0xFF51FFD0, 0xFF4EFFC6, 0xFF4AFFB9, 0xFF4AFFAF, 0xFF42FF9F, 0xFF37FF8D, 0xFF36FF83, 0xFF33FF77, 0xFF2DFF68,
	0xFF29FF5C, 0xFF1FFF4B, 0xFF1AFF3D, 0xFF15FF30, 0xFF09FF1E, 0xFF03FF10, 0xFEFDFEFF, 0xFEF2FEEB, 0xFEEFFEDF, 0xFEE5FECF, 0xFED8FEBA,
	0xFED5FEAD, 0xFECDFE9E, 0xFEC6FE8D, 0xFEC0FE7E, 0xFEB5FE6A, 0xFEB0FE5E, 0xFEADFE54, 0xFEA4FE43, 0xFE9EFE34, 0xFE96FE24, 0xFE90FE17,
	0xFE8DFE0A, 0xFE84FDFA, 0xFE84FDF0, 0xFE82FDE6, 0xFE7AFDD7, 0xFE78FDCE, 0xFE74FDC3, 0xFE73FDBB, 0xFE77FDB6, 0xFE76FDAD, 0xFE77FDA8,
	0xFE78FDA3, 0xFE78FD9C, 0xFE7DFD9A, 0xFE86FD9B, 0xFE8BFD9A, 0xFE8FFD98, 0xFE97FD98, 0xFE9BFD95, 0xFEA2FD95, 0xFEAFFD9E, 0xFEB7FDA4,
	0xFEC1FDA8, 0xFECCFDAD, 0xFED4FDB1, 0xFEE5FDBC, 0xFEF5FDC7, 0xFEFEFDCE, 0xFF0FFDDD, 0xFF20FDEB, 0xFF2FFDF6, 0xFF44FE09, 0xFF53FE19,
	0xFF62FE28, 0xFF75FE39, 0xFF8AFE4D, 0xFFA2FE64, 0xFFB6FE79, 0xFFC9FE8C, 0xFFDEFEA3, 0xFFF0FEB7, 0x0007FED0, 0x0020FEEA, 0x0030FEFE,
	0x0048FF1B, 0x0064FF3B, 0x0077FF53, 0x0090FF70, 0x00A5FF8B, 0x00B9FFA5, 0x00D7FFC8, 0x00EDFFE5, 0x01030002, 0x0117001F, 0x01280038,
	0x013F0057, 0x01530073, 0x01670090, 0x017A00B0, 0x018B00CA, 0x01A000E8, 0x01B30106, 0x01C40124, 0x01D60142, 0x01E5015B, 0x01F80177,
	0x02080194, 0x021701B1, 0x022601CD, 0x022F01E3, 0x023901FB, 0x02430211, 0x024C0227, 0x0258023F, 0x02640257, 0x026E0270, 0x02700281,
	0x02770294, 0x028302AE, 0x028402BC, 0x028802CE, 0x028D02E0, 0x028D02EC, 0x02950301, 0x0296030F, 0x02920317, 0x02950325, 0x0293032E,
	0x02920338, 0x02920343, 0x028F034B, 0x028F0355, 0x028A035B, 0x0283035D, 0x02840365, 0x0281036A, 0x02750368, 0x026D0368, 0x02680369,
	0x0264036B, 0x025D036A, 0x024E0361, 0x0248035F, 0x02460361, 0x023A0359, 0x02310351, 0x02270349, 0x021B033F, 0x02120337, 0x0205032A,
	0x01F8031F, 0x01F1031A, 0x01E5030D, 0x01D602FA, 0x01C802EA, 0x01BB02DB, 0x01AB02CA, 0x01A302BC, 0x019702AC, 0x01840295, 0x01770283,
	0x0168026E, 0x01560256, 0x01490242, 0x013A022D, 0x012B021A, 0x011A0202, 0x010701E8, 0x00F601CC, 0x00E001AE, 0x00CE0195, 0x00BC017D,
	0x00A80160, 0x00960144, 0x00830126, 0x006F0109, 0x005900E9, 0x004400CB, 0x003100B0, 0x0018008F, 0x00030070, 0xFFED0051, 0xFFD60031,
	0xFFC10011, 0xFFA6FFEE, 0xFF91FFCF, 0xFF77FFAD, 0xFF5CFF8A, 0xFF49FF6E, 0xFF2BFF48, 0xFF10FF25, 0xFEFCFF06, 0xFEE1FEE3, 0xFEC8FEC3,
	0xFEAEFEA3, 0xFE96FE85, 0xFE7EFE67, 0xFE62FE44, 0xFE4DFE28, 0xFE34FE0A, 0xFE17FDE9, 0xFDFEFDCA, 0xFDE8FDAE, 0xFDD3FD94, 0xFDB9FD75,
	0xFDA4FD5B, 0xFD8EFD40, 0xFD73FD22, 0xFD60FD0D, 0xFD4CFCF5, 0xFD38FCDD, 0xFD25FCC9, 0xFD0CFCB0, 0xFCFCFC9E, 0xFCEEFC8E, 0xFCDEFC7D,
	0xFCCFFC6E, 0xFCBEFC5B, 0xFCB4FC4F, 0xFCAAFC44, 0xFC9AFC34, 0xFC93FC2C, 0xFC8DFC25, 0xFC84FC1D, 0xFC7DFC17, 0xFC75FC10, 0xFC71FC0B,
	0xFC6FFC09, 0xFC6CFC09, 0xFC6DFC0B, 0xFC6FFC0F, 0xFC70FC11, 0xFC75FC16, 0xFC7BFC1E, 0xFC7DFC22, 0xFC86FC2E, 0xFC92FC3B, 0xFC9BFC43,
	0xFCA7FC52, 0xFCB2FC5F, 0xFCBEFC6C, 0xFCD1FC80, 0xFCDEFC8F, 0xFCEEFCA2, 0xFD03FCB9, 0xFD17FCCE, 0xFD2DFCE6, 0xFD47FD01, 0xFD5FFD1A,
	0xFD71FD30, 0xFD84FD48, 0xFD9FFD62, 0xFDBAFD7D, 0xFDD5FD9C, 0xFDF2FDBC, 0xFE0BFDD8, 0xFE27FDF4, 0xFE48FE18, 0xFE66FE3B, 0xFE7EFE55,
	0xFE9DFE75, 0xFEBBFE96, 0xFED6FEB6, 0xFEF8FEDC, 0xFF1AFEFE, 0xFF37FF1E, 0xFF56FF41, 0xFF73FF62, 0xFF91FF82, 0xFFB1FFA5, 0xFFCEFFC6,
	0xFFEAFFE6, 0x00060005, 0x00250027, 0x003F0046, 0x005B0065, 0x00760083, 0x009000A1, 0x00AF00C3, 0x00C700DF, 0x00DF00FB, 0x00F90119,
	0x010F0131, 0x0128014C, 0x013E0167, 0x01530180, 0x01680198, 0x017C01AE, 0x019201C7, 0x01A501DD, 0x01B701F3, 0x01CD020B, 0x01DA021B,
	0x01EB022E, 0x01FE0242, 0x020B0251, 0x021C0264, 0x02270272, 0x0231027C, 0x0242028D, 0x024E0298, 0x025502A2, 0x026102AD, 0x026C02B7,
	0x027202BD, 0x027C02C6, 0x028802D2, 0x028B02D6, 0x029102DA, 0x029802DE, 0x029D02DF, 0x02A502E3, 0x02A902E5, 0x02AE02E9, 0x02B802EF,
	0x02B802EC, 0x02BA02E9, 0x02C202EB, 0x02C002E5, 0x02BF02DF, 0x02C502E1, 0x02CA02E0, 0x02CC02DA, 0x02CA02D2, 0x02CA02CD, 0x02CD02C9,
	0x02CF02C5, 0x02CE02BD, 0x02C902B3, 0x02CB02AE, 0x02CE02A8, 0x02CB029C, 0x02C80294, 0x02C7028C, 0x02C1027F, 0x02C20278, 0x02C50272,
	0x02BD0264, 0x02B80259, 0x02B90251, 0x02B20244, 0x02AD0238, 0x02A9022E, 0x02A40222, 0x029F0216, 0x02980208, 0x029001FA, 0x028A01EF,
	0x028101E2, 0x027901D3, 0x026E01C3, 0x026301B4, 0x025C01A9, 0x024F0199, 0x02400188, 0x02350179, 0x02250166, 0x02180158, 0x020E014C,
	0x01FC0138, 0x01EC0125, 0x01DB0113, 0x01C80101, 0x01B500EF, 0x01A100DC, 0x018D00C9, 0x017800B5, 0x016100A0, 0x014E0090, 0x0136007D,
	0x011C0065, 0x01050050, 0x00EC003C, 0x00D00025, 0x00B7000F, 0x009CFFF9, 0x007BFFE0, 0x005FFFCC, 0x0047FFB9, 0x0028FF9E, 0x000AFF88,
	0xFFECFF74, 0xFFCEFF5C, 0xFFB5FF48, 0xFF95FF30, 0xFF70FF16, 0xFF51FEFF, 0xFF33FEE7, 0xFF13FECF, 0xFEF2FEB8, 0xFED5FEA4, 0xFEB6FE8D,
	0xFE92FE74, 0xFE77FE60, 0xFE5CFE4E, 0xFE3BFE38, 0xFE1EFE25, 0xFE05FE14, 0xFDE7FDFD, 0xFDC7FDE6, 0xFDACFDD5, 0xFD93FDC4, 0xFD76FDB0,
	0xFD5EFDA1, 0xFD49FD94, 0xFD31FD81, 0xFD17FD6E, 0xFD03FD61, 0xFCF0FD58, 0xFCDEFD4D, 0xFCCDFD43, 0xFCBAFD39, 0xFCA8FD2F, 0xFC9CFD27,
	0xFC8EFD1F, 0xFC82FD18, 0xFC78FD13, 0xFC6DFD0E, 0xFC68FD0D, 0xFC64FD0C, 0xFC5AFD07, 0xFC52FD04, 0xFC52FD0A, 0xFC52FD0D, 0xFC51FD0D,
	0xFC55FD12, 0xFC59FD19, 0xFC5DFD20, 0xFC64FD29, 0xFC6DFD33, 0xFC72FD3B, 0xFC79FD43, 0xFC85FD4F, 0xFC90FD5A, 0xFC98FD64, 0xFCA8FD76,
	0xFCB8FD86, 0xFCC5FD92, 0xFCD8FDA2, 0xFCEDFDB7, 0xFCFEFDC8, 0xFD0EFDD7, 0xFD24FDEC, 0xFD3AFE01, 0xFD4EFE14, 0xFD69FE2D, 0xFD7FFE40,
	0xFD95FE54, 0xFDAEFE6B, 0xFDC4FE7F, 0xFDDEFE98, 0xFDF8FEB1, 0xFE10FEC7, 0xFE2FFEE2, 0xFE4AFEFA, 0xFE62FF10, 0xFE7AFF27, 0xFE95FF3E,
	0xFEB0FF56, 0xFEC9FF6E, 0xFEE7FF8A, 0xFF01FFA2, 0xFF1DFFBB, 0xFF3EFFD9, 0xFF51FFE9, 0xFF67FFFC, 0xFF840017, 0xFF9C002C, 0xFFB80046,
	0xFFD1005D, 0xFFE90073, 0x00000089, 0x0014009A, 0x002E00B0, 0x004400C5, 0x005900D9, 0x007300F0, 0x00890104, 0x00A00118, 0x00B6012C,
	0x00CA013C, 0x00DE014C, 0x00F1015C, 0x01070171, 0x0118017F, 0x0126018B, 0x013C019D, 0x014F01AC, 0x015F01BB, 0x017101C9, 0x018401D6,
	0x019501E3, 0x01A301ED, 0x01B301FA, 0x01BF0203, 0x01CD020B, 0x01DD0218, 0x01EC0222, 0x01F80229, 0x01FF022A, 0x020C0230, 0x021E023C,
	0x02270241, 0x02310244, 0x02390246, 0x02410248, 0x02500251, 0x02580252, 0x025E0250, 0x02690252, 0x026F0253, 0x02760254, 0x027D0252,
	0x0280024C, 0x0285024A, 0x028D024C, 0x0293024A, 0x02960243, 0x029A023D, 0x029B0238, 0x02A00235, 0x02A3022F, 0x02A30225, 0x02AA0222,
	0x02AE021E, 0x02AB0212, 0x02AA0207, 0x02A901FD, 0x02A701F4, 0x02A301E9, 0x02A001DE, 0x02A001D5, 0x029901C5, 0x029401B9, 0x029401B0,
	0x028E01A0, 0x0283018E, 0x027E0182, 0x02790176, 0x026D0163, 0x02640152, 0x025E0146, 0x02550139, 0x024A0126, 0x023D0112, 0x02350104,
	0x022600F2, 0x021400DA, 0x020D00CD, 0x01FE00B9, 0x01EB00A5, 0x01DF0097, 0x01CE0081, 0x01BF006E, 0x01AD005C, 0x019C0047, 0x018D0036,
	0x0176001E, 0x0163000D, 0x0152FFFD, 0x013CFFE5, 0x012AFFD3, 0x0115FFBE, 0x00FEFFA9, 0x00EAFF97, 0x00D3FF83, 0x00BFFF6F, 0x00ABFF5E,
	0x0094FF4A, 0x0078FF34, 0x0061FF22, 0x004BFF11, 0x0034FEFC, 0x0024FEF1, 0x000CFEDF, 0xFFF0FEC9, 0xFFDEFEBD, 0xFFC5FEAA, 0xFFB1FE9E,
	0xFFA0FE95, 0xFF85FE81, 0xFF6DFE72, 0xFF55FE60, 0xFF3CFE4F, 0xFF2BFE48, 0xFF15FE3C, 0xFEFFFE2F, 0xFEE8FE22, 0xFED3FE18, 0xFEC1FE11,
	0xFEACFE06, 0xFE9AFDFD, 0xFE89FDF7, 0xFE7AFDF3, 0xFE68FDEA, 0xFE51FDDF, 0xFE42FDDC, 0xFE33FDD9, 0xFE20FDD2, 0xFE14FDD1, 0xFE07FDD0,
	0xFDF8FDCD, 0xFDEAFDCB, 0xFDDFFDCD, 0xFDD7FDD2, 0xFDC9FDD1, 0xFDBDFDD2, 0xFDB7FDD9, 0xFDACFDDA, 0xFD9EFDD9, 0xFD9AFDE1, 0xFD99FDEC,
	0xFD90FDF1, 0xFD8AFDF9, 0xFD87FE03, 0xFD83FE0B, 0xFD80FE14, 0xFD7DFE1D, 0xFD7BFE28, 0xFD78FE31, 0xFD75FE3A, 0xFD77FE48, 0xFD78FE58,
	0xFD78FE64, 0xFD7CFE71, 0xFD82FE81, 0xFD85FE90, 0xFD86FE9E, 0xFD8BFEAE, 0xFD90FEBD, 0xFD95FECE, 0xFD9CFEE0, 0xFDA4FEF1, 0xFDAEFF05,
	0xFDB4FF15, 0xFDB8FF25, 0xFDC4FF3B, 0xFDD2FF4F, 0xFDDEFF63, 0xFDE7FF75, 0xFDF1FF88, 0xFDFCFF9C, 0xFE02FFA9, 0xFE13FFBF, 0xFE28FFDA,
	0xFE2EFFE6, 0xFE3AFFF8, 0xFE4B000E, 0xFE570020, 0xFE690035, 0xFE7A0048, 0xFE8A005A, 0xFE9A006F, 0xFEA80083, 0xFEBA0096, 0xFECC00A8,
	0xFEDD00B9, 0xFEF000CE, 0xFF0000DF, 0xFF1100EC, 0xFF2400FC, 0xFF36010F, 0xFF4A0122, 0xFF600135, 0xFF710142, 0xFF82014E, 0xFF96015E,
	0xFFAB016C, 0xFFBF0178, 0xFFD10185, 0xFFE60194, 0xFFF9019F, 0x000C01A9, 0x002501B9, 0x003901C6, 0x004B01CE, 0x006301DB, 0x007801E6,
	0x008901EB, 0x009D01F2, 0x00B201FA, 0x00C80202, 0x00DC0208, 0x00F0020E, 0x01000213, 0x01100214, 0x01250219, 0x013B021F, 0x01500224,
	0x01630227, 0x016F0224, 0x017F0223, 0x018F0222, 0x019D021F, 0x01AF021F, 0x01C0021F, 0x01CF021D, 0x01D90215, 0x01E3020C, 0x01F7020C,
	0x0208020A, 0x020F0201, 0x021901F9, 0x022201F1, 0x022B01E7, 0x023601DF, 0x023E01D5, 0x024401C9, 0x024B01BD, 0x025301B2, 0x025601A5,
	0x02570195, 0x025D0189, 0x0260017B, 0x025E0169, 0x0260015D, 0x025E014B, 0x025C0137, 0x025E012A, 0x025A0117, 0x02520100, 0x024D00EE,
	0x024900DC, 0x024300CC, 0x023C00B8, 0x023400A3, 0x0229008E, 0x021F0079, 0x021B0067, 0x020F0051, 0x0200003A, 0x01F50029, 0x01E70014,
	0x01D8FFFC, 0x01C9FFE5, 0x01BAFFD1, 0x01ACFFBD, 0x019AFFA7, 0x018BFF94, 0x017EFF83, 0x016DFF6D, 0x0159FF55, 0x0146FF3F, 0x0134FF2D,
	0x0124FF1D, 0x0112FF0A, 0x00FCFEF6, 0x00E8FEE4, 0x00D4FED2, 0x00C3FEC1, 0x00B5FEB3, 0x00A1FEA3, 0x008AFE91, 0x0074FE80, 0x0061FE72,
	0x0051FE67, 0x003EFE5B, 0x002BFE4C, 0x0017FE3E, 0x0003FE32, 0xFFF1FE28, 0xFFDEFE1D, 0xFFD0FE16, 0xFFC1FE10, 0xFFADFE07, 0xFF9DFE02,
	0xFF8BFDFA, 0xFF7AFDF4, 0xFF6BFDF0, 0xFF5AFDE9, 0xFF51FDEA, 0xFF42FDE9, 0xFF2EFDE3, 0xFF25FDE5, 0xFF18FDE4, 0xFF0EFDE6, 0xFF05FDEA,
	0xFEF7FDEA, 0xFEEEFDEF, 0xFEE2FDEF, 0xFED8FDF5, 0xFED5FE01, 0xFECEFE06, 0xFEC9FE0E, 0xFEC0FE15, 0xFEB8FE1C, 0xFEB6FE29, 0xFEAAFE2C,
	0xFEA5FE35, 0xFEA4FE44, 0xFE9DFE4C, 0xFE9CFE58, 0xFE97FE63, 0xFE96FE72, 0xFE99FE83, 0xFE95FE8D, 0xFE93FE9A, 0xFE94FEAB, 0xFE96FEBC,
	0xFE97FECB, 0xFE96FEDA, 0xFE9AFEED, 0xFE9DFEFC, 0xFE9FFF0C, 0xFEA4FF21, 0xFEA5FF30, 0xFEA7FF3E, 0xFEACFF4F, 0xFEB1FF61, 0xFEB5FF73,
	0xFEB9FF85, 0xFEC1FF99, 0xFEC7FFAB, 0xFECAFFBA, 0xFECCFFCA, 0xFED3FFDC, 0xFEDCFFF0, 0xFEE2FFFF, 0xFEE8000D, 0xFEF00021, 0xFEF60033,
	0xFEFE0042, 0xFF030050, 0xFF090060, 0xFF130073, 0xFF190081, 0xFF210091, 0xFF2800A1, 0xFF2C00AB, 0xFF3600B8, 0xFF4100C8, 0xFF4800D6,
	0xFF4F00E3, 0xFF5500EE, 0xFF5F00FD, 0xFF68010B, 0xFF6B0113, 0xFF73011C, 0xFF7B0126, 0xFF820130, 0xFF8A013A, 0xFF8E013F, 0xFF970149,
	0xFFA20154, 0xFFA60157, 0xFFAB015C, 0xFFB00163, 0xFFB60167, 0xFFBF016D, 0xFFC4016F, 0xFFC90172, 0xFFD00175, 0xFFD70179, 0xFFE10180,
	0xFFE4017F, 0xFFEB0181, 0xFFF40184, 0xFFF3017E, 0xFFF8017E, 0x0000017F, 0x0006017E, 0x000C017F, 0x000D0179, 0x00130177, 0x001C0178,
	0x00220176, 0x00260173, 0x00240168, 0x00290165, 0x00300164, 0x0031015B, 0x00370155, 0x003D0150, 0x0041014B, 0x00450147, 0x0049013E,
	0x004D0137, 0x004D012D, 0x004F0126, 0x0055011F, 0x00570115, 0x0059010D, 0x005A0103, 0x005F00FD, 0x006000F4, 0x006000E6, 0x006900E1,
	0x006900D6, 0x006A00CD, 0x006E00C5, 0x006900B3, 0x006D00AB, 0x007200A6, 0x00710099, 0x00770092, 0x00780087, 0x0075007A, 0x00780072,
	0x007B0067, 0x007B005A, 0x007B004F, 0x007C0045, 0x00780036, 0x007A002C, 0x0082002A, 0x007E001C, 0x007F0012, 0x0082000B, 0x007FFFFE,
	0x0081FFF6, 0x0082FFED, 0x0082FFE2, 0x0082FFD9, 0x007FFFCB, 0x007EFFC2, 0x007FFFBB, 0x007FFFB3, 0x007CFFA8, 0x0079FF9C, 0x007DFF98,
	0x007DFF90, 0x0079FF85, 0x007DFF80, 0x0077FF73, 0x0073FF67, 0x0077FF65, 0x0074FF5F, 0x0073FF57, 0x0073FF50, 0x0070FF48, 0x0070FF44,
	0x006FFF3D, 0x006FFF38, 0x006DFF35, 0x0065FF2A, 0x0062FF23, 0x0065FF21, 0x0065FF1D, 0x0065FF1B, 0x0064FF18, 0x0065FF16, 0x0061FF10,
	0x005BFF0A, 0x005EFF0C, 0x005CFF08, 0x0057FF02, 0x0058FF02, 0x0054FEFF, 0x0050FEFB, 0x0051FEFC, 0x0050FEFB, 0x004EFEF9, 0x004EFEFA,
	0x004EFEFD, 0x004CFEFD, 0x004CFEFF, 0x004CFF02, 0x0048FF00, 0x004BFF06, 0x004AFF0A, 0x0043FF07, 0x0046FF0D, 0x0043FF0D, 0x0043FF11,
	0x0047FF19, 0x0040FF19, 0x003FFF1E, 0x003EFF22, 0x003DFF26, 0x0043FF31, 0x003DFF31, 0x003BFF36, 0x003CFF3E, 0x0036FF3F, 0x0039FF4A,
	0x0036FF4F, 0x0031FF51, 0x0036FF5D, 0x0030FF60, 0x002EFF66, 0x002FFF6F, 0x002CFF75, 0x002CFF7E, 0x0029FF83, 0x0029FF8C, 0x0028FF94,
	0x0020FF97, 0x0022FFA4, 0x001EFFAA, 0x0015FFAC, 0x001BFFBB, 0x001AFFC4, 0x0014FFC8, 0x0013FFD1, 0x000EFFD7, 0x0010FFE3, 0x0010FFED,
	0x0008FFF1, 0x0008FFFB, 0x00080003, 0x0005000A, 0x00040014, 0x0000001B, 0xFFFD0023, 0xFFFB002A, 0xFFFA0034, 0xFFFD0042, 0xFFF90047,
	0xFFF6004D, 0xFFFA005B, 0xFFF70063, 0xFFF30069, 0xFFF70075, 0xFFF4007B, 0xFFEF0081, 0xFFF2008C, 0xFFF40095, 0xFFF2009B, 0xFFF100A4,
	0xFFEF00AA, 0xFFED00AF, 0xFFEF00B7, 0xFFF000C0, 0xFFF000C8, 0xFFF100D0, 0xFFF100D5, 0xFFF200DD, 0xFFF500E6, 0xFFF500EA, 0xFFF500EF,
	0xFFF600F5, 0xFFF400F9, 0xFFF500FD, 0xFFFA0106, 0xFFFA010A, 0xFFFA010C, 0xFFFC0111, 0xFFF90111, 0xFFFA0115, 0xFFF70115, 0xFFF20111,
	0xFFFB011B, 0xFFFF011F, 0xFFF90119, 0xFFFA011A, 0xFFFA011A, 0xFFFA011B, 0xFFF9011A, 0xFFF30114, 0xFFF60116, 0xFFF60113, 0xFFF0010A,
	0xFFEF0108, 0xFFED0103, 0xFFE900FD, 0xFFE700F8, 0xFFE400F3, 0xFFE200ED, 0xFFDF00E5, 0xFFDC00E1, 0xFFD700D8, 0xFFD000CB, 0xFFCE00C3,
	0xFFCA00BB, 0xFFC200AE, 0xFFBE00A2, 0xFFBA0099, 0xFFB5008E, 0xFFAC0081, 0xFFA70076, 0xFFA4006C, 0xFF9C005E, 0xFF970051, 0xFF900041,
	0xFF84002D, 0xFF79001D, 0xFF70000E, 0xFF6D0002, 0xFF68FFF5, 0xFF5EFFE5, 0xFF58FFD7, 0xFF4EFFC4, 0xFF45FFB4, 0xFF40FFA7, 0xFF39FF97,
	0xFF36FF8A, 0xFF2EFF79, 0xFF22FF64, 0xFF1EFF59, 0xFF17FF4A, 0xFF0EFF3A, 0xFF0AFF2D, 0xFF01FF1B, 0xFEFDFF0D, 0xFEF8FEFF, 0xFEF0FEEE,
	0xFEEFFEE5, 0xFEEBFED8, 0xFEE4FEC9, 0xFEE2FEBE, 0xFEDDFEB1, 0xFED8FEA5, 0xFED8FE9C, 0xFED5FE90, 0xFED3FE86, 0xFED2FE81, 0xFED3FE7A,
	0xFED4FE72, 0xFED5FE6B, 0xFED2FE61, 0xFED3FE5A, 0xFED9FE59, 0xFEDBFE54, 0xFEDEFE51, 0xFEE2FE50, 0xFEE7FE4F, 0xFEEDFE50, 0xFEEEFE4B,
	0xFEF9FE50, 0xFF04FE56, 0xFF05FE53, 0xFF0CFE55, 0xFF14FE58, 0xFF1AFE5A, 0xFF25FE62, 0xFF2CFE65, 0xFF36FE6D, 0xFF44FE78, 0xFF4BFE7D,
	0xFF58FE87, 0xFF65FE94, 0xFF6FFE9C, 0xFF79FEA7, 0xFF84FEB2, 0xFF92FEBE, 0xFFA1FECC, 0xFFADFED9, 0xFFBBFEE8, 0xFFC9FEF6, 0xFFD8FF05,
	0xFFE7FF16, 0xFFF6FF28, 0x0003FF37, 0x0012FF49, 0x0021FF5A, 0x002DFF6A, 0x003BFF7C, 0x004AFF8E, 0x005AFF9F, 0x006AFFB4, 0x0075FFC5,
	0x0082FFD7, 0x0093FFEC, 0x009EFFFD, 0x00AC000F, 0x00BB0023, 0x00C60034, 0x00D30047, 0x00E0005B, 0x00EE006F, 0x00FB0083, 0x01020090,
	0x010E00A3, 0x011D00B8, 0x012500C6, 0x012F00D8, 0x013800E8, 0x014100F8, 0x014F010C, 0x0157011A, 0x015B0126, 0x01650138, 0x016E0148,
	0x01760156, 0x017D0162, 0x0180016E, 0x0187017C, 0x018D0186, 0x0191018F, 0x0195019C, 0x019901A6, 0x019C01AF, 0x019C01B7, 0x019F01C0,
	0x01A601C9, 0x01A601CE, 0x01A601D6, 0x01AA01E1, 0x01AA01E5, 0x01AA01E8, 0x01AA01ED, 0x01A701F0, 0x01A901F5, 0x01A901F7, 0x01A601F7,
	0x01A401FB, 0x01A201FC, 0x01A301FF, 0x01A20200, 0x019A01FB, 0x019A01FD, 0x019801FC, 0x019001F5, 0x019001F6, 0x018E01F4, 0x018601ED,
	0x018301E9, 0x017C01E4, 0x017701E1, 0x017501DD, 0x017001D6, 0x016B01D1, 0x016401CB, 0x015F01C4, 0x015901BC, 0x015101B1, 0x014B01AB,
	0x014301A2, 0x01390195, 0x01310189, 0x0127017E, 0x011D0173, 0x01140166, 0x010B015A, 0x01040150, 0x00FA0144, 0x00EE0136, 0x00E30129,
	0x00D9011B, 0x00CF010C, 0x00C300FB, 0x00B600EB, 0x00AA00DE, 0x00A000D3, 0x009300C1, 0x008000A9, 0x00730099, 0x0067008B, 0x00560078,
	0x00470065, 0x00370051, 0x0028003F, 0x001B0030, 0x000A001D, 0xFFF80008, 0xFFE5FFF4, 0xFFD5FFE0, 0xFFC4FFCB, 0xFFB0FFB4, 0xFFA0FFA1,
	0xFF8DFF8C, 0xFF78FF74, 0xFF69FF63, 0xFF57FF50, 0xFF44FF3B, 0xFF34FF29, 0xFF1FFF13, 0xFF0AFEFB, 0xFEF6FEE6, 0xFEE4FED2, 0xFED0FEBE,
	0xFEBBFEA6, 0xFEAAFE94, 0xFE98FE83, 0xFE84FE6D, 0xFE75FE5C, 0xFE64FE4A, 0xFE4EFE35, 0xFE3DFE23, 0xFE2FFE16, 0xFE21FE07, 0xFE12FDF8,
	0xFE01FDE7, 0xFDF2FDD6, 0xFDE7FDC8, 0xFDDCFDBD, 0xFDCEFDB1, 0xFDBFFDA1, 0xFDB2FD94, 0xFDAAFD8B, 0xFDA3FD83, 0xFD9AFD7A, 0xFD8DFD6D,
	0xFD87FD67, 0xFD84FD64, 0xFD7CFD5C, 0xFD7AFD59, 0xFD78FD56, 0xFD71FD50, 0xFD73FD51, 0xFD73FD51, 0xFD70FD4E, 0xFD74FD52, 0xFD73FD51,
	0xFD77FD54, 0xFD82FD5E, 0xFD81FD5D, 0xFD88FD63, 0xFD93FD6D, 0xFD96FD70, 0xFDA3FD7D, 0xFDACFD87, 0xFDB0FD8B, 0xFDC1FD9B, 0xFDCCFDA5,
	0xFDDAFDB3, 0xFDF4FDCB, 0xFDFDFDD4, 0xFE06FDDF, 0xFE1CFDF6, 0xFE2BFE05, 0xFE39FE14, 0xFE4BFE27, 0xFE5EFE39, 0xFE72FE4C, 0xFE84FE60,
	0xFE98FE75, 0xFEAEFE8C, 0xFEC1FEA0, 0xFED3FEB3, 0xFEEAFECC, 0xFF00FEE4, 0xFF11FEF8, 0xFF29FF12, 0xFF45FF2E, 0xFF57FF44, 0xFF6AFF59,
	0xFF81FF72, 0xFF95FF88, 0xFFAAFFA1, 0xFFBFFFBA, 0xFFD0FFCE, 0xFFE6FFE5, 0xFFFCFFFE, 0x000D0014, 0x0023002D, 0x00380044, 0x00440055,
	0x0055006B, 0x006D0086, 0x0080009B, 0x009300B2, 0x00A500C9, 0x00B200DC, 0x00C200F0, 0x00D10102, 0x00DB0112, 0x00EC0128, 0x00FD013C,
	0x010C014E, 0x011C0163, 0x01270172, 0x01320182, 0x01420196, 0x014B01A0, 0x015701AE, 0x016601C2, 0x016C01CD, 0x017601D9, 0x018101E5,
	0x018901EF, 0x019201FD, 0x01980205, 0x01A0020E, 0x01AC021D, 0x01B20225, 0x01B9022D, 0x01C30237, 0x01C9023D, 0x01CF0243, 0x01D6024C,
	0x01DA024F, 0x01DE0253, 0x01E9025C, 0x01F10261, 0x01F10261, 0x01F80268, 0x01FE026A, 0x01FE0268, 0x02070270, 0x020E0272, 0x020F026F,
	0x0213026F, 0x02160270, 0x021F0273, 0x02240271, 0x0225026C, 0x0228026C, 0x02280268, 0x022B0265, 0x022E0260, 0x022E025B, 0x0234025C,
	0x02330254, 0x0233024C, 0x023A024B, 0x02380241, 0x02350238, 0x02390238, 0x023A0233, 0x02390228, 0x0238021F, 0x02370219, 0x02340210,
	0x02320205, 0x023001FB, 0x022A01ED, 0x022901E6, 0x022601DD, 0x021E01CF, 0x021B01C5, 0x021701BC, 0x021001B0, 0x020901A1, 0x01FC018D,
	0x01F3017F, 0x01EA0172, 0x01DC0160, 0x01D20152, 0x01C80142, 0x01B9012F, 0x01A9011C, 0x019D010B, 0x019100FC, 0x018000EA, 0x017000D8,
	0x015E00C4, 0x014A00AF, 0x0138009E, 0x0126008A, 0x01120075, 0x00FB005F, 0x00E30049, 0x00D00035, 0x00B9001D, 0x009F0005, 0x0087FFF0,
	0x006DFFD9, 0x0054FFC3, 0x0038FFA9, 0x001BFF8F, 0x0006FF7C, 0xFFEAFF63, 0xFFCBFF47, 0xFFACFF2D, 0xFF90FF16, 0xFF77FF01, 0xFF56FEE3,
	0xFF38FECA, 0xFF20FEB8, 0xFEFEFE9B, 0xFEDFFE82, 0xFEC3FE6B, 0xFEA3FE52, 0xFE89FE3D, 0xFE6BFE25, 0xFE51FE0F, 0xFE38FDFC, 0xFE18FDE3,
	0xFDFEFDD0, 0xFDE5FDBC, 0xFDC9FDA5, 0xFDB1FD92, 0xFD96FD7E, 0xFD7DFD6C, 0xFD69FD5D, 0xFD54FD4D, 0xFD3EFD3B, 0xFD28FD29, 0xFD15FD1D,
	0xFD01FD0E, 0xFCEFFD00, 0xFCE4FCFA, 0xFCD3FCEE, 0xFCC4FCE2, 0xFCBAFCDC, 0xFCAFFCD4, 0xFCA4FCCD, 0xFC99FCC5, 0xFC94FCC3, 0xFC91FCC6,
	0xFC8AFCC1, 0xFC8AFCC1, 0xFC88FCC1, 0xFC83FCC0, 0xFC89FCCA, 0xFC8BFCCF, 0xFC8EFCD1, 0xFC96FCDA, 0xFC9AFCE1, 0xFCA5FCEC, 0xFCB1FCF8,
	0xFCB7FCFF, 0xFCC7FD0F, 0xFCD7FD1F, 0xFCE2FD2B, 0xFCF4FD3E, 0xFD04FD4E, 0xFD14FD5E, 0xFD2AFD75, 0xFD3EFD8A, 0xFD53FD9F, 0xFD6CFDB6,
	0xFD85FDCD, 0xFD9CFDE6, 0xFDB4FDFD, 0xFDCEFE16, 0xFDECFE33, 0xFE06FE4F, 0xFE1FFE69, 0xFE3EFE85, 0xFE5CFEA2, 0xFE75FEBD, 0xFE92FEDB,
	0xFEB2FEF9, 0xFECFFF16, 0xFEECFF33, 0xFF0CFF52, 0xFF28FF70, 0xFF44FF8C, 0xFF65FFAC, 0xFF84FFCB, 0xFF9FFFE7, 0xFFBD0005, 0xFFDB0025,
	0xFFF80045, 0x00150062, 0x0031007D, 0x004C0099, 0x006700B6, 0x007F00CF, 0x009800E8, 0x00B30104, 0x00CE0121, 0x00E40139, 0x00FB0152,
	0x0113016C, 0x01270184, 0x013F019D, 0x015501B3, 0x016501C3, 0x017301D4, 0x018401E9, 0x019801FF, 0x01A6020E, 0x01B3021D, 0x01C40230,
	0x01CE023C, 0x01D80247, 0x01E9025A, 0x01F30265, 0x01FA026E, 0x02050279, 0x020D0281, 0x0215028A, 0x021C0292, 0x02210296, 0x0227029D,
	0x022A02A0, 0x022D02A3, 0x023302A7, 0x023502A8, 0x023802AB, 0x023B02AE, 0x023702A9, 0x023A02A8, 0x024002AC, 0x023C02A5, 0x0238029E,
	0x023D02A0, 0x023C029D, 0x02330290, 0x022E0288, 0x022D0282, 0x022E027D, 0x022C0275, 0x02240269, 0x02220262, 0x0224025E, 0x021A024E,
	0x0213023F, 0x02110237, 0x020A022A, 0x0206021D, 0x02020210, 0x01FE0204, 0x01FA01FA, 0x01F201EA, 0x01ED01DD, 0x01ED01D4, 0x01E501C3,
	0x01E001B4, 0x01DE01AA, 0x01D40197, 0x01CE0186, 0x01CD017B, 0x01C6016C, 0x01BD015C, 0x01BC0151, 0x01BA0144, 0x01AF0130, 0x01AB0123,
	0x01A70117, 0x01990100, 0x019500F2, 0x019300E7, 0x018700D1, 0x018000C2, 0x017B00B6, 0x017400A7, 0x016B0095, 0x015D0081, 0x01540073,
	0x014B0063, 0x013F004F, 0x01390044, 0x012D0033, 0x011D001E, 0x01190014, 0x01130008, 0x0101FFF4, 0x00F5FFE6, 0x00ECFFD9, 0x00DEFFC8,
	0x00CDFFB6, 0x00BDFFA5, 0x00B0FF96, 0x00A3FF87, 0x0095FF77, 0x0085FF67, 0x0073FF56, 0x0063FF48, 0x0054FF3A, 0x0040FF27, 0x0030FF19,
	0x0020FF0D, 0x000BFEFB, 0xFFF9FEED, 0xFFE5FEDE, 0xFFD2FECF, 0xFFC4FEC4, 0xFFACFEB3, 0xFF94FEA3, 0xFF82FE96, 0xFF6EFE87, 0xFF5AFE7B,
	0xFF43FE6B, 0xFF2DFE5D, 0xFF1DFE54, 0xFF07FE47, 0xFEF2FE3C, 0xFEDDFE30, 0xFEC5FE20, 0xFEB5FE19, 0xFE9FFE0D, 0xFE89FE01, 0xFE79FDFA,
	0xFE67FDF2, 0xFE56FDED, 0xFE43FDE6, 0xFE2EFDDB, 0xFE1FFDD5, 0xFE0EFDCF, 0xFDFEFDCA, 0xFDECFDC5, 0xFDDCFDBF, 0xFDD2FDBE, 0xFDBFFDB6,
	0xFDAEFDB1, 0xFDA4FDB4, 0xFD95FDAF, 0xFD8AFDAD, 0xFD83FDB1, 0xFD79FDB5, 0xFD70FDB8, 0xFD69FDBA, 0xFD66FDBF, 0xFD60FDC4, 0xFD57FDC7,
	0xFD56FDD0, 0xFD52FDD6, 0xFD50FDDE, 0xFD50FDE7, 0xFD4BFDEA, 0xFD51FDF9, 0xFD57FE08, 0xFD57FE10, 0xFD5BFE1C, 0xFD60FE2A, 0xFD67FE3A,
	0xFD6DFE48, 0xFD72FE55, 0xFD7FFE68, 0xFD8CFE7B, 0xFD94FE8A, 0xFD9CFE98, 0xFDA8FEA9, 0xFDB6FEBD, 0xFDC3FED0, 0xFDD1FEE5, 0xFDE2FEFA,
	0xFDF1FF0D, 0xFE03FF23, 0xFE14FF38, 0xFE23FF4A, 0xFE36FF60, 0xFE49FF76, 0xFE5EFF8D, 0xFE72FFA5, 0xFE84FFB9, 0xFE98FFCD, 0xFEACFFE2,
	0xFEC1FFF8, 0xFED4000D, 0xFEE60020, 0xFEFD0036, 0xFF16004E, 0xFF2D0064, 0xFF410079, 0xFF55008B, 0xFF6C009F, 0xFF8200B4, 0xFF9200C7,
	0xFFA600DA, 0xFFBD00EC, 0xFFD100FC, 0xFFE5010D, 0xFFF8011C, 0x000D012D, 0x001E013C, 0x002D0147, 0x00410156, 0x00540164, 0x00650171,
	0x0077017F, 0x00860187, 0x0095018F, 0x00AA019E, 0x00BE01AB, 0x00C901B0, 0x00D301B4, 0x00E201BB, 0x00F201C4, 0x00FD01C8, 0x010801CC,
	0x011501D0, 0x012101D3, 0x012F01D8, 0x013901DA, 0x014101D8, 0x014D01DA, 0x015801DE, 0x016201DE, 0x016801D7, 0x016F01D3, 0x017A01D6,
	0x017F01D3, 0x018301CB, 0x018C01C8, 0x019201C4, 0x019B01C0, 0x01A001B8, 0x01A201AF, 0x01A801AB, 0x01AA01A2, 0x01AE0198, 0x01B30191,
	0x01B30186, 0x01B5017C, 0x01BA0173, 0x01BC0168, 0x01BE0160, 0x01C20158, 0x01C5014C, 0x01C3013E, 0x01C40134, 0x01CA012E, 0x01CB0123,
	0x01CB0117, 0x01CA0109, 0x01C800FC, 0x01CA00F3, 0x01C800E7, 0x01C600DA, 0x01C600CE, 0x01C100C1, 0x01C100B7, 0x01BF00A9, 0x01BD009C,
	0x01BE0094, 0x01B50084, 0x01B10078, 0x01B1006D, 0x01AB005E, 0x01AA0056, 0x01A50049, 0x019D003B, 0x019D0034, 0x01960026, 0x01900019,
	0x018C0012, 0x01820004, 0x017EFFFC, 0x0179FFF6, 0x016EFFE9, 0x0167FFDF, 0x0162FFD5, 0x015AFFCD, 0x0152FFC5, 0x0149FFBB, 0x0140FFB2,
	0x0135FFA8, 0x012DFFA2, 0x0127FF9C, 0x011AFF90, 0x010FFF89, 0x0104FF83, 0x00F6FF79, 0x00ECFF72, 0x00DFFF6A, 0x00D1FF63, 0x00C6FF5E,
	0x00B6FF54, 0x00ABFF50, 0x00A0FF4B, 0x0090FF42, 0x0085FF3F, 0x0077FF3A, 0x0066FF34, 0x005EFF35, 0x0050FF31, 0x003FFF2A, 0x002FFF25,
	0x001FFF1E, 0x0012FF1D, 0x0005FF1C, 0xFFF4FF17, 0xFFE1FF11, 0xFFD1FF0D, 0xFFC3FF0B, 0xFFB1FF04, 0xFF9FFF01, 0xFF92FF02, 0xFF82FEFE,
	0xFF72FEFA, 0xFF62FEF7, 0xFF51FEF4, 0xFF46FEF6, 0xFF38FEF5, 0xFF23FEEF, 0xFF13FEEF, 0xFF07FEF1, 0xFEFCFEF2, 0xFEEFFEF2, 0xFEE0FEF1,
	0xFED2FEEF, 0xFEC7FEF1, 0xFEBAFEF0, 0xFEA9FEEC, 0xFEA0FEF1, 0xFE99FEF5, 0xFE8BFEF3, 0xFE83FEF6, 0xFE78FEF8, 0xFE6EFEFB, 0xFE6CFF02,
	0xFE62FF01, 0xFE5CFF07, 0xFE58FF0E, 0xFE4BFF0A, 0xFE46FF0E, 0xFE44FF15, 0xFE40FF1A, 0xFE40FF23, 0xFE3BFF26, 0xFE38FF2B, 0xFE38FF33,
	0xFE38FF3B, 0xFE3DFF45, 0xFE3AFF48, 0xFE39FF4C, 0xFE3DFF56, 0xFE3AFF59, 0xFE41FF65, 0xFE47FF70, 0xFE46FF73, 0xFE4FFF7F, 0xFE57FF88,
	0xFE5DFF91, 0xFE67FF9D, 0xFE69FFA2, 0xFE71FFAC, 0xFE7FFFBB, 0xFE87FFC5, 0xFE8EFFCE, 0xFE96FFD8, 0xFEA2FFE5, 0xFEAFFFF1, 0xFEBBFFFC,
	0xFEC70007, 0xFED40012, 0xFEE1001E, 0xFEEB0027, 0xFEF80033, 0xFF090042, 0xFF14004B, 0xFF240059, 0xFF350067, 0xFF40006E, 0xFF4E007A,
	0xFF5E0087, 0xFF6A0092, 0xFF7A009E, 0xFF8900A7, 0xFF9500AF, 0xFFA400BC, 0xFFB500C9, 0xFFC200D2, 0xFFCF00DA, 0xFFDE00E4, 0xFFE800E9,
	0xFFF700F2, 0x000A0101, 0x00150109, 0x001E010E, 0x002B0114, 0x00350118, 0x003F011E, 0x004D0127, 0x0057012C, 0x005D012C, 0x00690132,
	0x00760138, 0x007D0139, 0x0085013C, 0x008B013C, 0x0091013B, 0x0099013E, 0x009F013E, 0x00A6013F, 0x00AD013D, 0x00AF0137, 0x00B50137,
	0x00B80135, 0x00BC0133, 0x00C10130, 0x00C00127, 0x00C20122, 0x00C6011F, 0x00C80118, 0x00CA0111, 0x00C70105, 0x00C100F8, 0x00C200F2,
	0x00C600ED, 0x00C400E3, 0x00C000D6, 0x00C100D0, 0x00C200C8, 0x00BB00B7, 0x00B700AB, 0x00B600A2, 0x00B30094, 0x00B10088, 0x00AD007E,
	0x00A6006F, 0x00A40063, 0x00A30056, 0x00990043, 0x00930035, 0x0093002B, 0x008A0018, 0x00840007, 0x0085FFFF, 0x0081FFF3, 0x0079FFE1,
	0x0073FFD3, 0x0073FFCB, 0x006EFFBC, 0x0066FFA8, 0x0065FF9E, 0x0062FF92, 0x005BFF82, 0x0058FF75, 0x0052FF66, 0x004EFF5C, 0x004BFF51,
	0x0044FF42, 0x0045FF3A, 0x0043FF2E, 0x003DFF21, 0x003BFF18, 0x0038FF0D, 0x0039FF07, 0x003AFF02, 0x0036FEF6, 0x0034FEEE, 0x0034FEE7,
	0x0034FEE3, 0x0031FEDD, 0x002DFED4, 0x002EFED0, 0x002EFECC, 0x002FFEC9, 0x0032FECA, 0x002FFEC4, 0x002EFEC0, 0x002FFEC0, 0x002CFEBD,
	0x0030FEBF, 0x0037FEC4, 0x0037FEC4, 0x0037FEC5, 0x003BFEC9, 0x003AFECA, 0x003AFECC, 0x003CFED0, 0x003DFED5, 0x003FFED9, 0x0041FEDF,
	0x0043FEE6, 0x0043FEEA, 0x0043FEEF, 0x0047FEF8, 0x004CFF03, 0x004AFF09, 0x004CFF11, 0x004DFF19, 0x004AFF20, 0x004DFF2C, 0x004CFF33,
	0x0047FF38, 0x004CFF47, 0x004FFF53, 0x004CFF5B, 0x004DFF66, 0x0050FF72, 0x004FFF7C, 0x004BFF85, 0x0049FF8F, 0x0049FF9A, 0x0048FFA4,
	0x0048FFB1, 0x0045FFBD, 0x003EFFC6, 0x003FFFD2, 0x0040FFDF, 0x003DFFE9, 0x003CFFF7, 0x00390000, 0x00310005, 0x002F0011, 0x002F001F,
	0x002B0028, 0x00290033, 0x00270041, 0x0023004C, 0x001D0050, 0x001A0059, 0x00190065, 0x0012006F, 0x0010007B, 0x000F0084, 0x00080089,
	0x00080096, 0x000500A0, 0xFFFD00A3, 0xFFFC00AD, 0xFFF900B7, 0xFFF500BC, 0xFFF300C2, 0xFFF100CA, 0xFFF200D5, 0xFFEE00DB, 0xFFE800DE,
	0xFFE600E7, 0xFFE500F2, 0xFFE400F6, 0xFFE100F8, 0xFFE20100, 0xFFE10107, 0xFFDD010A, 0xFFE00112, 0xFFE4011B, 0xFFDE011C, 0xFFDA011D,
	0xFFDE0122, 0xFFE10128, 0xFFDC0128, 0xFFDA0128, 0xFFDF012F, 0xFFE10132, 0xFFE10133, 0xFFE00135, 0xFFDC0134, 0xFFE00137, 0xFFE4013A,
	0xFFE6013B, 0xFFEA013E, 0xFFEB013D, 0xFFEF013E, 0xFFF0013D, 0xFFED0138, 0xFFF4013C, 0xFFF5013A, 0xFFF20133, 0xFFF80135, 0xFFF7012F,
	0xFFF40128, 0xFFF80127, 0xFFFA0123, 0xFFFE0121, 0xFFFE011C, 0xFFFB0115, 0x00000113, 0x0002010E, 0xFFFD0103, 0xFFFA00FA, 0xFFFF00F7,
	0x000200F3, 0xFFFB00E5, 0xFFFA00DB, 0xFFFE00D7, 0xFFFA00CC, 0xFFF500BF, 0xFFF600B8, 0xFFF400AF, 0xFFEF00A1, 0xFFEB0094, 0xFFEA008A,
	0xFFE8007E, 0xFFE30073, 0xFFDD0067, 0xFFD70058, 0xFFD5004B, 0xFFD0003E, 0xFFCB0032, 0xFFC90028, 0xFFC00016, 0xFFB60004, 0xFFB1FFF6,
	0xFFA9FFE7, 0xFFA2FFD8, 0xFF9EFFCC, 0xFF99FFC0, 0xFF8FFFAE, 0xFF83FF9A, 0xFF7DFF8C, 0xFF77FF7F, 0xFF6EFF6E, 0xFF68FF60, 0xFF62FF51,
	0xFF5AFF41, 0xFF54FF35, 0xFF4CFF26, 0xFF44FF16, 0xFF3DFF09, 0xFF35FEFC, 0xFF2FFEEF, 0xFF2AFEE1, 0xFF22FED3, 0xFF1CFEC6, 0xFF19FEBB,
	0xFF15FEB1, 0xFF0DFEA1, 0xFF0BFE98, 0xFF0CFE93, 0xFF02FE83, 0xFEFCFE77, 0xFEFFFE74, 0xFEFCFE6C, 0xFEFAFE65, 0xFEF9FE5F, 0xFEFAFE5B,
	0xFEFEFE57, 0xFEFCFE4E, 0xFEFAFE4A, 0xFEFBFE46, 0xFEFFFE44, 0xFF05FE45, 0xFF05FE40, 0xFF0BFE41, 0xFF17FE47, 0xFF17FE43, 0xFF1AFE43,
	0xFF22FE47, 0xFF29FE48, 0xFF32FE4F, 0xFF36FE52, 0xFF3DFE55, 0xFF4BFE5F, 0xFF53FE62, 0xFF5DFE6B, 0xFF6CFE79, 0xFF73FE7E, 0xFF7EFE86,
	0xFF8EFE95, 0xFF9AFE9F, 0xFFA5FEA8, 0xFFB1FEB3, 0xFFBCFEBF, 0xFFCAFECC, 0xFFDAFEDB, 0xFFE8FEE9, 0xFFF3FEF7, 0xFFFFFF05, 0x0010FF17,
	0x001DFF25, 0x002AFF35, 0x003BFF49, 0x0047FF56, 0x0056FF66, 0x0067FF7A, 0x006FFF87, 0x007DFF9A, 0x008EFFAF, 0x0097FFBB, 0x00A2FFC9,
	0x00AFFFDA, 0x00BDFFEE, 0x00CA0003, 0x00D60015, 0x00E00023, 0x00E7002F, 0x00F20042, 0x00FF0058, 0x01080067, 0x0113007A, 0x011C0089,
	0x011E0092, 0x012700A4, 0x013300B9, 0x013D00CA, 0x014000D4, 0x013F00DB, 0x014600EB, 0x014900F8, 0x01490101, 0x014D010F, 0x014F0118,
	0x01500121, 0x014F012A, 0x01500134, 0x01530142, 0x014F0147, 0x014E014F, 0x014F0159, 0x014A015D, 0x01490164, 0x01430167, 0x013D0169,
	0x0139016F, 0x012C016B, 0x0126016E, 0x01260176, 0x011C0173, 0x01160175, 0x01110177, 0x01080175, 0x01030175, 0x00FA0174, 0x00F00173,
	0x00E80170, 0x00E2016E, 0x00D9016C, 0x00CB0166, 0x00C30162, 0x00BB015D, 0x00B10158, 0x00AA0154, 0x009E014B, 0x00970145, 0x00940144,
	0x0087013B, 0x007B0131, 0x0074012C, 0x006C0126, 0x0062011C, 0x005B0116, 0x00570112, 0x004E0109, 0x00470101, 0x004500FD, 0x003C00F2,
	0x003000E7, 0x002A00DF, 0x002A00DB, 0x002700D7, 0x001E00CC, 0x001700C1, 0x001600BC, 0x001400B9, 0x001100B3, 0x000C00A7, 0x000A00A0,
	0x000B009D, 0x00090097, 0x0005008D, 0x00000082, 0xFFFF007C, 0xFFFE0078, 0xFFFB006E, 0xFFF80064, 0xFFF6005D, 0xFFF9005C, 0xFFFA0058,
	0xFFF5004E, 0xFFF60049, 0xFFF60045, 0xFFF5003E, 0xFFF40037, 0xFFF1002E, 0xFFF1002A, 0xFFF20025, 0xFFEF001C, 0xFFF4001B, 0xFFF30018,
	0xFFEE000E, 0xFFEE0008, 0xFFEE0004, 0xFFECFFFF, 0xFFE6FFF7, 0xFFE3FFEF, 0xFFE2FFEA, 0xFFDCFFE1, 0xFFD9FFDC, 0xFFD9FFD6, 0xFFD1FFCB,
	0xFFCCFFC3, 0xFFCAFFC1, 0xFFC5FFBB, 0xFFBCFFB0, 0xFFB6FFA9, 0xFFB2FFA3, 0xFFAAFF98, 0xFFA1FF8F, 0xFF9BFF89, 0xFF94FF82, 0xFF8BFF79,
	0xFF80FF6E, 0xFF78FF67, 0xFF71FF5F, 0xFF65FF53, 0xFF5CFF4B, 0xFF51FF43, 0xFF45FF38, 0xFF3CFF31, 0xFF32FF29, 0xFF25FF1B, 0xFF19FF0F,
	0xFF0EFF06, 0xFF05FF01, 0xFEFCFEF9, 0xFEF0FEEE, 0xFEE4FEE4, 0xFED8FEDC, 0xFECBFED2, 0xFEC3FECB, 0xFEBAFEC2, 0xFEABFEB5, 0xFEA0FEAC,
	0xFE95FEA4, 0xFE8BFE9C, 0xFE8AFE9C, 0xFE83FE96, 0xFE78FE8E, 0xFE71FE89, 0xFE66FE7E, 0xFE5FFE78, 0xFE5DFE77, 0xFE55FE71, 0xFE50FE6D,
	0xFE4EFE6A, 0xFE4AFE67, 0xFE48FE65, 0xFE47FE64, 0xFE48FE64, 0xFE48FE62, 0xFE49FE63, 0xFE4CFE67, 0xFE4DFE68, 0xFE4FFE69, 0xFE50FE69,
	0xFE55FE6D, 0xFE64FE7A, 0xFE6AFE7E, 0xFE6EFE80, 0xFE7AFE89, 0xFE82FE8F, 0xFE8DFE97, 0xFE9AFEA0, 0xFEA3FEA9, 0xFEB1FEB5, 0xFEBDFEBD,
	0xFECBFEC8, 0xFEDFFED9, 0xFEEEFEE5, 0xFF00FEF4, 0xFF12FF01, 0xFF21FF0C, 0xFF35FF1D, 0xFF46FF2B, 0xFF58FF3A, 0xFF70FF4F, 0xFF84FF5F,
	0xFF9AFF72, 0xFFB4FF8A, 0xFFC5FF98, 0xFFDAFFA8, 0xFFF5FFBD, 0x0008FFCE, 0x001CFFE1, 0x0035FFF8, 0x004D000D, 0x00630020, 0x00790033,
	0x00900047, 0x00A00057, 0x00B10065, 0x00CC007E, 0x00E20092, 0x00F300A2, 0x010C00B9, 0x011F00CB, 0x013100DB, 0x014600F0, 0x01560101,
	0x01690113, 0x017A0123, 0x01890133, 0x019B0146, 0x01A80153, 0x01B1015F, 0x01C1016E, 0x01CD017A, 0x01D40184, 0x01E00192, 0x01EC01A0,
	0x01F301A8, 0x01FB01B1, 0x020501BE, 0x020901C4, 0x020D01C9, 0x021201D2, 0x021301D8, 0x021501DD, 0x021401DE, 0x021301DE, 0x021301E2,
	0x021201E5, 0x021101E9, 0x020E01EA, 0x020B01E7, 0x020801E7, 0x020001E4, 0x01F901E2, 0x01F201DF, 0x01EA01D9, 0x01E501D6, 0x01DB01CF,
	0x01D201C8, 0x01C801C4, 0x01BB01BA, 0x01B501B5, 0x01AB01AE, 0x0199019F, 0x018C0196, 0x0180018C, 0x01750181, 0x016A0177, 0x01570168,
	0x0148015C, 0x013E0153, 0x012F0144, 0x011F0135, 0x01100128, 0x0101011A, 0x00F2010C, 0x00E60100, 0x00D900F2, 0x00C800E0, 0x00B900D2,
	0x00AA00C6, 0x009B00B6, 0x009200A9, 0x0085009B, 0x0074008A, 0x0066007B, 0x0057006B, 0x004A005C, 0x00400050, 0x00320040, 0x00240031,
	0x001A0025, 0x000F0017, 0x00030008, 0xFFF6FFF9, 0xFFEAFFEB, 0xFFE3FFE1, 0xFFDBFFD7, 0xFFCFFFCA, 0xFFC2FFBB, 0xFFB4FFAB, 0xFFA9FF9D,
	0xFFA3FF94, 0xFF9BFF89, 0xFF8FFF7B, 0xFF85FF6E, 0xFF7EFF66, 0xFF76FF5B, 0xFF6DFF50, 0xFF66FF48, 0xFF60FF3F, 0xFF56FF32, 0xFF4FFF29,
	0xFF47FF1F, 0xFF3BFF11, 0xFF33FF09, 0xFF2FFF05, 0xFF27FEFD, 0xFF22FEF6, 0xFF1FFEF2, 0xFF17FEE9, 0xFF0EFEE1, 0xFF08FEDB, 0xFF00FED2,
	0xFEF7FECB, 0xFEF4FEC7, 0xFEEDFEBF, 0xFEE5FEB9, 0xFEE1FEB8, 0xFEDAFEB2, 0xFED3FEAC, 0xFED0FEAB, 0xFEC7FEA5, 0xFEBFFE9F, 0xFEB9FE9B,
	0xFEB1FE95, 0xFEAFFE95, 0xFEAAFE93, 0xFE9EFE8C, 0xFE9CFE8D, 0xFE98FE8C, 0xFE91FE87, 0xFE90FE89, 0xFE89FE88, 0xFE81FE85, 0xFE7FFE84,
	0xFE7BFE83, 0xFE77FE84, 0xFE72FE83, 0xFE6FFE85, 0xFE6FFE8A, 0xFE6AFE8A, 0xFE65FE8A, 0xFE61FE89, 0xFE5DFE8B, 0xFE61FE92, 0xFE61FE95,
	0xFE5CFE92, 0xFE5CFE95, 0xFE5EFE9C, 0xFE60FEA1, 0xFE61FEA6, 0xFE64FEB0, 0xFE68FEB7, 0xFE65FEB6, 0xFE6AFEBD, 0xFE73FECA, 0xFE73FECF,
	0xFE75FED4, 0xFE7DFEDC, 0xFE81FEE3, 0xFE87FEEC, 0xFE93FEF8, 0xFE9DFF05, 0xFEA4FF0F, 0xFEA9FF17, 0xFEB6FF23, 0xFEC4FF30, 0xFECCFF3A,
	0xFED9FF48, 0xFEE8FF58, 0xFEF3FF64, 0xFEFEFF70, 0xFF0AFF7B, 0xFF19FF88, 0xFF2AFF9A, 0xFF37FFA7, 0xFF47FFB5, 0xFF5BFFC9, 0xFF67FFD6,
	0xFF77FFE3, 0xFF8DFFF6, 0xFF9F0007, 0xFFB00018, 0xFFBF0026, 0xFFD30035, 0xFFEA0048, 0xFFF60055, 0x00090067, 0x0021007A, 0x0034008A,
	0x0048009D, 0x005800AC, 0x006F00BF, 0x008500D2, 0x009200DF, 0x00A900F3, 0x00BD0103, 0x00CC0111, 0x00DE0122, 0x00EE012F, 0x0102013E,
	0x0113014D, 0x0122015A, 0x01340169, 0x01440177, 0x01540185, 0x0162018F, 0x0170019A, 0x018301AA, 0x018B01B1, 0x019701B9, 0x01A901C9,
	0x01B101CF, 0x01B801D5, 0x01C501E0, 0x01CF01E9, 0x01DB01F3, 0x01E301F8, 0x01E701F9, 0x01EA01FA, 0x01EE01FD, 0x01F40203, 0x01F90204,
	0x01FD0206, 0x01FF0208, 0x01FC0204, 0x01FF0204, 0x02000202, 0x01FC01FD, 0x01FE01FD, 0x01F901F4, 0x01F201ED, 0x01F401EC, 0x01ED01E3,
	0x01E501D9, 0x01E201D6, 0x01DC01CD, 0x01D501C3, 0x01D101BB, 0x01C601AE, 0x01B9019E, 0x01B10193, 0x01A50186, 0x019A0177, 0x0194016C,
	0x0188015C, 0x0178014A, 0x01690139, 0x015A0126, 0x01510117, 0x01460108, 0x013300F4, 0x012400E2, 0x011700CF, 0x010700BB, 0x00F800AB,
	0x00E80099, 0x00D70080, 0x00C80069, 0x00BC0058, 0x00AE0046, 0x009B002E, 0x008E001C, 0x007F0009, 0x006DFFF4, 0x005FFFE3, 0x004FFFCE,
	0x0041FFBA, 0x0037FFAA, 0x0026FF94, 0x001AFF83, 0x000DFF74, 0xFFF9FF5D, 0xFFEBFF49, 0xFFE2FF39, 0xFFD4FF27, 0xFFCAFF17, 0xFFC1FF0B,
	0xFFB0FEF9, 0xFFA2FEE6, 0xFF9BFEDA, 0xFF91FECE, 0xFF84FEBF, 0xFF76FEAF, 0xFF73FEA7, 0xFF6DFE9E, 0xFF5DFE8E, 0xFF57FE86, 0xFF4EFE7B,
	0xFF43FE6F, 0xFF41FE6C, 0xFF39FE62, 0xFF31FE59, 0xFF2AFE52, 0xFF20FE4B, 0xFF21FE4C, 0xFF1CFE49, 0xFF13FE42, 0xFF14FE45, 0xFF11FE44,
	0xFF0AFE3F, 0xFF05FE3F, 0xFEFFFE3E, 0xFEFBFE3E, 0xFEFDFE43, 0xFEFBFE45, 0xFEF3FE41, 0xFEEEFE42, 0xFEF1FE4B, 0xFEEEFE4F, 0xFEEAFE52,
	0xFEEEFE5C, 0xFEEAFE60, 0xFEE5FE63, 0xFEE8FE6C, 0xFEE5FE73, 0xFEDFFE79, 0xFEDFFE81, 0xFEDFFE87, 0xFEDEFE8F, 0xFEDBFE96, 0xFEDBFEA3,
	0xFEDCFEAF, 0xFEDAFEB5, 0xFEDAFEBE, 0xFEDBFEC9, 0xFED9FED4, 0xFED7FEDF, 0xFEDCFEF0, 0xFEDFFEFD, 0xFED9FF01, 0xFED7FF0B, 0xFED8FF17,
	0xFEDCFF26, 0xFEDFFF32, 0xFEDAFF38, 0xFED9FF43, 0xFED9FF4D, 0xFED7FF55, 0xFEDDFF66, 0xFEE0FF73, 0xFEDFFF7B, 0xFEE0FF89, 0xFEE1FF95,
	0xFEE1FF9D, 0xFEE6FFAA, 0xFEEAFFB6, 0xFEE7FFBD, 0xFEEBFFC9, 0xFEF2FFD7, 0xFEF1FFDE, 0xFEF0FFE5, 0xFEF5FFF0, 0xFEFE0000, 0xFF020009,
	0xFEFF000C, 0xFF0A001C, 0xFF120029, 0xFF13002D, 0xFF1D003A, 0xFF210041, 0xFF250048, 0xFF300055, 0xFF35005C, 0xFF3D0066, 0xFF46006F,
	0xFF4B0074, 0xFF56007D, 0xFF5E0083, 0xFF650089, 0xFF710093, 0xFF7B009C, 0xFF8500A5, 0xFF8E00AB, 0xFF9B00B2, 0xFFA800BA, 0xFFB000BF,
	0xFFBD00C8, 0xFFC900CE, 0xFFD200D0, 0xFFDC00D4, 0xFFE700D9, 0xFFF800E4, 0x000400EC, 0x000F00EE, 0x001F00F3, 0x002E00FA, 0x003900FF,
	0x00410100, 0x00510107, 0x0060010B, 0x0069010B, 0x007C0116, 0x00880119, 0x008E0114, 0x009D011A, 0x00AC0120, 0x00B70122, 0x00C30125,
	0x00D10129, 0x00DE012A, 0x00E70129, 0x00F1012A, 0x00FC012E, 0x01060130, 0x01130131, 0x011F0133, 0x01260132, 0x012F0133, 0x013B0136,
	0x013E0130, 0x0145012E, 0x01510131, 0x0156012F, 0x015B012D, 0x0160012C, 0x01640127, 0x01690124, 0x016F0124, 0x0170011F, 0x0171011B,
	0x0177011B, 0x01790116, 0x017C0114, 0x017A010D, 0x01750103, 0x01780103, 0x017800FC, 0x017600F4, 0x017500EF, 0x016D00E4, 0x016B00DE,
	0x016800D6, 0x016200CE, 0x015E00C8, 0x015700BE, 0x015400BA, 0x015100B5, 0x014600A7, 0x013F009F, 0x013B0098, 0x0131008D, 0x01260081,
	0x0121007B, 0x011A0072, 0x010D0064, 0x01030059, 0x00FB0050, 0x00F20046, 0x00E8003C, 0x00DC0031, 0x00D40029, 0x00CD001F, 0x00C10013,
	0x00B50009, 0x00A7FFFC, 0x009CFFEE, 0x0099FFEA, 0x008EFFE1, 0x007FFFD2, 0x0078FFCC, 0x006DFFC1, 0x0060FFB5, 0x0057FFAB, 0x0048FF9D,
	0x003EFF95, 0x0036FF8E, 0x002AFF82, 0x0020FF78, 0x0018FF6F, 0x000FFF66, 0x0005FF5D, 0xFFFDFF56, 0xFFF3FF4D, 0xFFE6FF42, 0xFFDDFF3A,
	0xFFD4FF32, 0xFFD1FF2F, 0xFFCAFF29, 0xFFC3FF22, 0xFFC0FF21, 0xFFB4FF16, 0xFFADFF0F, 0xFFAAFF0E, 0xFFA1FF06, 0xFF9BFF02, 0xFF93FEFC,
	0xFF8CFEF7, 0xFF8AFEF7, 0xFF85FEF4, 0xFF80FEF1, 0xFF7CFEF0, 0xFF7AFEEF, 0xFF77FEED, 0xFF74FEEB, 0xFF6DFEE9, 0xFF69FEE9, 0xFF67FEE8,
	0xFF61FEE4, 0xFF5FFEE6, 0xFF60FEEB, 0xFF5CFEEB, 0xFF56FEE7, 0xFF54FEE9, 0xFF55FEEF, 0xFF53FEF0, 0xFF50FEF2, 0xFF4FFEF7, 0xFF4CFEFA,
	0xFF49FEFB, 0xFF49FEFE, 0xFF48FF01, 0xFF44FF04, 0xFF43FF0A, 0xFF40FF0C, 0xFF3CFF0F, 0xFF3FFF18, 0xFF3CFF1B, 0xFF37FF1C, 0xFF37FF23,
	0xFF37FF29, 0xFF35FF2D, 0xFF35FF34, 0xFF36FF3C, 0xFF32FF40, 0xFF2FFF44, 0xFF32FF4E, 0xFF2EFF54, 0xFF2BFF58, 0xFF2DFF5F, 0xFF2EFF66,
	0xFF2BFF6B, 0xFF28FF70, 0xFF2AFF7A, 0xFF29FF81, 0xFF27FF87, 0xFF2AFF91, 0xFF26FF94, 0xFF23FF97, 0xFF25FFA1, 0xFF26FFAB, 0xFF23FFB0,
	0xFF22FFB7, 0xFF26FFC1, 0xFF26FFC7, 0xFF28FFCF, 0xFF2AFFD9, 0xFF2AFFDE, 0xFF2EFFE6, 0xFF2EFFEB, 0xFF2EFFF1, 0xFF31FFFA, 0xFF350003,
	0xFF3C000E, 0xFF3E0014, 0xFF41001B, 0xFF430022, 0xFF430027, 0xFF480030, 0xFF4E0037, 0xFF53003D, 0xFF590046, 0xFF5C004B, 0xFF620051,
	0xFF690058, 0xFF6A005D, 0xFF710066, 0xFF810072, 0xFF870078, 0xFF8A007C, 0xFF930084, 0xFF9C008B, 0xFFA50093, 0xFFAA0098, 0xFFB2009F,
	0xFFBE00A5, 0xFFC700AA, 0xFFD000B2, 0xFFD800B7, 0xFFE500BD, 0xFFF000C4, 0xFFF500C6, 0x000000CC, 0x000A00CF, 0x001400D4, 0x002100DE,
	0x002C00E4, 0x003400E5, 0x003C00E7, 0x004800EB, 0x005400EF, 0x005F00F5, 0x006A00FA, 0x007000F8, 0x007D00FC, 0x008700FF, 0x008B00FC,
	0x00980102, 0x00A60107, 0x00AB0103, 0x00B10103, 0x00BE010A, 0x00C70109, 0x00CD0107, 0x00D9010B, 0x00DE0109, 0x00E50108, 0x00EB0106,
	0x00EE0101, 0x00F90103, 0x00FA00FB, 0x00FE00F8, 0x010500FA, 0x010400F3, 0x010900EF, 0x010A00E7, 0x010D00E3, 0x011200E3, 0x010E00D8,
	0x010F00D1, 0x011200CD, 0x011000C4, 0x011100BF, 0x010C00B5, 0x010600AA, 0x010600A3, 0x0103009A, 0x00FB008E, 0x00FB008B, 0x00F80082,
	0x00EC0071, 0x00E70068, 0x00E3005F, 0x00DB0052, 0x00D40046, 0x00CB003A, 0x00C40030, 0x00BC0023, 0x00B10016, 0x00A60009, 0x009BFFFA,
	0x0094FFF2, 0x008AFFE6, 0x007DFFD7, 0x0073FFCB, 0x0068FFBE, 0x0061FFB5, 0x0059FFAB, 0x004AFF9B, 0x003DFF8E, 0x002EFF7F, 0x0020FF6F,
	0x0016FF64, 0x0009FF57, 0x0000FF4E, 0xFFF7FF42, 0xFFEBFF34, 0xFFE3FF2E, 0xFFD6FF23, 0xFFCBFF18, 0xFFC2FF0E, 0xFFB4FEFF, 0xFFAEFEFA,
	0xFFA3FEEF, 0xFF97FEE5, 0xFF97FEE6, 0xFF8EFEDD, 0xFF85FED5, 0xFF7FFED1, 0xFF77FECC, 0xFF71FEC7, 0xFF6CFEC1, 0xFF6BFEC3, 0xFF66FEC2,
	0xFF5EFEBA, 0xFF5DFEBA, 0xFF5CFEBB, 0xFF59FEBA, 0xFF5AFEBC, 0xFF5DFEBF, 0xFF5CFEC1, 0xFF58FEC2, 0xFF5AFEC7, 0xFF5EFECD, 0xFF62FED2,
	0xFF64FED8, 0xFF6CFEE4, 0xFF71FEED, 0xFF71FEEF, 0xFF78FEF9, 0xFF7EFF00, 0xFF83FF09, 0xFF8BFF16, 0xFF8EFF1D, 0xFF95FF27, 0xFF9FFF36,
	0xFFA9FF44, 0xFFAEFF4D, 0xFFB6FF59, 0xFFC2FF6B, 0xFFC7FF75, 0xFFD2FF83, 0xFFDEFF94, 0xFFE6FFA2, 0xFFF1FFB2, 0xFFF6FFBD, 0x0003FFCE,
	0x000FFFDF, 0x0014FFE9, 0x0020FFFC, 0x0028000A, 0x00310019, 0x003A0029, 0x00400034, 0x004C0044, 0x00560054, 0x005D0063, 0x00630071,
	0x0069007D, 0x00700088, 0x00780096, 0x007F00A5, 0x007E00AD, 0x008500BB, 0x008B00C8, 0x008800CC, 0x008E00D9, 0x009200E2, 0x009400EB,
	0x009800F6, 0x009900FD, 0x00970102, 0x00920104, 0x0092010D, 0x00940116, 0x00900118, 0x008E011D, 0x008A0121, 0x00870124, 0x00810123,
	0x00790121, 0x00760124, 0x00700125, 0x006C0126, 0x00640122, 0x005A011E, 0x0055011E, 0x004C011A, 0x00450116, 0x003D0112, 0x0032010D,
	0x002A0108, 0x00220104, 0x001800FE, 0x000B00F4, 0x000300EE, 0xFFFA00E6, 0xFFEB00DA, 0xFFE400D2, 0xFFDC00CA, 0xFFD100BF, 0xFFC600B7,
	0xFFBB00AD, 0xFFB100A1, 0xFFAA0098, 0xFFA30090, 0xFF9A0086, 0xFF92007E, 0xFF890072, 0xFF7E0062, 0xFF79005A, 0xFF750053, 0xFF6B0044,
	0xFF640039, 0xFF5E002F, 0xFF570024, 0xFF53001B, 0xFF4F0010, 0xFF4F000A, 0xFF4D0002, 0xFF46FFF4, 0xFF43FFEA, 0xFF40FFDF, 0xFF41FFD9,
	0xFF43FFD3, 0xFF3DFFC3, 0xFF3FFFBC, 0xFF42FFB8, 0xFF42FFB0, 0xFF45FFA9, 0xFF44FF9E, 0xFF49FF9A, 0xFF4FFF96, 0xFF52FF90, 0xFF55FF89,
	0xFF57FF83, 0xFF5DFF7F, 0xFF5FFF77, 0xFF6AFF76, 0xFF72FF74, 0xFF6FFF68, 0xFF7BFF6B, 0xFF82FF67, 0xFF86FF61, 0xFF92FF64, 0xFF95FF5D,
	0xFF9CFF5A, 0xFFA3FF58, 0xFFA6FF52, 0xFFAFFF52, 0xFFB8FF53, 0xFFBDFF51, 0xFFC4FF50, 0xFFCFFF53, 0xFFD3FF4F, 0xFFDAFF4F, 0xFFE5FF53,
	0xFFE5FF4B, 0xFFF2FF52, 0xFFFAFF54, 0xFFF7FF4D, 0x0006FF56, 0x000BFF54, 0x000DFF52, 0x0012FF54, 0x0013FF53, 0x001BFF58, 0x001FFF57,
	0x0024FF57, 0x0027FF59, 0x0026FF57, 0x002AFF5A, 0x002FFF5D, 0x0035FF61, 0x0034FF60, 0x0035FF61, 0x003AFF68, 0x0036FF65, 0x0037FF65,
	0x003AFF68, 0x0034FF65, 0x0035FF69, 0x0038FF6E, 0x0036FF6E, 0x0033FF6E, 0x0034FF72, 0x0032FF75, 0x002DFF72, 0x002EFF76, 0x002DFF79,
	0x0029FF7A, 0x002BFF7F, 0x002BFF84, 0x0025FF83, 0x0023FF87, 0x0025FF8D, 0x001EFF8C, 0x001CFF90, 0x001BFF95, 0x0017FF95, 0x0019FF9E,
	0x0014FF9F, 0x0010FF9F, 0x0014FFA7, 0x0012FFAC, 0x0010FFB3, 0x000CFFB3, 0x000BFFB4, 0x000FFFC0, 0x000EFFC7, 0x000BFFC9, 0x000EFFCF,
	0x0011FFD8, 0x0010FFDD, 0x000FFFE1, 0x0012FFE8, 0x0013FFEE, 0x001AFFFA, 0x001D0001, 0x00170000, 0x001D000B, 0x00260019, 0x0025001D,
	0x002A0026, 0x00330033, 0x00330037, 0x0036003D, 0x003D0048, 0x00410050, 0x00440055, 0x004A005E, 0x004F0067, 0x00540072, 0x005C007E,
	0x00620086, 0x006A008F, 0x00720099, 0x0074009E, 0x007B00A9, 0x008300B4, 0x008500B9, 0x008B00C1, 0x009200C9, 0x009700D0, 0x009C00D7,
	0x00A100DE, 0x00A500E5, 0x00A900EC, 0x00B200F8, 0x00B600FE, 0x00B90101, 0x00BE0109, 0x00C2010E, 0x00C40111, 0x00C20112, 0x00C50118,
	0x00CB0120, 0x00CB011F, 0x00CC0121, 0x00CB0123, 0x00C90124, 0x00CA0128, 0x00C90129, 0x00C60127, 0x00C20126, 0x00C20128, 0x00BF0127,
	0x00BE0125, 0x00BB0121, 0x00B20119, 0x00AF011B, 0x00A70115, 0x00A1010F, 0x00A20110, 0x00950105, 0x008E0100, 0x008800FB, 0x007F00F4,
	0x007B00F1, 0x006E00E3, 0x006200D7, 0x005900D0, 0x005200CA, 0x004D00C4, 0x004300B8, 0x003900AE, 0x002C00A2, 0x0023009A, 0x0019008F,
	0x000C0081, 0x0008007B, 0xFFF8006C, 0xFFED0061, 0xFFE50059, 0xFFD40046, 0xFFCE003F, 0xFFC40033, 0xFFB80025, 0xFFB2001B, 0xFFA7000D,
	0xFF9E0004, 0xFF8DFFF3, 0xFF84FFE6, 0xFF80FFDD, 0xFF72FFCB, 0xFF6CFFC3, 0xFF63FFB8, 0xFF56FFA9, 0xFF51FFA1, 0xFF4BFF97, 0xFF45FF8B,
	0xFF3EFF7F, 0xFF3BFF79, 0xFF33FF6E, 0xFF27FF5D, 0xFF27FF57, 0xFF22FF4D, 0xFF19FF42, 0xFF19FF3D, 0xFF18FF36, 0xFF15FF2E, 0xFF13FF27,
	0xFF11FF20, 0xFF10FF1C, 0xFF0FFF16, 0xFF0FFF10, 0xFF0FFF0C, 0xFF0DFF04, 0xFF0BFEFE, 0xFF0FFEFE, 0xFF0FFEF9, 0xFF10FEF5, 0xFF14FEF5,
	0xFF13FEF0, 0xFF14FEEC, 0xFF1BFEEE, 0xFF1EFEEE, 0xFF1EFEEA, 0xFF25FEED, 0xFF2EFEF1, 0xFF2FFEF0, 0xFF31FEEE, 0xFF37FEF1, 0xFF3DFEF5,
	0xFF41FEF6, 0xFF45FEF9, 0xFF48FEFA, 0xFF4EFEFC, 0xFF53FEFF, 0xFF55FEFF, 0xFF5AFF02, 0xFF5EFF05, 0xFF62FF09, 0xFF6CFF13, 0xFF6FFF15,
	0xFF74FF19, 0xFF79FF1E, 0xFF78FF1C, 0xFF7FFF23, 0xFF84FF29, 0xFF86FF2C, 0xFF8CFF33, 0xFF8FFF36, 0xFF93FF3B, 0xFF98FF41, 0xFF9AFF46,
	0xFF9EFF4A, 0xFFA1FF4D, 0xFFA5FF54, 0xFFA9FF5B, 0xFFACFF5F, 0xFFB1FF65, 0xFFB6FF6C, 0xFFB5FF70, 0xFFB6FF75, 0xFFBDFF7D, 0xFFBFFF80,
	0xFFC0FF85, 0xFFC1FF89, 0xFFC5FF8E, 0xFFCCFF95, 0xFFC9FF96, 0xFFCCFF9D, 0xFFD1FFA4, 0xFFD1FFA6, 0xFFD7FFB0, 0xFFD8FFB4, 0xFFDAFFB7,
	0xFFE3FFC2, 0xFFE4FFC5, 0xFFE2FFC7, 0xFFE6FFCD, 0xFFEDFFD5, 0xFFF2FFDC, 0xFFF7FFE3, 0xFFFAFFE8, 0xFFFAFFE9, 0xFFFEFFEF, 0x0001FFF3,
	0x0008FFFC, 0x000B0001, 0x0009FFFF, 0x00120009, 0x001B0013, 0x001E0017, 0x0025001D, 0x002C0024, 0x0034002D, 0x00390032, 0x00420039,
	0x0047003F, 0x004D0046, 0x0058004E, 0x005A004E, 0x00650059, 0x00700065, 0x00730068, 0x00800073, 0x0088007B, 0x008E0080, 0x009B008B,
	0x00A20092, 0x00A90098, 0x00B500A3, 0x00BE00AB, 0x00C400B0, 0x00CE00BA, 0x00D800C2, 0x00E000C8, 0x00EC00D4, 0x00F400DC, 0x00FA00E3,
	0x010300EB, 0x010D00F4, 0x011400F9, 0x011900FD, 0x0127010A, 0x01300112, 0x01330115, 0x013C011E, 0x013F0122, 0x01430126, 0x014C012D,
	0x01530135, 0x0157013C, 0x0157013D, 0x01610146, 0x01640149, 0x01630149, 0x016F0157, 0x016F0158, 0x016A0154, 0x016F015C, 0x016F015E,
	0x016E015F, 0x016E0160, 0x0168015B, 0x0167015E, 0x01690162, 0x01650161, 0x0160015F, 0x015A015C, 0x01550158, 0x01500156, 0x014A0155,
	0x01460155, 0x013B014D, 0x012F0144, 0x01290140, 0x0122013B, 0x01190136, 0x010C012D, 0x01020125, 0x00F8011E, 0x00E80112, 0x00DA0108,
	0x00D00102, 0x00C500FA, 0x00B200EA, 0x00A400DF, 0x009B00DA, 0x008B00CC, 0x007C00BF, 0x006C00B2, 0x005900A2, 0x00490094, 0x003B0088,
	0x002F007D, 0x001B006A, 0x000B005B, 0x00000051, 0xFFEA003D, 0xFFDE0032, 0xFFD10026, 0xFFBD0014, 0xFFAB0002, 0xFF9AFFF2, 0xFF91FFE8,
	0xFF80FFD5, 0xFF6CFFC2, 0xFF63FFB9, 0xFF4FFFA4, 0xFF40FF94, 0xFF38FF89, 0xFF28FF75, 0xFF1CFF69, 0xFF0EFF5A, 0xFEFFFF49, 0xFEF7FF3E,
	0xFEEDFF32, 0xFEE2FF25, 0xFEDAFF1A, 0xFECBFF07, 0xFEBDFEF5, 0xFEB6FEEA, 0xFEAEFEDE, 0xFEA8FED5, 0xFEA0FEC9, 0xFE96FEBB, 0xFE93FEB3,
	0xFE8EFEAB, 0xFE8CFEA4, 0xFE84FE99, 0xFE7CFE8B, 0xFE7EFE89, 0xFE7BFE83, 0xFE76FE79, 0xFE75FE72, 0xFE71FE6A, 0xFE6EFE63, 0xFE6FFE5F,
	0xFE71FE5C, 0xFE6FFE58, 0xFE71FE56, 0xFE73FE53, 0xFE71FE4D, 0xFE75FE50, 0xFE77FE4F, 0xFE7AFE4D, 0xFE82FE4F, 0xFE84FE4E, 0xFE8AFE52,
	0xFE90FE55, 0xFE8FFE51, 0xFE93FE54, 0xFE9DFE5B, 0xFEA2FE5B, 0xFEA7FE5E, 0xFEACFE65, 0xFEB1FE6A, 0xFEBEFE75, 0xFEC6FE7C, 0xFEC8FE7F,
	0xFED2FE88, 0xFED8FE8D, 0xFEE1FE97, 0xFEEBFEA2, 0xFEF2FEA8, 0xFEFDFEB5, 0xFF05FEBE, 0xFF0EFEC8, 0xFF1AFED7, 0xFF1FFEDF, 0xFF27FEE8,
	0xFF30FEF4, 0xFF3BFF01, 0xFF43FF0B, 0xFF4BFF16, 0xFF54FF22, 0xFF5BFF2D, 0xFF67FF3E, 0xFF71FF4C, 0xFF79FF57, 0xFF85FF65, 0xFF90FF74,
	0xFF9DFF88, 0xFFA0FF90, 0xFFA4FF99, 0xFFB3FFAB, 0xFFBEFFBA, 0xFFCCFFCC, 0xFFD9FFDD, 0xFFDCFFE5, 0xFFE3FFF3, 0xFFF00004, 0xFFF8000E,
	0x00000019, 0x000B002A, 0x00130038, 0x001C0046, 0x00290056, 0x00300061, 0x0039006E, 0x0042007B, 0x004C0089, 0x00580099, 0x005F00A3,
	0x006A00B1, 0x007600BF, 0x007A00C5, 0x008400D2, 0x009100E2, 0x009800EA, 0x009E00F3, 0x00AA0103, 0x00B3010D, 0x00B90113, 0x00C3011D,
	0x00CF0128, 0x00D80132, 0x00DE0137, 0x00E3013C, 0x00EB0145, 0x00F50151, 0x00FC0158, 0x0103015C, 0x010F0166, 0x0113016B, 0x0117016E,
	0x01230175, 0x012A0178, 0x0133017E, 0x013B0185, 0x013F0187, 0x0148018C, 0x014E018E, 0x0151018E, 0x0154018D, 0x0159018F, 0x01600193,
	0x01630191, 0x01680191, 0x016A018F, 0x0169018A, 0x016E018B, 0x01720189, 0x01700183, 0x0171017F, 0x01780180, 0x0179017A, 0x01750172,
	0x01790171, 0x017A016D, 0x01780165, 0x017A0162, 0x0176015A, 0x01720151, 0x0170014B, 0x016D0144, 0x01690139, 0x01670130, 0x01620125,
	0x015C011D, 0x01590117, 0x0152010A, 0x014D00FE, 0x014700F5, 0x014000EB, 0x013E00E4, 0x013700D9, 0x012E00CD, 0x012700C2, 0x011C00B3,
	0x011100A4, 0x010A009C, 0x00FF008F, 0x00F0007D, 0x00E60070, 0x00DC0063, 0x00D30059, 0x00C8004D, 0x00BA003E, 0x00B20035, 0x00A20023,
	0x00960013, 0x008E000A, 0x007BFFFA, 0x0071FFF0, 0x0064FFE2, 0x0056FFD4, 0x004BFFCB, 0x003AFFBB, 0x002FFFB1, 0x0020FFA3, 0x000FFF93,
	0x0005FF8A, 0xFFF7FF7D, 0xFFE9FF71, 0xFFD8FF62, 0xFFCCFF57, 0xFFC3FF50, 0xFFB1FF41, 0xFFA5FF38, 0xFF98FF2D, 0xFF8BFF23, 0xFF82FF1F,
	0xFF71FF11, 0xFF66FF07, 0xFF5AFF00, 0xFF4AFEF5, 0xFF3FFEEE, 0xFF37FEE9, 0xFF2DFEE5, 0xFF1EFED9, 0xFF14FED2, 0xFF0EFECF, 0xFF02FEC6,
	0xFEFAFEC3, 0xFEF3FEC0, 0xFEEAFEBC, 0xFEDFFEB7, 0xFED7FEB3, 0xFED2FEB1, 0xFECAFEAD, 0xFEC6FEAE, 0xFEBFFEAB, 0xFEB8FEA8, 0xFEB6FEAB,
	0xFEB1FEAC, 0xFEB1FEB0, 0xFEACFEB0, 0xFEA5FEAE, 0xFEA7FEB3, 0xFEA5FEB5, 0xFEA4FEB9, 0xFEA6FEBF, 0xFEA7FEC4, 0xFEA5FEC6, 0xFEA3FEC7,
	0xFEA9FED2, 0xFEACFED8, 0xFEABFEDC, 0xFEB1FEE6, 0xFEB2FEEA, 0xFEB6FEF1, 0xFEBAFEFB, 0xFEBDFF02, 0xFEC9FF12, 0xFED1FF1B, 0xFED1FF1E,
	0xFEDAFF2C, 0xFEE3FF3A, 0xFEE4FF3E, 0xFEE9FF45, 0xFEF4FF52, 0xFEFCFF5E, 0xFF05FF6A, 0xFF0DFF74, 0xFF13FF7C, 0xFF1DFF8A, 0xFF26FF95,
	0xFF2DFF9D, 0xFF3CFFAD, 0xFF43FFB8, 0xFF47FFC0, 0xFF55FFCF, 0xFF60FFD9, 0xFF69FFE3, 0xFF70FFEC, 0xFF7AFFF9, 0xFF850006, 0xFF89000B,
	0xFF920016, 0xFF9C0020, 0xFFA6002B, 0xFFB20038, 0xFFB4003A, 0xFFBC0043, 0xFFC7004E, 0xFFCB0053, 0xFFD6005E, 0xFFDD0065, 0xFFE3006C,
	0xFFE80071, 0xFFEB0073, 0xFFF3007A, 0xFFF6007F, 0xFFFC0086, 0x0001008A, 0x0003008A, 0x000C0091, 0x000F0093, 0x00120097, 0x001D00A1,
	0x001C009E, 0x00170099, 0x001F009E, 0x0021009E, 0x0020009A, 0x002A00A2, 0x002F00A6, 0x002F00A4, 0x002F00A1, 0x002D009C, 0x0033009F,
	0x0035009E, 0x00330099, 0x00360099, 0x00360095, 0x00380094, 0x0037008F, 0x0038008C, 0x003C008A, 0x003A0083, 0x003C0083, 0x0039007F,
	0x00360078, 0x003C0077, 0x003C0071, 0x003C006C, 0x003D0069, 0x003E0067, 0x003E0062, 0x003E005B, 0x00420058, 0x00430055, 0x00470057,
	0x00490053, 0x004A004B, 0x0052004B, 0x00520046, 0x00530043, 0x00570043, 0x0059003F, 0x005C003B, 0x005F0036, 0x00660038, 0x00690036,
	0x006A0032, 0x00740034, 0x0076002F, 0x0079002E, 0x007C002C, 0x007E0026, 0x00880028, 0x008F002B, 0x0096002E, 0x0099002C, 0x009C0028,
	0x00A5002C, 0x00A70028, 0x00AB0027, 0x00B3002A, 0x00B60028, 0x00B90028, 0x00BC0026, 0x00C30028, 0x00CB002C, 0x00CD002C, 0x00D1002D,
	0x00D80030, 0x00DD0031, 0x00E00032, 0x00E50036, 0x00EC0039, 0x00EE0038, 0x00F10039, 0x00F20039, 0x00EF0036, 0x00F4003A, 0x00FA0040,
	0x00F8003F, 0x00F8003E, 0x00FD0041, 0x00FD0041, 0x00F9003F, 0x00FA0041, 0x00F90042, 0x00F5003F, 0x00F3003E, 0x00EE003B, 0x00EE003D,
	0x00EA003B, 0x00E00035, 0x00E2003B, 0x00DD003A, 0x00D70035, 0x00D70038, 0x00CA0031, 0x00C50030, 0x00C0002E, 0x00B20027, 0x00AF0029,
	0x00A70027, 0x009C0021, 0x0093001C, 0x00890017, 0x00800014, 0x0074000D, 0x0069000A, 0x00610008, 0x00570004, 0x0049FFFC, 0x003BFFF3,
	0x0036FFF4, 0x0029FFEE, 0x0018FFE3, 0x000EFFE0, 0x0003FFD9, 0xFFF8FFD2, 0xFFEAFFCC, 0xFFDEFFC6, 0xFFD3FFC0, 0xFFC6FFBB, 0xFFB9FFB6,
	0xFFABFFAC, 0xFFA2FFA8, 0xFF97FFA2, 0xFF8AFF9B, 0xFF85FF9A, 0xFF78FF91, 0xFF6CFF8A, 0xFF63FF87, 0xFF59FF83, 0xFF51FF7F, 0xFF47FF79,
	0xFF41FF77, 0xFF39FF74, 0xFF31FF6F, 0xFF2BFF6C, 0xFF20FF65, 0xFF1EFF66, 0xFF1AFF66, 0xFF16FF65, 0xFF13FF64, 0xFF08FF5C, 0xFF09FF61,
	0xFF0BFF66, 0xFF02FF5E, 0xFF05FF62, 0xFF05FF64, 0xFF00FF60, 0xFF00FF62, 0xFF03FF68, 0xFF08FF6E, 0xFF07FF6C, 0xFF04FF6B, 0xFF0BFF75,
	0xFF0EFF78, 0xFF0EFF77, 0xFF15FF7F, 0xFF1AFF85, 0xFF1BFF89, 0xFF23FF92, 0xFF29FF97, 0xFF2EFF9B, 0xFF35FFA2, 0xFF39FFA6, 0xFF40FFAF,
	0xFF47FFB8, 0xFF4DFFBF, 0xFF56FFC6, 0xFF5DFFCC, 0xFF65FFD6, 0xFF6DFFDE, 0xFF74FFE5, 0xFF7EFFEF, 0xFF87FFF7, 0xFF8EFFFE, 0xFF970007,
	0xFF9D000D, 0xFFA30014, 0xFFAA001B, 0xFFB40024, 0xFFBB002C, 0xFFC20033, 0xFFCF0040, 0xFFD80048, 0xFFD9004B, 0xFFDE0052, 0xFFE7005A,
	0xFFEC005E, 0xFFEE0063, 0xFFF6006C, 0xFFFF0073, 0x00010076, 0x00030079, 0x0007007B, 0x000A007E, 0x00110085, 0x0013008A, 0x0016008D,
	0x001B0090, 0x001D0091, 0x001F0094, 0x00210097, 0x00200094, 0x00200092, 0x00220093, 0x00220093, 0x00220092, 0x00240094, 0x00240094,
	0x00250093, 0x00240091, 0x0021008D, 0x0022008B, 0x00230089, 0x00240089, 0x00220086, 0x001B007C, 0x001D007B, 0x001F007A, 0x001C0073,
	0x001D0071, 0x001B006B, 0x00180065, 0x0016005E, 0x00120056, 0x00120052, 0x0011004E, 0x000F0049, 0x000E0042, 0x000D003B, 0x000B0034,
	0x000B002F, 0x000E002C, 0x000A0022, 0x0008001C, 0x000B0019, 0x000A0013, 0x000B000E, 0x000A0007, 0x000C0003, 0x00110001, 0x000EFFF8,
	0x000DFFF1, 0x0010FFED, 0x0011FFE7, 0x0014FFE2, 0x0018FFE0, 0x0019FFDB, 0x0019FFD3, 0x001BFFCD, 0x001EFFCA, 0x0021FFC8, 0x0023FFC4,
	0x0026FFBE, 0x002AFFBC, 0x002BFFB7, 0x002CFFB3, 0x0031FFB1, 0x0033FFAD, 0x0036FFAB, 0x003EFFAE, 0x0042FFAE, 0x0041FFA8, 0x0043FFA5,
	0x0047FFA3, 0x0048FFA1, 0x004BFFA0, 0x004CFF9C, 0x004FFF9A, 0x0054FF9B, 0x0058FF9D, 0x005FFFA1, 0x0060FF9E, 0x005EFF99, 0x005FFF98,
	0x0060FF98, 0x0065FF9B, 0x0061FF97, 0x005FFF95, 0x0063FF99, 0x005FFF93, 0x0061FF94, 0x0068FF9C, 0x0066FF9C, 0x0065FF9A, 0x0063FF98,
	0x0061FF98, 0x0061FF9D, 0x0060FF9F, 0x005FFF9F, 0x005DFF9F, 0x0059FF9E, 0x0056FF9E, 0x0053FF9F, 0x004DFF9F, 0x004AFF9F, 0x0049FF9F,
	0x0047FFA2, 0x0044FFA5, 0x003DFFA4, 0x0039FFA3, 0x0038FFA6, 0x0030FFA6, 0x0029FFA6, 0x0025FFA6, 0x0021FFA6, 0x0021FFAC, 0x001AFFAD,
	0x0014FFAD, 0x0015FFB2, 0x000EFFB2, 0x0007FFB2, 0x0005FFB6, 0x0001FFB6, 0xFFFEFFB8, 0xFFFCFFBD, 0xFFF8FFC1, 0xFFF2FFC1, 0xFFEFFFC4,
	0xFFEDFFC9, 0xFFE6FFC7, 0xFFE3FFC9, 0xFFE4FFD0, 0xFFE0FFD2, 0xFFDDFFD5, 0xFFDCFFD7, 0xFFD9FFDA, 0xFFD9FFE1, 0xFFD5FFE3, 0xFFD2FFE5,
	0xFFD4FFEC, 0xFFD4FFF4, 0xFFD3FFF9, 0xFFD1FFFA, 0xFFCEFFF9, 0xFFCEFFFE, 0xFFD20007, 0xFFD5000F, 0xFFD60014, 0xFFD50018, 0xFFD7001F,
	0xFFDC0026, 0xFFDF002C, 0xFFE30034, 0xFFE50039, 0xFFE6003F, 0xFFE80047, 0xFFEB004C, 0xFFEF0053, 0xFFF10059, 0xFFF2005D, 0xFFFB0068,
	0x0002006F, 0x00020072, 0x00040079, 0x00070080, 0x000B0085, 0x000C0089, 0x0011008F, 0x001A009A, 0x001B009E, 0x001E00A3, 0x002500AC,
	0x002900B2, 0x002A00B3, 0x002C00B7, 0x003000BE, 0x003400C4, 0x003500C7, 0x003600C8, 0x003B00CD, 0x003E00D1, 0x003E00D2, 0x003C00D3,
	0x003B00D4, 0x003D00D8, 0x003C00D8, 0x003D00D9, 0x004100DE, 0x003E00DC, 0x003D00DC, 0x003D00DD, 0x003C00DB, 0x003B00DA, 0x003400D3,
	0x003200D2, 0x003100D0, 0x002C00C9, 0x002F00CB, 0x002A00C7, 0x002200C0, 0x001F00BC, 0x001800B6, 0x001400B2, 0x000F00AC, 0x000E00A9,
	0x000C00A5, 0x0002009A, 0xFFFE0094, 0xFFF8008D, 0xFFF10083, 0xFFEE007D, 0xFFEA0075, 0xFFE4006D, 0xFFDC0062, 0xFFD40059, 0xFFD00051,
	0xFFCA0048, 0xFFC4003F, 0xFFBD0035, 0xFFBC002F, 0xFFB80027, 0xFFAA0016, 0xFFA5000B, 0xFFA30004, 0xFF9BFFFA, 0xFF92FFEE, 0xFF8FFFE4,
	0xFF8FFFDD, 0xFF86FFD1, 0xFF7FFFC4, 0xFF7BFFB9, 0xFF79FFAF, 0xFF78FFA8, 0xFF73FF9E, 0xFF70FF94, 0xFF6DFF8A, 0xFF69FF7F, 0xFF69FF78,
	0xFF65FF6D, 0xFF69FF6A, 0xFF6AFF65, 0xFF62FF56, 0xFF67FF53, 0xFF6AFF4F, 0xFF64FF45, 0xFF67FF40, 0xFF67FF37, 0xFF65FF2E, 0xFF69FF2C,
	0xFF6EFF29, 0xFF70FF22, 0xFF73FF1E, 0xFF78FF1D, 0xFF7BFF1A, 0xFF7DFF17, 0xFF7FFF12, 0xFF84FF10, 0xFF8BFF10, 0xFF8AFF0A, 0xFF91FF0D,
	0xFF9BFF12, 0xFF9EFF0D, 0xFFA7FF10, 0xFFA8FF0E, 0xFFA8FF09, 0xFFB3FF0E, 0xFFBBFF13, 0xFFC1FF17, 0xFFC6FF18, 0xFFCCFF19, 0xFFD3FF1D,
	0xFFD9FF24, 0xFFE0FF2A, 0xFFE4FF28, 0xFFE9FF2A, 0xFFF0FF31, 0xFFF6FF38, 0xFFFFFF41, 0x0006FF46, 0x0009FF4A, 0x000FFF53, 0x0012FF57,
	0x0015FF5B, 0x0019FF60, 0x0022FF69, 0x002CFF76, 0x002DFF7A, 0x002AFF7A, 0x002FFF82, 0x0038FF8E, 0x003CFF95, 0x003DFF9B, 0x0040FFA1,
	0x0044FFA9, 0x0048FFB1, 0x0049FFB8, 0x004CFFC1, 0x004DFFC7, 0x004FFFCD, 0x0056FFD9, 0x0058FFE1, 0x0058FFE8, 0x0058FFEE, 0x0058FFF3,
	0x005E0000, 0x005A0004, 0x00580006, 0x005C000F, 0x005A0013, 0x0058001A, 0x00570020, 0x00590026, 0x005B002C, 0x00570030, 0x00590039,
	0x0057003E, 0x00550042, 0x0058004B, 0x0056004F, 0x00560053, 0x00540056, 0x0053005B, 0x00540063, 0x00500064, 0x00500067, 0x0051006C,
	0x00500071, 0x00510077, 0x0050007B, 0x0051007F, 0x004F0081, 0x004E0083, 0x004E0085, 0x00490084, 0x00460083, 0x00490088, 0x004F008E,
	0x004B008E, 0x0049008E, 0x004D0094, 0x004D0095, 0x004C0095, 0x004B0095, 0x004B0095, 0x0050009A, 0x004E0098, 0x004D0099, 0x0051009B,
	0x0051009A, 0x0052009D, 0x0052009A, 0x00540099, 0x00550099, 0x00500096, 0x0056009A, 0x00590099, 0x00550093, 0x00550092, 0x00590095,
	0x005C0096, 0x00570090, 0x00580090, 0x005C0090, 0x0059008A, 0x00590089, 0x00570086, 0x00580085, 0x005B0084, 0x0056007E, 0x0056007C,
	0x0056007A, 0x00560078, 0x00560078, 0x004F0070, 0x004F006C, 0x004F006A, 0x004D0068, 0x004E0068, 0x004C0063, 0x0048005E, 0x00430057,
	0x00420055, 0x00410053, 0x00370048, 0x00340045, 0x00310043, 0x002C003D, 0x002C003C, 0x00270038, 0x00210032, 0x00200030, 0x001B002C,
	0x00170028, 0x00150026, 0x000C001C, 0x00030014, 0x00020017, 0xFFFD0014, 0xFFF7000E, 0xFFF3000B, 0xFFED0005, 0xFFE80002, 0xFFDFFFFB,
	0xFFD8FFF4, 0xFFD6FFF4, 0xFFCFFFEE, 0xFFCCFFED, 0xFFCAFFEE, 0xFFBEFFE4, 0xFFB8FFDE, 0xFFB5FFDC, 0xFFACFFD4, 0xFFA8FFD2, 0xFFA3FFCF,
	0xFF9EFFCC, 0xFF99FFCA, 0xFF92FFC4, 0xFF8DFFC0, 0xFF8AFFBF, 0xFF85FFBA, 0xFF81FFB7, 0xFF7BFFB4, 0xFF77FFB0, 0xFF77FFB1, 0xFF72FFAD,
	0xFF6BFFA7, 0xFF68FFA5, 0xFF65FFA3, 0xFF64FFA3, 0xFF5EFF9E, 0xFF59FF98, 0xFF5FFF9C, 0xFF5DFF9B, 0xFF56FF94, 0xFF59FF98, 0xFF57FF95,
	0xFF52FF8F, 0xFF54FF90, 0xFF54FF90, 0xFF55FF90, 0xFF55FF91, 0xFF54FF8F, 0xFF57FF8F, 0xFF58FF8F, 0xFF54FF89, 0xFF55FF89, 0xFF59FF8A,
	0xFF5CFF89, 0xFF5FFF8A, 0xFF5BFF87, 0xFF5BFF87, 0xFF63FF8C, 0xFF66FF8B, 0xFF69FF8C, 0xFF6EFF8F, 0xFF72FF91, 0xFF76FF92, 0xFF7CFF94,
	0xFF82FF98, 0xFF83FF96, 0xFF87FF96, 0xFF90FF9C, 0xFF91FF99, 0xFF99FF9E, 0xFFA1FFA4, 0xFF9EFF9F, 0xFFA7FFA5, 0xFFAEFFA9, 0xFFAEFFA7,
	0xFFB7FFAD, 0xFFBCFFAE, 0xFFBEFFAD, 0xFFC5FFB2, 0xFFC9FFB3, 0xFFD0FFB7, 0xFFDBFFBE, 0xFFE1FFC1, 0xFFE8FFC4, 0xFFEEFFC7, 0xFFF1FFC9,
	0xFFF6FFCD, 0xFFFAFFCE, 0x0002FFD1, 0x000CFFD9, 0x000BFFD9, 0x000FFFDD, 0x001BFFE6, 0x001DFFE5, 0x0023FFE9, 0x002DFFF0, 0x0031FFF4,
	0x0037FFF8, 0x003AFFF9, 0x0041FFFC, 0x00470002, 0x00450002, 0x004C0007, 0x0052000B, 0x0056000C, 0x005E0014, 0x00630017, 0x0068001B,
	0x006B001F, 0x006A0020, 0x006E0024, 0x00730026, 0x00750028, 0x0077002C, 0x007C0031, 0x00820036, 0x00830037, 0x0085003A, 0x0089003F,
	0x008A003F, 0x008B0040, 0x008C0042, 0x008E0045, 0x0090004A, 0x0091004C, 0x00940050, 0x0092004E, 0x0090004E, 0x00970056, 0x00960056,
	0x00950056, 0x0099005C, 0x00930058, 0x0094005A, 0x0097005F, 0x0093005E, 0x00950062, 0x00940061, 0x00900060, 0x00920064, 0x008F0061,
	0x008D005F, 0x008E0062, 0x008A0063, 0x00880064, 0x00860063, 0x00840063, 0x00840066, 0x00800064, 0x007E0064, 0x007E0064, 0x00790060,
	0x00780062, 0x00760062, 0x006F005E, 0x006E0061, 0x006B005F, 0x006A005F, 0x006F0066, 0x00680061, 0x00650061, 0x00620060, 0x005C005C,
	0x00600061, 0x005A005C, 0x00530058, 0x0055005D, 0x00500059, 0x004F0059, 0x004F005B, 0x004B0058, 0x00490057, 0x00410050, 0x003D004F,
	0x003D0052, 0x0039004C, 0x00360047, 0x0034004A, 0x002F004A, 0x00260041, 0x00270040, 0x002B0046, 0x0020003F, 0x00190039, 0x00170036,
	0x00130032, 0x000F002F, 0x00070029, 0x000A002A, 0x000A0028, 0x00010021, 0x00010024, 0xFFFD001E, 0xFFF60017, 0xFFF40016, 0xFFEC000E,
	0xFFE9000B, 0xFFEA000B, 0xFFE10003, 0xFFDAFFFD, 0xFFD5FFF8, 0xFFD0FFF3, 0xFFCCFFF0, 0xFFC4FFE9, 0xFFBFFFE3, 0xFFC1FFE2, 0xFFBAFFDC,
	0xFFB5FFD8, 0xFFB6FFD8, 0xFFACFFCD, 0xFFA6FFC6, 0xFFA3FFC3, 0xFF9AFFBB, 0xFF95FFB6, 0xFF93FFB2, 0xFF90FFB0, 0xFF8CFFAB, 0xFF85FFA2,
	0xFF7FFF9C, 0xFF77FF93, 0xFF73FF8E, 0xFF71FF8D, 0xFF6AFF85, 0xFF67FF80, 0xFF62FF7C, 0xFF5DFF76, 0xFF5AFF73, 0xFF53FF6A, 0xFF50FF68,
	0xFF51FF69, 0xFF4CFF62, 0xFF47FF5A, 0xFF45FF58, 0xFF44FF59, 0xFF42FF55, 0xFF3EFF4F, 0xFF39FF49, 0xFF36FF47, 0xFF34FF45, 0xFF31FF41,
	0xFF30FF3E, 0xFF2DFF3B, 0xFF2DFF3A, 0xFF30FF3D, 0xFF2CFF39, 0xFF2BFF37, 0xFF2DFF37, 0xFF2BFF34, 0xFF2AFF34, 0xFF2EFF38, 0xFF33FF3A,
	0xFF33FF39, 0xFF34FF39, 0xFF36FF39, 0xFF37FF3B, 0xFF3DFF41, 0xFF40FF44, 0xFF44FF45, 0xFF49FF4A, 0xFF4AFF4D, 0xFF4EFF51, 0xFF50FF53,
	0xFF59FF5B, 0xFF64FF66, 0xFF65FF68, 0xFF69FF6A, 0xFF73FF72, 0xFF77FF77, 0xFF7CFF7D, 0xFF8AFF8A, 0xFF96FF95, 0xFF98FF98, 0xFFA2FFA3,
	0xFFACFFAC, 0xFFB0FFB0, 0xFFBCFFBE, 0xFFC5FFC7, 0xFFCDFFCF, 0xFFD9FFDA, 0xFFDDFFDF, 0xFFE9FFEC, 0xFFF5FFF8, 0xFFFAFFFD, 0x00050008,
	0x00100016, 0x001C0023, 0x00280030, 0x0033003C, 0x003F0047, 0x0046004E, 0x004F0059, 0x00570064, 0x0061006E, 0x006D0079, 0x00750082,
	0x00820090, 0x008A009A, 0x009000A2, 0x009C00AF, 0x00A000B5, 0x00A600BA, 0x00B100C6, 0x00BB00D1, 0x00C200D9, 0x00C500DC, 0x00CB00E4,
	0x00D200EE, 0x00D800F4, 0x00E000FB, 0x00E300FE, 0x00E80104, 0x00F0010E, 0x00F40114, 0x00F60116, 0x00F9011B, 0x00FF0121, 0x01010123,
	0x01030124, 0x01020124, 0x01020124, 0x0107012A, 0x01050129, 0x01010124, 0x01000122, 0x00FE0121, 0x01000123, 0x00FC0120, 0x00F9011D,
	0x00F9011A, 0x00F50115, 0x00F20113, 0x00E9010B, 0x00E60106, 0x00E40102, 0x00D700F6, 0x00D300F2, 0x00D400F0, 0x00CE00E7, 0x00C700DE,
	0x00BC00D4, 0x00B500CC, 0x00AE00C3, 0x00A800BB, 0x00A400B5, 0x009B00A8, 0x0094009D, 0x008C0092, 0x00830088, 0x007F0083, 0x00730074,
	0x00690067, 0x00670063, 0x005C0054, 0x00520047, 0x004D0040, 0x00430032, 0x003C0028, 0x0034001D, 0x0028000E, 0x00240007, 0x00200000,
	0x0016FFF1, 0x000FFFE7, 0x0008FFDD, 0xFFFFFFD1, 0xFFF9FFC6, 0xFFF3FFBD, 0xFFEBFFB4, 0xFFE3FFA8, 0xFFE2FFA3, 0xFFE0FF9E, 0xFFD6FF91,
	0xFFD0FF87, 0xFFC9FF7D, 0xFFC3FF76, 0xFFBFFF71, 0xFFBBFF69, 0xFFBEFF67, 0xFFB9FF60, 0xFFAEFF54, 0xFFADFF50, 0xFFAAFF49, 0xFFA6FF43,
	0xFFA6FF42, 0xFFA1FF3B, 0xFF9FFF37, 0xFF9DFF37, 0xFF9AFF34, 0xFF9BFF32, 0xFF9AFF2E, 0xFF90FF25, 0xFF91FF27, 0xFF94FF2A, 0xFF91FF25,
	0xFF91FF26, 0xFF8CFF22, 0xFF8AFF20, 0xFF8EFF24, 0xFF86FF1C, 0xFF85FF1D, 0xFF8CFF25, 0xFF8AFF24, 0xFF8BFF28, 0xFF88FF29, 0xFF85FF28,
	0xFF89FF2D, 0xFF88FF2E, 0xFF87FF2F, 0xFF87FF32, 0xFF84FF34, 0xFF83FF35, 0xFF81FF38, 0xFF7FFF39, 0xFF7AFF36, 0xFF7FFF3E, 0xFF84FF49,
	0xFF7DFF48, 0xFF79FF49, 0xFF79FF4C, 0xFF7AFF4F, 0xFF7BFF54, 0xFF76FF54, 0xFF73FF59, 0xFF73FF5E, 0xFF73FF61, 0xFF73FF66, 0xFF71FF6A,
	0xFF74FF70, 0xFF75FF76, 0xFF72FF79, 0xFF70FF7C, 0xFF6DFF7F, 0xFF6CFF82, 0xFF6DFF86, 0xFF6EFF8C, 0xFF6EFF90, 0xFF71FF97, 0xFF73FF9E,
	0xFF72FFA2, 0xFF73FFA9, 0xFF72FFAC, 0xFF71FFAD, 0xFF75FFB5, 0xFF74FFB9, 0xFF73FFBD, 0xFF76FFC1, 0xFF77FFC4, 0xFF7BFFCC, 0xFF7CFFD2,
	0xFF81FFD9, 0xFF84FFDE, 0xFF7FFFDC, 0xFF81FFE2, 0xFF87FFEB, 0xFF8DFFF1, 0xFF93FFF7, 0xFF95FFFB, 0xFF9B0002, 0xFFA10008, 0xFFA5000C,
	0xFFAD0014, 0xFFB2001A, 0xFFB3001E, 0xFFB50021, 0xFFBC0027, 0xFFC60030, 0xFFCD0037, 0xFFD3003D, 0xFFD90041, 0xFFDD0043, 0xFFE5004A,
	0xFFEE0052, 0xFFF30057, 0xFFF7005B, 0xFFFF0061, 0x00070066, 0x000B0068, 0x0013006E, 0x001B0074, 0x00210078, 0x002A007D, 0x00300083,
	0x00360089, 0x003E008E, 0x00450091, 0x004C0094, 0x0054009C, 0x005A00A0, 0x005F00A0, 0x006700A5, 0x006A00A6, 0x006D00A8, 0x007700B0,
	0x007C00B2, 0x008100B4, 0x008400B5, 0x008500B3, 0x008D00B8, 0x009100BA, 0x009100B7, 0x009700BB, 0x009A00BB, 0x009A00B9, 0x00A000BD,
	0x00A100BD, 0x009F00B8, 0x00A200B9, 0x00A400B8, 0x00A300B5, 0x00A500B5, 0x00A500B3, 0x00A300B0, 0x00A400B0, 0x00A500AE, 0x00A300AA,
	0x00A000A6, 0x009F00A4, 0x009F00A1, 0x009C009B, 0x009A0098, 0x00980096, 0x008D008A, 0x00870082, 0x008B0083, 0x00890081, 0x0085007B,
	0x00830077, 0x00800072, 0x007D0070, 0x00770069, 0x0070005F, 0x006C005A, 0x00680056, 0x00620050, 0x005C0048, 0x0057003F, 0x00540039,
	0x004F0034, 0x004A002E, 0x00430026, 0x003F001F, 0x0041001F, 0x003E001C, 0x00380017, 0x00340010, 0x002D0005, 0x002C0003, 0x00280000,
	0x0023FFF8, 0x0022FFF4, 0x001BFFEC, 0x0017FFE7, 0x0019FFE6, 0x0016FFE1, 0x0011FFDC, 0x000BFFD4, 0x0009FFD1, 0x0009FFD0, 0x0004FFCA,
	0x0004FFC6, 0x0003FFC3, 0x0000FFBF, 0x0000FFBE, 0xFFFDFFBA, 0xFFFFFFB8, 0xFFFFFFB6, 0xFFFBFFB2, 0xFFFFFFB5, 0x0000FFB3, 0x0000FFB2,
	0x0000FFB1, 0xFFFAFFAB, 0xFFFCFFAD, 0xFFFFFFAF, 0xFFFDFFAC, 0xFFFCFFAC, 0xFFFBFFAA, 0xFFFDFFAA, 0xFFFDFFA8, 0xFFFBFFA8, 0xFFFDFFAB,
	0xFFFBFFA8, 0x0001FFAC, 0x0005FFB1, 0xFFFEFFAC, 0xFFFFFFAD, 0x0001FFAF, 0xFFFFFFAE, 0xFFFFFFB1, 0xFFFDFFAF, 0xFFFEFFB0, 0xFFFEFFB2,
	0xFFFBFFB1, 0xFFFEFFB4, 0xFFFCFFB5, 0xFFF7FFB3, 0xFFFBFFB9, 0xFFFAFFB9, 0xFFF6FFB6, 0xFFF8FFBC, 0xFFF4FFBB, 0xFFF0FFB6, 0xFFF3FFBA,
	0xFFEDFFBA, 0xFFE8FFBB, 0xFFEBFFC0, 0xFFE8FFBD, 0xFFE4FFBC, 0xFFE1FFBE, 0xFFDDFFBE, 0xFFD8FFBD, 0xFFD5FFBE, 0xFFD7FFC4, 0xFFCEFFBF,
	0xFFC7FFBC, 0xFFC9FFC2, 0xFFC3FFC0, 0xFFC0FFBF, 0xFFC1FFC3, 0xFFBAFFC0, 0xFFB5FFBF, 0xFFB4FFC0, 0xFFB0FFC2, 0xFFA9FFC1, 0xFFA3FFBE,
	0xFFA5FFC1, 0xFFA3FFC2, 0xFF9FFFC2, 0xFF9AFFC1, 0xFF94FFBF, 0xFF92FFC1, 0xFF8DFFBD, 0xFF8CFFBE, 0xFF8BFFC2, 0xFF84FFBF, 0xFF85FFC2,
	0xFF83FFC2, 0xFF7FFFC0, 0xFF80FFC3, 0xFF7CFFC2, 0xFF7DFFC4, 0xFF7AFFC3, 0xFF77FFC1, 0xFF79FFC5, 0xFF74FFC3, 0xFF77FFC7, 0xFF7FFFD0,
	0xFF7AFFCC, 0xFF79FFCC, 0xFF7DFFD1, 0xFF78FFCB, 0xFF7BFFCF, 0xFF84FFD9, 0xFF7FFFD4, 0xFF7FFFD3, 0xFF88FFDC, 0xFF88FFDD, 0xFF8CFFE0,
	0xFF91FFE1, 0xFF93FFE3, 0xFF98FFE8, 0xFF9BFFEB, 0xFFA2FFF2, 0xFFA7FFF6, 0xFFA8FFF5, 0xFFB0FFFA, 0xFFB4FFFB, 0xFFBB0001, 0xFFC10006,
	0xFFC20004, 0xFFCC000A, 0xFFCF000D, 0xFFD30010, 0xFFE2001B, 0xFFE30018, 0xFFE40019, 0xFFEC001E, 0xFFF00020, 0xFFF90028, 0xFFFE002C,
	0x0002002D, 0x00090031, 0x000D0032, 0x00100033, 0x00180039, 0x001E003C, 0x001E003B, 0x00260041, 0x002D0047, 0x00310048, 0x0036004B,
	0x00350049, 0x0039004D, 0x00410052, 0x0041004F, 0x00470052, 0x004B0055, 0x004A0054, 0x004E0056, 0x004B0051, 0x004D0051, 0x0057005A,
	0x0059005A, 0x005B005A, 0x005C005A, 0x005A0058, 0x005A0057, 0x005D0058, 0x0061005A, 0x0060005B, 0x005E0058, 0x00600056, 0x005F0056,
	0x005D0055, 0x005C0052, 0x005E0051, 0x00620055, 0x005F0053, 0x005A004C, 0x005B004C, 0x00590049, 0x00540043, 0x00550043, 0x00560044,
	0x00540041, 0x0050003D, 0x004C0039, 0x004E0039, 0x004C0036, 0x004A0032, 0x00470030, 0x0045002D, 0x0046002B, 0x00410024, 0x003F0021,
	0x00420025, 0x003E0021, 0x003D001C, 0x003D001A, 0x003A0017, 0x00380014, 0x0034000F, 0x0034000E, 0x0034000C, 0x002F0006, 0x00310006,
	0x002D0000, 0x0026FFF9, 0x0027FFFA, 0x0028FFF7, 0x0026FFF3, 0x0028FFF4, 0x0029FFF4, 0x0027FFF0, 0x0027FFEF, 0x0026FFED, 0x0023FFE7,
	0x0025FFE7, 0x0024FFE5, 0x0023FFE1, 0x0025FFE2, 0x0021FFDE, 0x0022FFDE, 0x0024FFDD, 0x0020FFD8, 0x0023FFDB, 0x0023FFDA, 0x001EFFD4,
	0x001DFFD3, 0x0020FFD5, 0x0023FFD7, 0x0020FFD4, 0x001FFFD4, 0x001EFFD4, 0x001CFFCE, 0x0020FFCF, 0x0021FFD3, 0x0020FFD4, 0x001EFFD2,
	0x001FFFD3, 0x0023FFDA, 0x0021FFD9, 0x001EFFD6, 0x0020FFD7, 0x001EFFD6, 0x001CFFD8, 0x001FFFDE, 0x001FFFDF, 0x001CFFDD, 0x001BFFDE,
	0x001BFFDE, 0x0016FFDC, 0x0015FFDF, 0x0015FFE0, 0x0013FFE0, 0x0014FFE5, 0x000FFFE3, 0x000DFFE5, 0x0010FFEA, 0x000EFFEA, 0x000EFFED,
	0x000AFFED, 0x0004FFEB, 0x0004FFF1, 0x0003FFF3, 0x0000FFF4, 0xFFFEFFF6, 0xFFFBFFF6, 0xFFF9FFF7, 0xFFF5FFF8, 0xFFF3FFFA, 0xFFF50000,
	0xFFF40002, 0xFFEE0002, 0xFFEA0002, 0xFFE90003, 0xFFE70005, 0xFFE40009, 0xFFE0000A, 0xFFDE000A, 0xFFDD000B, 0xFFDA000B, 0xFFD9000F,
	0xFFD60011, 0xFFD50013, 0xFFD60018, 0xFFCC0012, 0xFFC80010, 0xFFCC0017, 0xFFC30012, 0xFFC30015, 0xFFC7001C, 0xFFC4001C, 0xFFC80021,
	0xFFC3001D, 0xFFB90018, 0xFFBD001E, 0xFFBE0020, 0xFFBA001E, 0xFFB8001F, 0xFFB80020, 0xFFB80022, 0xFFB70022, 0xFFB50021, 0xFFB2001F,
	0xFFB1001D, 0xFFB2001E, 0xFFB1001F, 0xFFB20020, 0xFFB70022, 0xFFB70022, 0xFFB1001F, 0xFFB1001D, 0xFFB5001D, 0xFFB4001A, 0xFFB3001A,
	0xFFB6001B, 0xFFB8001B, 0xFFBB001D, 0xFFB9001B, 0xFFB70018, 0xFFBC001B, 0xFFBD0019, 0xFFBB0015, 0xFFBD0014, 0xFFC00014, 0xFFBF0012,
	0xFFC20012, 0xFFC60013, 0xFFC3000D, 0xFFC4000D, 0xFFC8000D, 0xFFC80008, 0xFFCB0008, 0xFFCB0003, 0xFFCC0000, 0xFFD00000, 0xFFCDFFFB,
	0xFFD1FFFD, 0xFFD1FFFA, 0xFFD1FFF3, 0xFFD8FFF7, 0xFFD4FFF2, 0xFFD3FFEE, 0xFFD9FFF0, 0xFFD9FFEC, 0xFFDAFFE8, 0xFFDBFFE6, 0xFFDDFFE6,
	0xFFE3FFE9, 0xFFE3FFE4, 0xFFE6FFE1, 0xFFE6FFDE, 0xFFE6FFDD, 0xFFE7FFDA, 0xFFE4FFD2, 0xFFE5FFD1, 0xFFE9FFD4, 0xFFEBFFD3, 0xFFEFFFD2,
	0xFFF0FFD0, 0xFFEEFFCC, 0xFFF0FFCB, 0xFFF1FFC9, 0xFFEFFFC5, 0xFFF1FFC4, 0xFFF6FFC6, 0xFFF5FFC4, 0xFFF1FFBE, 0xFFF5FFBD, 0xFFF6FFBB,
	0xFFF3FFB7, 0xFFF9FFBC, 0xFFFDFFBC, 0xFFFAFFB7, 0xFFFDFFBA, 0xFFFFFFBC, 0xFFFAFFB5, 0xFFFAFFB1, 0x0000FFB6, 0x0003FFBA, 0x0001FFB8,
	0xFFFFFFB5, 0x0001FFB5, 0x0005FFB6, 0x0007FFB7, 0x0008FFB8, 0x0008FFB8, 0x0008FFB6, 0x000AFFB7, 0x000CFFB9, 0x000DFFBB, 0x000FFFBB,
	0x0012FFBC, 0x0010FFBB, 0x0010FFBC, 0x0013FFBE, 0x0014FFC0, 0x0017FFC5, 0x001AFFC8, 0x0017FFC4, 0x0016FFC3, 0x001CFFCA, 0x001EFFCE,
	0x001EFFCE, 0x0022FFD2, 0x0022FFD4, 0x0023FFD5, 0x0028FFD9, 0x0027FFDA, 0x0028FFDE, 0x002DFFE4, 0x002BFFE5, 0x002DFFE7, 0x0030FFEA,
	0x0031FFEC, 0x0032FFEF, 0x0032FFF2, 0x0035FFF5, 0x0036FFF6, 0x0036FFF8, 0x0036FFFC, 0x0035FFFE, 0x003B0005, 0x0040000B, 0x0040000C,
	0x00410010, 0x00420012, 0x00420014, 0x0045001B, 0x0047001F, 0x00480021, 0x004B0027, 0x004E002C, 0x004B002B, 0x004D0030, 0x004E0036,
	0x004D0036, 0x0051003A, 0x0051003D, 0x00500041, 0x00540049, 0x0054004A, 0x00530049, 0x0055004E, 0x00590056, 0x005D005C, 0x005C005C,
	0x005C005D, 0x005E0061, 0x005F0065, 0x00600069, 0x005E006B, 0x0060006F, 0x00620073, 0x005F0072, 0x00600075, 0x0063007A, 0x0061007A,
	0x005E007B, 0x00600080, 0x00600080, 0x005D007E, 0x005F0082, 0x005D0084, 0x00580082, 0x005B0085, 0x005C0086, 0x00590087, 0x005B008A,
	0x005A008A, 0x00560087, 0x00520084, 0x004E0083, 0x004C0083, 0x004A0083, 0x00490081, 0x0046007F, 0x0043007D, 0x003D0077, 0x003A0076,
	0x003D007B, 0x003B007A, 0x00340073, 0x002D006D, 0x002A006B, 0x002A006B, 0x00230064, 0x001F0060, 0x001D005E, 0x00170058, 0x00130055,
	0x000B004D, 0x00050047, 0x00060046, 0x00040044, 0xFFFE003F, 0xFFF60036, 0xFFF20031, 0xFFF0002F, 0xFFE80026, 0xFFE30020, 0xFFDF001C,
	0xFFD90015, 0xFFD3000D, 0xFFCE0008, 0xFFCB0007, 0xFFC70003, 0xFFC4FFFD, 0xFFBCFFF2, 0xFFB4FFE8, 0xFFB3FFE7, 0xFFAEFFE1, 0xFFAEFFDF,
	0xFFADFFDF, 0xFFA1FFD3, 0xFF9DFFCC, 0xFF9DFFC8, 0xFF98FFC1, 0xFF98FFC1, 0xFF91FFB9, 0xFF8BFFB2, 0xFF8CFFB1, 0xFF88FFAC, 0xFF85FFA7,
	0xFF85FFA3, 0xFF82FFA0, 0xFF7DFF9A, 0xFF7AFF93, 0xFF79FF90, 0xFF79FF8E, 0xFF78FF8D, 0xFF78FF8C, 0xFF7AFF8B, 0xFF79FF87, 0xFF73FF7F,
	0xFF74FF7F, 0xFF78FF81, 0xFF75FF7D, 0xFF76FF7D, 0xFF7AFF7F, 0xFF7DFF7E, 0xFF7CFF7B, 0xFF7DFF7C, 0xFF7FFF7F, 0xFF80FF7E, 0xFF86FF82,
	0xFF8AFF84, 0xFF89FF82, 0xFF90FF87, 0xFF94FF89, 0xFF93FF89, 0xFF96FF8B, 0xFF99FF8B, 0xFF9FFF8F, 0xFFA3FF93, 0xFFA9FF98, 0xFFB0FF9D,
	0xFFB0FF9D, 0xFFB1FF9C, 0xFFB4FFA0, 0xFFB7FFA4, 0xFFBBFFA6, 0xFFBDFFA6, 0xFFC1FFAB, 0xFFC6FFB0, 0xFFCBFFB4, 0xFFD2FFBA, 0xFFD0FFB8,
	0xFFD0FFB9, 0xFFDAFFC3, 0xFFE0FFC8, 0xFFE3FFCA, 0xFFE5FFCD, 0xFFE9FFD2, 0xFFEFFFD6, 0xFFF1FFD7, 0xFFF2FFDA, 0xFFF3FFDC, 0xFFF4FFDC,
	0xFFFAFFE1, 0xFFFEFFE6, 0xFFFFFFE8, 0x0003FFEE, 0x0005FFF1, 0x0006FFF2, 0x000BFFF6, 0x000CFFF8, 0x000EFFFB, 0x0010FFFE, 0x0011FFFD,
	0x0012FFFE, 0x00130000, 0x00130002, 0x00140003, 0x00140002, 0x00150003, 0x00150004, 0x00160006, 0x00160008, 0x00160007, 0x001B000B,
	0x001B000B, 0x00160007, 0x00160007, 0x00170007, 0x00160008, 0x00170009, 0x00170008, 0x001B0009, 0x001C000B, 0x00190008, 0x00140003,
	0x00140002, 0x00180006, 0x00170005, 0x00150004, 0x00180006, 0x00170004, 0x0014FFFF, 0x00160000, 0x00180002, 0x00150001, 0x00180002,
	0x001B0003, 0x00190000, 0x0017FFFF, 0x0018FFFE, 0x001B0000, 0x001D0002, 0x001C0000, 0x001E0001, 0x00200001, 0x00210000, 0x00230003,
	0x00240003, 0x00260003, 0x00270004, 0x002A0007, 0x0030000C, 0x002D0009, 0x002D0009, 0x0033000C, 0x0035000B, 0x00390010, 0x003C0015,
	0x003B0013, 0x003E0014, 0x00410016, 0x00420017, 0x0045001A, 0x0048001C, 0x004A001E, 0x004C0020, 0x004E0023, 0x00520027, 0x00530028,
	0x00530028, 0x0057002B, 0x005B0030, 0x005E0034, 0x00610038, 0x0062003A, 0x0062003B, 0x0061003C, 0x005E003B, 0x00630041, 0x00660045,
	0x00630043, 0x00650046, 0x006C004B, 0x006F004F, 0x006D0051, 0x006A0051, 0x006B0053, 0x00690053, 0x00680053, 0x00680056, 0x006A0059,
	0x006A005A, 0x00660059, 0x0068005F, 0x0068005F, 0x0060005B, 0x0060005F, 0x005F005F, 0x005E005E, 0x005C005F, 0x0055005B, 0x0054005D,
	0x00540060, 0x00520061, 0x004D0060, 0x0047005B, 0x0048005F, 0x0044005E, 0x003D005A, 0x0040005D, 0x003B0059, 0x00320055, 0x00300056,
	0x00320059, 0x002E0056, 0x00240050, 0x00230051, 0x001D004C, 0x00150045, 0x00140047, 0x00100045, 0x000D0044, 0x000B0043, 0x0003003B,
	0x00000038, 0xFFFE0038, 0xFFF90035, 0xFFF50031, 0xFFF1002C, 0xFFEC0029, 0xFFE90029, 0xFFE9002A, 0xFFE70026, 0xFFDF001F, 0xFFDB001B,
	0xFFDB001A, 0xFFD90018, 0xFFD40015, 0xFFD20010, 0xFFD3000F, 0xFFD0000C, 0xFFCB000A, 0xFFC80007, 0xFFC70004, 0xFFC80001, 0xFFC6FFFF,
	0xFFC3FFFB, 0xFFBEFFF5, 0xFFBBFFF1, 0xFFBBFFF2, 0xFFBAFFED, 0xFFBCFFED, 0xFFBDFFEE, 0xFFB8FFE8, 0xFFB8FFE4, 0xFFB7FFE2, 0xFFB7FFE1,
	0xFFB5FFDE, 0xFFB2FFD8, 0xFFB6FFDA, 0xFFB4FFD8, 0xFFB2FFD4, 0xFFB3FFD3, 0xFFAEFFCD, 0xFFB0FFCC, 0xFFB2FFCB, 0xFFAEFFC5, 0xFFAFFFC5,
	0xFFAEFFC4, 0xFFB3FFC5, 0xFFB6FFC6, 0xFFAEFFBE, 0xFFADFFBA, 0xFFAEFFB7, 0xFFABFFB3, 0xFFABFFB2, 0xFFB0FFB5, 0xFFB4FFB8, 0xFFB0FFB4,
	0xFFABFFAE, 0xFFA9FFA9, 0xFFA9FFA7, 0xFFABFFA8, 0xFFA7FFA3, 0xFFA6FFA1, 0xFFABFFA5, 0xFFA9FFA3, 0xFFA7FFA0, 0xFFA7FFA0, 0xFFA5FF9E,
	0xFFA4FF9C, 0xFFA6FF9C, 0xFFA5FF99, 0xFFA2FF97, 0xFFA4FF9A, 0xFFA6FF9A, 0xFFA2FF94, 0xFFA0FF93, 0xFFA0FF95, 0xFF9FFF95, 0xFFA0FF92,
	0xFFA0FF91, 0xFFA1FF91, 0xFFA1FF93, 0xFF9FFF93, 0xFF9FFF94, 0xFFA1FF94, 0xFF9FFF92, 0xFFA1FF94, 0xFFA1FF94, 0xFF9DFF90, 0xFFA0FF94,
	0xFFA2FF95, 0xFFA3FF95, 0xFFA6FF97, 0xFFA5FF96, 0xFFABFF9E, 0xFFADFF9F, 0xFFA7FF98, 0xFFACFF9F, 0xFFB2FFA6, 0xFFB5FFA8, 0xFFB6FFA8,
	0xFFB5FFA8, 0xFFB8FFAB, 0xFFBBFFAC, 0xFFBCFFAD, 0xFFC1FFB3, 0xFFC8FFB8, 0xFFCDFFBC, 0xFFCCFFBD, 0xFFCFFFBF, 0xFFD5FFC4, 0xFFD8FFC6,
	0xFFDEFFCD, 0xFFE6FFD3, 0xFFE9FFD7, 0xFFEEFFDD, 0xFFF0FFDE, 0xFFF5FFE1, 0x0002FFEC, 0x0006FFF1, 0x0009FFF4, 0x0012FFFC, 0x0016FFFE,
	0x001B0002, 0x0022000A, 0x0026000D, 0x002E0013, 0x00320018, 0x00330018, 0x003B001F, 0x00440026, 0x0048002B, 0x004E0033, 0x00520035,
	0x00570036, 0x0061003F, 0x00640044, 0x00620044, 0x0069004B, 0x006D004D, 0x00710050, 0x007B005A, 0x007F005C, 0x0080005B, 0x00880064,
	0x008B006A, 0x008B006A, 0x0090006D, 0x0095006F, 0x0094006F, 0x00970074, 0x009A0077, 0x009B0078, 0x009B0079, 0x009D007A, 0x009F007C,
	0x009F007D, 0x009E007D, 0x00A0007F, 0x00A10080, 0x00A00081, 0x009E007F, 0x009C007D, 0x009B007D, 0x009C007F, 0x0099007C, 0x0095007C,
	0x0096007D, 0x00900076, 0x008E0074, 0x008D0076, 0x00850070, 0x0085006F, 0x0086006F, 0x007F006B, 0x00790069, 0x00740063, 0x00730061,
	0x006D005D, 0x00690059, 0x00670058, 0x005D0050, 0x0059004E, 0x0056004C, 0x004F0045, 0x004B0042, 0x00470040, 0x0042003C, 0x003B0032,
	0x0034002D, 0x0031002E, 0x002C002B, 0x00280025, 0x001E001D, 0x00180019, 0x00180019, 0x00130014, 0x000C000F, 0x0008000B, 0x00050007,
	0x00020006, 0xFFFB0001, 0xFFF5FFFA, 0xFFF0FFF3, 0xFFEFFFF3, 0xFFEFFFF7, 0xFFE8FFF1, 0xFFE6FFED, 0xFFE4FFEB, 0xFFDFFFE6, 0xFFDCFFE3,
	0xFFD8FFDF, 0xFFD4FFDE, 0xFFD0FFDA, 0xFFCEFFD9, 0xFFD0FFDB, 0xFFCBFFD6, 0xFFC8FFD3, 0xFFC8FFD3, 0xFFC4FFD1, 0xFFC1FFCF, 0xFFC0FFCB,
	0xFFBFFFCB, 0xFFBDFFCB, 0xFFBAFFC8, 0xFFBBFFC8, 0xFFBAFFC6, 0xFFB6FFC4, 0xFFB4FFC5, 0xFFB0FFC1, 0xFFB3FFC2, 0xFFB6FFC7, 0xFFB4FFC5,
	0xFFB5FFC4, 0xFFB3FFC4, 0xFFB3FFC5, 0xFFB3FFC5, 0xFFB1FFC5, 0xFFB5FFC9, 0xFFB4FFC9, 0xFFB3FFC9, 0xFFB8FFCD, 0xFFB6FFCB, 0xFFB2FFCA,
	0xFFB4FFCD, 0xFFB7FFD0, 0xFFB8FFD2, 0xFFB7FFD3, 0xFFB9FFD6, 0xFFB5FFD4, 0xFFB4FFD3, 0xFFB7FFD5, 0xFFB4FFD5, 0xFFB5FFD9, 0xFFB8FFDD,
	0xFFB7FFDC, 0xFFB4FFDA, 0xFFB6FFDC, 0xFFBCFFE4, 0xFFBCFFE4, 0xFFBBFFE3, 0xFFBBFFE5, 0xFFB9FFE4, 0xFFBCFFE7, 0xFFBCFFE9, 0xFFBCFFEC,
	0xFFC2FFF0, 0xFFC3FFF0, 0xFFC0FFEF, 0xFFC0FFF1, 0xFFC3FFF4, 0xFFC3FFF4, 0xFFC3FFF6, 0xFFC5FFFA, 0xFFC5FFFA, 0xFFC6FFFB, 0xFFC7FFF9,
	0xFFC7FFF9, 0xFFC8FFFC, 0xFFC8FFFC, 0xFFCCFFFF, 0xFFCF0001, 0xFFCE0000, 0xFFCDFFFF, 0xFFCD0000, 0xFFCE0000, 0xFFD20002, 0xFFD60006,
	0xFFD80007, 0xFFDC0009, 0xFFDB0007, 0xFFD80003, 0xFFDE0007, 0xFFDF0007, 0xFFE00007, 0xFFE4000D, 0xFFE30009, 0xFFE60009, 0xFFE7000A,
	0xFFE8000A, 0xFFF10010, 0xFFED0008, 0xFFEE0007, 0xFFF90010, 0xFFF4000B, 0xFFF7000B, 0xFFFE0010, 0xFFFB000B, 0xFFFD000B, 0x0001000D,
	0x0001000B, 0x0005000B, 0x0007000B, 0x000A000C, 0x000D000D, 0x000D000C, 0x0013000F, 0x0014000D, 0x00130009, 0x00160008, 0x00150007,
	0x001B000C, 0x0021000F, 0x0021000B, 0x0025000D, 0x00220008, 0x00230006, 0x0028000A, 0x00260007, 0x002A0008, 0x002E0008, 0x002C0003,
	0x002C0004, 0x002E0007, 0x00320009, 0x00320006, 0x00330005, 0x00370007, 0x00370005, 0x00340002, 0x00350003, 0x003A0005, 0x00380001,
	0x0033FFFD, 0x0035FFFF, 0x00360000, 0x0035FFFE, 0x00380000, 0x00390001, 0x0038FFFF, 0x003A0000, 0x0038FFFF, 0x0035FFFC, 0x0039FFFF,
	0x0036FFFC, 0x0034FFFC, 0x0039FFFF, 0x0035FFFA, 0x0036FFFA, 0x0036FFFC, 0x0030FFF9, 0x0033FFFC, 0x0032FFFB, 0x002CFFF7, 0x002CFFF7,
	0x002EFFF9, 0x002CFFF8, 0x0027FFF4, 0x0024FFF3, 0x0025FFF5, 0x0025FFF6, 0x0023FFF5, 0x0020FFF3, 0x001FFFF2, 0x001EFFF3, 0x001DFFF4,
	0x001BFFF4, 0x001BFFF5, 0x0017FFF1, 0x0013FFF0, 0x0015FFF3, 0x0010FFF0, 0x0011FFF2, 0x0013FFF4, 0x000AFFEC, 0x000BFFF0, 0x000DFFF4,
	0x000CFFF2, 0x000AFFF2, 0x0005FFEF, 0x0006FFF2, 0x0009FFF4, 0x0006FFF3, 0x0002FFF0, 0x0000FFF0, 0x0002FFF2, 0x0000FFF1, 0xFFFEFFF0,
	0xFFFCFFF0, 0xFFFCFFF0, 0xFFFEFFF3, 0xFFFAFFEF, 0xFFF9FFF0, 0xFFFAFFF2, 0xFFF7FFF1, 0xFFFAFFF4, 0xFFF5FFF0, 0xFFF3FFEF, 0xFFF8FFF4,
	0xFFF5FFF2, 0xFFF4FFF2, 0xFFF4FFF2, 0xFFF1FFF2, 0xFFF4FFF6, 0xFFF5FFF6, 0xFFF3FFF3, 0xFFF6FFF4, 0xFFF6FFF5, 0xFFF4FFF5, 0xFFF4FFF7,
	0xFFF5FFF8, 0xFFF4FFF7, 0xFFF6FFF8, 0xFFF7FFF8, 0xFFF3FFF7, 0xFFF4FFFA, 0xFFF6FFFB, 0xFFF5FFFA, 0xFFF7FFFC, 0xFFF5FFFD, 0xFFF4FFFC,
	0xFFF7FFFD, 0xFFF4FFFC, 0xFFF70000, 0xFFFA0004, 0xFFF4FFFE, 0xFFF80000, 0xFFF80000, 0xFFF60000, 0xFFF80003, 0xFFF70002, 0xFFF80005,
	0xFFF70004, 0xFFF50002, 0xFFF70006, 0xFFF40004, 0xFFF80008, 0xFFF9000A, 0xFFF70009, 0xFFFB000C, 0xFFF9000C, 0xFFF8000E, 0xFFF6000D,
	0xFFF4000D, 0xFFF80010, 0xFFF5000B, 0xFFF6000A, 0xFFFA0011, 0xFFF80013, 0xFFFA0015, 0xFFF90015, 0xFFF70014, 0xFFF90016, 0xFFFA0018,
	0xFFF60014, 0xFFF50014, 0xFFF80019, 0xFFF70019, 0xFFF70019, 0xFFF50019, 0xFFF6001A, 0xFFF8001E, 0xFFF8001E, 0xFFFA001F, 0xFFF7001F,
	0xFFF5001F, 0xFFF80023, 0xFFF70022, 0xFFF5001F, 0xFFF4001E, 0xFFF40020, 0xFFF30021, 0xFFF30020, 0xFFF40021, 0xFFF20021, 0xFFF50022,
	0xFFF70024, 0xFFF40022, 0xFFF30024, 0xFFF20022, 0xFFF30021, 0xFFF40021, 0xFFF1001F, 0xFFF30022, 0xFFF70025, 0xFFF50023, 0xFFF10020,
	0xFFF40022, 0xFFF50020, 0xFFF1001C, 0xFFF4001F, 0xFFF5001F, 0xFFF5001E, 0xFFF5001E, 0xFFF3001C, 0xFFF4001C, 0xFFF4001C, 0xFFF3001A,
	0xFFF6001B, 0xFFF8001D, 0xFFF8001D, 0xFFF4001A, 0xFFF30018, 0xFFF50018, 0xFFF50016, 0xFFF50015, 0xFFF50014, 0xFFF50011, 0xFFF50010,
	0xFFF80011, 0xFFF6000F, 0xFFF7000E, 0xFFFB0010, 0xFFFB000F, 0xFFFB000F, 0xFFF8000C, 0xFFF70009, 0xFFFA0008, 0xFFF90006, 0xFFFB0008,
	0xFFFC0007, 0xFFFC0005, 0x00000007, 0xFFFD0002, 0xFFFB0002, 0xFFFE0005, 0x00000003, 0x00010001, 0xFFFEFFFE, 0x00010000, 0x0001FFFD,
	0x0000FFFA, 0x0004FFFE, 0x0005FFFF, 0x0007FFFF, 0x0008FFFD, 0x0007FFFB, 0x0009FFFD, 0x0005FFF9, 0x0004FFF6, 0x0007FFF5, 0x0008FFF5,
	0x0009FFF6, 0x0008FFF5, 0x0009FFF4, 0x000FFFF7, 0x0011FFF6, 0x000EFFF2, 0x000FFFF1, 0x0010FFF1, 0x0011FFF1, 0x0011FFF2, 0x0010FFF0,
	0x0014FFF1, 0x0014FFEF, 0x000FFFEC, 0x0013FFF0, 0x0016FFEF, 0x0013FFE9, 0x0015FFE8, 0x0017FFEA, 0x0017FFEB, 0x001AFFEC, 0x001BFFEB,
	0x0017FFE6, 0x0017FFE5, 0x0016FFE3, 0x0013FFE1, 0x0016FFE5, 0x0014FFE0, 0x0014FFDF, 0x0014FFDF, 0x0010FFDB, 0x0014FFDE, 0x0012FFDC,
	0x0011FFDA, 0x0011FFDB, 0x000AFFD3, 0x000FFFD7, 0x000EFFD6, 0x0008FFD1, 0x000EFFD5, 0x000DFFD4, 0x000BFFD3, 0x0006FFD0, 0xFFFEFFC7,
	0x0005FFCB, 0x0008FFCF, 0xFFFEFFCA, 0xFFFEFFCA, 0x0000FFCB, 0xFFF7FFC3, 0xFFF8FFC3, 0xFFFFFFC8, 0xFFFCFFC5, 0xFFFCFFC6, 0xFFF9FFC5,
	0xFFF5FFC3, 0xFFF8FFC7, 0xFFF6FFC6, 0xFFF3FFC4, 0xFFF1FFC2, 0xFFF1FFC1, 0xFFF2FFC2, 0xFFEDFFC2, 0xFFEDFFC3, 0xFFECFFC3, 0xFFEBFFC4,
	0xFFEBFFC6, 0xFFE8FFC3, 0xFFEAFFC6, 0xFFEDFFCA, 0xFFE6FFC4, 0xFFE2FFC2, 0xFFE9FFC9, 0xFFE7FFCA, 0xFFE6FFCD, 0xFFE7FFD1, 0xFFE0FFCA,
	0xFFE3FFCC, 0xFFE6FFD2, 0xFFE2FFD2, 0xFFE7FFD7, 0xFFE7FFD8, 0xFFE2FFD7, 0xFFE5FFDD, 0xFFEAFFE1, 0xFFE8FFE1, 0xFFE7FFE1, 0xFFE9FFE5,
	0xFFE9FFE8, 0xFFEEFFEF, 0xFFF2FFF6, 0xFFEDFFF4, 0xFFEFFFF6, 0xFFF2FFF9, 0xFFEDFFF8, 0xFFF3FFFF, 0xFFF90005, 0xFFF80008, 0xFFF8000A,
	0xFFF9000C, 0xFFFA000D, 0xFFFC0011, 0xFFFE0017, 0x0000001C, 0x00030020, 0x00030022, 0x00050025, 0x00080029, 0x0007002A, 0x000B0030,
	0x000C0032, 0x00090030, 0x000E0038, 0x000F003B, 0x000F003B, 0x0012003F, 0x00170044, 0x001B004A, 0x0018004B, 0x001A004E, 0x001E0050,
	0x001C004F, 0x001F0054, 0x00200055, 0x00200057, 0x00210059, 0x00200059, 0x00210059, 0x0022005A, 0x0023005B, 0x0022005B, 0x0025005D,
	0x0028005E, 0x0023005B, 0x0023005D, 0x0025005F, 0x0023005E, 0x0024005F, 0x0024005E, 0x0023005C, 0x0023005B, 0x00200059, 0x001D0056,
	0x001E0055, 0x001D0053, 0x001B0052, 0x0019004E, 0x0016004A, 0x0016004A, 0x00150049, 0x00150046, 0x00140042, 0x0010003E, 0x000E003D,
	0x000B0039, 0x000A0036, 0x00090034, 0x00050030, 0x0007002F, 0x0006002A, 0x00040027, 0x00030025, 0xFFFC001E, 0x00010020, 0x0001001F,
	0xFFF90015, 0xFFF80012, 0xFFF6000F, 0xFFF5000E, 0xFFF4000C, 0xFFF10007, 0xFFF30005, 0xFFF20002, 0xFFF00000, 0xFFEDFFFC, 0xFFECFFF9,
	0xFFF1FFFB, 0xFFEFFFF8, 0xFFE8FFF2, 0xFFE7FFEF, 0xFFEAFFED, 0xFFE8FFEA, 0xFFE4FFE6, 0xFFE5FFE5, 0xFFE9FFE5, 0xFFE7FFE1, 0xFFE1FFDB,
	0xFFE3FFDB, 0xFFE7FFDD, 0xFFE6FFDB, 0xFFE5FFDA, 0xFFE2FFD5, 0xFFE2FFD4, 0xFFE7FFD6, 0xFFE8FFD5, 0xFFEAFFD5, 0xFFE8FFD3, 0xFFE8FFD2,
	0xFFECFFD4, 0xFFEDFFD3, 0xFFEFFFD1, 0xFFECFFCE, 0xFFEBFFCF, 0xFFF0FFD2, 0xFFF1FFD1, 0xFFF0FFD1, 0xFFF3FFD2, 0xFFF5FFD1, 0xFFF2FFCE,
	0xFFF1FFCC, 0xFFF5FFD0, 0xFFF7FFD3, 0xFFF6FFD1, 0xFFF8FFD2, 0xFFFDFFD6, 0xFFFCFFD5, 0xFFFCFFD4, 0xFFFFFFD7, 0xFFFAFFD3, 0xFFFCFFD4,
	0x0003FFD9, 0x0001FFD7, 0xFFFFFFD7, 0xFFFFFFD8, 0x0001FFDA, 0x0003FFDD, 0x0004FFDE, 0x0003FFDE, 0x0002FFDD, 0x0003FFDE, 0x0004FFDF,
	0x0003FFDF, 0x0005FFE2, 0x000AFFE5, 0x0008FFE3, 0x0004FFE2, 0x0008FFE6, 0x0007FFE6, 0x0006FFE6, 0x0009FFED, 0x0005FFE9, 0x0006FFEA,
	0x0009FFEE, 0x0006FFEC, 0x0007FFF0, 0x0009FFF3, 0x0009FFF1, 0x0007FFF0, 0x0007FFF2, 0x0007FFF3, 0x0005FFF2, 0x0009FFF8, 0x0005FFF5,
	0xFFFFFFF0, 0x0005FFF7, 0x0003FFF7, 0x0002FFF6, 0x0005FFF9, 0x0002FFF8, 0x0003FFFB, 0x0004FFFB, 0x0002FFF8, 0xFFFFFFF6, 0x0000FFFB,
	0x00050002, 0x00030000, 0x00030000, 0x00060001, 0x0002FFFF, 0x00040001, 0x00060004, 0x00050004, 0x00050003, 0x00050005, 0x00060008,
	0x00040007, 0x00030004, 0x00060007, 0x00050007, 0x00050007, 0x0009000A, 0x00040006, 0x00030006, 0x0008000B, 0x0006000A, 0x0006000C,
	0x0005000B, 0x0006000B, 0x0009000E, 0x00040008, 0x00050009, 0x0008000C, 0x0007000B, 0x0009000D, 0x0008000C, 0x0005000C, 0x0005000C,
	0x0006000B, 0x0007000B, 0x0006000B, 0x0008000E, 0x0006000B, 0x0009000D, 0x000B000E, 0x0004000A, 0x0008000F, 0x0005000C, 0x00000007,
	0x0005000C, 0x00020008, 0x0004000A, 0x0006000D, 0x00010008, 0x00020007, 0x00000004, 0x00020007, 0x0005000B, 0x00010007, 0x00000007,
	0xFFFE0006, 0xFFFA0003, 0xFFFB0003, 0xFFF90001, 0xFFF8FFFF, 0xFFFB0002, 0xFFFC0004, 0xFFF70001, 0xFFF4FFFE, 0xFFF3FFFD, 0xFFF2FFFA,
	0xFFF1FFF8, 0xFFF0FFFB, 0xFFEEFFFA, 0xFFE9FFF4, 0xFFEAFFF4, 0xFFEBFFF5, 0xFFE8FFF2, 0xFFE4FFF0, 0xFFE6FFF2, 0xFFEAFFF7, 0xFFE7FFF4,
	0xFFE5FFF2, 0xFFE7FFF3, 0xFFE4FFF2, 0xFFE4FFF2, 0xFFE1FFEF, 0xFFE2FFEE, 0xFFE2FFEE, 0xFFDCFFE9, 0xFFE2FFEE, 0xFFE4FFF1, 0xFFE0FFEF,
	0xFFE1FFF0, 0xFFE2FFF0, 0xFFE6FFF2, 0xFFE3FFEF, 0xFFDFFFEB, 0xFFE5FFF0, 0xFFE1FFED, 0xFFE1FFEE, 0xFFE8FFF2, 0xFFE3FFEE, 0xFFE4FFEF,
	0xFFEBFFF4, 0xFFEAFFF2, 0xFFECFFF6, 0xFFF1FFFC, 0xFFEEFFF8, 0xFFF0FFF9, 0xFFF1FFF8, 0xFFF0FFF8, 0xFFF70000, 0xFFF7FFFE, 0xFFF7FFFD,
	0xFFFB0001, 0xFFFC0000, 0xFFFF0002, 0xFFFE0003, 0x00000006, 0x00030007, 0x00040006, 0x000B000C, 0x000C000E, 0x000B000E, 0x00120014,
	0x00140015, 0x00160014, 0x00190016, 0x00190018, 0x001F001D, 0x00260022, 0x001F001D, 0x001C0019, 0x0023001F, 0x00260022, 0x002A0025,
	0x00290024, 0x00260022, 0x0031002B, 0x0032002D, 0x002F002A, 0x0032002D, 0x002E0028, 0x0030002A, 0x0033002F, 0x0033002E, 0x00370031,
	0x00370032, 0x00360031, 0x0035002F, 0x0034002E, 0x00370032, 0x00370031, 0x00370031, 0x003A0034, 0x0034002F, 0x0031002C, 0x0032002E,
	0x00330031, 0x00370036, 0x00350032, 0x0030002E, 0x002F002C, 0x002C0029, 0x002D002B, 0x002A0029, 0x00270026, 0x002A0029, 0x00230024,
	0x00220023, 0x00210023, 0x0018001C, 0x001B001D, 0x0018001C, 0x0016001C, 0x0019001B, 0x00100011, 0x00100013, 0x00100013, 0x0009000D,
	0x0008000D, 0x00030008, 0x00040009, 0x00030008, 0xFFFE0004, 0xFFFE0004, 0xFFF9FFFE, 0xFFF5FFFB, 0xFFF5FFFC, 0xFFF4FFFB, 0xFFF2FFF7,
	0xFFEFFFF2, 0xFFF1FFF5, 0xFFF0FFF6, 0xFFECFFF2, 0xFFE9FFEE, 0xFFE4FFEA, 0xFFE4FFE9, 0xFFE5FFE8, 0xFFE4FFE5, 0xFFE6FFEA, 0xFFE5FFEC,
	0xFFE5FFE9, 0xFFE4FFE5, 0xFFE0FFE1, 0xFFDAFFDD, 0xFFD8FFDB, 0xFFDBFFDC, 0xFFDEFFDF, 0xFFDCFFDC, 0xFFD9FFD8, 0xFFD8FFD5, 0xFFD5FFD4,
	0xFFD7FFD6, 0xFFD7FFD4, 0xFFD5FFCF, 0xFFD7FFD2, 0xFFD7FFD3, 0xFFD8FFD2, 0xFFD8FFD2, 0xFFD8FFD3, 0xFFDBFFD5, 0xFFDAFFD3, 0xFFDCFFD3,
	0xFFDCFFD3, 0xFFDCFFD4, 0xFFDEFFD4, 0xFFDCFFD1, 0xFFE0FFD5, 0xFFE0FFD4, 0xFFDDFFD1, 0xFFE3FFD7, 0xFFE0FFD5, 0xFFE1FFD5, 0xFFE7FFD8,
	0xFFE3FFD3, 0xFFE3FFD5, 0xFFE3FFD8, 0xFFE4FFD9, 0xFFE9FFDC, 0xFFE6FFD8, 0xFFE4FFD8, 0xFFE9FFDE, 0xFFEEFFE2, 0xFFEBFFDF, 0xFFECFFDF,
	0xFFF2FFE4, 0xFFF1FFE4, 0xFFF1FFE5, 0xFFF2FFE6, 0xFFF4FFE9, 0xFFF4FFEB, 0xFFF3FFEA, 0xFFF8FFEF, 0xFFF8FFF0, 0xFFF6FFED, 0xFFF9FFEF,
	0xFFF9FFF0, 0xFFF9FFF2, 0xFFFAFFF4, 0xFFFAFFF4, 0xFFFDFFF8, 0xFFFEFFFB, 0xFFF8FFF7, 0xFFF5FFF4, 0xFFFBFFFA, 0x0000FFFF, 0xFFFFFFFF,
	0xFFFAFFFA, 0xFFFEFFFC, 0x00040004, 0x00000002, 0x00010001, 0x00030005, 0x00020005, 0x00040008, 0x00010007, 0x00010007, 0x0006000D,
	0x0006000D, 0x0006000B, 0x0005000C, 0x00070010, 0x00090011, 0x0006000E, 0x0004000D, 0x0004000D, 0x0004000E, 0x0004000D, 0x0007000F,
	0x00070011, 0x0003000E, 0x00080012, 0x000A0013, 0x000A0012, 0x000B0013, 0x000A0012, 0x00080014, 0x00090013, 0x000A0011, 0x000A0013,
	0x000A0013, 0x00080010, 0x00090010, 0x000A0011, 0x0007000E, 0x000A0011, 0x000C0013, 0x0008000F, 0x000F0014, 0x00100015, 0x000A000E,
	0x000E0010, 0x00130014, 0x00140015, 0x00120014, 0x00100011, 0x000F000F, 0x00120012, 0x00160016, 0x00110011, 0x00130010, 0x00160013,
	0x0011000F, 0x0011000E, 0x0011000B, 0x0011000C, 0x0014000F, 0x0013000D, 0x0012000B, 0x0014000E, 0x0013000F, 0x0011000A, 0x0014000B,
	0x0017000D, 0x00130009, 0x00120009, 0x0012000A, 0x0012000B, 0x0017000E, 0x0018000F, 0x0013000B, 0x000E0007, 0x00110007, 0x00120008,
	0x000E0006, 0x000E0008, 0x000E0007, 0x000B0003, 0x000D0004, 0x000C0005, 0x00080002, 0x00090002, 0x000A0004, 0x00080003, 0x00080002,
	0x0003FFFE, 0x00040001, 0x000A0008, 0x00030001, 0xFFFFFFFE, 0x00030002, 0x0000FFFE, 0x0000FFFF, 0x00030001, 0x00010000, 0x0000FFFF,
	0xFFFEFFFE, 0xFFFCFFFF, 0xFFFB0000, 0xFFFC0001, 0xFFFAFFFF, 0xFFF9FFFD, 0xFFF9FFFD, 0xFFF8FFFD, 0xFFF7FFFE, 0xFFF6FFFD, 0xFFF7FFFD,
	0xFFF6FFFC, 0xFFF6FFFD, 0xFFF9FFFF, 0xFFF6FFFC, 0xFFF7FFFF, 0xFFF80000, 0xFFF1FFFB, 0xFFF3FFFE, 0xFFF3FFFE, 0xFFF2FFFE, 0xFFF60001,
	0xFFF4FFFE, 0xFFF3FFFF, 0xFFF30001, 0xFFF50001, 0xFFF50001, 0xFFF4FFFF, 0xFFF4FFFD, 0xFFF3FFFE, 0xFFF40000, 0xFFF4FFFF, 0xFFF50000,
	0xFFFA0004, 0xFFF70002, 0xFFF70004, 0xFFFD0007, 0xFFFB0003, 0xFFFA0003, 0xFFFA0005, 0xFFF70002, 0xFFF70000, 0xFFFB0001, 0xFFFD0004,
	0xFFFB0003, 0xFFFD0003, 0x00000006, 0xFFFF0006, 0xFFFD0003, 0x00010005, 0x00000005, 0xFFFC0004, 0x00010006, 0x00010005, 0x00010005,
	0x00020005, 0x00020004, 0x00070007, 0x00090008, 0x00060006, 0x00060006, 0x00070005, 0x00050004, 0x00030005, 0x00050006, 0x00060004,
	0x000B0009, 0x000E000D, 0x00090006, 0x000B0007, 0x000D0008, 0x00080004, 0x00090005, 0x00090004, 0x00060004, 0x00060003, 0x00090003,
	0x000B0005, 0x00070002, 0x00060002, 0x00080002, 0x000A0003, 0x000D0007, 0x00090005, 0x00070003, 0x000A0004, 0x00080003, 0x00050000,
	0x00060000, 0x000A0003, 0x00080002, 0x00060000, 0x00080001, 0x00090003, 0x00070003, 0x00060002, 0x000A0006, 0x00080003, 0x0002FFFE,
	0x00070003, 0x00050001, 0x0001FFFB, 0x00050000, 0x00030000, 0xFFFFFFFE, 0x00050003, 0x00050002, 0x0001FFFE, 0x00010000, 0xFFFFFFFE,
	0xFFFDFFFD, 0xFFFCFFFD, 0xFFFEFFFC, 0xFFFEFFFC, 0xFFFAFFFB, 0xFFFEFFFF, 0x00000001, 0xFFFDFFFD, 0xFFFCFFFA, 0xFFF9FFF8, 0xFFFBFFFA,
	0xFFFCFFFA, 0xFFF7FFF6, 0xFFFBFFFB, 0xFFFAFFFC, 0xFFF6FFF8, 0xFFF7FFF8, 0xFFF7FFF8, 0xFFF9FFFC, 0xFFF8FFFB, 0xFFF3FFF5, 0xFFF2FFF4,
	0xFFF0FFF3, 0xFFF0FFF2, 0xFFF1FFF3, 0xFFF3FFF6, 0xFFF7FFF8, 0xFFF6FFF7, 0xFFF3FFF5, 0xFFF2FFF5, 0xFFF3FFF6, 0xFFF1FFF5, 0xFFEFFFF2,
	0xFFEFFFF2, 0xFFF1FFF5, 0xFFF1FFF4, 0xFFEDFFEF, 0xFFECFFEE, 0xFFEFFFF3, 0xFFEFFFF5, 0xFFF0FFF5, 0xFFEDFFF0, 0xFFEBFFEE, 0xFFF1FFF2,
	0xFFF2FFF2, 0xFFF0FFF2, 0xFFEEFFF2, 0xFFEFFFF2, 0xFFF0FFF2, 0xFFEEFFF0, 0xFFEEFFF1, 0xFFEDFFF0, 0xFFEFFFF1, 0xFFF3FFF4, 0xFFF1FFF4,
	0xFFEEFFF1, 0xFFF0FFF3, 0xFFF3FFF5, 0xFFF3FFF6, 0xFFF4FFF7, 0xFFF3FFF3, 0xFFF1FFF1, 0xFFF3FFF3, 0xFFF4FFF1, 0xFFF6FFF5, 0xFFF8FFF8,
	0xFFF4FFF4, 0xFFF7FFF6, 0xFFF8FFF6, 0xFFF3FFF1, 0xFFF6FFF5, 0xFFFBFFF9, 0xFFF8FFF6, 0xFFF9FFF9, 0xFFFBFFF8, 0xFFF8FFF3, 0xFFFBFFF7,
	0xFFFFFFFD, 0x0000FFFE, 0x00050000, 0x0004FFFE, 0x0001FFFC, 0x0003FFFF, 0x0001FFFB, 0x0002FFFE, 0x00040001, 0x0002FFFD, 0x0002FFFA,
	0x0005FFFD, 0x0006FFFE, 0x0005FFFD, 0x0006FFFF, 0x00090002, 0x0007FFFF, 0x0005FFFB, 0x000B0000, 0x00100006, 0x000E0002, 0x000E0001,
	0x000D0000, 0x000C0001, 0x00120006, 0x00100002, 0x000DFFFF, 0x00130005, 0x00120004, 0x000F0000, 0x00100001, 0x00120005, 0x00130006,
	0x000F0001, 0x000E0000, 0x00100002, 0x000F0003, 0x000D0000, 0x000F0001, 0x00120004, 0x000F0002, 0x00100003, 0x00120004, 0x00100001,
	0x00110004, 0x00110005, 0x00100004, 0x00110004, 0x00120005, 0x00120007, 0x000F0006, 0x000F0006, 0x00110007, 0x00120007, 0x00110006,
	0x000D0004, 0x000D0005, 0x000F0006, 0x000E0006, 0x000E0009, 0x000D0006, 0x000C0004, 0x000F000A, 0x000D000B, 0x000A0007, 0x000C0007,
	0x000A0006, 0x000A0009, 0x000D000E, 0x000C000C, 0x000B000B, 0x000D000E, 0x000C000E, 0x00080009, 0x0009000D, 0x000F0014, 0x000C0011,
	0x00090010, 0x000B0013, 0x000A0011, 0x000C0013, 0x000B0012, 0x00090013, 0x000A0017, 0x00080013, 0x00090014, 0x000C0018, 0x000B0017,
	0x000A0017, 0x00050013, 0x00040012, 0x00080019, 0x00080019, 0x00050015, 0x00090019, 0x000D001E, 0x0006001A, 0x0005001A, 0x0007001B,
	0x00020017, 0x00050019, 0x0009001F, 0x000B0020, 0x0007001C, 0x0004001B, 0x000A0021, 0x0008001D, 0x00020018, 0x0006001F, 0x0007001F,
	0x0007001D, 0x000A001F, 0x0008001E, 0x00080020, 0x00080020, 0x0004001B, 0x0005001B, 0x00040018, 0x00000014, 0xFFFF0016, 0x00000017,
	0xFFFF0016, 0x00020018, 0x00030018, 0x00000014, 0xFFFF0012, 0xFFFE0011, 0xFFF9000C, 0xFFF8000A, 0xFFFB000C, 0xFFF9000A, 0xFFF70009,
	0xFFF60007, 0xFFF70005, 0xFFF60004, 0xFFF40003, 0xFFF30002, 0xFFF1FFFE, 0xFFF30000, 0xFFF60002, 0xFFF0FFFB, 0xFFEFFFFA, 0xFFEFFFF8,
	0xFFECFFF4, 0xFFEDFFF5, 0xFFEAFFF2, 0xFFE7FFEF, 0xFFE7FFEF, 0xFFE7FFED, 0xFFE8FFEB, 0xFFE5FFE7, 0xFFE4FFE6, 0xFFE4FFE6, 0xFFDFFFE2,
	0xFFDFFFE1, 0xFFE1FFE0, 0xFFE2FFE0, 0xFFE1FFDF, 0xFFDCFFDA, 0xFFDCFFD9, 0xFFDDFFD8, 0xFFDDFFD8, 0xFFDBFFD6, 0xFFDAFFD2, 0xFFDEFFD5,
	0xFFDCFFD5, 0xFFDBFFD2, 0xFFDFFFD4, 0xFFDEFFD0, 0xFFD9FFCD, 0xFFD6FFCB, 0xFFD5FFC8, 0xFFD9FFCC, 0xFFDBFFCF, 0xFFD9FFCB, 0xFFDAFFCA,
	0xFFDEFFCD, 0xFFE3FFD0, 0xFFE3FFCF, 0xFFDDFFC9, 0xFFDCFFC9, 0xFFE0FFCD, 0xFFE1FFCD, 0xFFDEFFCA, 0xFFDBFFC7, 0xFFDFFFCA, 0xFFE3FFCD,
	0xFFE2FFCA, 0xFFE4FFCC, 0xFFEAFFD4, 0xFFECFFD4, 0xFFE8FFCD, 0xFFE8FFD0, 0xFFE8FFD1, 0xFFE8FFCF, 0xFFEDFFD3, 0xFFEEFFD4, 0xFFF0FFD6,
	0xFFF1FFD8, 0xFFEFFFD5, 0xFFF5FFDB, 0xFFF9FFE0, 0xFFF6FFDE, 0xFFFAFFE2, 0xFFFCFFE2, 0xFFFBFFDF, 0xFFFCFFE3, 0xFFFFFFE8, 0xFFFEFFE7,
	0xFFFEFFE8, 0x0007FFF2, 0x000AFFF5, 0x0006FFF2, 0x0008FFF6, 0x0007FFF5, 0x0008FFF4, 0x000DFFF9, 0x000CFFF9, 0x000CFFFA, 0x000EFFFE,
	0x000F0000, 0x00110000, 0x00100000, 0x000F0000, 0x000F0001, 0x00120005, 0x00120006, 0x00120006, 0x0015000A, 0x0014000A, 0x0014000A,
	0x00190010, 0x0016000E, 0x0015000F, 0x001C0017, 0x001C0018, 0x001A0019, 0x001E001D, 0x0020001E, 0x001F001C, 0x001F001F, 0x001E0020,
	0x001C001E, 0x001D0021, 0x00210024, 0x00200024, 0x001E0027, 0x00200029, 0x0024002B, 0x0024002A, 0x001E0025, 0x001E0027, 0x001D0028,
	0x001B0024, 0x00200029, 0x0020002C, 0x001F002D, 0x00200030, 0x00220030, 0x00240032, 0x0020002D, 0x001F002D, 0x00240033, 0x00210031,
	0x001F002F, 0x00200030, 0x00210030, 0x00220031, 0x00210032, 0x00220033, 0x00210032, 0x00220031, 0x00230031, 0x00210030, 0x00210030,
	0x0022002F, 0x001F002D, 0x001D002C, 0x001D002C, 0x001E002F, 0x001C002D, 0x001E002B, 0x001F002C, 0x001A0025, 0x00180025, 0x001B0028,
	0x001A0025, 0x001A0026, 0x001A0026, 0x001A0025, 0x001A0025, 0x00170020, 0x00170020, 0x00160021, 0x0014001C, 0x0015001E, 0x0013001D,
	0x0011001A, 0x0012001A, 0x00100016, 0x000F0015, 0x00100017, 0x00110015, 0x000D0011, 0x0009000E, 0x0008000E, 0x0005000A, 0x00020006,
	0x00030006, 0x00030008, 0x00010006, 0xFFFD0000, 0xFFFDFFFF, 0xFFFE0001, 0xFFFBFFFE, 0xFFFAFFFC, 0xFFF8FFF9, 0xFFF7FFF7, 0xFFF9FFFC,
	0xFFF4FFF6, 0xFFF0FFF2, 0xFFF1FFF4, 0xFFEEFFF0, 0xFFEBFFED, 0xFFEAFFEB, 0xFFE8FFE7, 0xFFE8FFE8, 0xFFE7FFE7, 0xFFE6FFE5, 0xFFE6FFE4,
	0xFFE5FFE3, 0xFFE0FFDF, 0xFFDEFFDF, 0xFFE1FFE3, 0xFFDCFFDD, 0xFFD6FFD5, 0xFFD8FFD8, 0xFFD9FFDB, 0xFFD8FFD8, 0xFFD6FFD5, 0xFFD3FFD2,
	0xFFD2FFD2, 0xFFD2FFD3, 0xFFD4FFD4, 0xFFD0FFCF, 0xFFCEFFCE, 0xFFD3FFD4, 0xFFD2FFD1, 0xFFD0FFD0, 0xFFD0FFD2, 0xFFCCFFCD, 0xFFCFFFD0,
	0xFFD2FFD2, 0xFFCEFFCF, 0xFFCCFFCD, 0xFFCEFFCF, 0xFFD3FFD3, 0xFFD3FFD3, 0xFFD1FFD3, 0xFFD3FFD6, 0xFFD1FFD5, 0xFFD6FFD7, 0xFFD8FFD7,
	0xFFD7FFD6, 0xFFDAFFDB, 0xFFD8FFD8, 0xFFDAFFD9, 0xFFDFFFE0, 0xFFDCFFDC, 0xFFDFFFDF, 0xFFE3FFE4, 0xFFE2FFE1, 0xFFE5FFE3, 0xFFE4FFE1,
	0xFFE2FFDF, 0xFFE7FFE5, 0xFFE7FFE8, 0xFFE8FFE7, 0xFFEEFFEC, 0xFFF0FFEE, 0xFFEEFFED, 0xFFEFFFED, 0xFFF3FFF1, 0xFFF4FFF0, 0xFFF5FFF1,
	0xFFF6FFF4, 0xFFF7FFF7, 0xFFFAFFF9, 0xFFFAFFF8, 0xFFFBFFFA, 0xFFFEFFFD, 0x0000FFFE, 0x00040001, 0x0000FFFF, 0xFFFEFFFE, 0x00050003,
	0x00090005, 0x00080005, 0x00070005, 0x00090006, 0x000A0007, 0x00080006, 0x000C000C, 0x000D000C, 0x000A0007, 0x000D000A, 0x000D000C,
	0x000D000C, 0x000D000C, 0x000D000B, 0x00100010, 0x00110011, 0x000F000E, 0x000D000D, 0x000C000C, 0x00100011, 0x00110012, 0x000F0010,
	0x00130014, 0x00120011, 0x000E000E, 0x000D0010, 0x00100013, 0x00130015, 0x00110012, 0x00100010, 0x000F0010, 0x000D0010, 0x000F0011,
	0x000E0010, 0x000D0010, 0x000F0011, 0x000E0010, 0x000C0011, 0x000C0010, 0x000E0010, 0x000B000D, 0x00050008, 0x000A000D, 0x000B000C,
	0x00070008, 0x000A000C, 0x00070009, 0x00040005, 0x00050007, 0x00030006, 0x00020006, 0x00000002, 0xFFFF0000, 0x00050007, 0x00030006,
	0x00010003, 0x00050006, 0x00050005, 0x00030003, 0x00020001, 0x00030002, 0x00040006, 0x00050006, 0x00030003, 0x00010001, 0x00010001,
	0x00020000, 0x00030001, 0x00020000, 0x0000FFFD, 0x0003FFFE, 0x00030000, 0x0001FFFF, 0x0002FFFF, 0x0002FFFD, 0x0003FFFE, 0x0002FFFD,
	0x0003FFFC, 0x00070001, 0x00080003, 0x00070002, 0x00060000, 0x0003FFFC, 0x0005FFFF, 0x00060000, 0x00070001, 0x00090000, 0x0007FFFD,
	0x00090000, 0x000A0000, 0x0009FFFE, 0x0009FFFE, 0x0008FFFF, 0x000A0000, 0x0009FFFE, 0x0008FFFC, 0x000C0001, 0x0007FFFD, 0x0004FFF9,
	0x0008FFFC, 0x0009FFFC, 0x000C0000, 0x000D0001, 0x000BFFFE, 0x000C0000, 0x000AFFFE, 0x0009FFFD, 0x000BFFFF, 0x000BFFFF, 0x000AFFFF,
	0x0009FFFD, 0x000AFFFF, 0x000B0003, 0x00070000, 0x0008FFFE, 0x0009FFFC, 0x0009FFFC, 0x000C0000, 0x0009FFFF, 0x0007FFFD, 0x000AFFFF,
	0x0009FFFF, 0x0007FFFF, 0x0006FFFF, 0x0004FFFE, 0x0004FFFD, 0x00090001, 0x000A0003, 0x00060000, 0x00050000, 0x0004FFFF, 0x0004FFFD,
	0x0002FFFD, 0x0000FFFC, 0x00040002, 0x00030001, 0xFFFEFFFA, 0xFFFFFFFC, 0xFFFFFFFE, 0xFFFCFFFC, 0xFFFE0000, 0xFFFF0000, 0xFFFCFFFC,
	0xFFFDFFFE, 0x00000001, 0xFFFBFFFE, 0xFFFAFFFD, 0xFFFEFFFF, 0xFFFDFFFD, 0xFFFBFFFE, 0xFFFAFFFE, 0xFFF9FFFD, 0xFFFCFFFF, 0xFFFCFFFD,
	0xFFFE0001, 0xFFFD0002, 0xFFF5FFF9, 0xFFF8FFFB, 0xFFFE0002, 0xFFFAFFFF, 0xFFF7FFFD, 0xFFF8FFFE, 0xFFFA0000, 0xFFF7FFFE, 0xFFF4FFFA,
	0xFFF7FFFF, 0xFFF90000, 0xFFF8FFFF, 0xFFF8FFFE, 0xFFF4FFFB, 0xFFF4FFFF, 0xFFF60000, 0xFFF5FFFE, 0xFFF70001, 0xFFF6FFFF, 0xFFF4FFFD,
	0xFFF70001, 0xFFF50000, 0xFFF50000, 0xFFF80004, 0xFFF70002, 0xFFF40000, 0xFFF50001, 0xFFFA0004, 0xFFFA0005, 0xFFF40000, 0xFFF30000,
	0xFFF70003, 0xFFF4FFFF, 0xFFEFFFFA, 0xFFF1FFFD, 0xFFF4FFFF, 0xFFF2FFFD, 0xFFF3FFFE, 0xFFF3FFFF, 0xFFF4FFFE, 0xFFF70000, 0xFFF60000,
	0xFFF50000, 0xFFF50001, 0xFFF50000, 0xFFF70000, 0xFFF70000, 0xFFF5FFFF, 0xFFF50000, 0xFFF60002, 0xFFF50003, 0xFFF60003, 0xFFF70003,
	0xFFF50000, 0xFFF60001, 0xFFF70002, 0xFFF5FFFF, 0xFFF70001, 0xFFF80003, 0xFFF4FFFE, 0xFFF4FFFD, 0xFFF6FFFF, 0xFFF40000, 0xFFF2FFFE,
	0xFFF3FFFD, 0xFFF70001, 0xFFF4FFFE, 0xFFF4FFFD, 0xFFF90001, 0xFFF5FFFE, 0xFFF1FFFA, 0xFFF4FFFC, 0xFFF7FFFE, 0xFFF7FFFE, 0xFFF3FFFB,
	0xFFF4FFFB, 0xFFF5FFFB, 0xFFF3FFFA, 0xFFF5FFFC, 0xFFF5FFFB, 0xFFF8FFFB, 0xFFF9FFFC, 0xFFF4FFF7, 0xFFF8FFFD, 0xFFFB0000, 0xFFF6FFFA,
	0xFFF8FFFC, 0xFFFAFFFB, 0xFFF7FFF7, 0xFFF8FFF9, 0xFFF8FFF8, 0xFFFEFFFB, 0x0001FFFF, 0xFFFCFFFA, 0xFFFEFFFB, 0xFFFCFFF7, 0xFFF6FFF2,
	0xFFFDFFFA, 0x0000FFFA, 0xFFFEFFF8, 0x0002FFFD, 0xFFFEFFFA, 0xFFFDFFF7, 0x0003FFFA, 0x0001FFF7, 0x0002FFF8, 0x0006FFFC, 0x0005FFFB,
	0x0005FFFB, 0x0004FFFA, 0x0004FFF9, 0x0008FFFA, 0x0004FFF7, 0x0003FFF6, 0x0006FFF7, 0x0006FFF4, 0x0005FFF3, 0x0003FFF3, 0x0004FFF4,
	0x0008FFF9, 0x0004FFF6, 0x0004FFF5, 0x0008FFF7, 0x0007FFF5, 0x0009FFF7, 0x000AFFF8, 0x0008FFF4, 0x0009FFF3, 0x0008FFF3, 0x0005FFF4,
	0x0005FFF4, 0x0006FFF2, 0x0009FFF4, 0x0005FFF1, 0x0005FFF1, 0x000BFFF8, 0x0008FFF4, 0x0006FFF2, 0x000BFFF6, 0x0008FFF3, 0x0006FFF2,
	0x0007FFF4, 0x0004FFF0, 0x0000FFED, 0x0002FFEF, 0x0003FFF0, 0x0001FFEE, 0x0002FFF0, 0x0004FFF2, 0x0002FFF0, 0x0001FFEF, 0x0003FFF1,
	0x0003FFF1, 0x0004FFF2, 0x0006FFF5, 0x0003FFF2, 0x0000FFF1, 0x0004FFF7, 0x0004FFF6, 0x0000FFF2, 0xFFFFFFF2, 0xFFFDFFF1, 0xFFFBFFEF,
	0xFFFCFFF0, 0xFFFDFFF3, 0xFFFFFFF6, 0xFFFEFFF6, 0xFFFCFFF5, 0xFFFBFFF3, 0xFFFBFFF4, 0xFFFEFFF7, 0xFFFEFFF5, 0xFFFDFFF5, 0xFFFBFFF6,
	0xFFF7FFF3, 0xFFFBFFF7, 0xFFFFFFFB, 0xFFFCFFFA, 0xFFFDFFFC, 0xFFFDFFFB, 0xFFF8FFF7, 0xFFFBFFFC, 0xFFFF0000, 0xFFFEFFFE, 0xFFFF0000,
	0xFFFDFFFE, 0xFFF9FFFB, 0xFFFBFFFE, 0xFFFBFFFF, 0xFFFAFFFE, 0xFFFE0001, 0xFFFC0000, 0xFFFC0002, 0xFFFD0003, 0xFFF7FFFD, 0xFFF8FFFE,
	0xFFFE0005, 0xFFFD0006, 0xFFFD0006, 0xFFFF0007, 0xFFFE0008, 0xFFFF000A, 0x0001000C, 0xFFFF000B, 0xFFFF000C, 0x0001000D, 0x0002000C,
	0x0000000B, 0xFFFF000C, 0xFFFF000C, 0x0000000C, 0x00020010, 0x00040014, 0x00050014, 0x00040014, 0x00010011, 0x00020013, 0x00030013,
	0x00010010, 0x00050015, 0x00060018, 0x00020014, 0x00060016, 0x00080018, 0x00060016, 0x00060018, 0x00050016, 0x00060019, 0x0009001E,
	0x00070019, 0x00090019, 0x000B001D, 0x0007001B, 0x00030017, 0x00010015, 0x00060019, 0x00070019, 0x00040017, 0x0008001C, 0x0008001C,
	0x00060019, 0x000A001D, 0x0007001A, 0x0007001B, 0x0009001E, 0x00040018, 0x0007001B, 0x000A001E, 0x00050019, 0x0006001A, 0x00030015,
	0x00030015, 0x00070019, 0x00020012, 0x00020013, 0x00050017, 0x00030013, 0x00030012, 0x00030013, 0x00010011, 0x00020011, 0x00040013,
	0x00010010, 0xFFFE000C, 0x0001000F, 0x0000000D, 0x0001000C, 0x00030010, 0xFFFC0009, 0xFFFE0009, 0x0003000E, 0xFFFD0007, 0xFFFC0006,
	0xFFFF0009, 0xFFFD0006, 0xFFFD0005, 0xFFFC0003, 0xFFFBFFFF, 0xFFFAFFFF, 0xFFF8FFFF, 0xFFF6FFFC, 0xFFF8FFFC, 0xFFFCFFFF, 0xFFFCFFFF,
	0xFFF8FFFA, 0xFFF5FFF7, 0xFFF6FFF8, 0xFFF6FFF7, 0xFFF7FFF7, 0xFFF9FFF9, 0xFFF4FFF4, 0xFFF3FFF1, 0xFFF7FFF2, 0xFFF5FFF0, 0xFFF3FFEF,
	0xFFF2FFEF, 0xFFF4FFEF, 0xFFF7FFF1, 0xFFF3FFED, 0xFFEFFFE8, 0xFFF0FFE8, 0xFFF1FFE8, 0xFFF4FFE8, 0xFFF0FFE4, 0xFFECFFE0, 0xFFEFFFE4,
	0xFFEDFFE1, 0xFFEDFFDF, 0xFFF0FFE3, 0xFFECFFDF, 0xFFEBFFDE, 0xFFF0FFE1, 0xFFEFFFDF, 0xFFEEFFDD, 0xFFEEFFDD, 0xFFEDFFDD, 0xFFEBFFDB,
	0xFFEAFFD8, 0xFFEFFFDC, 0xFFF2FFDE, 0xFFEBFFD8, 0xFFECFFDA, 0xFFEDFFDA, 0xFFEDFFD9, 0xFFF1FFDE, 0xFFEFFFDD, 0xFFEEFFDB, 0xFFF1FFDE,
	0xFFEEFFD9, 0xFFEFFFD9, 0xFFF2FFDD, 0xFFEFFFDA, 0xFFF1FFD9, 0xFFF6FFDE, 0xFFF3FFDD, 0xFFEFFFDA, 0xFFF3FFDE, 0xFFF7FFE2, 0xFFF3FFE0,
	0xFFF1FFE0, 0xFFF5FFE2, 0xFFF6FFE2, 0xFFF6FFE1, 0xFFF6FFE1, 0xFFF4FFDE, 0xFFF3FFDE, 0xFFF8FFE4, 0xFFFAFFE7, 0xFFF9FFE6, 0xFFF9FFE6,
	0xFFF7FFE5, 0xFFF6FFE4, 0xFFFBFFE9, 0x0001FFF0, 0xFFFEFFEF, 0xFFFAFFEB, 0xFFFEFFED, 0x0000FFF1, 0xFFFFFFF1, 0x0001FFF1, 0x0002FFF2,
	0x0000FFF3, 0xFFFDFFF3, 0xFFFEFFF4, 0x0001FFF6, 0x0002FFF6, 0x0005FFFA, 0x0007FFFD, 0x0005FFFC, 0x0006FFFF, 0x000A0001, 0x0009FFFE,
	0x0008FFFE, 0x000C0003, 0x000E0005, 0x000B0004, 0x000B0005, 0x000D0008, 0x0010000B, 0x000F0009, 0x000C0007, 0x000C0009, 0x000E000C,
	0x0011000F, 0x00100010, 0x000E000F, 0x00100010, 0x00130013, 0x00120013, 0x000D000F, 0x000D000F, 0x00100012, 0x000E0010, 0x000F0013,
	0x00110016, 0x000E0013, 0x00100016, 0x000F0017, 0x000C0014, 0x00100016, 0x00130017, 0x00120016, 0x00100017, 0x00110018, 0x0012001A,
	0x000E0019, 0x000B0016, 0x000C0016, 0x000F0019, 0x000D0017, 0x00080013, 0x00090015, 0x000C0017, 0x000C0017, 0x000B0015, 0x000A0016,
	0x000A0016, 0x00080014, 0x00090018, 0x000C001A, 0x000B0018, 0x00070015, 0x00040012, 0x00080014, 0x00090015, 0x00030011, 0x00040013,
	0x00060015, 0x00040010, 0x0003000F, 0x00050011, 0x00050011, 0x0003000F, 0x0003000F, 0x0002000D, 0x0001000E, 0x0001000E, 0xFFFF000B,
	0x0000000C, 0x0001000F, 0x00040012, 0x0003000F, 0xFFFF0008, 0x0000000B, 0xFFFB0008, 0xFFF80003, 0xFFFF0007, 0xFFFE0008, 0xFFFB0006,
	0xFFFE0007, 0x0003000A, 0x00010009, 0xFFF90004, 0xFFFF0009, 0x00000007, 0xFFF9FFFF, 0xFFFD0003, 0xFFFF0005, 0xFFFF0004, 0xFFFF0004,
	0xFFFC0001, 0xFFFF0002, 0xFFFE0001, 0xFFFC0000, 0xFFFE0002, 0xFFFF0002, 0x00010004, 0x00000003, 0xFFFE0000, 0xFFFD0000, 0xFFFAFFFD,
	0xFFFAFFFC, 0xFFFFFFFF, 0xFFFEFFFE, 0xFFF9FFF9, 0xFFF6FFF7, 0xFFFAFFFB, 0xFFFCFFFD, 0xFFFBFFFC, 0xFFF6FFF7, 0xFFF5FFF5, 0xFFF9FFF8,
	0xFFF7FFF6, 0xFFF4FFF4, 0xFFF6FFF6, 0xFFF5FFF3, 0xFFF6FFF4, 0xFFF9FFF7, 0xFFF6FFF5, 0xFFF5FFF5, 0xFFF4FFF4, 0xFFF5FFF3, 0xFFF6FFF3,
	0xFFF5FFF3, 0xFFF5FFF4, 0xFFF5FFF2, 0xFFF4FFF2, 0xFFF4FFF3, 0xFFF3FFF0, 0xFFF4FFF0, 0xFFF5FFF2, 0xFFF4FFF2, 0xFFF4FFF2, 0xFFF1FFED,
	0xFFF1FFEE, 0xFFF4FFF3, 0xFFF3FFF1, 0xFFF4FFF0, 0xFFF3FFF1, 0xFFF0FFEF, 0xFFF3FFF1, 0xFFF2FFEF, 0xFFF1FFEF, 0xFFF3FFF0, 0xFFF1FFED,
	0xFFF3FFF0, 0xFFF5FFF2, 0xFFF1FFEE, 0xFFF2FFEF, 0xFFF2FFF1, 0xFFF2FFF0, 0xFFF2FFF0, 0xFFF2FFF1, 0xFFF2FFF0, 0xFFF2FFEF, 0xFFF4FFF1,
	0xFFF3FFF0, 0xFFF3FFF1, 0xFFF2FFF1, 0xFFF0FFEF, 0xFFF5FFF3, 0xFFF7FFF4, 0xFFF4FFF2, 0xFFF2FFF2, 0xFFF2FFF1, 0xFFF5FFF3, 0xFFF2FFF0,
	0xFFF2FFF0, 0xFFF9FFF7, 0xFFF7FFF5, 0xFFF4FFF2, 0xFFF7FFF6, 0xFFF9FFF6, 0xFFF9FFF4, 0xFFFBFFF6, 0xFFFEFFFA, 0xFFFCFFF7, 0xFFF9FFF5,
	0xFFFBFFF7, 0xFFF9FFF7, 0xFFFBFFF8, 0xFFFEFFFB, 0xFFFCFFFA, 0xFFFBFFF8, 0xFFFEFFFA, 0x0002FFFF, 0xFFFFFFFC, 0xFFFEFFFA, 0x0000FFFE,
	0xFFFFFFFF, 0xFFFFFFFE, 0x0000FFFD, 0x0000FFFD, 0x0000FFFF, 0xFFFEFFFC, 0xFFFFFFFA, 0x0002FFFD, 0x0000FFFE, 0xFFFFFFFE, 0x00060003,
	0x00070002, 0x0002FFFF, 0x00060005, 0x00070004, 0x00050000, 0x00080004, 0x00060005, 0x00070006, 0x00070004, 0x00050002, 0x00070006,
	0x00040002, 0x00060003, 0x00090006, 0x00040001, 0x00070004, 0x00090006, 0x00080007, 0x00080008, 0x00040003, 0x00080007, 0x00080008,
	0x00040004, 0x00050003, 0x0003FFFF, 0x00060002, 0x00050004, 0x00020002, 0x00060007, 0x00060005, 0x00060004, 0x00080007, 0x00050007,
	0x00050006, 0x00040005, 0x00080008, 0x00070006, 0x00030002, 0x00090009, 0x00070008, 0x00040005, 0x000A000B, 0x00080008, 0x00040004,
	0x00080007, 0x00080007, 0x00080008, 0x00070009, 0x00050007, 0x00060007, 0x00070007, 0x00070007, 0x00040006, 0x00020004, 0x00060006,
	0x00050004, 0x00020004, 0x00050007, 0x00030003, 0x00010001, 0x00000001, 0x00000002, 0x00020002, 0x00020001, 0x00060006, 0x00050005,
	0x00020001, 0x00070007, 0x00050006, 0x00020003, 0x00060008, 0x00040004, 0x00010002, 0x00010001, 0x00030002, 0x00050004, 0x00020001,
	0x00030004, 0x00050005, 0x00010000, 0x00040002, 0x00020001, 0x00010002, 0x00030003, 0x0000FFFF, 0x00040002, 0x00070006, 0x00020000,
	0x00030000, 0x00030003, 0x00010001, 0x00030003, 0x00040003, 0x0002FFFF, 0x00040001, 0x00050004, 0x00030002, 0x00030001, 0x0001FFFE,
	0xFFFDFFFA, 0xFFFFFFFD, 0x00000000, 0xFFFDFFFD, 0xFFFFFFFE, 0x0000FFFE, 0xFFFCFFF9, 0xFFFEFFFB, 0xFFFEFFFC, 0xFFFAFFF8, 0xFFFDFFFB,
	0xFFFBFFFB, 0xFFFAFFFB, 0xFFFEFFFE, 0xFFFDFFFA, 0xFFFEFFF9, 0x0000FFFD, 0xFFFCFFFA, 0xFFFBFFFA, 0xFFFBFFFA, 0xFFFAFFF9, 0xFFFAFFF8,
	0xFFFBFFFA, 0xFFFBFFFB, 0xFFFAFFF8, 0xFFFCFFFA, 0xFFF9FFF8, 0xFFF5FFF3, 0xFFF9FFF5, 0xFFFBFFF8, 0xFFFBFFFA, 0xFFFAFFFA, 0xFFFAFFF9,
	0xFFFAFFF9, 0xFFF6FFF6, 0xFFF4FFF5, 0xFFF5FFF6, 0xFFF8FFF9, 0xFFF8FFF9, 0xFFF3FFF4, 0xFFF6FFF7, 0xFFF9FFFB, 0xFFF7FFF9, 0xFFF5FFF5,
	0xFFF3FFF2, 0xFFF5FFF6, 0xFFF6FFF8, 0xFFF6FFF8, 0xFFF6FFF7, 0xFFF3FFF4, 0xFFF7FFF9, 0xFFF8FFFA, 0xFFF6FFF8, 0xFFF8FFFB, 0xFFF6FFF8,
	0xFFF8FFFA, 0xFFFAFFFC, 0xFFF9FFFB, 0xFFFAFFFB, 0xFFF7FFF8, 0xFFF9FFFB, 0xFFFAFFFD, 0xFFF9FFFB, 0xFFFE0000, 0xFFFAFFFD, 0xFFF7FFFB,
	0xFFFAFFFD, 0xFFF8FFFA, 0xFFF7FFFB, 0xFFF5FFFA, 0xFFF8FFFD, 0xFFFBFFFF, 0xFFF9FFFD, 0xFFFE0000, 0xFFFF0001, 0xFFFF0002, 0x00020006,
	0x00000003, 0x00010004, 0x00010005, 0xFFFF0003, 0x00000004, 0x00000005, 0x00010007, 0xFFFF0005, 0xFFFC0001, 0xFFFE0004, 0xFFFF0006,
	0xFFFF0006, 0x00020008, 0x00010007, 0x0005000B, 0x0007000C, 0x00000005, 0x00020008, 0x0003000A, 0xFFFD0005, 0xFFFE0007, 0x0002000A,
	0x0002000A, 0x0003000B, 0x0002000A, 0x0004000C, 0x0005000D, 0x00000009, 0x0000000A, 0x00010009, 0x00000007, 0x0004000B, 0x0004000B,
	0x00020008, 0x00020009, 0x0004000A, 0x00010007, 0x00020008, 0x0004000C, 0x00010008, 0x00030008, 0x00050009, 0x00020008, 0x0006000D,
	0x0006000B, 0x00030006, 0x00030007, 0x00010007, 0x00050009, 0x00050009, 0x00000004, 0x00040007, 0x00040006, 0x00030004, 0x00040007,
	0x00010002, 0xFFFDFFFC, 0xFFFDFFFD, 0x00000001, 0x00030003, 0x0000FFFF, 0xFFFFFFFE, 0x00010001, 0xFFFFFFFD, 0x0000FFFD, 0x0001FFFE,
	0xFFFFFFFD, 0x00020000, 0xFFFEFFFC, 0xFFFCFFF9, 0x0003FFFF, 0xFFFCFFF8, 0xFFFAFFF5, 0x0001FFFD, 0xFFFFFFFA, 0xFFFCFFF8, 0xFFFBFFF6,
	0xFFFBFFF4, 0xFFFFFFF8, 0x0000FFFA, 0xFFFFFFF9, 0xFFFEFFF6, 0x0000FFF9, 0x0000FFF9, 0xFFFBFFF2, 0xFFFEFFF4, 0xFFFDFFF5, 0xFFFAFFF2,
	0xFFFEFFF4, 0xFFFDFFF2, 0xFFFDFFF2, 0x0000FFF6, 0x0001FFF7, 0x0003FFF7, 0x0001FFF6, 0xFFFDFFF3, 0xFFFCFFF2, 0xFFFFFFF4, 0xFFFEFFF2,
	0xFFFBFFEF, 0xFFFEFFF2, 0xFFFEFFF2, 0xFFFBFFEF, 0xFFFAFFEE, 0xFFF9FFEE, 0xFFFCFFF0, 0xFFFCFFF0, 0xFFFDFFF1, 0xFFFEFFF1, 0xFFFBFFEE,
	0xFFFBFFF0, 0xFFFCFFF1, 0xFFFDFFF3, 0xFFFEFFF4, 0xFFFBFFF0, 0xFFFAFFEF, 0xFFF7FFEE, 0xFFF7FFEE, 0xFFFBFFF2, 0xFFFAFFF0, 0xFFFBFFF1,
	0xFFFDFFF4, 0xFFFEFFF6, 0xFFFBFFF3, 0xFFF7FFEF, 0xFFF8FFF0, 0xFFF8FFF1, 0xFFF7FFF1, 0xFFFCFFF6, 0x0001FFFA, 0xFFFFFFF9, 0xFFFDFFF9,
	0xFFFDFFFA, 0xFFFAFFF6, 0xFFF8FFF4, 0xFFFCFFF8, 0xFFFCFFF7, 0xFFFCFFF6, 0xFFFBFFF7, 0xFFFAFFF8, 0xFFFAFFF9, 0xFFF9FFF6, 0xFFFBFFF9,
	0xFFFEFFFD, 0xFFFDFFFD, 0xFFFEFFFD, 0xFFFDFFFD, 0xFFFFFFFF, 0xFFFFFFFF, 0xFFFFFFFF, 0x00010002, 0xFFFDFFFF, 0xFFFF0002, 0x00020005,
	0x00000004, 0x00040008, 0x00030006, 0x00030008, 0x0005000B, 0xFFFC0002, 0xFFFC0002, 0x00000007, 0x00020008, 0x00030007, 0x00020007,
	0x0005000C, 0x0006000E, 0x0008000D, 0x0007000C, 0x00000007, 0x0002000B, 0x0005000D, 0x0003000B, 0x0006000E, 0x0007000F, 0x00070010,
	0x0005000D, 0x00020009, 0x0008000F, 0x0007000F, 0x0003000B, 0x0007000F, 0x00080012, 0x00070011, 0x00060010, 0x0008000F, 0x0008000F,
	0x0007000E, 0x000A0013, 0x000A0014, 0x0006000F, 0x00090011, 0x0008000F, 0x0005000E, 0x00060010, 0x0005000D, 0x0007000F, 0x00080011,
	0x0004000D, 0x0007000D, 0x0007000F, 0x00090014, 0x00080013, 0x0004000D, 0x0008000F, 0x0006000D, 0x0005000D, 0x00090011, 0x0004000D,
	0x0004000D, 0x0004000D, 0x0002000A, 0x0007000F, 0x0008000F, 0x0004000A, 0x00020008, 0x00000007, 0x0002000A, 0x00030009, 0x00020008,
	0x00010008, 0x00000007, 0x00010007, 0xFFFE0004, 0xFFFC0003, 0xFFFE0003, 0x00010004, 0x00020005, 0xFFFC0001, 0xFFFE0004, 0x00010005,
	0xFFFAFFFC, 0xFFFCFFFE, 0xFFFD0000, 0xFFFBFFFF, 0xFFFBFFFF, 0xFFFAFFFD, 0xFFFCFFFD, 0xFFF8FFF9, 0xFFF6FFF7, 0xFFFAFFFC, 0xFFFAFFFB,
	0xFFF8FFF9, 0xFFF9FFFA, 0xFFF9FFFA, 0xFFF7FFF8, 0xFFF4FFF6, 0xFFFAFFFB, 0xFFFDFFFC, 0xFFF8FFF6, 0xFFFAFFF8, 0xFFFBFFFA, 0xFFF8FFF6,
	0xFFF9FFF6, 0xFFF9FFF5, 0xFFF8FFF4, 0xFFFBFFF8, 0xFFFAFFF7, 0xFFFAFFF7, 0xFFFDFFFA, 0xFFFAFFF8, 0xFFFAFFF6, 0xFFFBFFF6, 0xFFF8FFF3,
	0xFFF9FFF7, 0xFFF9FFF6, 0xFFF9FFF3, 0xFFFCFFF5, 0xFFFAFFF3, 0xFFFCFFF4, 0xFFFEFFF7, 0xFFFDFFF5, 0xFFFDFFF6, 0xFFFEFFF6, 0xFFFEFFF4,
	0xFFFAFFF0, 0xFFF9FFF1, 0xFFFAFFF3, 0xFFF9FFF3, 0xFFFDFFF6, 0x0000FFF8, 0xFFFFFFF7, 0xFFFFFFF7, 0xFFFEFFF6, 0xFFFFFFF5, 0xFFFBFFF0,
	0xFFFAFFF1, 0xFFFCFFF5, 0xFFFCFFF3, 0xFFFEFFF6, 0xFFFFFFF8, 0x0000FFF9, 0x0002FFF9, 0xFFFEFFF3, 0xFFFEFFF3, 0xFFFEFFF4, 0xFFFEFFF5,
	0xFFFEFFF6, 0xFFFBFFF3, 0xFFFFFFF5, 0x0002FFF7, 0x0000FFF7, 0xFFFFFFF6, 0xFFFDFFF3, 0x0001FFF7, 0x0001FFF8, 0xFFFDFFF4, 0x0002FFF9,
	0x0000FFF9, 0xFFFEFFF8, 0xFFFDFFF7, 0xFFFBFFF5, 0x0000FFFA, 0x0003FFFE, 0x0005FFFE, 0x0003FFFC, 0xFFFEFFF7, 0xFFFFFFF8, 0x0002FFFB,
	0x0000FFFC, 0xFFFFFFFE, 0xFFFBFFFA, 0xFFFAFFF7, 0xFFFCFFF8, 0xFFFFFFFC, 0xFFFFFFFC, 0xFFFCFFF9, 0xFFFFFFFD, 0x00030001, 0x00000000,
	0x00010001, 0x00000000, 0xFFFEFFFC, 0x0000FFFE, 0x00020001, 0x00000000, 0x0001FFFF, 0x0002FFFF, 0x0000FFFE, 0xFFFEFFFE, 0x00010002,
	0x00010002, 0x00000001, 0xFFFF0001, 0xFFFCFFFD, 0xFFFDFFFE, 0x00000001, 0xFFFE0000, 0x00000003, 0x00010004, 0x00000002, 0x00030004,
	0xFFFF0001, 0xFFFDFFFF, 0x00000002, 0xFFFE0002, 0xFFFF0004, 0xFFFF0004, 0x00040007, 0x0007000A, 0x00000004, 0xFFFE0002, 0x00010004,
	0x00020006, 0x0005000A, 0x0005000A, 0x00030007, 0x00020007, 0x00030009, 0x0004000A, 0x0006000B, 0x0006000A, 0xFFFF0005, 0xFFFF0005,
	0x00010006, 0xFFFE0003, 0x00000006, 0x00020009, 0x00020009, 0x00020009, 0x00020008, 0x0004000A, 0x00030009, 0x00030009, 0x0005000A,
	0x00010006, 0x00000007, 0x0003000A, 0x00020008, 0x00010006, 0x00000006, 0x00010007, 0x00040008, 0x00050009, 0x00010008, 0x00000008,
	0x0004000A, 0x00010006, 0xFFFF0005, 0x00000007, 0x00020007, 0x0007000A, 0x0008000D, 0x00040009, 0x00020006, 0x0004000A, 0x00040008,
	0x00000003, 0x00050009, 0x00030007, 0xFFFE0001, 0x00040007, 0x00020006, 0x00030008, 0x0009000C, 0x00030005, 0x00030006, 0x00030006,
	0x00030006, 0x0007000A, 0x00020006, 0x00060009, 0x0008000A, 0x00020004, 0x00030006, 0x00020004, 0x00030004, 0x00050006, 0x00000002,
	0x00030004, 0x00050005, 0x00030002, 0x00050004, 0x00020003, 0xFFFF0000, 0x00030004, 0x00050006, 0x00020004, 0x00020003, 0x00020001,
	0x0001FFFF, 0x0000FFFF, 0x00000000, 0xFFFFFFFE, 0xFFFAFFF8, 0xFFFBFFFC, 0x00030004, 0x00050003, 0x0002FFFF, 0x0000FFFF, 0x00030003,
	0x00040003, 0x0000FFFC, 0xFFFDFFFB, 0xFFFDFFFD, 0x00030001, 0x00030001, 0xFFFCFFFC, 0xFFFCFFFF, 0xFFFEFFFF, 0xFFFDFFFA, 0xFFFDFFFA,
	0xFFFEFFFD, 0x0001FFFF, 0xFFFFFFFB, 0x0000FFFD, 0x0001FFFF, 0xFFFDFFFC, 0x00020000, 0x0000FFFE, 0xFFFCFFFA, 0xFFFFFFFD, 0xFFF8FFF5,
	0xFFF9FFF6, 0xFFFFFFFD, 0xFFFAFFF8, 0xFFF9FFF7, 0xFFFBFFF8, 0xFFFCFFF9, 0xFFFEFFFC, 0xFFFCFFFB, 0x0000FFFF, 0xFFFEFFFC, 0xFFFAFFF8,
	0x0001FFFE, 0x0000FFFD, 0xFFFBFFFA, 0xFFF8FFF8, 0xFFF8FFF7, 0xFFFEFFFC, 0xFFFEFFFD, 0xFFFBFFFA, 0xFFFCFFFC, 0xFFFCFFFB, 0xFFFCFFFB,
	0xFFF9FFF8, 0xFFF5FFF4, 0xFFF8FFF6, 0xFFF8FFF7, 0xFFF6FFF6, 0xFFFBFFFA, 0xFFFDFFFC, 0xFFFCFFFB, 0xFFFCFFFB, 0xFFF8FFF6, 0xFFF7FFF5,
	0xFFFDFFFD, 0xFFFEFFFD, 0xFFFAFFF8, 0xFFF9FFF7, 0xFFF7FFF7, 0xFFF9FFF8, 0xFFFCFFFA, 0xFFFBFFFB, 0xFFFEFFFE, 0xFFFEFFFB, 0xFFF9FFF7,
	0xFFFCFFFB, 0xFFFDFFFC, 0xFFFFFFFE, 0x00020002, 0xFFFEFFFF, 0xFFFDFFFE, 0xFFFCFFFB, 0xFFFEFFFD, 0x00030004, 0xFFFCFFFD, 0xFFFDFFFE,
	0x00020002, 0xFFFDFFFD, 0x00010000, 0x00010000, 0xFFFFFFFF, 0x00030002, 0x00030003, 0x00050004, 0x00000000, 0xFFFDFFFE, 0x00040004,
	0x00020001, 0x00030001, 0x00040004, 0x00000001, 0x00020001, 0x00020001, 0x00020002, 0xFFFF0000, 0xFFFEFFFF, 0x00080008, 0x00070008,
	0x00030004, 0x00040004, 0x00020001, 0x00040003, 0x00030004, 0x00040005, 0x00050005, 0x00040004, 0x00030006, 0x00010004, 0x00010003,
	0x00040004, 0x00040004, 0x00040004, 0x00020003, 0x00040005, 0x00050007, 0x00010002, 0x00020003, 0x00040004, 0x00030003, 0x00030002,
	0x00010003, 0x00020004, 0x00040004, 0x00060004, 0x00040004, 0x00030005, 0x0009000A, 0x000B000A, 0x00050003, 0x00050004, 0x000A0009,
	0x00080007, 0x00060006, 0x00060005, 0x00040002, 0x00040003, 0x00030004, 0x00030003, 0x00040006, 0x00010003, 0xFFFF0000, 0x00010001,
	0x00050004, 0x00070006, 0x00050003, 0x00040001, 0x00060004, 0x00050006, 0x00030002, 0x00020002, 0x00080008, 0x00050004, 0x0001FFFF,
	0x00050005, 0x00000002, 0xFFFDFFFF, 0x00010001, 0x00010000, 0x00010002, 0x00020001, 0x0002FFFF, 0x0002FFFF, 0x0000FFFF, 0x00020001,
	0x0001FFFD, 0xFFFFFFFC, 0x00000000, 0xFFFEFFFF, 0x00030004, 0x00020004, 0x00010002, 0x00070006, 0x00020001, 0xFFFFFFFF, 0x0000FFFE,
	0xFFFEFFFA, 0x00030000, 0x00010000, 0xFFFEFFFC, 0x0001FFFF, 0x00000000, 0x00030002, 0x00070003, 0x0002FFFF, 0xFFFDFFFD, 0xFFFEFFFE,
	0xFFFFFFFE, 0xFFFFFFFD, 0x0000FFFE, 0x00020000, 0x0000FFFC, 0xFFFDFFF9, 0xFFFEFFFC, 0xFFFFFFFE, 0xFFFFFFFD, 0x0001FFFE, 0x0001FFFE,
	0x0000FFFD, 0xFFFFFFFD, 0xFFFFFFFD, 0xFFFFFFFC, 0x0001FFFE, 0x0000FFFE, 0xFFFDFFFB, 0x0000FFFE, 0xFFFFFFFD, 0xFFFCFFFC, 0xFFFFFFFF,
	0xFFFDFFFD, 0xFFFBFFFA, 0xFFFCFFFB, 0xFFFBFFFA, 0xFFFBFFFA, 0xFFF9FFF8, 0xFFFEFFFE, 0x00030003, 0xFFFEFFFD, 0xFFFEFFFD, 0xFFFEFFFD,
	0xFFFDFFFC, 0x00010001, 0xFFFDFFFF, 0xFFFCFFFD, 0xFFFFFFFF, 0xFFFFFFFF, 0x00000000, 0xFFFEFFFF, 0xFFFFFFFF, 0x0000FFFF, 0x00000000,
	0x00030003, 0xFFFF0000, 0xFFFFFFFF, 0x00000000, 0xFFFAFFFA, 0xFFFAFFFA, 0xFFFDFFFE, 0xFFFDFFFE, 0xFFFDFFFE, 0xFFFDFFFF, 0x00000002,
	0xFFFEFFFF, 0xFFFF0000, 0x00030005, 0xFFFF0002, 0xFFFEFFFF, 0x00020004, 0x00030007, 0xFFFF0002, 0xFFFEFFFF, 0x00020003, 0x00010004,
	0xFFFF0001, 0x00040004, 0x00050006, 0x00020005, 0x00010003, 0x00010002, 0x00010003, 0x00000003, 0x00010003, 0x00020004, 0x00010004,
	0x00010006, 0x00010006, 0x00000002, 0xFFFE0001, 0x00010005, 0x00020005, 0x00020005, 0x00020006, 0xFFFF0002, 0x00010004, 0x00030006,
	0x00020005, 0x00050006, 0x00040005, 0x00010004, 0x00010004, 0x00010004, 0x00030008, 0x00030007, 0x00020005, 0x00040006, 0x00030007,
	0x00030007, 0x00010004, 0x00010003, 0x00020006, 0x00000003, 0x00020003, 0x00040005, 0x00020004, 0x00010004, 0x00010003, 0x00010003,
	0x00020005, 0x00020005, 0x00020005, 0x00020004, 0xFFFF0001, 0xFFFD0001, 0x00000004, 0x00040006, 0x00040004, 0x00020003, 0x00010003,
	0x00010002, 0x00000000, 0x0000FFFF, 0x00010002, 0x00040005, 0x00040003, 0x00030002, 0x00060007, 0x00010003, 0xFFFFFFFF, 0x00050004,
	0xFFFFFFFF, 0xFFFCFFFD, 0x00000001, 0xFFFCFFFD, 0xFFFEFFFF, 0x00000000, 0x00020000, 0x00040001, 0x0000FFFE, 0x00020001, 0x0002FFFE,
	0xFFFDFFF7, 0xFFFFFFFB, 0xFFFFFFFE, 0x00000000, 0x00030001, 0xFFFEFFFB, 0xFFFCFFFA, 0xFFFDFFFB, 0xFFFCFFFA, 0xFFFDFFFD, 0xFFFEFFFE,
	0xFFFEFFFC, 0xFFFCFFF7, 0xFFFEFFFA, 0x00020000, 0xFFFFFFFC, 0xFFFFFFF9, 0x0004FFFE, 0x0003FFFF, 0x0000FFFD, 0x0002FFFE, 0x0002FFFF,
	0xFFFEFFFC, 0xFFFDFFF8, 0x0001FFFA, 0x0001FFFB, 0xFFFFFFFB, 0xFFFEFFF9, 0xFFFCFFF8, 0xFFFDFFF9, 0x0001FFFC, 0x0003FFFD, 0x0003FFFC,
	0x0003FFFD, 0x0001FFFD, 0x0000FFFC, 0x0000FFFE, 0xFFFCFFFA, 0xFFFCFFF8, 0x0001FFFC, 0xFFFEFFF9, 0xFFFEFFFA, 0x0005FFFF, 0x0001FFFC,
	0xFFFFFFFC, 0x0000FFFE, 0x0000FFFD, 0x0002FFFF, 0x0000FFFE, 0x0000FFFE, 0x0000FFFD, 0xFFFEFFFA, 0x0002FFFE, 0x0000FFFC, 0xFFFDFFFB,
	0x0000FFFE, 0xFFFDFFFA, 0x0001FFFD, 0x0003FFFF, 0x0000FFFD, 0x00010000, 0xFFFEFFFC, 0x0002FFFF, 0x00040002, 0xFFFFFFFE, 0x00030001,
	0xFFFFFFFF, 0xFFFDFFFE, 0x00040003, 0x00030000, 0x00010000, 0x00000000, 0xFFFEFFFE, 0x0001FFFF, 0x00010000, 0x00010001, 0x00000000,
	0xFFFEFFFE, 0x00010001, 0x00000000, 0x00000001, 0x00010003, 0x00000000, 0xFFFDFFFC, 0xFFFEFFFE, 0x00030004, 0x00010002, 0xFFFF0001,
	0x00040004, 0x00010001, 0x00000001, 0x00020004, 0x00010003, 0x00020003, 0x00010002, 0x00010002, 0x00000002, 0x00000001, 0x00020004,
	0x00050007, 0x00020004, 0xFFFD0000, 0x00010004, 0x00050008, 0x00030005, 0x00050007, 0x00060008, 0x00020005, 0x00010004, 0x00010003,
	0x00030004, 0x00040007, 0x00030009, 0x00040009, 0x00030005, 0x00060008, 0x000A000C, 0x00050008, 0x00030005, 0x00050006, 0x00020005,
	0x00010005, 0x00030007, 0x00030006, 0x00010005, 0x00010005, 0x00040005, 0x00060006, 0x00040009, 0x0004000A, 0x00060008, 0x00050005,
	0x00020004, 0x00020006, 0x00020006, 0x00030006, 0x00030006, 0x00030006, 0x00060008, 0x00030005, 0x00020005, 0x00040008, 0x00020006,
	0x00020004, 0x00050008, 0x00040009, 0x00030007, 0x00040007, 0x00020005, 0x00000003, 0x00030006, 0x00020006, 0xFFFE0002, 0x00030005,
	0x00040006, 0x00040007, 0x0008000A, 0x00060007, 0x00040006, 0x00040007, 0x00030006, 0x00030005, 0x00020003, 0x00030003, 0x00000000,
	0xFFFDFFFE, 0x00040005, 0x00020003, 0xFFFDFFFE, 0x00030003, 0x00030003, 0x00020004, 0x00010003, 0xFFFCFFFE, 0xFFFF0001, 0x00000001,
	0xFFFDFFFD, 0x00010001, 0x00030003, 0x00010001, 0x00010001, 0x00010000, 0xFFFFFFFE, 0x00000000, 0x00010003, 0xFFFEFFFF, 0x0000FFFF,
	0x0001FFFF, 0x0000FFFF, 0x00030003, 0x00020002, 0x00010000, 0x0000FFFE, 0xFFFFFFFD, 0x00030003, 0x00010002, 0xFFFEFFFE, 0x0000FFFF,
	0xFFFFFFFD, 0xFFFEFFFE, 0xFFFFFFFE, 0x00000000, 0x00020003, 0xFFFDFFFC, 0xFFFFFFFA, 0x00040000, 0x00010001, 0x00010001, 0x00010000,
	0x0001FFFF, 0x0000FFFF, 0x0000FFFF, 0x00020000, 0x00030002, 0x00040003, 0x0000FFFE, 0xFFFDFFF9, 0xFFFFFFFC, 0xFFFEFFFD, 0xFFFEFFFD,
	0x0000FFFD, 0xFFFEFFFA, 0xFFFFFFFC, 0x0000FFFC, 0xFFFEFFFA, 0xFFFEFFFC, 0xFFFDFFFE, 0xFFFFFFFE, 0xFFFFFFFC, 0xFFFDFFFB, 0x0000FFFF,
	0x0000FFFC, 0xFFFEFFF9, 0xFFFDFFF9, 0xFFFCFFF9, 0xFFFEFFFC, 0xFFFFFFFE, 0x0000FFFF, 0x0000FFFF, 0xFFFCFFFB, 0xFFFDFFFB, 0x0001FFFE,
	0x0000FFFE, 0xFFFDFFFB, 0xFFFCFFFB, 0xFFFFFFFD, 0x0002FFFF, 0x0000FFFD, 0xFFFDFFFB, 0x0001FFFF, 0x0002FFFF, 0xFFFCFFFA, 0xFFFBFFFB,
	0xFFFFFFFE, 0x0002FFFF, 0x0001FFFF, 0xFFFEFFFE, 0xFFFEFFFD, 0xFFFDFFFB, 0x0001FFFF, 0x00060004, 0x0001FFFF, 0xFFFFFFFF, 0x00010002,
	0xFFFFFFFF, 0x00020001, 0x0001FFFF, 0xFFFCFFFA, 0x0000FFFE, 0x00030000, 0x00020001, 0x00030004, 0x00000002, 0x00010002, 0x00050006,
	0x00050005, 0x00010000, 0x00010000, 0x00010001, 0x00000000, 0x00000000, 0x00020000, 0x00050003, 0x00040004, 0x00010002, 0x00040005,
	0x00030004, 0x00010002, 0x00030002, 0x00020002, 0x00010001, 0x00000000, 0x00020003, 0x00050005, 0xFFFF0001, 0xFFFF0001, 0x00020004,
	0xFFFEFFFF, 0x00000002, 0x00040006, 0x00010004, 0xFFFF0002, 0xFFFF0001, 0x00020004, 0x00030006, 0x00020003, 0x00000000, 0xFFFF0000,
	0x00030004, 0x00020003, 0xFFFDFFFE, 0xFFFEFFFF, 0x00010003, 0x00010006, 0x00000005, 0xFFFF0002, 0x00010003, 0x00000003, 0x00020005,
	0x00070009, 0x00050006, 0x00010003, 0x00000003, 0x00000003, 0x00020004, 0x00030002, 0x00030003, 0x00040006, 0x00030006, 0x00030007,
	0x00050008, 0x00050008, 0x00030005, 0x00020004, 0x00030004, 0x00000003, 0x00020006, 0x00050009, 0x00010003, 0x00000002, 0x00030005,
	0x00010002, 0x00000000, 0x00010001, 0x00030006, 0x00050009, 0x00020005, 0xFFFF0000, 0xFFFE0001, 0xFFFF0002, 0x00000001, 0xFFFF0000,
	0x00000002, 0x00020003, 0x00020002, 0x00040005, 0x00030005, 0xFFFDFFFF, 0xFFFFFFFF, 0x00030003, 0x00010001, 0x00010002, 0x00010002,
	0xFFFFFFFF, 0x00010001, 0x00020004, 0xFFFE0001, 0xFFFDFFFE, 0xFFFDFFFC, 0xFFFFFFFE, 0x00030003, 0xFFFF0000, 0xFFFEFFFF, 0x00020002,
	0xFFFFFFFF, 0xFFFFFFFF, 0x00000000, 0xFFFFFFFE, 0x00010002, 0xFFFF0001, 0xFFFEFFFE, 0x00010000, 0x00010000, 0x00000000, 0xFFFDFFFD,
	0xFFFCFFFB, 0xFFFFFFFE, 0xFFFCFFFD, 0xFFFDFFFF, 0x00010000, 0xFFFEFFFC, 0xFFFDFFFC, 0xFFFEFFFF, 0xFFFF0000, 0xFFFFFFFD, 0xFFFEFFFD,
	0x00040004, 0x00030002, 0xFFFBFFF9, 0xFFF9FFF7, 0xFFF8FFF6, 0xFFFDFFFD, 0x00020002, 0xFFFAFFF9, 0xFFF7FFF7, 0xFFFEFFFD, 0x0000FFFF,
	0x0000FFFF, 0x00000000, 0xFFFEFFFF, 0xFFFEFFFE, 0x00020000, 0x0002FFFF, 0x0001FFFF, 0x00030002, 0x00020002, 0x00020000, 0x0000FFFE,
	0xFFFFFFFE, 0xFFFFFFFF, 0xFFFCFFFB, 0x0000FFFF, 0x00030004, 0xFFFCFFFF, 0xFFFEFFFE, 0x0001FFFF, 0xFFFEFFFD, 0xFFFDFFFD, 0xFFFEFFFD,
	0x00020000, 0xFFFFFFFE, 0xFFFCFFFB, 0x0002FFFF, 0x0002FFFE, 0xFFFFFFFD, 0xFFFF0000, 0xFFFD0000, 0xFFFF0000, 0x00010001, 0x00000000,
	0x00020001, 0x00040002, 0x00020001, 0x0000FFFF, 0xFFFEFFFE, 0xFFFCFFFC, 0xFFFCFFFD, 0x00020002, 0x00010001, 0xFFFF0000, 0x00000000,
	0xFFFFFFFF, 0x00000001, 0x00000002, 0x00020003, 0x00010001, 0xFFFDFFFD, 0x00020001, 0x00040003, 0x00000001, 0x00020004, 0x00010002,
	0xFFFEFFFF, 0x00010002, 0x00010001, 0x00000001, 0x00000001, 0xFFFF0000, 0x00010000, 0x00040002, 0x00040003, 0x00010002, 0x00020003,
	0x00040004, 0x00040004, 0x00020004, 0x00000002, 0x00030002, 0x00030003, 0xFFFF0001, 0xFFFF0001, 0x00000001, 0x00030005, 0x00020004,
	0xFFFFFFFE, 0x00050003, 0x00020003, 0xFFFCFFFE, 0x00010001, 0x00040002, 0x00030003, 0x00030004, 0x00010002, 0x00020002, 0xFFFF0000,
	0xFFFDFFFF, 0x00000001, 0x00020002, 0x00050006, 0x00050007, 0x00020002, 0xFFFFFFFF, 0x00010002, 0x00060008, 0x00050007, 0x00020003,
	0x00010001, 0x00010001, 0x00040005, 0x00030005, 0x00010002, 0x00020002, 0x00010000, 0xFFFF0000, 0x00000001, 0x00010001, 0x00020002,
	0x00020002, 0x00010001, 0xFFFFFFFF, 0xFFFF0000, 0x00040004, 0x00030002, 0xFFFDFFFE, 0xFFFFFFFF, 0x00040004, 0x00020003, 0xFFFF0001,
	0x00000002, 0xFFFF0000, 0xFFFEFFFF, 0xFFFE0000, 0xFFFFFFFF, 0x00020001, 0x0000FFFF, 0x0000FFFF, 0x00040003, 0xFFFFFFFE, 0xFFFEFFFE,
	0x00010002, 0xFFFEFFFE, 0x00020000, 0x00030002, 0xFFFE0000, 0x00010003, 0x00010002, 0xFFFFFFFF, 0x00040004, 0x00020002, 0xFFFFFFFF,
	0x00040004, 0x00070006, 0x00060004, 0x00030003, 0x00010002, 0x00010004, 0x00050007, 0x00050007, 0x00010001, 0x00000001, 0x00000002,
	0x00000000, 0x00010000, 0x0000FFFE, 0xFFFDFFFD, 0x00000001, 0x00010003, 0x00010002, 0x00050005, 0x00020001, 0xFFFEFFFD, 0x00000000,
	0x00010002, 0x00010002, 0x00000000, 0x00010002, 0x00040005, 0x00020001, 0x0000FFFE, 0xFFFFFFFF, 0xFFFDFFFD, 0x00010001, 0x00020002,
	0x0000FFFF, 0x00020001, 0x00020001, 0xFFFFFFFF, 0xFFFFFFFF, 0xFFFCFFFD, 0xFFFDFFFE, 0x00020002, 0x00050004, 0x00020001, 0xFFFFFFFF,
	0x00020003, 0x00010002, 0x00010002, 0x00010003, 0xFFFE0001, 0x00010003, 0x00030003, 0xFFFFFFFF, 0x00000000, 0x00010001, 0x00000000,
	0x00010002, 0x00010001, 0x00000000, 0x00000001, 0x00000001, 0x00010002, 0x00050007, 0x00020004, 0xFFFF0001, 0x00040005, 0x00040004,
	0x00010002, 0x00010001, 0xFFFEFFFE, 0x00010000, 0x00000001, 0xFFFF0001, 0x00020003, 0xFFFF0000, 0x00010002, 0x00030004, 0xFFFCFFFD,
	0xFFFEFFFF, 0x00000000, 0xFFFF0000, 0x00020004, 0xFFFF0001, 0xFFFE0000, 0xFFFF0000, 0xFFFF0001, 0x00020004, 0x00030002, 0x00030001,
	0x00000002, 0xFFFE0001, 0x00010001, 0x00020000, 0x00040004, 0x00010004, 0xFFFDFFFF, 0x00000000, 0xFFFDFFFF, 0xFFFE0001, 0x00020004,
	0x00000001, 0x00010002, 0x00010002, 0x00000001, 0x00060006, 0x00040004, 0x00000001, 0x00000002, 0x00020004, 0x00020003, 0x00020002,
	0x00030004, 0xFFFF0001, 0xFFFD0000, 0x00000003, 0xFFFDFFFE, 0xFFFCFFFD, 0x00000002, 0x00020003, 0x00020003, 0xFFFCFFFE, 0xFFFCFFFD,
	0xFFFEFFFD, 0xFFFAFFFA, 0xFFFCFFFE, 0xFFFFFFFF, 0x00000000, 0x00020003, 0xFFFF0001, 0xFFFDFFFF, 0xFFFDFFFE, 0x00000001, 0x00030003,
	0xFFFCFFFD, 0xFFFBFFFC, 0x00030002, 0x00030003, 0xFFFE0000, 0xFFFCFFFE, 0xFFFEFFFE, 0xFFFDFFFC, 0xFFFAFFFA, 0xFFFCFFFE, 0xFFFDFFFE,
	0x00000000, 0x00020003, 0xFFFCFFFF, 0xFFFCFFFE, 0x00000000, 0xFFFEFFFD, 0xFFFBFFFD, 0x00010002, 0x00040003, 0x0000FFFE, 0x0001FFFF,
	0x00010000, 0xFFFDFFFE, 0x00010003, 0x00040004, 0xFFFEFFFE, 0xFFFEFFFE, 0x00000001, 0x00020002, 0xFFFFFFFE, 0xFFFDFFFD, 0x00010001,
	0x0001FFFE, 0x0000FFFE, 0xFFFF0000, 0xFFFCFFFD, 0x00010001, 0x0001FFFF, 0xFFFFFFFD, 0x00050004, 0x00030003, 0x00010002, 0x00040003,
	0xFFFEFFFC, 0xFFFFFFFE, 0x00010003, 0xFFFD0000, 0xFFFF0000, 0x00020001, 0x00030001, 0x00000000, 0xFFFCFFFC, 0x0000FFFF, 0x0000FFFF,
	0xFFFEFFFE, 0x00040004, 0x00040003, 0xFFFFFFFE, 0xFFFEFFFE, 0x00010001, 0x00020001, 0x0000FFFE, 0x00010000, 0x00030004, 0xFFFF0001,
	0xFFFEFFFF, 0xFFFDFFFE, 0xFFFBFFFD, 0xFFFEFFFE, 0x0000FFFE, 0xFFFFFFFE, 0x00000000, 0xFFFFFFFF, 0xFFFDFFFC, 0xFFFFFFFF, 0x00030003,
	0x00020002, 0xFFFDFFFE, 0xFFFDFFFE, 0x00000001, 0x00030002, 0x00030002, 0x00030004, 0x00040005, 0x00030001, 0x0002FFFF, 0x00010001,
	0x00010003, 0x00010002, 0x00000000, 0x00030004, 0x00040003, 0x00020001, 0x00050004, 0x00010001, 0xFFFFFFFF, 0x00010000, 0xFFFEFFFD,
	0x00020001, 0x00040005, 0x00010003, 0x00020003, 0x00020001, 0x00020002, 0x00010002, 0x00030003, 0x00090007, 0x00030002, 0xFFFEFFFF,
	0x00010002, 0x00010000, 0x00030003, 0x00020003, 0xFFFF0001, 0x00020001, 0x00020001, 0x00040004, 0x00030004, 0xFFFDFFFE, 0xFFFFFFFF,
	0x00010000, 0x00040003, 0x00030004, 0xFFFDFFFF, 0x00000001, 0x00010002, 0xFFFF0000, 0x00010002, 0x00020002, 0x00010001, 0x00030003,
	0x00030003, 0x00010002, 0x00010002, 0x00030003, 0x00010001, 0x00000001, 0x00020003, 0x00010003, 0x00010001, 0xFFFFFFFF, 0xFFFFFFFF,
	0x00020001, 0x00020001, 0x00000000, 0xFFFDFFFE, 0xFFFCFFFD, 0xFFFDFFFE, 0xFFFDFFFF, 0x00000001, 0x00010002, 0xFFFEFFFF, 0x00000002,
	0x00030005, 0x00000001, 0x00010001, 0x00050006, 0x00040003, 0x00030002, 0x00040005, 0x00020005, 0x00010004, 0x00020002, 0x00020001,
	0x00030004, 0xFFFE0001, 0xFFFDFFFF, 0x00020002, 0x00000001, 0xFFFE0000, 0x00000001, 0x00010001, 0x00040005, 0x00050006, 0x00010003,
	0xFFFEFFFE, 0x00010001, 0x00050005, 0xFFFEFFFF, 0x00010002, 0x00070007, 0x00000001, 0x00010002, 0x00040005, 0x00010002, 0x00060007,
	0x00060007, 0x00060006, 0x00050005, 0xFFFF0002, 0x00010004, 0x00040004, 0x00010001, 0x00020004, 0x00040005, 0x00040004, 0x00030003,
	0x00010003, 0x00000002, 0x00020002, 0x00040003, 0x00010002, 0xFFFF0001, 0xFFFDFFFE, 0xFFFFFFFE, 0x00030003, 0xFFFF0000, 0xFFFEFFFE,
	0x00030002, 0x00010001, 0x00000001, 0x00020002, 0x0000FFFF, 0xFFFF0001, 0x00000002, 0x00010000, 0x00010003, 0x00000004, 0xFFFDFFFE,
	0xFFFFFFFE, 0x00050004, 0x00020003, 0xFFFF0001, 0x00030004, 0x00030003, 0x00020002, 0x00020002, 0xFFFFFFFF, 0xFFFE0000, 0x00000001,
	0x00010002, 0x00030004, 0x00040005, 0x00050006, 0x00040005, 0x00010000, 0x0000FFFF, 0x00020002, 0x00020002, 0xFFFF0001, 0x00010002,
	0x00020001, 0x00010001, 0x00030004, 0x00030003, 0x00040003, 0x00040004, 0x00010001, 0x0001FFFF, 0x0001FFFF, 0xFFFEFFFE, 0x00000001,
	0x00010001, 0x00010001, 0x00030004, 0x00030004, 0x00020001, 0xFFFEFFFE, 0xFFFCFFFD, 0xFFFDFFFF, 0x00000000, 0x00030002, 0x00000001,
	0x00010002, 0x00040002, 0x0000FFFE, 0x00000000, 0x00030002, 0x00020000, 0x0001FFFF, 0xFFFF0000, 0xFFFDFFFE, 0xFFFEFFFD, 0x00010000,
	0x00040005, 0x00020002, 0xFFFFFFFD, 0x0001FFFF, 0x00040003, 0x00020002, 0x0001FFFF, 0x00030002, 0x00050005, 0x00030003, 0x00040003,
	0x00030002, 0x00020002, 0x00020003, 0x00020003, 0x00020003, 0x00030003, 0x00010000, 0x0000FFFE, 0x00020001, 0xFFFEFFFE, 0xFFFEFFFD,
	0x00050005, 0x00020002, 0xFFFFFFFE, 0x00020002, 0x00000002, 0x00020003, 0x00030001, 0xFFFEFFFE, 0xFFFF0000, 0xFFFF0000, 0x0000FFFF,
	0x00010001, 0xFFFEFFFF, 0xFFFF0000, 0xFFFF0000, 0xFFFDFFFF, 0x00000001, 0x00010001, 0x00050004, 0x00040005, 0x00000001, 0x00020002,
	0x00030002, 0x00010000, 0x00010003, 0xFFFF0002, 0xFFFF0000, 0x00020001, 0x00040004, 0x00020002, 0xFFFEFFFE, 0xFFFDFFFD, 0xFFFEFFFD,
	0x00010000, 0x00020002, 0x00000000, 0xFFFFFFFF, 0xFFFEFFFF, 0x00010000, 0x00040003, 0x00020003, 0x00000002, 0x00000001, 0x00010001,
	0x00010001, 0xFFFE0000, 0x00000002, 0xFFFF0000, 0xFFFEFFFE, 0x00030003, 0x00020002, 0x00020000, 0x00030002, 0xFFFFFFFF, 0xFFFE0000,
	0xFFFF0000, 0xFFFDFFFF, 0x00010002, 0x00050005, 0x00030004, 0x00000002, 0xFFFF0000, 0x00040002, 0x00070005, 0x00030003, 0x00020004,
	0x00040004, 0x00040003, 0x00050005, 0x00040004, 0x00020001, 0x00050004, 0x00040004, 0xFFFF0002, 0x00010003, 0x00020002, 0x00020001,
	0x00030003, 0xFFFF0001, 0xFFFEFFFF, 0x00010001, 0x00030002, 0x00020002, 0x00030003, 0x00020003, 0x00010004, 0x00040005, 0x00050003,
	0x00000000, 0x00010002, 0x00050005, 0x00060007, 0x00050006, 0x00010002, 0x00040002, 0x00040002, 0xFFFEFFFE, 0x00010005, 0x00030005,
	0xFFFEFFFD, 0xFFFEFFFE, 0xFFFDFFFF, 0x00000002, 0x00050006, 0x00040003, 0x0000FFFF, 0xFFFDFFFD, 0x00000000, 0x00010001, 0xFFFDFFFE,
	0xFFFFFFFF, 0x00010000, 0xFFFFFFFE, 0x00000000, 0xFFFFFFFF, 0xFFFEFFFE, 0xFFFDFFFE, 0xFFFEFFFF, 0x00020001, 0xFFFFFFFE, 0x00000000,
	0x00050006, 0x00010002, 0xFFFEFFFF, 0x00010002, 0xFFFEFFFF, 0xFFFCFFFC, 0xFFFEFFFE, 0xFFFFFFFF, 0xFFFDFFFF, 0xFFFEFFFE, 0x00000000,
	0xFFFEFFFF, 0xFFFF0000, 0x00030004, 0x00020004, 0xFFFF0001, 0xFFFF0000, 0x00010001, 0xFFFEFFFE, 0xFFFDFFFE, 0x00040005, 0x00060005,
	0x0000FFFF, 0x00020001, 0x00060004, 0x00060005, 0x00050005, 0x00020002, 0x00030004, 0x00040006, 0x00020005, 0x00010002, 0x00020002,
	0x00020004, 0x00000002, 0x00010001, 0x00040002, 0xFFFFFFFF, 0xFFFEFFFF, 0x00020003, 0x00030003, 0x00030003, 0xFFFFFFFF, 0xFFFEFFFD,
	0x00060004, 0x00050005, 0x00000002, 0x00040006, 0x00040004, 0x0000FFFF, 0x00010002, 0x00020002, 0x00010001, 0xFFFF0000, 0xFFFCFFFC,
	0xFFFEFFFE, 0x00030004, 0xFFFF0003, 0xFFFCFFFF, 0x0000FFFF, 0x0000FFFE, 0xFFFDFFFD, 0xFFFFFFFF, 0x00000000, 0x00020001, 0x00010001,
	0x00000000, 0x00030003, 0xFFFE0000, 0xFFFCFFFE, 0x00040003, 0x00000000, 0xFFFEFFFF, 0x00040004, 0x00020002, 0xFFFF0000, 0x00010002,
	0x00030003, 0x00040004, 0x00020002, 0x00010002, 0x00010002, 0x00020000, 0x00030001, 0xFFFFFFFE, 0xFFFFFFFF, 0x00010002, 0x00000000,
	0x0000FFFF, 0xFFFBFFFD, 0xFFFF0002, 0x00050007, 0xFFFF0000, 0x00030003, 0x00050006, 0xFFFF0001, 0x00030002, 0x0001FFFF, 0xFFFFFFFF,
	0x00030004, 0x00020002, 0x00020002, 0x00060006, 0x00060005, 0x00020001, 0x00020002, 0x00050005, 0x00030002, 0x00040002, 0x00050004,
	0xFFFF0001, 0xFFFF0000, 0x00020000, 0x00010000, 0x00000001, 0xFFFF0000, 0x00010001, 0x00020001, 0x0001FFFF, 0x00030001, 0x00000000,
	0xFFFF0000, 0x00000001, 0xFFFF0001, 0xFFFF0001, 0xFFFEFFFD, 0x00020001, 0x00020002, 0xFFFCFFFD, 0x00000001, 0x00000001, 0x00000001,
	0x00050006, 0xFFFFFFFF, 0xFFFEFFFF, 0x00000002, 0xFFFCFFFC, 0x0000FFFE, 0xFFFFFFFF, 0xFFFDFFFE, 0x00020002, 0x00020001, 0x00050003,
	0x00030002, 0xFFFEFFFE, 0x00000001, 0xFFFFFFFF, 0x0000FFFF, 0x00050003, 0x00010002, 0x00020003, 0x00060005, 0x00060005, 0x00030004,
	0x00010001, 0x00020001, 0x00020001, 0x00050005, 0x00050006, 0xFFFE0000, 0x00010001, 0x00030002, 0x0000FFFF, 0x00040003, 0x00030003,
	0x00000000, 0x00020001, 0x0001FFFF, 0x00000000, 0x00010003, 0x00000001, 0xFFFFFFFF, 0x00000001, 0x00000002, 0xFFFF0001, 0x0000FFFE,
	0x00010000, 0x00020004, 0x00050006, 0x00050004, 0xFFFFFFFE, 0xFFFCFFFD, 0xFFFE0000, 0xFFFDFFFD, 0xFFFAFFF8, 0xFFFDFFFD, 0xFFFF0000,
	0xFFFFFFFE, 0x0002FFFF, 0x00040001, 0xFFFF0000, 0xFFFDFFFF, 0xFFFF0000, 0xFFFFFFFF, 0x0000FFFF, 0xFFFFFFFE, 0xFFFF0000, 0x00030005,
	0x00020003, 0xFFFFFFFF, 0x00000000, 0x00000000, 0xFFFFFFFF, 0xFFFEFFFE, 0xFFFF0000, 0x00010002, 0xFFFFFFFF, 0x0000FFFF, 0x00020002,
	0xFFFEFFFE, 0xFFFDFFFD, 0x00000002, 0x00020004, 0x00000001, 0x00000000, 0x00030004, 0x00000002, 0xFFFEFFFF, 0x00020001, 0x0001FFFF,
	0xFFFDFFFE, 0x00010001, 0x00010000, 0xFFFDFFFD, 0xFFFBFFFC, 0xFFFDFFFD, 0x00040003, 0x00050006, 0x00000001, 0x0000FFFE, 0x0002FFFF,
	0xFFFFFFFD, 0xFFFEFFFE, 0x00000000, 0xFFFCFFFC, 0xFFFDFFFE, 0x00060006, 0x00030003, 0xFFFCFFFD, 0xFFFDFFFF, 0xFFFFFFFF, 0x00010000,
	0x00020003, 0xFFFFFFFF, 0xFFFBFFFB, 0x00000002, 0x00030006, 0x00000002, 0x00030003, 0x00040003, 0xFFFF0001, 0x00000002, 0xFFFFFFFF,
	0xFFFFFFFE, 0x00020003, 0xFFFE0000, 0xFFFEFFFF, 0x00040003, 0x00030002, 0x0000FFFF, 0xFFFFFFFF, 0x00000000, 0xFFFF0000, 0xFFFCFFFE,
	0x0001FFFF, 0x00030002, 0xFFFDFFFF, 0xFFFEFFFF, 0x00060005, 0x00050005, 0x00000001, 0x00000000, 0x00000000, 0xFFFEFFFF, 0xFFFCFFFD,
	0xFFFEFFFE, 0x00010000, 0xFFFEFFFE, 0xFFFDFFFE, 0x0000FFFE, 0xFFFFFFFD, 0x00010001, 0x00030004, 0x00020002, 0x00010001, 0x0000FFFF,
	0x00010000, 0x00010001, 0xFFFF0000, 0x00000001, 0xFFFEFFFF, 0xFFFDFFFC, 0xFFFEFFFD, 0xFFFDFFFD, 0xFFFDFFFE, 0xFFFDFFFE, 0xFFFFFFFF,
	0x00030001, 0x00000000, 0x00010002, 0x00030003, 0x00020002, 0x00020004, 0x0000FFFF, 0x0001FFFF, 0x00050005, 0x00000001, 0xFFFCFFFC,
	0xFFFDFFFC, 0xFFFF0000, 0x00020004, 0x00010002, 0x0000FFFF, 0x00000000, 0xFFFEFFFF, 0xFFFDFFFE, 0xFFFFFFFE, 0x0001FFFF, 0x0001FFFF,
	0x00060004, 0x00060007, 0xFFFDFFFE, 0xFFFEFFFE, 0x00030004, 0x00020003, 0x00010001, 0xFFFEFFFD, 0x0000FFFF, 0x00050004, 0x00020001,
	0x00030003, 0x00050004, 0x00010001, 0x00000001, 0x00000001, 0x00050005, 0x00060005, 0x00020001, 0x00030005, 0x00030004, 0x00030001,
	0x00070005, 0x00020003, 0xFFFE0001, 0x00010002, 0x0000FFFE, 0x0001FFFF, 0x00030004, 0x00020003, 0x00010001, 0xFFFEFFFF, 0xFFFDFFFE,
	0x00030001, 0x00040002, 0xFFFFFFFE, 0xFFFEFFFE, 0x00010000, 0x00010000, 0xFFFDFFFF, 0xFFFE0002, 0x00010003, 0x00000000, 0xFFFF0000,
	0xFFFDFFFE, 0xFFFCFFFC, 0x00020000, 0x00010000, 0xFFFEFFFF, 0x00040004, 0x00030001, 0xFFFFFFFD, 0xFFFEFFFE, 0x0000FFFF, 0x00030002,
	0x00010001, 0xFFFEFFFF, 0x00000001, 0x00010000, 0x0001FFFF, 0x00010002, 0x00020002, 0x00010001, 0x00030004, 0x00070007, 0x00010002,
	0xFFFCFFFE, 0x00020004, 0x00030004, 0x00030004, 0x00020003, 0xFFFEFFFF, 0x00020002, 0x00020002, 0xFFFEFFFF, 0x00020003, 0x00020001,
	0xFFFDFFFC, 0x00000002, 0x00020004, 0xFFFFFFFE, 0xFFFFFFFC, 0x0001FFFF, 0xFFFDFFFE, 0xFFFCFFFD, 0x00000000, 0x00010000, 0x00010001,
	0x00020001, 0xFFFFFFFE, 0xFFFDFFFD, 0xFFFDFFFE, 0xFFFF0000, 0xFFFFFFFF, 0xFFFEFFFE, 0x00030003, 0xFFFF0001, 0xFFFBFFFD, 0x00040003,
	0x00090007, 0x00030003, 0xFFFFFFFF, 0x0000FFFF, 0x00030001, 0x00010001, 0xFFFFFFFF, 0x00010000, 0x00040003, 0x00030005, 0x00000001,
	0x0000FFFF, 0x00030002, 0x00030004, 0x00050005, 0x00050003, 0x00010001, 0x00040004, 0x00070007, 0x00030003, 0xFFFFFFFE, 0xFFFDFFFD,
	0xFFFEFFFF, 0x00020002, 0x00010001, 0xFFFEFFFE, 0x00020001, 0x00040004, 0x00030003, 0x00010001, 0x00010000, 0x00010001, 0xFFFF0000,
	0xFFFF0001, 0x00000002, 0xFFFCFFFD, 0xFFFDFFFF, 0x00010001, 0x0002FFFF, 0x00010000, 0xFFFE0000, 0x00000000, 0x00010000, 0x00000000,
	0x00040003, 0x00040002, 0xFFFFFFFE, 0xFFFF0000, 0x00030004, 0x00030002, 0x0000FFFF, 0x00030003, 0x00040006, 0x00010003, 0x00010003,
	0x00010002, 0xFFFFFFFF, 0x00000001, 0xFFFF0000, 0xFFFDFFFD, 0xFFFCFFFD, 0xFFFAFFFC, 0xFFFBFFFE, 0x00020001, 0x00040002, 0xFFFEFFFE,
	0xFFFDFFFF, 0x00040005, 0x00030002, 0x00020001, 0x00040004, 0x00000000, 0xFFFFFFFE, 0x00000001, 0x00000001, 0x00010001, 0x00030002,
	0x00010001, 0xFFFFFFFF, 0xFFFCFFFC, 0xFFFCFFFC, 0xFFFFFFFF, 0xFFFF0000, 0xFFFCFFFC, 0xFFFDFFFD, 0x00010001, 0x0000FFFF, 0x00010000,
	0x00030003, 0x00030003, 0x00020002, 0x00010002, 0x00030002, 0x00020001, 0xFFFFFFFF, 0xFFFF0000, 0x00010001, 0x00030002, 0x00030002,
	0x00040005, 0x00020005, 0xFFFCFFFE, 0x00020003, 0x00030004, 0xFFFDFFFD, 0x00040003, 0x00060005, 0x00000000, 0xFFFFFFFF, 0xFFFCFFFD,
	0xFFFEFFFF, 0x00000002, 0xFFFBFFFD, 0xFFFBFFFC, 0xFFFDFFFD, 0x00020000, 0x00030002, 0xFFFEFFFF, 0x00010001, 0x00010000, 0xFFFFFFFE,
	0x00020002, 0xFFFEFFFF, 0xFFFBFFFB, 0x0000FFFF, 0x00000000, 0xFFFFFFFF, 0x00010000, 0x00020001, 0xFFFEFFFF, 0xFFFDFFFE, 0x00010001,
	0xFFFEFFFE, 0xFFFEFFFC, 0x00010000, 0xFFFF0000, 0x00000001, 0x00000001, 0x00000000, 0x00020001, 0x0000FFFF, 0x00000000, 0x00030002,
	0x00000001, 0x00020004, 0x00040005, 0x00000000, 0xFFFCFFFD, 0xFFFEFFFD, 0xFFFFFFFD, 0xFFFEFFFD, 0x0000FFFF, 0x00010000, 0x0000FFFF,
	0xFFFFFFFF, 0xFFFFFFFF, 0x00010000, 0x0000FFFF, 0xFFFDFFFD, 0xFFFCFFFD, 0x0000FFFF, 0x0000FFFF, 0xFFFEFFFE, 0xFFFF0000, 0xFFFAFFFC,
	0xFFF8FFF9, 0x0001FFFF, 0x00020000, 0xFFFFFFFE, 0x0000FFFF, 0x0000FFFE, 0x00020002, 0x00010002, 0xFFFDFFFD, 0x0000FFFF, 0x00030003,
	0x00010003, 0x00000000, 0x0000FFFF, 0x00010001, 0x00010000, 0x0001FFFF, 0x0000FFFF, 0xFFFDFFFE, 0xFFFF0000, 0x00020000, 0xFFFFFFFF,
	0xFFFE0000, 0x00000000, 0x00020000, 0x00050004, 0x00030003, 0xFFFEFFFF, 0xFFFFFFFE, 0x0000FFFF, 0x00010001, 0x00050006, 0x00040003,
	0x00000001, 0x00000001, 0xFFFEFFFE, 0xFFFCFFFD, 0x00000002, 0x00030003, 0x00000000, 0x00010000, 0x00020001, 0xFFFCFFFD, 0xFFFEFFFD,
	0x00020000, 0xFFFDFFFD, 0xFFFCFFFC, 0xFFFFFFFF, 0x00030003, 0x00010002, 0xFFFCFFFB, 0xFFFDFFFC, 0xFFFAFFFA, 0xFFF8FFF8, 0x00010000,
	0x00010001, 0xFFFF0000, 0x00010002, 0xFFFEFFFE, 0xFFFDFFFD, 0xFFFAFFFC, 0xFFF9FFF9, 0x0000FFFE, 0x00010001, 0x00010001, 0x00010001,
	0xFFFEFFFF, 0x00000000, 0x00000001, 0xFFFF0000, 0x00010000, 0xFFFEFFFF, 0xFFFE0000, 0xFFFFFFFF, 0xFFFFFFFF, 0x00020002, 0x00000000,
	0x00010000, 0x00020001, 0x00010001, 0x00020002, 0xFFFFFFFE, 0x0000FFFE, 0xFFFFFFFE, 0xFFFCFFFD, 0x00020001, 0xFFFEFFFD, 0xFFFAFFFB,
	0xFFFEFFFF, 0xFFFDFFFC, 0xFFFFFFFE, 0xFFFFFFFF, 0xFFFEFFFF, 0x00010000, 0xFFFEFFFD, 0x00020002, 0x00000001, 0xFFFCFFFD, 0x00040004,
	0x00040004, 0x00000002, 0x00020002, 0x00000000, 0x00010002, 0xFFFF0001, 0x00000000, 0xFFFFFFFE, 0xFFFBFFFA, 0x00010000, 0x0000FFFF,
	0xFFFDFFFC, 0x00010001, 0xFFFDFFFE, 0xFFFEFFFF, 0x00030002, 0x00010001, 0x00040003, 0x00030003, 0xFFFEFFFE, 0xFFFEFFFE, 0xFFFEFFFF,
	0xFFFDFFFE, 0xFFFBFFFC, 0xFFFCFFFD, 0xFFFEFFFF, 0xFFFFFFFF, 0x00000000, 0xFFFEFFFC, 0xFFFCFFFA, 0xFFFFFFFE, 0xFFFFFFFE, 0x0000FFFD,
	0x0000FFFF, 0xFFFDFFFE, 0xFFFE0000, 0xFFFF0000, 0xFFFDFFFC, 0x0000FFFF, 0x00000001, 0xFFFEFFFF, 0x00010001, 0x00000000, 0xFFFEFFFE,
	0xFFFFFFFF, 0xFFFEFFFD, 0xFFFCFFFC, 0xFFFDFFFC, 0xFFFEFFFF, 0xFFFEFFFE, 0xFFFAFFF9, 0xFFFFFFFD, 0x00020001, 0xFFFBFFFC, 0xFFFEFFFE,
	0x0000FFFF, 0xFFFBFFFB, 0xFFFCFFFD, 0xFFFCFFFC, 0xFFFCFFFD, 0xFFFE0000, 0xFFFCFFFD, 0xFFFCFFFB, 0xFFFCFFFD, 0xFFFBFFFE, 0xFFFD0000,
	0x00010000, 0x00020000, 0xFFFAFFFA, 0xFFF7FFF7, 0xFFFEFFFC, 0xFFFEFFFE, 0xFFFF0000, 0x00030001, 0x0000FFFD, 0x00010000, 0x00010002,
	0xFFFDFFFD, 0xFFFFFFFE, 0x0000FFFF, 0xFFFCFFFC, 0xFFFDFFFD, 0xFFFCFFFC, 0xFFFE0000, 0x00060008, 0x00020002, 0xFFFBFFFB, 0x00000000,
	0xFFFCFFFD, 0xFFFCFFFE, 0x00000000, 0xFFF9FFF8, 0xFFFCFFFB, 0x00010000, 0xFFFFFFFD, 0x0000FFFF, 0xFFFDFFFD, 0xFFFFFFFF, 0x00000000,
	0xFFFAFFFA, 0xFFFEFFFE, 0x00020002, 0xFFFFFFFF, 0xFFFCFFFC, 0xFFFBFFFA, 0x00000000, 0xFFFFFFFF, 0xFFFDFFFD, 0x0000FFFF, 0xFFFBFFFA,
	0xFFFCFFFC, 0x00000001, 0xFFFDFFFC, 0xFFFEFFFD, 0xFFFDFFFC, 0xFFFDFFFB, 0x00000000, 0xFFFCFFFE, 0xFFFEFFFE, 0x00050004, 0x00000000,
	0xFFFDFFFD, 0x0000FFFF, 0x00010001, 0x00030003, 0xFFFF0000, 0x00000001, 0x00050005, 0xFFFCFFFD, 0xFFF9FFFB, 0xFFFF0000, 0xFFFF0000,
	0xFFFF0000, 0xFFFFFFFF, 0xFFFFFFFE, 0xFFFCFFFD, 0xFFFBFFFB, 0x00000001, 0x00020002, 0xFFFFFFFE, 0x00010002, 0xFFFF0001, 0xFFFEFFFD,
	0xFFFFFFFE, 0xFFFEFFFE, 0x00010002, 0x00020002, 0xFFFDFFFC, 0xFFFFFFFF, 0xFFFF0000, 0xFFFEFFFE, 0x00010001, 0x00000000, 0xFFFF0000,
	0xFFFAFFFB, 0xFFF8FFF9, 0x00030004, 0x00020003, 0x00000000, 0x00020003, 0xFFFFFFFF, 0x00030001, 0xFFFFFFFD, 0xFFFBFFFA, 0x00080007,
	0x00060005, 0x0001FFFF, 0x00010000, 0xFFFEFFFE, 0x00010001, 0x00020001, 0x00020001, 0x00010001, 0x00000001, 0x00040006, 0x00000002,
	0x0000FFFF, 0x00030002, 0x00020002, 0x00010003, 0xFFFEFFFE, 0x00000001, 0x00050005, 0x00020003, 0x00000000, 0xFFFBFFFA, 0xFFFEFFFF,
	0x00040005, 0x00040003, 0x00050003, 0xFFFFFFFE, 0xFFFDFFFD, 0xFFFF0000, 0xFFFFFFFE, 0x00040003, 0x00020001, 0xFFFEFFFE, 0x00020002,
	0x00010001, 0xFFFFFFFE, 0xFFFFFFFF, 0x00010002, 0xFFFE0000, 0xFFFEFFFF, 0x00060006, 0x00010001, 0xFFFEFFFE, 0x00030002, 0xFFFFFFFE,
	0x00000000, 0xFFFF0001, 0xFFFDFFFE, 0x00020001, 0x00000001, 0x00000000, 0x00040003, 0x00050005, 0x00020003, 0xFFFDFFFE, 0xFFFDFFFE,
	0x00010002, 0x00040005, 0x00060006, 0x00050004, 0x00010002, 0x00010001, 0x00020000, 0xFFFFFFFE, 0xFFFFFFFF, 0x00030004, 0x00030002,
	0x0002FFFF, 0x00030001, 0x00030003, 0xFFFF0000, 0xFFFDFFFE, 0xFFFDFFFF, 0xFFFEFFFF, 0x00000000, 0x00030002, 0x00020001, 0x00000001,
	0x00020002, 0x00010000, 0xFFFFFFFD, 0x00010000, 0x00010001, 0xFFFEFFFD, 0x0000FFFF, 0x0000FFFF, 0xFFFDFFFC, 0xFFFEFFFF, 0x0000FFFF,
	0xFFFFFFFE, 0x00010000, 0x00000000, 0xFFF9FFFA, 0xFFF9FFFA, 0xFFFEFFFF, 0xFFFDFFFE, 0xFFFF0000, 0x00010001, 0x0000FFFF, 0x00010001,
	0x00030003, 0x00040004, 0x00030002, 0x0000FFFF, 0x00040002, 0x00040002, 0x00030003, 0x00040003, 0x00020001, 0x00020001, 0x00010000,
	0x00030003, 0x00040004, 0x00000002, 0x00040006, 0x00060006, 0x00050003, 0x00010001, 0xFFFEFFFF, 0x00060006, 0x00040004, 0x00000000,
	0x00040004, 0xFFFFFFFF, 0x00010000, 0x00050004, 0x0000FFFF, 0xFFFFFFFE, 0xFFFDFFFC, 0xFFFEFFFF, 0x00030005, 0x00010003, 0xFFFEFFFF,
	0xFFFF0001, 0x00000003, 0xFFFEFFFF, 0xFFFCFFFD, 0x0000FFFF, 0xFFFFFFFD, 0xFFFCFFFA, 0xFFFEFFFD, 0xFFFEFFFF, 0xFFFCFFFC, 0xFFFDFFFC,
	0xFFFF0000, 0x00010002, 0x00010000, 0x0000FFFF, 0xFFFFFFFF, 0x00000000, 0x0001FFFF, 0x00010001, 0x00000003, 0xFFFC0000, 0xFFFAFFFB,
	0xFFFEFFFD, 0x0000FFFF, 0xFFFFFFFE, 0x00010000, 0x00030003, 0x00030003, 0x00070005, 0x00050004, 0x00010002, 0x00010001, 0xFFFEFFFE,
	0x00000000, 0x00050005, 0x00010000, 0x0001FFFF, 0x00030002, 0x00010001, 0x00000000, 0xFFFEFFFD, 0xFFFFFFFE, 0x00010000, 0x00040005,
	0x00050007, 0x00000000, 0xFFFFFFFF, 0x00020001, 0x00000001, 0x00050006, 0x00040004, 0x00000000, 0x00020002, 0x0000FFFD, 0x00020000,
	0x00030004, 0xFFFF0001, 0x00030004, 0x00020001, 0x00010000, 0x00030004, 0x00000000, 0x00000000, 0xFFFCFFFD, 0xFFFF0001, 0x00060007,
	0x00000000, 0x00020003, 0x00050005, 0x00010000, 0x00060005, 0x00000000, 0xFFFCFFFC, 0x00020001, 0x00020001, 0x00000000, 0xFFFE0000,
	0x00000000, 0x00030002, 0x00010001, 0xFFFFFFFF, 0xFFFFFFFF, 0x00000001, 0x00030004, 0x00020002, 0x0000FFFF, 0x00020001, 0x00020002,
	0xFFFEFFFE, 0x00020000, 0x00050004, 0x00030004, 0x00020003, 0x00000000, 0x00000000, 0x00000000, 0xFFFEFFFE, 0x0000FFFF, 0xFFFEFFFF,
	0x00020003, 0x00030004, 0x00010001, 0x00040003, 0x00010000, 0x00010001, 0x00060007, 0x00020002, 0x00010000, 0x00040003, 0x00020002,
	0xFFFFFFFF, 0x00000002, 0x00030004, 0x00010002, 0x00040004, 0x00040005, 0x00020003, 0x00030004, 0x00010001, 0xFFFF0001, 0x00030004,
	0x00030003, 0x00010002, 0x00020002, 0x00040003, 0x00020000, 0x0001FFFE, 0x0000FFFF, 0xFFFCFFFD, 0xFFFEFFFD, 0x0000FFFF, 0xFFFFFFFF,
	0x00000000, 0xFFFF0000, 0x00010001, 0x00040004, 0x00010002, 0xFFFEFFFE, 0xFFFDFFFF, 0xFFFCFFFF, 0xFFFEFFFF, 0x00010001, 0xFFFDFFFD,
	0xFFFFFFFE, 0x00040003, 0xFFFFFFFF, 0xFFFDFFFE, 0xFFFE0000, 0xFFFCFFFB, 0xFFFBFFF9, 0xFFFBFFFB, 0xFFFE0000, 0xFFFCFFFE, 0xFFFBFFFC,
	0xFFFFFFFE, 0xFFFDFFFD, 0xFFFEFFFF, 0xFFFE0000, 0x00010001, 0x0001FFFF, 0xFFFCFFFB, 0x00040003, 0x00030003, 0xFFFDFFFC, 0x0000FFFF,
	0xFFFEFFFE, 0xFFFEFFFF, 0xFFFDFFFE, 0xFFFBFFFC, 0x0000FFFF, 0xFFFBFFF9, 0xFFFBFFFA, 0xFFFFFFFF, 0xFFFCFFFC, 0xFFFFFFFD, 0x0000FFFF,
	0x00010002, 0x00010001, 0xFFFFFFFF, 0x00020003, 0xFFFF0000, 0xFFFEFFFE, 0xFFFFFFFF, 0xFFFBFFFC, 0x00000001, 0x00030002, 0xFFFFFFFE,
	0x00010001, 0x00050005, 0x00010000, 0xFFFDFFFC, 0x00010001, 0x00040004, 0x00020001, 0x0001FFFE, 0xFFFFFFFE, 0x00000000, 0xFFFEFFFE,
	0xFFFCFFFB, 0x00010000, 0x00030004, 0x00030006, 0x00010003, 0xFFFEFFFE, 0xFFFEFFFD, 0xFFFFFFFD, 0x00010000, 0x0000FFFF, 0xFFFDFFFC,
	0xFFFFFFFF, 0x00000001, 0xFFFEFFFE, 0xFFFDFFFC, 0xFFFFFFFF, 0x00030003, 0x00030002, 0xFFFEFFFD, 0xFFFCFFFC, 0xFFFCFFFD, 0xFFFDFFFC,
	0x0000FFFF, 0x00000000, 0xFFFDFFFD, 0x0000FFFF, 0x00000000, 0xFFFF0000, 0xFFFF0000, 0xFFFFFFFE, 0x0000FFFE, 0xFFFDFFFC, 0xFFFCFFFC,
	0xFFFF0001, 0xFFFF0000, 0x00030003, 0x00030001, 0x0000FFFE, 0x00040003, 0x00030003, 0x00010002, 0x00010003, 0x00020003, 0x00020002,
	0xFFFEFFFD, 0x00010001, 0x00030003, 0x00010000, 0x00040003, 0x00000000, 0xFFFEFFFE, 0x00010002, 0x00000000, 0x00030003, 0x00030004,
	0xFFFF0000, 0x00000002, 0x00010003, 0x00010002, 0x00030004, 0x00020003, 0x0001FFFF, 0x00020000, 0x00030002, 0x00000001, 0xFFFBFFFD,
	0xFFFFFFFE, 0x00010000, 0xFFFEFFFD, 0x00010001, 0x00040004, 0x00000001, 0x00020002, 0x00010001, 0xFFFCFFFD, 0xFFFFFFFF, 0x00010001,
	0xFFFEFFFD, 0x00020002, 0x00030005, 0xFFFEFFFE, 0xFFFFFFFE, 0x00030002, 0x00030004, 0x00040006, 0x00020002, 0x00020001, 0x00050004,
	0x00020002, 0x00020002, 0x00030004, 0x00010001, 0x00040003, 0x00060004, 0x00020001, 0x00000000, 0x00000001, 0x00020003, 0x00070007,
	0x00050004, 0xFFFFFFFF, 0x00030004, 0x00020003, 0x0000FFFF, 0x00040003, 0xFFFFFFFE, 0xFFFFFFFE, 0x00030002, 0x0000FFFF, 0x00010000,
	0x00010000, 0xFFFEFFFC, 0xFFFFFFFE, 0x00010001, 0x00030004, 0xFFFFFFFF, 0xFFFEFFFD, 0x00030003, 0x00040003, 0x00020003, 0x00000001,
	0xFFFDFFFD, 0x0001FFFF, 0x00070005, 0x00040004, 0xFFFE0000, 0x00000000, 0x00040003, 0x00060005, 0x00060007, 0x00020004, 0x00010001,
	0x00040002, 0x00020001, 0xFFFEFFFD, 0x00010001, 0x00050005, 0x00030002, 0x00010001, 0x00020002, 0x00030004, 0x00050006, 0x00010001,
	0x00020001, 0x00040004, 0xFFFFFFFF, 0x00010002, 0x00050005, 0x00020001, 0x00010002, 0x00000001, 0x00000000, 0x00030003, 0x00020001,
	0xFFFDFFFD, 0xFFFFFFFF, 0x00000001, 0xFFFEFFFF, 0xFFFEFFFF, 0x00010002, 0x00010002, 0xFFFDFFFD, 0xFFFDFFFC, 0x00030002, 0xFFFFFFFF,
	0xFFFCFFFE, 0x00000001, 0xFFFEFFFD, 0xFFFEFFFD, 0xFFFCFFFD, 0xFFFAFFFC, 0xFFFDFFFE, 0xFFFEFFFE, 0x00020002, 0x00020002, 0xFFFFFFFF,
	0x0000FFFF, 0xFFFFFFFE, 0x00000000, 0xFFFF0000, 0x00000001, 0x00020003, 0xFFFEFFFF, 0x00010001, 0x00030003, 0x00000000, 0xFFFFFFFF,
	0xFFFEFFFF, 0xFFFF0000, 0xFFFEFFFF, 0x00030002, 0x00050004, 0x00000000, 0x00020004, 0x00010003, 0xFFFE0000, 0x00020002, 0x00030003,
	0x00070006, 0x00050003, 0x0000FFFF, 0x00010000, 0x0000FFFD, 0x00030001, 0x00060005, 0x00040005, 0x00030005, 0xFFFF0001, 0x00020004,
	0x00030005, 0xFFFEFFFF, 0x00010003, 0x00020003, 0xFFFEFFFE, 0xFFFFFFFF, 0x00020001, 0x00020001, 0x00040005, 0x00040004, 0x00010001,
	0x00030003, 0x00010002, 0xFFFEFFFF, 0x00020002, 0x00040004, 0x00010001, 0xFFFDFFFD, 0x00000000, 0x00030003, 0xFFFCFFFD, 0xFFFDFFFF,
	0x00000001, 0xFFFFFFFF, 0xFFFEFFFF, 0xFFFCFFFC, 0x00010001, 0x00030002, 0x00020001, 0x00050004, 0xFFFDFFFD, 0xFFFDFFFE, 0x00010001,
	0xFFFFFFFE, 0x00030002, 0x00000000, 0xFFFF0000, 0x00030004, 0x00030002, 0x00030001, 0xFFFFFFFE, 0x0000FFFF, 0x00010001, 0xFFFEFFFE,
	0x00000000, 0x00000000, 0x00010001, 0x00040004, 0x00020003, 0x00000001, 0x00000000, 0x00020002, 0x00020003, 0xFFFEFFFF, 0xFFFEFFFF,
	0x00020001, 0x00010001, 0x00000000, 0x00020002, 0x00020002, 0xFFFFFFFE, 0x00000000, 0x00010002, 0x0000FFFF, 0x00020000, 0x00050003,
	0x00010001, 0xFFFF0001, 0x00060006, 0x00070006, 0x00020002, 0x00020002, 0x00020002, 0x00000000, 0x0000FFFF, 0x00050005, 0x00050004,
	0x0000FFFD, 0x00020001, 0x00010002, 0xFFFF0000, 0xFFFF0000, 0x00010001, 0x00000001, 0xFFFEFFFE, 0x00000001, 0x00010002, 0xFFFEFFFF,
	0x00020002, 0xFFFEFFFE, 0xFFFDFFFD, 0x00030003, 0x00000000, 0xFFFFFFFE, 0xFFFFFFFD, 0xFFFFFFFE, 0x00020001, 0xFFFDFFFC, 0xFFFFFFFD,
	0x00050004, 0xFFFFFFFF, 0xFFFCFFFD, 0xFFFF0000, 0x00000000, 0xFFFCFFFD, 0xFFFCFFFD, 0x00020002, 0x00010001, 0xFFFFFFFE, 0x00030001,
	0x00040003, 0x00010000, 0xFFFFFFFF, 0x00010002, 0x00030003, 0x00010001, 0xFFFFFFFF, 0x00010000, 0x00020002, 0x00000000, 0x00020001,
	0x00060006, 0x00020002, 0xFFFEFFFE, 0x00020001, 0x00020000, 0xFFFEFFFE, 0xFFFEFFFF, 0xFFFF0000, 0x00020003, 0x00020002, 0xFFFFFFFF,
	0x00000000, 0xFFFEFFFD, 0xFFFF0000, 0x00040005, 0xFFFFFFFF, 0xFFFFFFFE, 0x00030003, 0x00010000, 0x00000000, 0xFFFFFFFF, 0x00000000,
	0x00050004, 0x00010000, 0x00010001, 0x00020004, 0xFFFFFFFF, 0x00040002, 0x00030002, 0xFFFBFFFC, 0x00000002, 0x00040003, 0x00020000,
	0x00040004, 0xFFFF0000, 0xFFFEFFFE, 0x00030002, 0x00020001, 0x00010002, 0x00000001, 0x00020002, 0x00040004, 0x00000001, 0x00010001,
	0xFFFFFFFE, 0xFFFFFFFD, 0x00030003, 0xFFFCFFFE, 0xFFFDFFFF, 0x00010001, 0xFFFDFFFC, 0x00030002, 0x00060005, 0x00020003, 0x00010003,
	0x00010002, 0x00040003, 0x00040004, 0x00040006, 0x00010004, 0xFFFBFFFC, 0x00000000, 0x00030003, 0xFFFF0000, 0x00010002, 0x00030003,
	0x00000001, 0x00020003, 0x00000002, 0x00000001, 0x00030005, 0x00010003, 0x00020001, 0x00040002, 0xFFFEFFFD, 0x0000FFFF, 0x00010001,
	0xFFFFFFFF, 0x00020002, 0xFFFEFFFF, 0xFFFCFFFD, 0xFFFF0000, 0xFFFF0000, 0x00010001, 0xFFFEFFFD, 0xFFFEFFFC, 0x00040001, 0x00020001,
	0xFFFF0001, 0x00000002, 0x00000003, 0xFFFF0000, 0x00000000, 0x00030003, 0xFFFFFFFE, 0xFFFF0000, 0x00000002, 0xFFFDFFFE, 0xFFFDFFFD,
	0xFFFDFFFB, 0xFFFEFFFD, 0xFFFFFFFF, 0xFFFEFFFE, 0xFFFEFFFF, 0xFFFCFFFC, 0x0001FFFF, 0x00040004, 0xFFFF0001, 0xFFFCFFFE, 0xFFFFFFFF,
	0x00020000, 0xFFFCFFFC, 0xFFFFFFFF, 0x00040004, 0xFFFEFFFF, 0x00000001, 0xFFFF0000, 0xFFFDFFFE, 0xFFFDFFFE, 0xFFFAFFFB, 0x00020002,
	0x00000000, 0xFFFBFFFB, 0x00020001, 0xFFFDFFFC, 0xFFFFFFFE, 0x00030003, 0xFFFDFFFD, 0xFFFDFFFC, 0xFFFF0000, 0x00030005, 0x00000001,
	0xFFFDFFFC, 0x00000000, 0xFFFDFFFD, 0x00020002, 0x00050005, 0xFFFFFFFE, 0x00020002, 0x00010001, 0xFFFFFFFF, 0x00000000, 0xFFFDFFFC,
	0xFFFFFFFD, 0x00010000, 0x00010002, 0x00030005, 0x00010000, 0xFFFFFFFD, 0x00010001, 0xFFFDFFFF, 0xFFFCFFFF, 0xFFFF0001, 0xFFFCFFFC,
	0xFFFEFFFC, 0x0000FFFF, 0xFFFDFFFC, 0x00010000, 0x00030002, 0x00010001, 0x00010002, 0x00000001, 0xFFFFFFFE, 0xFFFCFFFC, 0x00010001,
	0x00040003, 0x0000FFFF, 0xFFFFFFFE, 0xFFFFFFFE, 0x00000001, 0xFFFDFFFF, 0xFFFCFFFE, 0x0000FFFF, 0xFFFBFFFA, 0xFFFDFFFD, 0xFFFEFFFE,
	0xFFF9FFF8, 0x0000FFFE, 0xFFFEFFFD, 0xFFFCFFFD, 0xFFFFFFFF, 0xFFFBFFFA, 0xFFFFFFFE, 0x00000000, 0xFFFFFFFE, 0xFFFFFFFF, 0xFFFEFFFF,
	0x00000000, 0xFFFBFFFB, 0xFFFCFFFB, 0xFFFF0000, 0xFFFDFFFE, 0xFFFF0001, 0xFFFDFFFD, 0xFFFBFFFB, 0xFFFEFFFF, 0xFFFAFFFB, 0xFFFCFFFD,
	0x00010000, 0x0000FFFE, 0x00020001, 0x00010001, 0x00010000, 0x00020001, 0xFFFEFFFF, 0xFFFCFFFE, 0xFFFE0000, 0xFFFDFFFE, 0xFFFBFFFD,
	0xFFFCFFFD, 0xFFFEFFFE, 0x00020001, 0x0001FFFF, 0xFFFDFFFD, 0xFFFE0000, 0x00000001, 0x00020001, 0x0000FFFF, 0xFFFDFFFD, 0xFFFF0000,
	0xFFFDFFFF, 0xFFFBFFFC, 0xFFFEFFFE, 0x00000000, 0x00020001, 0x00010002, 0x00000002, 0x00020003, 0xFFFEFFFE, 0xFFFEFFFC, 0x00010001,
	0xFFFF0000, 0x0000FFFF, 0x00020001, 0x00020002, 0x00000000, 0xFFFBFFFB, 0xFFFDFFFD, 0xFFFEFFFE, 0xFFF9FFF9, 0xFFFBFFFA, 0xFFFCFFFC,
	0xFFFCFFFC, 0xFFFEFFFD, 0xFFFFFFFE, 0x00020002, 0x00030002, 0x0000FFFF, 0x00010001, 0x00030003, 0x00020001, 0x00010000, 0xFFFF0000,
	0xFFFEFFFF, 0x00010002, 0x00010002, 0xFFFDFFFD, 0xFFFEFFFE, 0x00010001, 0x00020001, 0x00020002, 0x00000001, 0xFFFCFFFD, 0xFFFDFFFD,
	0x0000FFFE, 0x0000FFFE, 0x0000FFFF, 0x00010001, 0xFFFF0000, 0xFFFDFFFE, 0x00000001, 0x00020003, 0xFFFF0000, 0xFFFF0000, 0x00000000,
	0xFFFEFFFD, 0xFFFBFFFD, 0xFFFAFFFD, 0x00010002, 0x00020001, 0xFFFDFFFB, 0x0000FFFF, 0x00000001, 0xFFFFFFFE, 0x00030002, 0x00020002,
	0x00000000, 0x00010000, 0x00030002, 0x00040004, 0x00030006, 0x00010002, 0xFFFCFFFB, 0x00010001, 0x00010001, 0xFFFCFFFD, 0x00020002,
	0x0000FFFF, 0xFFFDFFFD, 0x00020002, 0x00010000, 0xFFFEFFFE, 0xFFFDFFFE, 0x00020002, 0x00030001, 0xFFFDFFFC, 0xFFFFFFFF, 0x00010001,
	0x00010001, 0x00000002, 0xFFFCFFFF, 0xFFFAFFFC, 0xFFFCFFFC, 0xFFFEFFFE, 0xFFFDFFFC, 0xFFFFFFFF, 0xFFFFFFFF, 0xFFFCFFFD, 0xFFFFFFFF,
	0xFFFCFFFC, 0xFFFFFFFE, 0x00030003, 0xFFFFFFFF, 0x00020001, 0x00030000, 0x00030001, 0x00040004, 0x00010003, 0x00020003, 0xFFFEFFFC,
	0x0001FFFF, 0x00030004, 0xFFFF0000, 0x00010001, 0x00010001, 0x00020003, 0x00010002, 0xFFFDFFFD, 0x00060005, 0x00050004, 0xFFFDFFFE,
	0xFFFF0000, 0x00010000, 0x00010000, 0x00030003, 0x00040004, 0x00030002, 0x00030002, 0x00010000, 0xFFFEFFFE, 0x00000001, 0x00030003,
	0x00020004, 0xFFFEFFFF, 0x00010000, 0x00030002, 0xFFFBFFFB, 0xFFFDFFFF, 0x00010002, 0xFFFEFFFE, 0xFFFE0000, 0xFFFFFFFF, 0xFFFFFFFE,
	0xFFFAFFFA, 0x00000001, 0x00050006, 0x00000000, 0x00050004, 0x00020002, 0xFFFF0000, 0x00020002, 0xFFFCFFFC, 0xFFFEFFFF, 0xFFFF0001,
	0x00020003, 0x00020001, 0xFFFCFFFB, 0x00020001, 0x00010000, 0xFFFDFFFC, 0xFFFFFFFF, 0x00000000, 0x00050005, 0xFFFFFFFE, 0x0000FFFF,
	0x00000001, 0xFFFAFFFA, 0x00020002, 0x0000FFFF, 0xFFFBFFFB, 0x00010001, 0xFFFFFFFF, 0xFFFDFFFE, 0xFFFCFFFC, 0xFFFEFFFE, 0x00010001,
	0xFFFFFFFE, 0x00010000, 0x00010001, 0x00010001, 0x00010000, 0xFFFEFFFE, 0x00010002, 0x00020004, 0xFFFDFFFF, 0x00000001, 0x00010002,
	0xFFFCFFFC, 0xFFFCFFFC, 0x00000000, 0x00020003, 0x00020002, 0x00020001, 0x00050003, 0x00030001, 0x00000000, 0x00010003, 0xFFFF0001,
	0x00020002, 0x00010001, 0xFFFCFFFD, 0xFFFEFFFD, 0xFFFFFFFD, 0xFFFEFFFE, 0x00020004, 0x00040006, 0x00010001, 0x00010000, 0x00030004,
	0x00010002, 0x00000000, 0xFFFFFFFF, 0x00020001, 0x00030004, 0xFFFBFFFC, 0x00000000, 0x00030002, 0xFFFCFFFC, 0x00000001, 0xFFFCFFFE,
	0xFFFBFFFA, 0x0001FFFF, 0xFFFFFFFF, 0xFFFF0000, 0xFFFEFFFF, 0x00000000, 0x00020001, 0xFFFEFFFE, 0x00010002, 0x00000000, 0xFFFEFFFE,
	0xFFFFFFFE, 0xFFFDFFFD, 0x00020001, 0x00060003, 0x00040002, 0x00020001, 0x00000001, 0xFFFFFFFF, 0xFFFCFFFC, 0xFFFAFFFB, 0xFFFBFFFC,
	0x00010001, 0x00000000, 0xFFFBFFFB, 0x00000002, 0x00040005, 0x00020003, 0x00010002, 0x00000000, 0x00020002, 0x00000000, 0x00020001,
	0x00010002, 0xFFFAFFFB, 0xFFFEFFFD, 0x00010000, 0xFFFBFFFC, 0xFFFBFFFC, 0x00000000, 0xFFFFFFFE, 0xFFFF0000, 0xFFFE0000, 0xFFFAFFFB,
	0xFFFEFFFD, 0x0000FFFF, 0xFFFFFFFE, 0x00000000, 0xFFFDFFFD, 0xFFFFFFFF, 0xFFFEFFFE, 0xFFFBFFFB, 0xFFFFFFFE, 0x00000000, 0x00010002,
	0x00000000, 0x00000000, 0x00020002, 0xFFFCFFFD, 0xFFFDFFFD, 0x00030002, 0x00010001, 0xFFFDFFFF, 0x00010003, 0x00050005, 0xFFFFFFFF,
	0x00000000, 0x00020002, 0xFFFEFFFC, 0x00010000, 0x00000001, 0xFFFF0000, 0x00030003, 0xFFFEFFFE, 0xFFFDFFFC, 0xFFFEFFFD, 0xFFFCFFFB,
	0xFFFCFFFC, 0xFFFDFFFC, 0xFFFFFFFF, 0xFFFDFFFF, 0xFFFBFFFD, 0xFFFFFFFF, 0x0001FFFF, 0x00010000, 0xFFFE0000, 0xFFFEFFFF, 0x00020002,
	0xFFFEFFFE, 0xFFFEFFFF, 0x00030003, 0xFFFF0000, 0xFFFF0000, 0x00010002, 0x00000000, 0x0000FFFF, 0xFFFDFFFC, 0xFFFBFFFB, 0xFFFBFFFB,
	0xFFFDFFFE, 0x00000001, 0xFFFBFFFB, 0x0000FFFF, 0x00050004, 0x0000FFFF, 0x00020002, 0x00020002, 0xFFFEFFFE, 0xFFFEFFFD, 0xFFFCFFFD,
	0xFFFF0000, 0xFFFEFFFE, 0xFFFFFFFD, 0x0000FFFE, 0xFFFCFFFB, 0x00000001, 0x00000001, 0x00000000, 0x0001FFFF, 0xFFFBFFF9, 0x00010000,
	0x00030003, 0xFFFEFFFE, 0x00000001, 0x00000000, 0x0000FFFF, 0xFFFFFFFF, 0xFFFDFFFD, 0xFFFF0000, 0x00020005, 0xFFFF0001, 0xFFFEFFFD,
	0x00000000, 0xFFFCFFFE, 0xFFFDFFFE, 0xFFFFFFFF, 0xFFFEFFFE, 0x00010000, 0xFFFEFFFE, 0xFFFDFFFC, 0xFFFEFFFD, 0xFFFCFFFB, 0x00010001,
	0x00030003, 0x00020002, 0x00000001, 0xFFFCFFFE, 0xFFFFFFFF, 0x00020002, 0x00030003, 0x00000000, 0x00020002, 0x00000000, 0xFFFBFFFA,
	0x0000FFFF, 0xFFFDFFFD, 0xFFFBFFFC, 0x00020002, 0xFFFEFFFE, 0xFFFF0000, 0xFFFDFFFE, 0xFFFBFFFC, 0xFFFFFFFF, 0xFFFCFFFC, 0xFFFFFFFF,
	0xFFFEFFFD, 0xFFFBFFFA, 0xFFFCFFFE, 0xFFFE0000, 0x00030003, 0x0000FFFE, 0xFFFFFFFE, 0x00000001, 0xFFFDFFFE, 0x00000000, 0xFFFEFFFE,
	0xFFFFFFFF, 0xFFFF0001, 0xFFFDFFFD, 0x00030001, 0x00030002, 0xFFFFFFFF, 0xFFFDFFFE, 0xFFFEFFFF, 0x00010001, 0xFFFFFFFD, 0x00030001,
	0x00050004, 0x00010001, 0x00040005, 0x00040005, 0x00020002, 0x00000000, 0xFFFEFFFD, 0x00020002, 0x00060006, 0x00030003, 0xFFFEFFFF,
	0x00000001, 0x00010001, 0xFFFFFFFF, 0x00020001, 0xFFFEFFFF, 0x00000000, 0x00040003, 0x00010000, 0x00010001, 0x0000FFFF, 0xFFFFFFFD,
	0xFFFFFFFF, 0xFFFDFFFF, 0xFFFDFFFD, 0xFFFDFFFC, 0xFFFFFFFF, 0xFFFDFFFE, 0xFFFCFFFC, 0x00010000, 0x00030002, 0x00010002, 0xFFFFFFFF,
	0xFFFFFFFE, 0xFFFEFFFE, 0xFFFDFFFC, 0xFFFFFFFF, 0xFFFEFFFE, 0xFFFCFFFD, 0xFFFFFFFF, 0x00010002, 0x00000002, 0xFFFDFFFE, 0x00010001,
	0x00010001, 0xFFFBFFFA, 0xFFFEFFFE, 0xFFFF0000, 0xFFFDFFFE, 0xFFFEFFFE, 0xFFFCFFFD, 0xFFFBFFFB, 0xFFFBFFFB, 0x00000000, 0xFFFF0000,
	0xFFF7FFF7, 0xFFFCFFFC, 0xFFFFFFFE, 0xFFFCFFFB, 0xFFFFFFFF, 0xFFFCFFFD, 0xFFFCFFFD, 0xFFFEFFFE, 0xFFFAFFF9, 0xFFFAFFF9, 0xFFFEFFFD,
	0x00020001, 0xFFFEFFFE, 0xFFFAFFFA, 0x00010001, 0x00010001, 0xFFFFFFFF, 0x00020003, 0xFFFDFFFE, 0xFFFFFFFE, 0x00050005, 0x00010002,
	0xFFFBFFFB, 0xFFFDFFFC, 0x00010000, 0xFFFF0000, 0x00020003, 0x00050004, 0xFFFFFFFE, 0xFFFDFFFC, 0x0000FFFF, 0xFFFEFFFE, 0xFFFDFFFE,
	0xFFFCFFFD, 0xFFFAFFFA, 0xFFFEFFFE, 0x00000000, 0x00030003, 0x00060005, 0xFFFFFFFF, 0xFFFEFFFF, 0x00000000, 0xFFFCFFFB, 0xFFFEFFFE,
	0xFFFCFFFC, 0xFFFCFFFC, 0x00010002, 0xFFFDFFFE, 0x00000001, 0x00020002, 0xFFFEFFFF, 0x00000000, 0xFFFCFFFC, 0xFFFAFFF9, 0xFFFEFFFC,
	0xFFFFFFFD, 0x00000000, 0xFFFEFFFF, 0xFFFBFFFB, 0xFFFDFFFD, 0xFFFEFFFF, 0xFFFAFFFB, 0xFFF9FFFA, 0x00010001, 0x00030002, 0xFFFFFFFF,
	0xFFFF0000, 0x0000FFFF, 0xFFFEFFFD, 0xFFFDFFFE, 0x00020002, 0x00010000, 0xFFFEFFFE, 0x00000000, 0x00000001, 0x00020001, 0x0000FFFF,
	0xFFFFFFFF, 0x00030004, 0x00010001, 0x0001FFFF, 0x0002FFFF, 0x0000FFFF, 0x00010001, 0x00020002, 0x00020002, 0xFFFFFFFF, 0xFFFDFFFD,
	0x00010002, 0x00020003, 0xFFFFFFFF, 0xFFFFFFFF, 0x00010002, 0x00010001, 0xFFFFFFFF, 0xFFFFFFFE, 0x00010001, 0x00010002, 0x00000000,
	0xFFFFFFFF, 0xFFFEFFFE, 0xFFFFFFFF, 0x00010000, 0xFFFFFFFF, 0xFFFEFFFF, 0xFFFFFFFF, 0x00010000, 0xFFFDFFFD, 0xFFFAFFFA, 0x00010001,
	0xFFFEFFFE, 0xFFF8FFF8, 0xFFFCFFFC, 0xFFFEFFFE, 0x00030003, 0x00060005, 0x00010000, 0x00000000, 0xFFFFFFFF, 0xFFFFFFFE, 0x0000FFFE,
	0xFFFEFFFF, 0xFFFEFFFF, 0xFFFDFFFD, 0xFFFFFFFD, 0x00030002, 0xFFFEFFFE, 0xFFFBFFFC, 0x00010002, 0xFFFF0000, 0xFFFDFFFD, 0x00020002,
	0x00000001, 0xFFFEFFFF, 0x00010000, 0xFFFDFFFD, 0xFFFCFFFD, 0xFFFDFFFD, 0xFFFFFFFE, 0x00010001, 0x00000002, 0x00010002, 0x00020002,
	0x00030003, 0xFFFFFFFF, 0xFFFBFFFA, 0x00000000, 0xFFFF0000, 0xFFFCFFFD, 0x00020001, 0x0002FFFF, 0xFFFCFFFB, 0xFFFDFFFE, 0x00000001,
	0xFFFEFFFF, 0x00000000, 0x00030002, 0x00030001, 0x00030002, 0xFFFFFFFF, 0x00020001, 0x00020002, 0xFFFCFFFC, 0x00020002, 0x00000001,
	0xFFFAFFFB, 0x00000001, 0x00000000, 0xFFFEFFFD, 0xFFFFFFFE, 0x00000001, 0x00030005, 0x00030002, 0x00020001, 0x00000001, 0xFFFF0000,
	0xFFFFFFFE, 0xFFFEFFFC, 0x00000000, 0x00010002, 0x00000000, 0xFFFFFFFF, 0xFFFCFFFD, 0xFFFCFFFD, 0x0000FFFF, 0xFFFEFFFE, 0xFFFCFFFD,
	0x00000002, 0x00020002, 0x00010000, 0x00010001, 0xFFFDFFFD, 0x00010001, 0x00030002, 0xFFFEFFFE, 0x00000001, 0xFFFF0000, 0xFFFCFFFE,
	0xFFFFFFFF, 0xFFFDFFFD, 0xFFFDFFFD, 0xFFFEFFFD, 0x00020000, 0x00040003, 0x00020003, 0x00010003, 0xFFFF0000, 0xFFFFFFFE, 0xFFFEFFFE,
	0xFFFBFFFC, 0xFFFBFFFA, 0xFFFEFFFC, 0x00020002, 0x00030004, 0x00030003, 0x00030003, 0x0000FFFF, 0xFFFEFFFF, 0xFFFE0001, 0xFFFDFFFE,
	0xFFFDFFFB, 0xFFFEFFFD, 0xFFFEFFFF, 0x00010002, 0x0001FFFF, 0xFFFDFFFC, 0xFFFEFFFF, 0xFFFF0001, 0xFFFF0000, 0xFFFEFFFE, 0xFFFDFFFC,
	0xFFFFFFFE, 0xFFFFFFFF, 0x00000001, 0x00030004, 0x00040004, 0x00020001, 0xFFFFFFFF, 0x00020002, 0x00030002, 0x00010000, 0x00010001,
	0xFFFFFFFE, 0xFFFDFFFD, 0xFFFDFFFE, 0x00000002, 0x00000002, 0xFFFEFFFE, 0x00030003, 0x00020003, 0x00000000, 0x00040002, 0xFFFFFFFE,
	0xFFFAFFFB, 0xFFFDFFFF, 0x0000FFFF, 0xFFFCFFFB, 0xFFFCFFFC, 0xFFFE0000, 0xFFFBFFFC, 0xFFFFFFFE, 0xFFFFFFFF, 0xFFFCFFFD, 0x00030003,
	0x00010000, 0x0000FFFF, 0x00030003, 0xFFFFFFFF, 0x00000000, 0xFFFFFFFF, 0xFFFDFFFE, 0x00010001, 0x00010001, 0xFFFBFFFB, 0xFFFCFFFC,
	0x00010000, 0xFFFDFFFD, 0x00030002, 0x00040003, 0xFFFBFFFB, 0x00010001, 0x00040003, 0x00000000, 0x00010000, 0x00020001, 0x00050004,
	0xFFFFFFFF, 0xFFFE0000, 0x00000001, 0xFFFEFFFF, 0x00020002, 0x0000FFFF, 0x0000FFFF, 0x00010000, 0x0000FFFF, 0x00020001, 0xFFFFFFFF,
	0x00000000, 0xFFFDFFFE, 0xFFFF0000, 0x00030004, 0xFFFEFFFF, 0x00030003, 0x00000000, 0xFFFCFFFE, 0x00000001, 0xFFFCFFFB, 0xFFFFFFFE,
	0xFFFEFFFE, 0x00000000, 0x00050005, 0xFFFEFFFE, 0x00000001, 0x00030004, 0xFFFFFFFF, 0x0000FFFF, 0x0000FFFF, 0xFFFFFFFF, 0xFFFEFFFE,
	0x00030004, 0x00030004, 0x0000FFFF, 0x0000FFFE, 0xFFFAFFFA, 0x00030003, 0x00070005, 0xFFFFFFFE, 0x00030003, 0x00020001, 0x0000FFFF,
	0x00000000, 0xFFFDFFFD, 0xFFFDFFFC, 0xFFFBFFFA, 0xFFFCFFFD, 0x00000001, 0x00020001, 0x0001FFFF, 0xFFFFFFFE, 0xFFFCFFFD, 0xFFFAFFFB,
	0x0000FFFF, 0x0000FFFF, 0xFFFFFFFF, 0x00040004, 0xFFFDFFFE, 0x00020003, 0x00040005, 0xFFFDFFFD, 0x00010000, 0xFFFFFFFE, 0x00010001,
	0x00020002, 0x00000000, 0x00050005, 0x00010000, 0x00030002, 0x00070007, 0x00030004, 0x00030003, 0x00020000, 0x00020001, 0xFFFEFFFD,
	0xFFFCFFFD, 0x00010002, 0xFFFEFFFF, 0x00000001, 0xFFFF0000, 0xFFFFFFFF, 0x00010001, 0x0000FFFF, 0xFFFEFFFE, 0xFFFCFFFD, 0x00020002,
	0x00040005, 0xFFFEFFFE, 0x00010002, 0x00040004, 0x0000FFFF, 0x00000000, 0xFFFF0000, 0xFFFEFFFE, 0x00020000, 0x00020002, 0xFFFE0000,
	0x00010002, 0x00000000, 0xFFFEFFFE, 0x00020002, 0x00000000, 0x00010001, 0x00010002, 0xFFFBFFFB, 0x00000000, 0xFFFF0000, 0xFFF9FFFA,
	0x0000FFFF, 0x00030001, 0xFFFFFFFF, 0x00000001, 0x00000000, 0x0000FFFF, 0x00020001, 0x00010000, 0xFFFFFFFF, 0xFFFDFFFC, 0xFFFBFFFB,
	0x00010001, 0x00020003, 0x00010002, 0xFFFF0000, 0xFFFDFFFE, 0x00020003, 0x00000000, 0xFFFFFFFE, 0x00020003, 0xFFFF0000, 0xFFFDFFFE,
	0xFFFDFFFD, 0xFFFEFFFD, 0x00010001, 0xFFFEFFFE, 0xFFFDFFFC, 0x0001FFFF, 0x00020001, 0xFFFD0000, 0xFFFDFFFF, 0x00010000, 0x0000FFFE,
	0x00010001, 0x00000001, 0xFFFDFFFE, 0x00000000, 0x00020002, 0x00020001, 0x00010000, 0x00020001, 0x00000001, 0xFFFCFFFE, 0xFFFEFFFF,
	0x00010000, 0x00020001, 0x00000000, 0x00000000, 0xFFFE0000, 0xFFFCFFFE, 0xFFFF0000, 0xFFFFFFFF, 0x00020002, 0x00020002, 0xFFFEFFFE,
	0x00030004, 0x00010001, 0xFFFFFFFE, 0x00030003, 0x00010002, 0x00010002, 0x00010001, 0x00020002, 0x00010002, 0xFFFFFFFF, 0x00050004,
	0x00030002, 0x00000000, 0xFFFFFFFF, 0xFFFCFFFB, 0xFFFFFFFF, 0xFFFF0000, 0x00010000, 0x00020001, 0xFFFEFFFE, 0xFFFDFFFD, 0xFFFFFFFF,
	0x0000FFFF, 0xFFFDFFFC, 0xFFFDFFFD, 0xFFFDFFFF, 0x00000001, 0x00060005, 0x0001FFFF, 0xFFFFFFFD, 0xFFFEFFFD, 0xFFFCFFFD, 0x00000001,
	0xFFFDFFFC, 0x00020002, 0x00050005, 0xFFFBFFFB, 0x00010001, 0x00020001, 0xFFFEFFFE, 0x00000001, 0xFFFCFFFC, 0xFFFEFFFE, 0x00030002,
	0x00030003, 0x00040005, 0x00010002, 0xFFFEFFFF, 0xFFFF0000, 0x00050005, 0x00040003, 0xFFFBFFFC, 0xFFFDFFFE, 0x00060006, 0x00050004,
	0xFFFFFFFE, 0x00000000, 0x00000000, 0x0000FFFF, 0x00030002, 0x00030002, 0x00020002, 0xFFFCFFFD, 0xFFFCFFFB, 0x00030002, 0x00010001,
	0xFFFEFFFF, 0xFFFDFFFD, 0xFFFEFFFE, 0x00010001, 0xFFFFFFFF, 0x0000FFFF, 0x0000FFFF, 0x00000000, 0x00020002, 0xFFFEFFFE, 0xFFFDFFFD,
	0xFFFFFFFF, 0xFFFEFFFF, 0xFFFDFFFE, 0x00010002, 0x00050005, 0x00020003, 0x00030004, 0x00040004, 0x00050004, 0x00020002, 0x0000FFFF,
	0x00050004, 0x00020002, 0xFFFEFFFF, 0x00000001, 0xFFFCFFFD, 0xFFFF0000, 0x00020002, 0xFFFF0000, 0x00010002, 0x00020001, 0xFFFEFFFE,
	0xFFFEFFFE, 0x00010002, 0x00030004, 0x00040004, 0x00060005, 0x00040004, 0xFFFEFFFF, 0xFFFF0000, 0x00050005, 0xFFFFFFFE, 0xFFFCFFFC,
	0x00050004, 0x0000FFFF, 0xFFFFFFFE, 0x00020002, 0x00000000, 0x00010001, 0xFFFEFFFE, 0xFFFFFFFF, 0x00040004, 0x00020001, 0x00010000,
	0x00030004, 0x00050005, 0x00000000, 0xFFFFFFFF, 0x00010002, 0xFFFDFFFE, 0x00010001, 0x00010001, 0x00000000, 0x00060006, 0x00020001,
	0xFFFF0000, 0x00020005, 0x00000002, 0x00020001, 0x00040003, 0x00020002, 0xFFFEFFFE, 0x0001FFFF, 0x00020002, 0x00000000, 0x00040004,
	0x00040005, 0x00000001, 0x00010001, 0x00010002, 0x00020003, 0x00010001, 0x00010001, 0x00030003, 0x00000000, 0x00000000, 0x00030003,
	0x00020002, 0x00020001, 0x00030002, 0x00020001, 0xFFFEFFFE, 0x00010001, 0x00040003, 0x00030004, 0xFFFF0002, 0xFFFF0001, 0x00030003,
	0x00010000, 0x00000000, 0x00030002, 0x00020000, 0x00010001, 0x00000001, 0x00010000, 0x00030002, 0x00040004, 0xFFFF0000, 0xFFFFFFFD,
	0x00070004, 0x00010000, 0xFFFBFFFB, 0x00020001, 0x00030003, 0x00050005, 0x00030002, 0x00030001, 0x00040004, 0xFFFF0000, 0x00020002,
	0x00040003, 0x00030003, 0x00050006, 0x00010001, 0x00020001, 0x00050006, 0x00010003, 0x00020001, 0x00040003, 0x00050006, 0x00040005,
	0x00010000, 0x00020000, 0x00020001, 0x00000000, 0x00010001, 0x00010002, 0xFFFDFFFE, 0xFFFDFFFD, 0x00030001, 0xFFFFFFFE, 0xFFFDFFFD,
	0x0001FFFF, 0x0000FFFF, 0x00010001, 0x0000FFFF, 0xFFFEFFFD, 0x00010003, 0xFFFBFFFF, 0xFFF8FFFA, 0xFFFEFFFD, 0xFFFFFFFD, 0xFFFEFFFE,
	0xFFFDFFFC, 0xFFFBFFF9, 0xFFFFFFFF, 0x00010002, 0x00010002, 0x00040004, 0x00000000, 0xFFFCFFFC, 0xFFFFFFFF, 0xFFFEFFFF, 0xFFFAFFFC,
	0x00010002, 0x00050005, 0x0000FFFF, 0xFFFFFFFF, 0xFFFDFFFC, 0xFFFCFFFC, 0x00000001, 0xFFFBFFFC, 0xFFFEFFFE, 0x00040004, 0xFFFEFFFE,
	0xFFFFFFFF, 0xFFFEFFFF, 0xFFF8FFF9, 0xFFFEFFFF, 0x00020001, 0x0000FFFE, 0x00040003, 0x00000000, 0xFFFCFFFC, 0x00010002, 0xFFFFFFFF,
	0xFFFDFFFB, 0x00000000, 0x00000001, 0xFFFFFFFF, 0xFFFFFFFD, 0x0000FFFF, 0xFFFEFFFF, 0xFFFCFFFE, 0x00010002, 0x00000000, 0x0000FFFF,
	0x00000000, 0xFFFBFFFB, 0xFFFDFFFD, 0xFFFFFFFF, 0xFFFFFFFD, 0xFFFFFFFE, 0x00000002, 0x00030004, 0x00000000, 0x00030004, 0x00030004,
	0xFFF8FFFA, 0xFFFCFFFD, 0xFFFF0000, 0xFFFDFFFD, 0xFFFFFFFF, 0x00020002, 0x00060006, 0x0000FFFF, 0xFFFDFFFC, 0x00010001, 0xFFFF0000,
	0xFFFFFFFF, 0x00010000, 0x00020001, 0x00000001, 0x00010003, 0x00050007, 0x00030004, 0x00030003, 0x0000FFFF, 0xFFFEFFFD, 0x00040003,
	0x0000FFFF, 0xFFFFFFFF, 0x00020002, 0xFFFFFFFF, 0x0000FFFF, 0xFFFEFFFE, 0x00000001, 0x00030004, 0x00000000, 0x00030002, 0x00040003,
	0xFFFFFFFD, 0x00000000, 0x00020004, 0x00010002, 0x00020002, 0x00040003, 0xFFFFFFFE, 0xFFFCFFFD, 0x00010001, 0x00030003, 0x00020004,
	0x00000003, 0xFFFF0001, 0x00010002, 0x00010002, 0x00020002, 0x00050004, 0x00010000, 0xFFFEFFFD, 0x00030003, 0x00020002, 0xFFFBFFFB,
	0xFFFFFFFF, 0x00020003, 0xFFFEFFFD, 0xFFFCFFFC, 0x00030004, 0x00070007, 0x00010000, 0x00010000, 0x00010003, 0xFFFF0001, 0x00030004,
	0x00020002, 0x00010000, 0xFFFDFFFC, 0xFFF9FFFA, 0x00000002, 0xFFFF0000, 0xFFFFFFFF, 0x00030002, 0x00000001, 0x00010003, 0x00000000,
	0x00040003, 0x00060005, 0xFFFEFFFD, 0x00020002, 0x00040004, 0xFFFFFFFE, 0x00020003, 0x00010002, 0x00020001, 0x00010000, 0xFFFF0000,
	0x00020004, 0x00000001, 0x00030003, 0x00050005, 0x00010000, 0x00040002, 0x00030002, 0xFFFFFFFF, 0xFFFFFFFF, 0xFFFEFFFF, 0xFFFCFFFE,
	0xFFFEFFFF, 0x0000FFFF, 0x0000FFFE, 0x0000FFFF, 0xFFFF0000, 0x00030003, 0x00050004, 0x00020002, 0x00030003, 0x00040004, 0x00040004,
	0x00010001, 0xFFFFFFFF, 0x00030002, 0x0000FFFE, 0x0001FFFF, 0x00030002, 0xFFFFFFFF, 0xFFFFFFFF, 0xFFFDFFFC, 0xFFFEFFFC, 0x00020000,
	0x00000000, 0x00020004, 0x00010003, 0x00000001, 0x00010002, 0x00010002, 0x00030003, 0x00000000, 0x00000000, 0x00010001, 0xFFFF0000,
	0x00010002, 0x00000000, 0x00020001, 0x00010000, 0xFFFFFFFE, 0x00020002, 0xFFFEFFFE, 0x0000FFFF, 0x00050004, 0x00020000, 0x00030003,
	0x00010002, 0x00010002, 0x00040005, 0xFFFFFFFF, 0xFFFEFFFD, 0x00020001, 0x00030002, 0x00020001, 0x00010002, 0x00010001, 0x00030003,
	0x00030004, 0xFFFDFFFF, 0x00000002, 0x00030003, 0xFFFFFFFD, 0x00040002, 0x00040003, 0xFFFFFFFD, 0x00050004, 0x00060005, 0x00010000,
	0x00050005, 0x00060005, 0x00010001, 0x00050006, 0x00050004, 0x0000FFFF, 0x00030004, 0x00050006, 0x00040004, 0x00030002, 0x00000001,
	0x00020003, 0x00010001, 0xFFFDFFFA, 0xFFFCFFFA, 0x0000FFFF, 0x00010000, 0x00010001, 0x00020003, 0xFFFCFFFD, 0xFFFF0000, 0x00040006,
	0xFFFEFFFE, 0x0000FFFE, 0x00020001, 0x00020003, 0x00060008, 0x00040004, 0x00040005, 0x00010003, 0xFFFDFFFE, 0x00020001, 0x0001FFFF,
	0x0000FFFF, 0x00010000, 0x00020001, 0x00000001, 0xFFFDFFFF, 0xFFFEFFFF, 0xFFFEFFFD, 0xFFFEFFFE, 0xFFFFFFFF, 0xFFFDFFFC, 0xFFFEFFFE,
	0xFFFDFFFF, 0xFFFE0000, 0x0000FFFE, 0x00010000, 0x00030004, 0x00010001, 0x00020000, 0xFFFDFFFC, 0xFFFAFFFC, 0x00010003, 0x00020002,
	0x00030002, 0x00000001, 0xFFFFFFFF, 0x00020001, 0x00020001, 0x00040003, 0x00030002, 0x00030003, 0x00030004, 0xFFFCFFFC, 0xFFFDFFFC,
	0xFFFCFFFC, 0xFFF9FFF9, 0xFFFDFFFD, 0xFFFEFFFD, 0xFFFEFFFD, 0xFFFEFFFE, 0x00020002, 0x00040006, 0xFFFF0002, 0x00000001, 0x00000000,
	0xFFFFFFFE, 0xFFFF0000, 0xFFFEFFFE, 0x0000FFFF, 0x0000FFFF, 0xFFFDFFFE, 0x00010001, 0x00000000, 0xFFFEFFFF, 0x00000001, 0x00010000,
	0x00040002, 0x00010000, 0xFFFAFFFA, 0xFFFE0000, 0x00000002, 0xFFFF0001, 0x00030003, 0xFFFFFFFF, 0x00000000, 0x00000001, 0xFFF8FFF9,
	0xFFFCFFFE, 0xFFFF0001, 0x00000000, 0x00030003, 0xFFFFFFFE, 0x0000FFFF, 0x00030002, 0x00020000, 0x00000000, 0x00010002, 0x00010001,
	0xFFFEFFFE, 0x00000000, 0xFFFFFFFF, 0x00000000, 0x00040004, 0xFFFDFFFE, 0x00000000, 0x00010000, 0xFFFDFFFD, 0x00020003, 0x00010000,
	0x0000FFFE, 0x0001FFFF, 0xFFFDFFFD, 0x00010001, 0x00020002, 0x00000000, 0xFFFDFFFE, 0xFFFBFFFC, 0xFFFCFFFC, 0xFFFEFFFC, 0x00030002,
	0xFFFEFFFF, 0xFFFDFFFF, 0x00020003, 0xFFFDFFFC, 0x00000000, 0xFFFE0001, 0xFFF7FFF8, 0xFFFDFFFD, 0xFFFCFFFC, 0xFFF9FFF9, 0xFFFDFFFE,
	0xFFFE0000, 0x00000001, 0xFFFEFFFD, 0xFFFFFFFD, 0x00020001, 0xFFFCFFFE, 0xFFFCFFFC, 0xFFFEFFFD, 0xFFFEFFFD, 0xFFFEFFFE, 0xFFFDFFFD,
	0xFFFDFFFC, 0xFFFFFFFF, 0x0000FFFF, 0xFFFCFFFC, 0xFFFCFFFD, 0xFFFEFFFF, 0xFFFDFFFC, 0xFFFFFFFE, 0xFFFEFFFE, 0xFFF9FFFB, 0xFFFDFFFD,
	0xFFFFFFFF, 0xFFFBFFFB, 0xFFFCFFFD, 0x00010000, 0x00010000, 0xFFFFFFFE, 0x0000FFFF, 0x0000FFFF, 0xFFF9FFFA, 0xFFF8FFFB, 0x00020003,
	0x00050004, 0x00000000, 0xFFFDFFFD, 0xFFFCFFFB, 0xFFFFFFFD, 0xFFFEFFFE, 0xFFFDFFFE, 0xFFFEFFFF, 0x00020002, 0x00020002, 0xFFFDFFFE,
	0x00000001, 0xFFFF0000, 0xFFFDFFFC, 0xFFFEFFFC, 0xFFF9FFF9, 0xFFFFFFFF, 0x00040005, 0x00010000, 0x00020002, 0xFFFFFFFF, 0x00010001,
	0x00050004, 0xFFFDFFFD, 0xFFFEFFFF, 0x00000001, 0xFFFDFFFD, 0xFFFFFFFF, 0xFFFFFFFF, 0xFFFFFFFE, 0x0000FFFF, 0x00010001, 0x00010002,
	0x00000001, 0x00010002, 0x00000000, 0x00040002, 0x00030000, 0xFFFCFFFA, 0x00010002, 0x00040006, 0xFFFEFFFD, 0xFFFDFFFB, 0x00000000,
	0x00010001, 0xFFFDFFFF, 0x00000001, 0x00030002, 0x00020001, 0x00020003, 0x00000001, 0xFFFDFFFE, 0xFFFEFFFF, 0xFFFFFFFF, 0x00010001,
	0x00010001, 0x00010001, 0x00030003, 0x0000FFFF, 0xFFFAFFF8, 0xFFFCFFFB, 0x0000FFFF, 0xFFFEFFFD, 0xFFFDFFFD, 0x00000000, 0x00030002,
	0x00020001, 0x00000001, 0x00010004, 0x00000001, 0x0000FFFF, 0xFFFFFFFF, 0xFFFF0001, 0x00010003, 0xFFFAFFFC, 0xFFFBFFFB, 0x00020000,
	0x0000FFFD, 0xFFFEFFFC, 0xFFFBFFFB, 0xFFFCFFFC, 0xFFFDFFFD, 0xFFF9FFFA, 0xFFFDFFFE, 0x00020001, 0x0000FFFF, 0xFFFEFFFF, 0xFFFCFFFE,
	0x00010002, 0x00010001, 0xFFFAFFFA, 0xFFFEFFFD, 0x00020000, 0xFFFFFFFE, 0xFFFF0000, 0x00000001, 0x00000000, 0x00000001, 0xFFFF0000,
	0xFFFEFFFF, 0x00020001, 0x00050003, 0x00050004, 0x00040003, 0x00020002, 0x00050007, 0x00040004, 0xFFFFFFFF, 0x00000001, 0x00000002,
	0x00000000, 0xFFFFFFFD, 0xFFFEFFFC, 0xFFFF0000, 0xFFFF0000, 0xFFFDFFFE, 0xFFFDFFFE, 0x00000001, 0x00000001, 0xFFFF0001, 0x00030004,
	0x00010000, 0xFFFFFFFE, 0x00000000, 0x00000000, 0x00010000, 0x00020001, 0x00040005, 0x00060006, 0x00020001, 0x00020002, 0x00040006,
	0x00020002, 0xFFFEFFFE, 0x00000000, 0xFFFEFFFE, 0xFFFDFFFD, 0x00020001, 0x00010001, 0x00000000, 0x00020001, 0xFFFEFFFF, 0xFFFDFFFF,
	0xFFFE0000, 0x00000000, 0x00030002, 0x00020001, 0xFFFFFFFF, 0xFFFF0000, 0x00010001, 0xFFFFFFFF, 0xFFFFFFFF, 0x00000001, 0x00010001,
	0x00010001, 0x00000000, 0x00020002, 0x00000000, 0xFFFDFFFF, 0xFFFF0002, 0xFFFCFFFE, 0xFFFEFFFF, 0x00020002, 0x00010001, 0x00030003,
	0x00000000, 0x00010001, 0x00010002, 0x00010000, 0x00070006, 0x00040004, 0xFFFEFFFE, 0xFFFFFFFF, 0x00010000, 0x00020002, 0x00020002,
	0x00050005, 0x00030003, 0xFFFEFFFE, 0x0000FFFF, 0xFFFEFFFD, 0xFFFFFFFF, 0x00020003, 0x00000001, 0x00020001, 0xFFFEFFFD, 0xFFFF0000,
	0x00040004, 0xFFFDFFFD, 0xFFFFFFFF, 0x00020003, 0xFFFFFFFF, 0x00000001, 0x00010002, 0x00000000, 0xFFFEFFFC, 0xFFFFFFFD, 0x0000FFFE,
	0xFFFFFFFE, 0x00000000, 0xFFFEFFFF, 0xFFFEFFFF, 0x00010001, 0xFFFEFFFF, 0x00000001, 0x00040005, 0x00010002, 0x00000000, 0x00010002,
	0x00040004, 0x00000000, 0xFFFDFFFC, 0x00040003, 0x00030001, 0xFFFBFFFB, 0xFFFCFFFD, 0xFFFBFFFC, 0xFFFEFFFD, 0x00010000, 0xFFFDFFFE,
	0x00000000, 0xFFFFFFFF, 0xFFFDFFFD, 0x00010000, 0x00020001, 0x00020003, 0x00020003, 0x00010000, 0x0000FFFE, 0xFFFFFFFE, 0xFFFE0000,
	0xFFFE0000, 0x00030002, 0x00010000, 0xFFFCFFFC, 0x00010000, 0x0000FFFE, 0x0000FFFF, 0x0000FFFF, 0xFFFBFFFA, 0x00010000, 0x00030003,
	0x00030004, 0x00060006, 0x00020002, 0x00040005, 0x00010002, 0xFFFFFFFF, 0x00040005, 0x00020002, 0x00040003, 0x00040004, 0x00010001,
	0x00050006, 0x00050005, 0x00030002, 0x00000001, 0x00000002, 0x00060006, 0x00050005, 0x00040004, 0x00000002, 0xFFFF0001, 0x00010001,
	0xFFFFFFFF, 0x00020002, 0x00020002, 0x00010001, 0x00020002, 0x0000FFFF, 0x00010001, 0x00020002, 0x00040004, 0x00040004, 0x00010001,
	0x00060007, 0x00040005, 0x00000000, 0x00040004, 0x00020002, 0x00030003, 0x00030003, 0x00000000, 0x00020002, 0x00010002, 0x00010002,
	0x00020002, 0x00020001, 0x00040003, 0xFFFF0000, 0xFFFDFFFF, 0x00040006, 0x00020002, 0xFFFEFFFC, 0xFFFFFFFE, 0x00020002, 0x00030003,
	0xFFFFFFFF, 0x00020002, 0x00030003, 0xFFFCFFFC, 0x00000000, 0x00030002, 0xFFFEFFFD, 0x0000FFFF, 0x00020001, 0x00020002, 0x00000000,
	0xFFFFFFFF, 0x00010001, 0x00010001, 0x00020002, 0xFFFCFFFC, 0xFFFAFFFA, 0x00050005, 0x00030004, 0xFFFFFFFF, 0x00000001, 0x00000002,
	0x00020002, 0x00020002, 0x00040002, 0x0001FFFF, 0xFFFEFFFD, 0xFFFFFFFF, 0xFFFCFFFD, 0x00020002, 0x00050004, 0x00000000, 0x00020002,
	0x00020002, 0x00030003, 0x00000001, 0xFFFEFFFE, 0xFFFFFFFD, 0xFFFEFFFC, 0x00040004, 0x00030006, 0xFFFDFFFE, 0xFFFF0000, 0x00000002,
	0x00000001, 0xFFFFFFFF, 0xFFFCFFFB, 0x00000000, 0x00020003, 0xFFFDFFFE, 0xFFFEFFFF, 0x00030005, 0x00010001, 0xFFFFFFFD, 0x00010001,
	0xFFFEFFFD, 0xFFFFFFFE, 0x00010000, 0xFFFFFFFF, 0x00020003, 0x00010002, 0x00020001, 0x00030004, 0xFFFEFFFF, 0x00000000, 0x00020003,
	0x00010002, 0x00010000, 0x00040003, 0x00050005, 0xFFFF0000, 0xFFFDFFFC, 0x0000FFFF, 0x00020001, 0x00020004, 0x00020004, 0x00000001,
	0xFFFFFFFF, 0x00040002, 0x00040002, 0x0000FFFF, 0x00010001, 0x00000000, 0x00010000, 0x00050003, 0x00040003, 0x00030003, 0x00010001,
	0x0000FFFF, 0x00020002, 0xFFFF0001, 0xFFFE0000, 0x00020003, 0x00010003, 0x00010003, 0x00040005, 0x00030002, 0x00020000, 0x00030002,
	0x00010002, 0xFFFFFFFE, 0xFFFDFFFB, 0x00000000, 0x00030003, 0x0000FFFF, 0x0000FFFE, 0x0000FFFF, 0xFFFF0000, 0x00000001, 0x00010002,
	0x00060007, 0x00030002, 0xFFFFFFFE, 0x00040004, 0xFFFF0001, 0xFFFCFFFD, 0x00010002, 0x00040004, 0x00020002, 0x00000001, 0x00020002,
	0x00030002, 0x00030003, 0x00040006, 0x00040006, 0x00030004, 0x0000FFFF, 0x00020001, 0x00050004, 0x00050003, 0x00060006, 0x0000FFFF,
	0xFFFEFFFD, 0x00010002, 0xFFFEFFFF, 0x00020003, 0x00040004, 0xFFFFFFFE, 0x00000000, 0x00000001, 0xFFFFFFFF, 0xFFFF0000, 0x00010002,
	0x00020002, 0xFFFFFFFF, 0xFFFFFFFF, 0x0000FFFF, 0xFFFEFFFD, 0xFFFDFFFD, 0xFFFFFFFF, 0x00020001, 0x00040001, 0xFFFFFFFC, 0xFFFDFFFC,
	0x00030003, 0x00010001, 0xFFFFFFFF, 0x00010001, 0xFFFFFFFF, 0xFFFFFFFD, 0xFFFDFFFC, 0xFFFDFFFE, 0x00010002, 0xFFFEFFFE, 0xFFFFFFFF,
	0x00010001, 0x00010001, 0x00050004, 0x0000FFFF, 0xFFFEFFFF, 0xFFFFFFFF, 0xFFFFFFFF, 0x00010001, 0xFFFEFFFF, 0xFFFEFFFE, 0xFFFDFFFB,
	0xFFFDFFFA, 0x00020000, 0xFFFFFFFF, 0x00010002, 0x00030003, 0xFFFFFFFE, 0x00060006, 0x00050006, 0xFFFEFFFE, 0x00000000, 0xFFFE0000,
	0xFFFDFFFF, 0x00010003, 0xFFFF0000, 0xFFFDFFFD, 0x00010001, 0x00000000, 0xFFFEFFFD, 0x00010002, 0x00020003, 0x00040003, 0x00050004,
	0xFFFFFFFF, 0xFFFEFFFE, 0xFFFEFFFF, 0xFFFCFFFE, 0xFFFDFFFF, 0xFFFEFFFE, 0xFFFDFFFB, 0xFFFCFFFB, 0xFFFDFFFD, 0xFFFDFFFC, 0xFFFCFFFC,
	0xFFFCFFFC, 0xFFFBFFFA, 0xFFFEFFFD, 0x00020001, 0xFFFEFFFE, 0xFFFCFFFD, 0x00030004, 0x00040005, 0xFFFDFFFE, 0xFFFCFFFB, 0xFFFDFFFC,
	0xFFFBFFFB, 0xFFFFFFFF, 0x00030002, 0xFFFDFFFC, 0xFFFCFFFC, 0x00000000, 0xFFFEFFFD, 0xFFFEFFFD, 0xFFFBFFFC, 0xFFF6FFF7, 0xFFFFFFFE,
	0x00020001, 0xFFFFFFFF, 0x00000001, 0xFFF8FFF9, 0xFFFAFFFA, 0x0000FFFF, 0xFFFBFFF9, 0xFFFFFFFD, 0x0000FFFF, 0xFFFBFFFB, 0xFFFFFFFF,
	0xFFFDFFFE, 0xFFFBFFFB, 0xFFFDFFFE, 0x00000001, 0x00040003, 0x00000000, 0xFFFDFFFE, 0xFFFF0000, 0xFFFCFFFC, 0xFFF9FFF8, 0xFFFF0000,
	0x00020001, 0xFFFDFFFB, 0xFFFEFFFD, 0xFFFBFFFC, 0xFFFCFFFD, 0x00010001, 0xFFFEFFFE, 0xFFFEFFFE, 0xFFFFFFFE, 0xFFFDFFFD, 0x00010002,
	0xFFFFFFFF, 0xFFFFFFFE, 0x00020000, 0x00000001, 0x00020003, 0x00010001, 0xFFFDFFFD, 0xFFFEFFFF, 0x00020004, 0x00040005, 0x00010000,
	0x00010000, 0x00030003, 0x00030003, 0x00010002, 0xFFFFFFFF, 0x0000FFFE, 0x00020000, 0x00010001, 0x00010001, 0x00020001, 0x0000FFFF,
	0xFFFDFFFD, 0xFFFFFFFF, 0x00030002, 0x00040002, 0x00000000, 0xFFFEFFFE, 0xFFFFFFFF, 0xFFFDFFFD, 0xFFFFFFFF, 0x00030003, 0x00000000,
	0xFFFEFFFE, 0x00000000, 0x00000000, 0xFFFF0000, 0x00000002, 0x00020002, 0x00010000, 0x00020001, 0x00010000, 0xFFFEFFFD, 0xFFFFFFFE,
	0x0000FFFF, 0x00000000, 0xFFFFFFFF, 0x0000FFFF, 0x00020002, 0x00000000, 0x00010000, 0x00010001, 0x00010003, 0x00020003, 0xFFFEFFFE,
	0xFFFEFFFE, 0xFFFCFFFD, 0xFFFBFFFC, 0xFFFFFFFE, 0xFFFFFFFF, 0xFFFEFFFF, 0xFFFCFFFB, 0xFFFEFFFE, 0x00020002, 0xFFFCFFFC, 0x0000FFFF,
	0x00050005, 0xFFFEFFFE, 0xFFFDFFFE, 0x00030002, 0x00030002, 0xFFFFFFFE, 0xFFFEFFFD, 0x00020001, 0x00000001, 0x00000001, 0x00050007,
	0x00020002, 0xFFFCFFFC, 0x00020003, 0x00030004, 0xFFFFFFFE, 0x00030002, 0x00010002, 0xFFFEFFFF, 0xFFFDFFFF, 0xFFFCFFFC, 0x0000FFFF,
	0x00000000, 0xFFFFFFFF, 0x0000FFFF, 0xFFFEFFFD, 0x00010001, 0x00020002, 0x00000001, 0xFFFF0001, 0xFFFCFFFD, 0xFFFFFFFE, 0x0001FFFF,
	0xFFFCFFFB, 0xFFFBFFFB, 0xFFFFFFFF, 0x00010002, 0xFFFDFFFF, 0xFFFFFFFF, 0x00040002, 0x0000FFFE, 0x0000FFFF, 0x00030003, 0x00030003,
	0x00060007, 0x00050005, 0x00020002, 0x00050005, 0x00020002, 0x00010001, 0x00040003, 0x00010000, 0x00000001, 0x00030003, 0x00030002,
	0x00030003, 0x00000002, 0x00010002, 0x00030003, 0xFFFFFFFF, 0xFFFFFFFF, 0x00000002, 0xFFFEFFFF, 0xFFFCFFFD, 0xFFFEFFFF, 0x00040003,
	0x00030003, 0xFFFFFFFE, 0xFFFDFFFC, 0x00010000, 0x00030001, 0xFFFDFFFC, 0xFFFDFFFE, 0x00000000, 0xFFFEFFFD, 0xFFFFFFFF, 0xFFFFFFFE,
	0xFFF9FFF9, 0xFFFBFFFA, 0x00020001, 0x00020003, 0xFFFEFFFF, 0xFFFFFFFF, 0xFFFFFFFE, 0x00010000, 0x00030004, 0xFFFDFFFF, 0x00000001,
	0x00040003, 0x00020001, 0x00040004, 0x00020002, 0x00020002, 0x00030003, 0x00020002, 0x00030002, 0x00020001, 0x00050004, 0x00040004,
	0x00020002, 0x00050005, 0x00020001, 0x00020001, 0x00040004, 0xFFFF0000, 0x00020003, 0x00000001, 0x00000000, 0x00040005, 0x00000001,
	0x00000000, 0x00040005, 0x00030003, 0x00030003, 0x00040004, 0xFFFEFFFE, 0xFFFBFFFC, 0xFFFEFFFF, 0xFFFEFFFE, 0x0000FFFE, 0x00030000,
	0x0000FFFF, 0xFFFCFFFC, 0xFFFCFFFC, 0x0000FFFF, 0x00010002, 0x00000001, 0x00000001, 0xFFFDFFFE, 0xFFFEFFFF, 0x00000000, 0xFFFDFFFD,
	0x00000001, 0x00000002, 0xFFFCFFFD, 0xFFFDFFFE, 0x00010001, 0x0000FFFF, 0xFFFCFFFC, 0x00000000, 0x00000002, 0xFFFDFFFE, 0x00040004,
	0x00040004, 0xFFFDFFFD, 0x00020002, 0x00050004, 0xFFFEFFFD, 0xFFFCFFFD, 0xFFFFFFFF, 0x00010002, 0x00030005, 0x00010002, 0xFFFDFFFD,
	0xFFFDFFFD, 0xFFFFFFFF, 0xFFFF0000, 0x00020002, 0x00000000, 0xFFFCFFFC, 0xFFFEFFFD, 0x0000FFFF, 0xFFFFFFFF, 0xFFFFFFFF, 0xFFFFFFFF,
	0x00000000, 0xFFFFFFFF, 0xFFFF0000, 0x00030004, 0x00010001, 0x00010001, 0x00020002, 0x00000000, 0x00000001, 0x00000000, 0x00020001,
	0x00020000, 0xFFFFFFFE, 0x00010002, 0xFFFDFFFD, 0xFFFCFFFB, 0x00040004, 0x00000002, 0xFFFDFFFD, 0xFFFEFFFD, 0xFFFEFFFD, 0x00020002,
	0x00020003, 0xFFFF0000, 0xFFFF0000, 0x00010002, 0x00010001, 0xFFFFFFFE, 0xFFFBFFFB, 0xFFF9FFFA, 0xFFFEFFFF, 0x00010001, 0x00010001,
	0xFFFF0000, 0xFFFEFFFF, 0x00020002, 0x00000000, 0xFFFCFFFD, 0x00000000, 0xFFFFFFFE, 0xFFFFFFFD, 0x0000FFFF, 0xFFFFFFFF, 0x00010001,
	0xFFFDFFFD, 0xFFFEFFFE, 0x00020002, 0xFFFFFFFF, 0xFFFFFFFF, 0xFFFEFFFE, 0x00010002, 0x00010003, 0xFFFFFFFF, 0x00020001, 0x00010001,
	0xFFFDFFFF, 0xFFFDFFFF, 0xFFFDFFFD, 0xFFFEFFFC, 0xFFFEFFFC, 0xFFFEFFFF, 0xFFFEFFFF, 0xFFFBFFFB, 0xFFFFFFFE, 0xFFFFFFFF, 0xFFFDFFFE,
	0x00000000, 0x00020001, 0x00020002, 0xFFFF0001, 0xFFFCFFFE, 0xFFFF0001, 0x00030004, 0xFFFFFFFF, 0xFFFCFFFC, 0x00020002, 0x00040005,
	0xFFFF0000, 0xFFFF0001, 0x00010001, 0xFFFDFFFD, 0xFFFEFFFE, 0x00020002, 0x00010001, 0xFFFEFFFE, 0x00000000, 0x00020001, 0x00010000,
	0xFFFCFFFB, 0xFFFAFFFB, 0xFFFEFFFF, 0x00000000, 0x00000000, 0x00020002, 0x00010001, 0xFFFEFFFE, 0x00000000, 0x00000000, 0xFFFEFFFF,
	0xFFFF0002, 0x00030005, 0x00040004, 0x00040003, 0x00030003, 0xFFFFFFFF, 0x00000001, 0x00030003, 0x0000FFFF, 0x00010001, 0x00010001,
	0xFFFCFFFB, 0x0000FFFF, 0x00020001, 0xFFFCFFFC, 0xFFFFFFFE, 0x00020000, 0xFFFFFFFF, 0x00010002, 0x00040005, 0x00030004, 0x00000001,
	0xFFFE0000, 0xFFFDFFFE, 0xFFFDFFFD, 0xFFFDFFFD, 0xFFFCFFFC, 0xFFFCFFFC, 0xFFFFFFFE, 0x0000FFFE, 0x0000FFFF, 0x00010000, 0xFFFEFFFE,
	0xFFFDFFFE, 0xFFFF0000, 0xFFFCFFFC, 0xFFFBFFFA, 0xFFFCFFFC, 0xFFFEFFFF, 0x00020003, 0xFFFFFFFE, 0xFFFCFFFB, 0x00000000, 0xFFFEFFFF,
	0xFFFDFFFE, 0x00000000, 0xFFFEFFFF, 0xFFFE0000, 0x00000002, 0xFFFF0000, 0xFFFDFFFC, 0x0000FFFF, 0x00020003, 0xFFFFFFFF, 0x00020001,
	0x00030002, 0xFFFDFFFE, 0xFFFE0000, 0x00010001, 0x00020000, 0xFFFEFFFE, 0xFFFAFFFB, 0xFFFCFFFC, 0xFFFEFFFE, 0x00020002, 0x00000001,
	0xFFFBFFFB, 0xFFFDFFFC, 0xFFFFFFFF, 0xFFFEFFFF, 0x00000001, 0x00010002, 0xFFFDFFFE, 0xFFFBFFFA, 0xFFFCFFFC, 0xFFFDFFFD, 0xFFFCFFFB,
	0xFFFCFFFB, 0xFFFFFFFE, 0xFFFF0000, 0xFFFCFFFE, 0xFFFF0000, 0x00010002, 0xFFFFFFFF, 0x00020002, 0x00020002, 0xFFFEFFFF, 0xFFFEFFFF,
	0xFFFDFFFD, 0xFFFFFFFD, 0xFFFDFFFC, 0xFFFCFFFD, 0x00010001, 0x00020001, 0xFFFFFFFF, 0xFFFEFFFF, 0xFFFEFFFF, 0xFFFFFFFE, 0x00020000,
	0x00080008, 0x00030003, 0xFFFDFFFC, 0x00040003, 0x00030003, 0xFFFDFFFE, 0x00010001, 0xFFFFFFFF, 0xFFFEFFFE, 0x00040004, 0x00030004,
	0xFFFEFFFE, 0xFFFFFFFE, 0x0000FFFE, 0xFFFAFFF9, 0xFFF8FFFA, 0xFFFBFFFC, 0xFFFCFFFC, 0xFFFDFFFE, 0xFFF9FFFB, 0xFFF9FFFB, 0xFFFCFFFC,
	0xFFFAFFF9, 0xFFFDFFFC, 0xFFFDFFFE, 0xFFF9FFFA, 0xFFFCFFFD, 0x00000001, 0x00000001, 0x00000000, 0x00010000, 0xFFFFFFFE, 0xFFFCFFFC,
	0xFFFEFFFE, 0xFFFFFFFE, 0xFFFCFFFB, 0xFFFEFFFE, 0x00010000, 0xFFFFFFFE, 0xFFFFFFFE, 0xFFFCFFFC, 0xFFFBFFFB, 0x00000000, 0x00000000,
	0xFFFEFFFF, 0xFFFF0000, 0xFFFDFFFD, 0xFFFCFFFB, 0xFFFDFFFC, 0xFFFEFFFE, 0x00050004, 0x00010002, 0xFFFBFFFD, 0xFFFF0001, 0xFFFEFFFD,
	0x0000FFFF, 0x00050005, 0xFFFEFFFF, 0xFFFEFFFE, 0x00070005, 0x00070006, 0x00040004, 0xFFFFFFFF, 0xFFFFFFFF, 0x00010001, 0xFFFFFFFF,
	0x00010001, 0x00030003, 0x00000001, 0x00000000, 0x00050004, 0x00020002, 0xFFFCFFFC, 0x00000000, 0x00040003, 0x00010001, 0xFFFEFFFE,
	0xFFFDFFFC, 0xFFFFFFFF, 0x00000001, 0x00010001, 0x00020001, 0x0000FFFF, 0xFFFEFFFE, 0xFFFDFFFD, 0x0000FFFE, 0x0000FFFF, 0xFFFCFFFD,
	0x00030004, 0x00050005, 0xFFFAFFFA, 0xFFF9FFFA, 0xFFFF0000, 0xFFFEFFFD, 0xFFFCFFFB, 0xFFFFFFFF, 0x00000001, 0x00010000, 0xFFFFFFFE,
	0xFFFCFFFC, 0xFFFEFFFD, 0x00010000, 0x00020001, 0x00030003, 0x00010001, 0xFFFDFFFD, 0xFFFCFFFD, 0xFFFDFFFD, 0xFFFDFFFC, 0xFFFEFFFD,
	0x00000000, 0xFFFFFFFF, 0xFFFAFFFB, 0xFFFEFFFE, 0x00020002, 0x00000000, 0x00010000, 0x00030002, 0x00000001, 0xFFFDFFFE, 0xFFFBFFFB,
	0xFFFEFFFD, 0x00020000, 0xFFFFFFFE, 0xFFFDFFFD, 0x00000000, 0x0000FFFF, 0x0000FFFF, 0x00030002, 0x00010000, 0x0000FFFF, 0xFFFFFFFE,
	0xFFFCFFFC, 0x00010002, 0x0000FFFF, 0xFFFBFFFA, 0xFFFFFFFF, 0x00000001, 0xFFFFFFFF, 0x0000FFFF, 0xFFFFFFFF, 0x00010002, 0x00020002,
	0xFFFFFFFF, 0xFFFEFFFD, 0x0000FFFF, 0x00030002, 0x00010001, 0xFFFF0000, 0xFFFF0000, 0x00010000, 0xFFFDFFFB, 0xFFFAFFF8, 0xFFFFFFFE,
	0x00020001, 0x00030003, 0x00030003, 0xFFFEFFFD, 0xFFFFFFFF, 0xFFFF0000, 0xFFFAFFFB, 0x00010001, 0x00030001, 0xFFFEFFFD, 0x00000000,
	0xFFFEFFFE, 0xFFFEFFFF, 0x00000001, 0x00010001, 0x00020001, 0xFFFCFFFA, 0xFFFBFFF9, 0x00010000, 0xFFFFFFFF, 0xFFFDFFFE, 0xFFFF0000,
	0xFFFFFFFE, 0xFFFDFFFC, 0xFFFCFFFC, 0xFFFDFFFC, 0xFFFEFFFE, 0xFFFCFFFC, 0xFFFAFFFA, 0xFFFFFFFF, 0x00030003, 0xFFFF0000, 0xFFFDFFFD,
	0xFFFDFFFC, 0xFFFCFFFB, 0xFFFAFFFA, 0xFFFBFFFC, 0xFFFDFFFE, 0xFFFEFFFE, 0xFFFFFFFF, 0xFFFDFFFD, 0xFFFDFFFC, 0xFFFEFFFE, 0xFFFAFFFB,
	0xFFF7FFF8, 0xFFF9FFF9, 0xFFFEFFFE, 0x0000FFFF, 0xFFFBFFFA, 0xFFFBFFFA, 0xFFFBFFFC, 0xFFFBFFFC, 0xFFFFFFFE, 0xFFFEFFFC, 0xFFFEFFFD,
	0xFFFEFFFE, 0xFFFEFFFE, 0xFFFF0000, 0xFFFCFFFC, 0xFFFCFFFC, 0x00020000, 0x0000FFFE, 0xFFFCFFFC, 0xFFFAFFFB, 0xFFFAFFFA, 0xFFFCFFFC,
	0xFFFCFFFC, 0xFFFF0000, 0x00000001, 0xFFFCFFFC, 0xFFFEFFFE, 0x00030003, 0x00060006, 0x00010001, 0xFFFAFFFA, 0xFFFDFFFD, 0x00000000,
	0x00000000, 0xFFFFFFFF, 0xFFFDFFFD, 0x0000FFFF, 0x00010000, 0xFFFDFFFE, 0xFFFBFFFC, 0xFFFEFFFD, 0xFFFFFFFD, 0xFFFFFFFF, 0x00020002,
	0xFFFFFFFE, 0xFFFDFFFB, 0xFFFFFFFE, 0xFFFEFFFE, 0xFFFCFFFC, 0xFFFDFFFC, 0x0000FFFE, 0x00020001, 0xFFFFFFFF, 0xFFFCFFFC, 0xFFFDFFFD,
	0xFFFF0000, 0x00010002, 0xFFFF0000, 0xFFFCFFFB, 0xFFFDFFFD, 0xFFFFFFFF, 0xFFFEFFFD, 0x0000FFFF, 0x00000000, 0xFFFEFFFE, 0xFFFDFFFD,
	0xFFF9FFF9, 0xFFFAFFFB, 0xFFFEFFFE, 0xFFFBFFFB, 0xFFFFFFFF, 0xFFFF0000, 0xFFF8FFF8, 0xFFFDFFFC, 0xFFFFFFFF, 0xFFFBFFFB, 0xFFFFFFFF,
	0xFFFCFFFC, 0xFFFAFFFB, 0xFFFEFFFF, 0xFFFFFFFF, 0xFFFFFFFF, 0xFFFEFFFE, 0xFFFCFFFD, 0xFFFDFFFE, 0xFFFEFFFD, 0xFFFDFFFE, 0x00000000,
	0x00010001, 0xFFFFFFFF, 0xFFFEFFFF, 0xFFFCFFFC, 0xFFFDFFFC, 0x00010001, 0xFFFF0000, 0xFFFF0000, 0x00040004, 0xFFFFFFFE, 0xFFFEFFFD,
	0x00020002, 0x00010001, 0xFFFF0000, 0xFFFFFFFF, 0x00010001, 0xFFFCFFFC, 0xFFF7FFF8, 0x00010002, 0x00010001, 0xFFF7FFF8, 0xFFFCFFFC,
	0xFFFFFFFF, 0xFFFBFFFA, 0xFFFCFFFA, 0xFFFFFFFE, 0xFFFDFFFF, 0xFFFCFFFE, 0x00000000, 0xFFFFFFFD, 0xFFF9FFF9, 0xFFFDFFFD, 0x00010001,
	0x00010000, 0xFFFFFFFE, 0xFFFFFFFE, 0xFFFFFFFF, 0x00010000, 0x00030003, 0x00000002, 0xFFFBFFFC, 0xFFFBFFFA, 0xFFFDFFFD, 0xFFFEFFFF,
	0xFFFEFFFE, 0xFFFCFFFC, 0xFFFEFFFE, 0xFFFFFFFF, 0xFFFFFFFF, 0x00020001, 0x00030003, 0x00010001, 0x00030003, 0x00020002, 0x00010002,
	0x00010003, 0xFFFEFFFE, 0x00010000, 0x00040004, 0xFFFDFFFE, 0xFFFF0000, 0x00030002, 0x00030002, 0x00050005, 0x00010002, 0xFFFF0000,
	0x00010003, 0x00010002, 0x00010002, 0xFFFDFFFE, 0xFFFCFFFD, 0xFFFDFFFE, 0xFFFBFFFC, 0xFFF9FFFB, 0xFFF9FFFA, 0xFFFEFFFE, 0x00030001,
	0x0000FFFF, 0x00000000, 0xFFFDFFFD, 0xFFFCFFFC, 0x00000001, 0x00000001, 0x00000000, 0xFFFDFFFE, 0xFFFF0000, 0x00020004, 0xFFFBFFFC,
	0xFFFAFFFA, 0xFFFF0000, 0xFFFFFFFF, 0xFFFDFFFD, 0xFFFDFFFD, 0x00030003, 0x00050005, 0x00000000, 0xFFFDFFFE, 0xFFFBFFFC, 0xFFFCFFFD,
	0x00000000, 0x0000FFFF, 0xFFFFFFFE, 0xFFFEFFFE, 0xFFFDFFFE, 0xFFFF0001, 0xFFFFFFFF, 0xFFFDFFFD, 0xFFFEFFFE, 0x00000001, 0x00010000,
	0xFFFEFFFD, 0xFFFEFFFE, 0x00010003, 0x00020002, 0xFFFFFFFE, 0xFFFBFFFA, 0xFFF8FFF8, 0xFFFCFFFC, 0x00000000, 0xFFFFFFFF, 0xFFFFFFFE,
	0x0000FFFF, 0x00010001, 0xFFFEFFFF, 0xFFFAFFFC, 0xFFFFFFFF, 0x00010001, 0xFFFFFFFF, 0x00000000, 0xFFFBFFFB, 0xFFFDFFFF, 0x00030004,
	0xFFFDFFFC, 0xFFFEFFFC, 0x00010001, 0xFFFCFFFD, 0xFFFDFFFD, 0x00010000, 0x00020001, 0x00010002, 0x00000001, 0xFFFFFFFF, 0xFFFDFFFD,
	0x00000000, 0x00030003, 0x00000001, 0x00000000, 0x00020002, 0x00010000, 0xFFFBFFFA, 0xFFFCFFFC, 0x00010002, 0xFFFDFFFE, 0xFFFCFFFD,
	0x00000002, 0xFFFEFFFF, 0xFFFDFFFE, 0xFFFF0000, 0xFFFFFFFF, 0xFFFCFFFD, 0xFFFBFFFD, 0xFFFDFFFE, 0xFFFFFFFE, 0x00020000, 0x0000FFFF,
	0xFFFBFFFB, 0xFFFEFFFE, 0xFFFFFFFE, 0xFFFEFFFD, 0x00000000, 0xFFFDFFFD, 0xFFFCFFFD, 0xFFFF0002, 0xFFFEFFFF, 0xFFFEFFFD, 0xFFFEFFFD,
	0xFFFF0001, 0x00020003, 0xFFFCFFFD, 0xFFF8FFF9, 0xFFFF0000, 0x00010001, 0xFFFFFFFE, 0xFFFFFFFF, 0xFFFF0000, 0xFFFFFFFF, 0xFFFEFFFD,
	0xFFFDFFFD, 0xFFFDFFFF, 0xFFFF0000, 0x00040003, 0x00030004, 0x00000000, 0x00000000, 0x0000FFFE, 0x00020000, 0x00040003, 0x0000FFFF,
	0x00000001, 0x00020004, 0xFFFEFFFF, 0xFFFEFFFD, 0x00020001, 0x00040005, 0x00020002, 0xFFFFFFFF, 0x00010002, 0x00020003, 0xFFFFFFFF,
	0xFFFCFFFB, 0xFFFEFFFE, 0x00000002, 0xFFFE0000, 0xFFFDFFFD, 0xFFFCFFFC, 0x00000001, 0x00010002, 0xFFFEFFFE, 0x00010001, 0x00010002,
	0xFFFDFFFD, 0x00010001, 0x00030003, 0x00000000, 0xFFFDFFFE, 0xFFFDFFFE, 0xFFFF0001, 0xFFFDFFFF, 0xFFFEFFFF, 0x00030003, 0x00010000,
	0x0000FFFF, 0xFFFF0000, 0xFFFF0000, 0xFFFEFFFF, 0xFFFCFFFC, 0xFFFEFFFE, 0x00010001, 0xFFFEFFFE, 0xFFFEFFFF, 0x00000001, 0xFFFF0000,
	0xFFFCFFFC, 0xFFFCFFFB, 0xFFFFFFFF, 0x0000FFFF, 0x00010000, 0x00040003, 0x00010000, 0xFFFDFFFC, 0xFFFDFFFC, 0xFFFEFFFE, 0x00010003,
	0x00030004, 0xFFFDFFFC, 0xFFFBFFFA, 0xFFFFFFFF, 0x00020002, 0x00010002, 0xFFFE0000, 0xFFFEFFFF, 0x00000000, 0xFFFEFFFF, 0xFFFDFFFF,
	0x00000002, 0x00010001, 0xFFFEFFFC, 0xFFFCFFFB, 0xFFFFFFFE, 0xFFFEFFFD, 0x0001FFFF, 0x00010002, 0xFFFF0000, 0x00010001, 0xFFFAFFFA,
	0xFFF9FFFA, 0x00030003, 0xFFFEFFFE, 0xFFFDFFFD, 0x00010003, 0xFFFAFFFA, 0xFFFBFFFA, 0xFFFDFFFB, 0xFFFCFFFD, 0x00000001, 0xFFFDFFFD,
	0xFFFDFFFD, 0xFFFF0000, 0xFFFEFFFD, 0x00020001, 0x00020001, 0xFFFCFFFC, 0xFFFCFFFB, 0xFFFDFFFC, 0xFFFDFFFD, 0xFFFDFFFD, 0x0000FFFF,
	0x00030003, 0xFFFF0000, 0xFFFCFFFD, 0xFFFEFFFE, 0x00010001, 0xFFFEFFFF, 0xFFFDFFFC, 0x0001FFFF, 0x0000FFFF, 0x00000001, 0x00000001,
	0xFFFDFFFC, 0xFFFFFFFE, 0x00010001, 0x00010001, 0x00010001, 0xFFFDFFFD, 0xFFFFFFFF, 0x00030002, 0x0001FFFF, 0x00020000, 0xFFFFFFFE,
	0xFFFFFFFF, 0x00050006, 0x00010002, 0x00000000, 0x00040004, 0x00020002, 0x00020002, 0xFFFFFFFF, 0xFFFAFFFA, 0x00000002, 0x00010003,
	0xFFFDFFFE, 0x00010001, 0x00000000, 0xFFFEFFFE, 0x0001FFFF, 0x00020001, 0x00020002, 0xFFFDFFFD, 0xFFFFFFFD, 0x00020001, 0x00000000,
	0x00010000, 0xFFFFFFFF, 0xFFFBFFFC, 0xFFFCFFFD, 0xFFFEFFFE, 0x00020000, 0x00020001, 0x00000000, 0xFFFF0000, 0xFFFEFFFE, 0xFFFF0000,
	0x00020001, 0x00020001, 0x00000000, 0xFFFBFFFD, 0xFFFBFFFD, 0xFFFBFFFC, 0xFFFCFFFC, 0x00020001, 0x00020001, 0xFFFEFFFD, 0xFFFCFFFC,
	0xFFFEFFFE, 0x00000001, 0x00000000, 0x00020002, 0x00020002, 0xFFFEFFFE, 0xFFFDFFFF, 0x00000002, 0x00040005, 0x00000001, 0xFFFCFFFC,
	0xFFFEFFFD, 0xFFFFFFFD, 0xFFFFFFFE, 0xFFFEFFFE, 0xFFFDFFFD, 0x00000000, 0xFFFEFFFF, 0xFFFEFFFF, 0x00010000, 0x00020000, 0x00030003,
	0x00020003, 0x0000FFFF, 0xFFFEFFFD, 0xFFFCFFFC, 0x0000FFFF, 0x00040001, 0x00040002, 0x00030004, 0x00010002, 0x00010001, 0x00030001,
	0xFFFEFFFF, 0x00000002, 0x00040005, 0xFFFF0000, 0xFFFDFFFE, 0xFFFDFFFD, 0xFFFDFFFC, 0x0000FFFF, 0xFFFEFFFD, 0xFFFCFFFC, 0xFFFFFFFE,
	0xFFFEFFFD, 0xFFFEFFFC, 0xFFFDFFFC, 0xFFFDFFFD, 0x00000002, 0x00010003, 0x00030003, 0x00040003, 0x00030002, 0x00030002, 0xFFFEFFFE,
	0xFFFF0001, 0x00040005, 0x0000FFFF, 0x0000FFFE, 0xFFFFFFFE, 0xFFFCFFFC, 0xFFFF0000, 0xFFFDFFFE, 0x00000000, 0x00030002, 0xFFFEFFFD,
	0x00040002, 0x00060005, 0xFFFDFFFD, 0xFFF9FFFA, 0xFFFDFFFD, 0x00020001, 0x00040003, 0x00010002, 0xFFFEFFFF, 0xFFFEFFFC, 0x0002FFFF,
	0x00020003, 0x00000001, 0xFFFFFFFF, 0x00020000, 0x00040004, 0x00000002, 0xFFFCFFFC, 0xFFFFFFFD, 0x00010000, 0xFFFEFFFF, 0xFFFEFFFD,
	0x00020000, 0x00030002, 0xFFFFFFFF, 0x00000000, 0x00030003, 0x00030003, 0x00010000, 0x00010000, 0x00040003, 0x00000000, 0xFFFDFFFD,
	0x0000FFFF, 0xFFFEFFFE, 0xFFFFFFFF, 0x00030002, 0x00040003, 0x00040004, 0x00000001, 0xFFFDFFFE, 0xFFFF0000, 0xFFFF0000, 0xFFFEFFFF,
	0xFFFFFFFF, 0xFFFEFFFE, 0xFFFEFFFE, 0xFFFFFFFF, 0x00000000, 0xFFFEFFFE, 0xFFFCFFFD, 0xFFFDFFFE, 0xFFFEFFFD, 0xFFFFFFFE, 0x00010001,
	0xFFFFFFFE, 0xFFFFFFFF, 0x00060005, 0x00020001, 0xFFFEFFFD, 0x00010001, 0xFFFFFFFF, 0x00040003, 0x00030003, 0xFFFAFFFB, 0x00010001,
	0x00060005, 0x0000FFFF, 0xFFFFFFFF, 0xFFFDFFFF, 0xFFFF0000, 0x00010001, 0xFFFDFFFE, 0xFFFFFFFF, 0x00010000, 0x0000FFFF, 0x0001FFFF,
	0x00030002, 0x00040004, 0x00000000, 0xFFFEFFFE, 0x00000000, 0x00020002, 0x00020002, 0x00000000, 0xFFFF0000, 0x00020002, 0x00030002,
	0x00020001, 0x00010001, 0x00010003, 0x00000001, 0x00020001, 0x00030002, 0x00020001, 0xFFFF0000, 0x00000000, 0x00060005, 0x00050004,
	0xFFFEFFFF, 0x00020003, 0x00020002, 0x00010001, 0x00040005, 0x00010000, 0x0002FFFF, 0x00040002, 0x00000001, 0x00000002, 0xFFFFFFFF,
	0x0001FFFF, 0x00040003, 0x00020003, 0x00030004, 0x00050004, 0x00020001, 0xFFFEFFFF, 0xFFFEFFFF, 0xFFFFFFFF, 0x00000000, 0x00030003,
	0x00010000, 0x00010000, 0x00050004, 0x00020003, 0xFFFF0000, 0xFFFEFFFE, 0xFFFFFFFF, 0x00050005, 0x00020001, 0xFFFFFFFF, 0x00030003,
	0x00010001, 0x00020002, 0x00030003, 0xFFFFFFFF, 0x00020003, 0x00030003, 0x00030003, 0x00060005, 0x00020000, 0x00010000, 0x00030004,
	0xFFFE0000, 0xFFFF0000, 0x00040004, 0x00010001, 0xFFFDFFFD, 0xFFFDFFFD, 0xFFFFFFFF, 0x00000000, 0x00010001, 0x00030002, 0x00020001,
	0x00020001, 0x00030004, 0xFFFDFFFE, 0xFFFDFFFD, 0x00050004, 0x00000000, 0xFFFEFFFE, 0x00040004, 0x00030002, 0x00030001, 0x00030002,
	0xFFFFFFFF, 0xFFFF0000, 0x00010001, 0x00010000, 0x00030003, 0x00030004, 0x00000000, 0x0001FFFF, 0x0001FFFF, 0xFFFEFFFE, 0xFFFF0001,
	0x00020003, 0x00020001, 0x0000FFFF, 0xFFFEFFFE, 0x00010002, 0x00020001, 0xFFFFFFFD, 0x00010001, 0x00030003, 0x00010002, 0x00010001,
	0x00030004, 0x00030003, 0x0001FFFF, 0x00040002, 0x00030003, 0xFFFDFFFE, 0xFFFEFFFF, 0xFFFFFFFF, 0xFFFF0000, 0x00000001, 0xFFFFFFFF,
	0xFFFEFFFE, 0xFFFF0000, 0x00050005, 0x00050005, 0xFFFFFFFE, 0xFFFDFFFD, 0x00010001, 0x00020002, 0x00010000, 0x00020001, 0x00030002,
	0xFFFEFFFE, 0xFFFFFFFF, 0x0000FFFE, 0x0000FFFF, 0x00020003, 0xFFFCFFFF, 0xFFFF0000, 0x00020002, 0xFFFCFFFD, 0x00060007, 0x000A000A,
	0x00020001, 0x00020000, 0xFFFEFFFE, 0x00010001, 0x00050006, 0xFFFF0000, 0x0000FFFF, 0xFFFFFFFE, 0x00000001, 0x00050006, 0xFFFFFFFF,
	0xFFFDFFFC, 0x00020001, 0xFFFEFFFE, 0xFFFCFFFD, 0x00010002, 0x00010002, 0xFFFF0000, 0x00000000, 0xFFFFFFFE, 0x0000FFFE, 0x0001FFFF,
	0x00020001, 0x00020002, 0xFFFEFFFF, 0xFFFFFFFF, 0x00010001, 0x00000001, 0x00020003, 0x00010002, 0x00030003, 0x00030003, 0x00010000,
	0x00050005, 0x00000001, 0xFFFFFFFF, 0x00060006, 0x00000000, 0xFFFEFFFD, 0xFFFFFFFE, 0xFFFCFFFC, 0x00020001, 0x00000001, 0x00000001,
	0x00060005, 0x00020002, 0x00010002, 0x00040002, 0x00030001, 0x00060004, 0x00050004, 0x00010000, 0xFFFEFFFE, 0xFFFCFFFC, 0xFFFAFFFA,
	0xFFFDFFFD, 0x00010002, 0xFFFE0000, 0xFFFCFFFE, 0x00010000, 0x0000FFFF, 0x00000001, 0x00020002, 0xFFFFFFFF, 0xFFFFFFFF, 0x00010001,
	0x00020002, 0x0000FFFF, 0xFFFEFFFD, 0x00000000, 0xFFFEFFFF, 0xFFFEFFFE, 0x00010000, 0xFFFFFFFF, 0xFFFEFFFF, 0x00010001, 0x00000000,
	0xFFFEFFFE, 0xFFFEFFFE, 0xFFFFFFFF, 0x00000000, 0x00020001, 0xFFFDFFFC, 0xFFFAFFFA, 0xFFFEFFFF, 0xFFFF0001, 0xFFFE0001, 0xFFFF0001,
	0xFFFF0000, 0xFFFDFFFE, 0xFFFEFFFE, 0x0001FFFF, 0xFFFEFFFE, 0xFFFEFFFE, 0x00000001, 0x00000000, 0x00010000, 0xFFFFFFFD, 0xFFFDFFFD,
	0x00010002, 0x00000001, 0xFFFEFFFE, 0x00010000, 0x00020001, 0x00010001, 0x00010001, 0x00010000, 0x0000FFFF, 0xFFFEFFFD, 0xFFFFFFFE,
	0xFFFDFFFE, 0xFFFFFFFF, 0x00020003, 0xFFFF0000, 0xFFFEFFFE, 0x00010001, 0x00000001, 0x00000000, 0x00020001, 0x00010001, 0x00010000,
	0x00020002, 0x00030003, 0x00000001, 0xFFFFFFFF, 0x00000000, 0x0000FFFF, 0x00010000, 0x00010001, 0x0000FFFF, 0xFFFDFFFD, 0xFFFDFFFE,
	0x00000000, 0xFFFFFFFF, 0xFFFDFFFD, 0xFFFF0000, 0x00000001, 0x00000000, 0xFFFEFFFD, 0xFFFDFFFC, 0x0000FFFF, 0xFFFCFFFC, 0xFFF9FFFA,
	0xFFFF0000, 0xFFFDFFFE, 0xFFFDFFFD, 0xFFFF0000, 0xFFFFFFFF, 0x00030001, 0x0001FFFF, 0x0000FFFE, 0x00030001, 0x00020001, 0x00040004,
	0xFFFF0000, 0xFFFCFFFD, 0x00040003, 0xFFFDFFFD, 0xFFFAFFFB, 0xFFFFFFFF, 0xFFFBFFFC, 0xFFFFFFFF, 0x00000000, 0xFFFDFFFD, 0x00010000,
	0x00030002, 0x00020001, 0x00020001, 0x00020003, 0x00000000, 0xFFFEFFFE, 0x00030004, 0xFFFF0000, 0xFFFCFFFC, 0x00010000, 0xFFFFFFFE,
	0x00020002, 0x00040005, 0xFFFCFFFD, 0xFFFBFFFB, 0xFFFEFFFE, 0x00000001, 0x00000001, 0x00010002, 0x00010001, 0xFFFDFFFD, 0x00020000,
	0x00030001, 0xFFFFFFFD, 0x00010001, 0xFFFE0000, 0x00000000, 0x00010000, 0xFFFDFFFD, 0x00010001, 0x00030004, 0x00040004, 0x00020002,
	0xFFFEFFFE, 0x00030002, 0x00010000, 0xFFFDFFFE, 0x00000001, 0xFFFDFFFD, 0xFFFDFFFE, 0x00010002, 0x00000001, 0x00020002, 0x00060005,
	0x00060005, 0x00010001, 0x00030004, 0x00030004, 0xFFFFFFFF, 0x00020002, 0xFFFEFFFE, 0xFFFBFFFC, 0x00030003, 0x0000FFFF, 0xFFFFFFFE,
	0x00030003, 0x00000001, 0x00010001, 0xFFFEFFFF, 0xFFFCFFFE, 0x00010002, 0x00030002, 0x00030002, 0xFFFFFFFE, 0xFFFAFFFA, 0x00010000,
	0x00020001, 0x00020003, 0x00060007, 0x00010001, 0xFFFDFFFE, 0x00020004, 0x00020003, 0xFFFEFFFE, 0x00010001, 0x00050005, 0x00040004,
	0x00020002, 0x00050005, 0x00060006, 0x00010001, 0x00030002, 0x00020002, 0xFFFDFFFF, 0x00000000, 0x0000FFFF, 0x00020001, 0x00020002,
	0xFFFDFFFE, 0x00000000, 0xFFFEFFFD, 0xFFFDFFFD, 0x00020002, 0xFFFCFFFD, 0xFFFFFFFF, 0x00050006, 0xFFFEFFFF, 0xFFFFFFFE, 0x00050003,
	0x00060005, 0x00030003, 0xFFFEFFFF, 0x00020002, 0x00010001, 0xFFFF0000, 0x00020003, 0x00000000, 0x00010001, 0x00020002, 0x00000000,
	0x00020001, 0xFFFFFFFE, 0xFFFF0000, 0x00000000, 0xFFFDFFFC, 0x00030002, 0x00010002, 0xFFFDFFFE, 0x00000000, 0xFFFDFFFE, 0xFFFEFFFF,
	0x00000001, 0x00010001, 0x00030004, 0xFFFDFFFE, 0xFFFBFFFB, 0xFFFEFFFE, 0xFFFDFFFE, 0x00010001, 0x00010000, 0xFFFDFFFE, 0x00000002,
	0x00010001, 0x00010000, 0xFFFEFFFD, 0xFFF9FFFA, 0xFFFF0000, 0x00020001, 0xFFFEFFFE, 0xFFFF0000, 0x00000001, 0x00020001, 0x00000000,
	0xFFFFFFFF, 0x00010002, 0x00010001, 0x00020002, 0x00050005, 0x00010001, 0xFFFEFFFE, 0x00000000, 0x00020003, 0x00030003, 0x00020002,
	0x00030002, 0x00040002, 0x00010000, 0xFFFFFFFF, 0x00010001, 0x00000000, 0xFFFCFFFC, 0xFFFDFFFE, 0xFFFBFFFC, 0xFFFAFFFB, 0x00010002,
	0xFFFF0001, 0xFFFDFFFD, 0x0000FFFE, 0x0000FFFE, 0x00010000, 0x00010001, 0xFFFEFFFD, 0xFFFDFFFC, 0x00010001, 0x00010003, 0xFFFBFFFC,
	0xFFFEFFFD, 0xFFFFFFFE, 0xFFF9FFFA, 0x00030003, 0x00040003, 0xFFFCFFFC, 0x00020000, 0x0000FFFF, 0xFFFFFFFF, 0x00020003, 0xFFFF0000,
	0xFFFFFFFF, 0xFFFFFFFE, 0xFFFEFFFF, 0x00010003, 0x00000001, 0xFFFFFFFE, 0xFFFEFFFD, 0xFFFEFFFE, 0xFFFEFFFE, 0xFFFCFFFB, 0xFFFCFFFC,
	0xFFFCFFFC, 0xFFFEFFFE, 0x00020001, 0xFFFFFFFE, 0xFFFFFFFF, 0x00010001, 0xFFFFFFFF, 0xFFFEFFFE, 0xFFFDFFFE, 0xFFFCFFFD, 0xFFFCFFFB,
	0x00000000, 0x00010001, 0xFFFEFFFD, 0x00030001, 0x00020000, 0x00000001, 0x00040005, 0x00000000, 0xFFFEFFFE, 0xFFFDFFFE, 0xFFFBFFFC,
	0xFFFEFFFE, 0xFFFDFFFD, 0x00000000, 0x00020003, 0xFFFF0000, 0xFFFEFFFD, 0xFFFCFFFA, 0xFFFEFFFD, 0xFFFFFFFD, 0xFFFCFFFB, 0x00000000,
	0x00010001, 0xFFFF0000, 0x00000000, 0xFFFFFFFF, 0x00000000, 0xFFFE0000, 0xFFFF0001, 0x00010001, 0xFFFFFFFF, 0x00010001, 0x00010000,
	0xFFFFFFFE, 0x0000FFFF, 0x00020001, 0x00010001, 0xFFFDFFFD, 0x0000FFFF, 0xFFFF0000, 0xFFFEFFFF, 0x00030003, 0x00010002, 0xFFFDFFFF,
	0xFFFDFFFE, 0xFFF9FFF9, 0xFFFCFFFD, 0x0000FFFF, 0xFFFCFFFB, 0xFFFBFFFB, 0xFFFCFFFD, 0xFFFEFFFF, 0x00000000, 0x0001FFFF, 0x0000FFFF,
	0x00000002, 0x00050006, 0x00010002, 0xFFFCFFFD, 0xFFFDFFFC, 0xFFF9FFF9, 0xFFFCFFFD, 0xFFFEFFFE, 0xFFFCFFFA, 0x0001FFFF, 0xFFFFFFFF,
	0xFFFEFFFF, 0x00050006, 0x00010001, 0xFFFFFFFF, 0x00010001, 0xFFFFFFFF, 0x00010000, 0x0000FFFF, 0x00020000, 0x00010000, 0xFFFDFFFE,
	0x00000001, 0xFFFEFFFE, 0xFFFCFFFC, 0x00020003, 0xFFFEFFFE, 0xFFFDFFFC, 0x00010001, 0xFFFBFFFC, 0xFFFBFFFC, 0x00010000, 0xFFFFFFFE,
	0xFFFEFFFF, 0xFFFAFFFC, 0xFFFDFFFE, 0x00030003, 0xFFFDFFFE, 0xFFFDFFFC, 0xFFFFFFFF, 0xFFFBFFFD, 0xFFFDFFFE, 0xFFFBFFFB, 0xFFFBFFFA,
	0xFFFEFFFE, 0xFFF9FFFA, 0xFFF9FFFA, 0xFFFAFFFB, 0xFFFCFFFC, 0x00010000, 0xFFFFFFFE, 0xFFFEFFFD, 0xFFFEFFFD, 0xFFFBFFF9, 0xFFFEFFFD,
	0xFFFDFFFE, 0xFFFDFFFE, 0x00000000, 0xFFFDFFFD, 0xFFFEFFFD, 0xFFFFFFFE, 0xFFFCFFFC, 0xFFFCFFFC, 0xFFFBFFFC, 0xFFFBFFFD, 0xFFFDFFFE,
	0xFFFDFFFD, 0xFFFFFFFE, 0xFFFFFFFF, 0xFFFEFFFE, 0x00000001, 0xFFFEFFFF, 0xFFF9FFF9, 0xFFFBFFFB, 0xFFFCFFFD, 0xFFFEFFFD, 0x0002FFFF,
	0x0001FFFF, 0x0000FFFF, 0x00000000, 0xFFFFFFFE, 0xFFFEFFFE, 0xFFFFFFFF, 0x00000001, 0xFFFEFFFE, 0xFFFDFFFD, 0xFFFFFFFE, 0x00010000,
	0x00030003, 0x00010002, 0xFFFFFFFF, 0x00000000, 0xFFFFFFFF, 0x00000001, 0x00020002, 0x00010002, 0x00010001, 0x00010000, 0x00030002,
	0x00020001, 0x00000000, 0x00010002, 0xFFFF0000, 0xFFFF0000, 0x00000001, 0x00010001, 0x00030003, 0x00000002, 0x00010002, 0x00010000,
	0xFFFCFFFB, 0xFFFFFFFE, 0x00000001, 0x00010003, 0x00010002, 0xFFFEFFFE, 0x00050004, 0x00040004, 0xFFFFFFFF, 0x00000001, 0xFFFBFFFD,
	0xFFFEFFFF, 0x00040003, 0xFFFFFFFF, 0x00030002, 0x00050005, 0x00000001, 0x0000FFFF, 0x00020000, 0x00000000, 0xFFFDFFFE, 0xFFFF0000,
	0x00000001, 0x00000000, 0x00030001, 0x0000FFFF, 0xFFFFFFFF, 0xFFFEFFFE, 0xFFFEFFFF, 0x00050005, 0x00010001, 0xFFFDFFFF, 0x00000000,
	0xFFFFFFFE, 0x00010001, 0x00000001, 0x00020001, 0x00050003, 0xFFFEFFFE, 0x00000000, 0xFFFF0000, 0xFFFEFFFD, 0x00030002, 0xFFFEFFFE,
	0xFFFFFFFF, 0x00000000, 0xFFFBFFFD, 0x00000002, 0x00000001, 0x0000FFFF, 0x00030003, 0x00000000, 0x00010001, 0x00030003, 0x0000FFFF,
	0xFFFEFFFD, 0xFFFCFFFD, 0xFFFDFFFE, 0xFFFE0000, 0x00000001, 0x00000000, 0x00030002, 0x00070006, 0x00050004, 0x00030004, 0x00060007,
	0x00020001, 0x00020000, 0x00030003, 0x00000001, 0x00010003, 0x00020002, 0xFFFFFFFF, 0x00010001, 0x0000FFFF, 0xFFFDFFFD, 0xFFFFFFFF,
	0x00000001, 0x00000000, 0xFFFEFFFD, 0xFFFFFFFF, 0x00020002, 0x00010001, 0x00010000, 0x00010000, 0x00000000, 0x00000001, 0xFFFFFFFF,
	0x00020001, 0x00040005, 0xFFFF0001, 0xFFFFFFFF, 0xFFFFFFFE, 0xFFFEFFFE, 0x00000000, 0xFFFFFFFF, 0x00010000, 0x00040003, 0xFFFDFFFE,
	0x00010002, 0x00090008, 0x00000001, 0xFFFDFFFE, 0x00010001, 0x0000FFFF, 0xFFFEFFFE, 0xFFFEFFFF, 0x00040004, 0x00030003, 0xFFFDFFFD,
	0xFFFF0000, 0x00040004, 0x00020002, 0xFFFEFFFE, 0xFFFDFFFD, 0xFFFFFFFE, 0xFFFEFFFD, 0xFFFDFFFE, 0xFFFBFFFC, 0xFFFDFFFD, 0x00000000,
	0xFFFDFFFD, 0xFFFDFFFD, 0x0000FFFF, 0xFFFEFFFD, 0xFFFDFFFC, 0xFFFDFFFC, 0x0000FFFF, 0xFFFDFFFD, 0xFFFAFFFA, 0xFFFCFFFC, 0xFFFBFFFB,
	0xFFF9FFFA, 0xFFFBFFFB, 0x0000FFFE, 0x00020001, 0xFFFFFFFE, 0x0000FFFF, 0x0000FFFF, 0xFFFFFFFE, 0x00000000, 0xFFFF0000, 0xFFFF0000,
	0xFFFBFFFC, 0xFFFCFFFD, 0x00020001, 0x0001FFFF, 0xFFFFFFFF, 0x00000000, 0x00020001, 0x00020002, 0xFFFEFFFF, 0xFFFEFFFE, 0x00010000,
	0x00010001, 0x00000000, 0x0000FFFF, 0x00020001, 0x00010001, 0x00010001, 0x00030002, 0xFFFFFFFE, 0xFFFDFFFD, 0xFFFEFFFF, 0x00000000,
	0x00020003, 0x00030005, 0x00040003, 0x0001FFFF, 0xFFFFFFFE, 0xFFFDFFFE, 0xFFFEFFFF, 0xFFFF0000, 0xFFFCFFFC, 0xFFFBFFFB, 0xFFFCFFFC,
	0xFFFEFFFE, 0xFFFEFFFE, 0xFFFEFFFE, 0x00020002, 0x00010002, 0x00020003, 0x00060006, 0x00020001, 0x00000000, 0x00010002, 0x00000001,
	0xFFFDFFFE, 0xFFFDFFFE, 0x00010002, 0x00000000, 0xFFFEFFFF, 0x00000001, 0x00010001, 0x00010001, 0x00000000, 0x00010001, 0x00020002,
	0x00020000, 0x00040004, 0x00010002, 0xFFFBFFFB, 0xFFFFFFFE, 0x00010001, 0xFFFDFFFE, 0xFFFFFFFF, 0x0001FFFF, 0xFFFCFFFB, 0xFFFBFFFC,
	0xFFFDFFFE, 0xFFFFFFFF, 0x00040004, 0x00020003, 0xFFFDFFFD, 0xFFFEFFFD, 0x00010001, 0x00000002, 0x00000001, 0xFFFEFFFE, 0xFFFDFFFD,
	0x00000000, 0x00000000, 0x00010002, 0x00010001, 0xFFFCFFFC, 0x00010000, 0x00030002, 0x00000001, 0x00030003, 0xFFFEFFFE, 0xFFFEFFFD,
	0x00010001, 0x00000001, 0x00030003, 0x00030002, 0x00050004, 0x00040004, 0x00010001, 0x00060006, 0x00030003, 0xFFFF0000, 0x00020003,
	0x00000000, 0x00010000, 0x0000FFFF, 0xFFFDFFFD, 0x00030003, 0x00030002, 0xFFFFFFFF, 0x00020003, 0x00030003, 0x00010000, 0x0000FFFF,
	0xFFFDFFFE, 0xFFFFFFFF, 0x00000000, 0xFFFDFFFE, 0x00000000, 0x00020002, 0xFFFFFFFD, 0x0000FFFE, 0x0001FFFF, 0x0000FFFF, 0x00030004,
	0xFFFF0001, 0xFFFDFFFF, 0x00000000, 0x0000FFFF, 0x00030001, 0x00040003, 0x00040004, 0x00050005, 0x00040003, 0x00060005, 0x00030003,
	0xFFFDFFFC, 0x00020001, 0x00070007, 0x00030002, 0xFFFFFFFF, 0x00020001, 0x00040004, 0x00010001, 0x00010000, 0x00020001, 0xFFFCFFFD,
	0xFFFBFFFD, 0x00010001, 0x00030002, 0x00010001, 0x00000001, 0x00030004, 0x00020002, 0x00000000, 0x00020002, 0x00020001, 0xFFFEFFFE,
	0xFFFDFFFE, 0xFFFFFFFF, 0xFFFDFFFC, 0xFFFDFFFB, 0x00000000, 0xFFFEFFFF, 0x00000001, 0x00040004, 0x00010001, 0x00010001, 0xFFFF0000,
	0xFFFCFFFC, 0xFFFEFFFD, 0x00030002, 0x00000001, 0xFFFDFFFC, 0x00020001, 0x00010001, 0xFFFDFFFE, 0x00020002, 0x00020001, 0x00010000,
	0x00010002, 0xFFFF0002, 0x00010002, 0x00010000, 0x00020001, 0x00020001, 0x00030002, 0x00050005, 0x00000000, 0xFFFDFFFF, 0x00000002,
	0x00030004, 0x00060005, 0x00030003, 0x00010000, 0x00000001, 0x00020003, 0x00000000, 0x00020001, 0x000A0008, 0x00010000, 0xFFFDFFFD,
	0x00040004, 0x00020001, 0x00010001, 0x00030004, 0x00010003, 0x00000000, 0x0000FFFE, 0x00010000, 0x0000FFFF, 0x00010000, 0x00050004,
	0x00070006, 0x00080008, 0x00030003, 0x00020000, 0x00020001, 0xFFFDFFFD, 0xFFFE0000, 0x00050005, 0x00030002, 0xFFFFFFFD, 0x00040003,
	0x00060007, 0xFFFEFFFE, 0x00010002, 0x00030005, 0xFFFDFFFD, 0xFFFEFFFD, 0x00010000, 0x00020002, 0x00000000, 0xFFFDFFFD, 0x00010001,
	0x00030004, 0x00030004, 0x00020001, 0x0000FFFF, 0x00020001, 0x00030003, 0x00000000, 0xFFFFFFFF, 0x00020002, 0x00000001, 0xFFFE0000,
	0x00010002, 0x00020002, 0x00020003, 0xFFFFFFFF, 0xFFFEFFFD, 0x0001FFFF, 0xFFFFFFFF, 0x00020001, 0x00010001, 0xFFFEFFFE, 0xFFFDFFFE,
	0xFFFDFFFD, 0xFFFDFFFB, 0xFFFCFFFA, 0xFFFDFFFE, 0x00010002, 0x00010000, 0x00030003, 0x00000001, 0x00030005, 0x000A000A, 0x00040004,
	0x00010002, 0x00000003, 0x00030005, 0x00040004, 0x00000000, 0x00030003, 0xFFFFFFFF, 0xFFFDFFFE, 0x00010002, 0xFFFFFFFE, 0x00030001,
	0x00050004, 0x00030004, 0x00040006, 0x00040005, 0x00040005, 0x00030002, 0x00020000, 0x00040003, 0x00010002, 0x00010002, 0x00020001,
	0xFFFFFFFE, 0x00030004, 0x00070008, 0x0000FFFF, 0xFFFEFFFC, 0x00040004, 0x00040006, 0x00020002, 0x00020002, 0x00010001, 0x0000FFFF,
	0x00030002, 0x00060005, 0x00020002, 0x00030002, 0x00060006, 0x00040006, 0x00050006, 0x00060005, 0x00030003, 0x00000001, 0x00000002,
	0x00020002, 0xFFFCFFFB, 0xFFFBFFFB, 0x00000000, 0x00020001, 0x00060006, 0x00000002, 0xFFFEFFFD, 0x00060004, 0x00040004, 0x00010002,
	0x00040005, 0x00050005, 0x0000FFFF, 0x0000FFFF, 0x00050003, 0x00010001, 0xFFFF0000, 0xFFFF0001, 0xFFFF0000, 0x00010000, 0x00010000,
	0x00030002, 0x00050005, 0x00070008, 0x00050005, 0xFFFFFFFF, 0x00030004, 0x00070007, 0x00030003, 0x00000000, 0xFFFDFFFE, 0x00010001,
	0x00010001, 0xFFFDFFFD, 0xFFFFFFFF, 0x00030003, 0x00040003, 0x00010001, 0x00040004, 0x00070005, 0x00050002, 0x00050003, 0x00040004,
	0x00010000, 0x0000FFFF, 0xFFFF0000, 0xFFFE0000, 0xFFFF0000, 0x00010001, 0xFFFDFFFE, 0x00000000, 0x00040004, 0xFFFEFFFE, 0x00010004,
	0x00030006, 0xFFFDFFFE, 0xFFFFFFFF, 0xFFFEFFFD, 0x00010001, 0x00060006, 0xFFFEFFFD, 0xFFFEFFFF, 0x00030005, 0xFFFEFFFE, 0xFFFDFFFC,
	0x00000000, 0x00040005, 0x00060008, 0x00050006, 0x00030002, 0x00010000, 0x00020001, 0x00040003, 0x00020002, 0x00010000, 0xFFFFFFFE,
	0x00000001, 0x00000001, 0xFFFDFFFE, 0x00020000, 0x0000FFFD, 0xFFFFFFFD, 0x00030003, 0x00020002, 0x00000000, 0x00000000, 0x00020003,
	0x00020003, 0xFFFCFFFC, 0xFFFFFFFE, 0x00010001, 0xFFFEFFFE, 0x00010002, 0x00010001, 0xFFFEFFFC, 0xFFFFFFFF, 0x00000001, 0xFFFAFFFA,
	0xFFFDFFFD, 0x00040003, 0xFFFBFFFB, 0xFFFDFFFE, 0x00030003, 0xFFFEFFFE, 0xFFFFFFFF, 0xFFFAFFF9, 0xFFFCFFFB, 0x00030003, 0xFFFDFFFE,
	0x00000001, 0x00030003, 0x00020002, 0x00020002, 0xFFFDFFFD, 0x00010002, 0x00040005, 0x00010002, 0x0000FFFF, 0xFFFFFFFE, 0x00020002,
	0x00010002, 0x00030002, 0x00030002, 0x00010002, 0x00030003, 0x00020000, 0x00040003, 0x00010001, 0xFFFFFFFF, 0x00030003, 0xFFFFFFFF,
	0x00020003, 0x00040003, 0x0000FFFF, 0x00040005, 0x00020003, 0x00050004, 0x00040004, 0xFFFEFFFF, 0x00020003, 0x00010001, 0x00000000,
	0x00010003, 0x00020004, 0x00040002, 0x0000FFFE, 0x00030002, 0x00030003, 0x0000FFFF, 0x00030003, 0xFFFE0001, 0xFFFE0000, 0x00020001,
	0x00020002, 0x00020002, 0xFFFFFFFF, 0x00010001, 0x00000000, 0x00000000, 0x0000FFFE, 0xFFFEFFFD, 0x00040005, 0x00010001, 0xFFFFFFFF,
	0x00050006, 0x00010003, 0x00020001, 0xFFFFFFFD, 0xFFFBFFFA, 0x00000001, 0x00010001, 0x00010001, 0xFFFF0001, 0x00000001, 0x00060005,
	0x00020000, 0xFFFCFFFB, 0x00000001, 0x00010000, 0x0000FFFF, 0x00040004, 0x00020003, 0x00010001, 0x00040004, 0x00010000, 0xFFFFFFFF,
	0x00020003, 0xFFFDFFFE, 0xFFFCFFFD, 0x00010003, 0x00020003, 0x00010001, 0x00020002, 0xFFFEFFFE, 0xFFFEFFFD, 0x00020002, 0x00010000,
	0xFFFFFFFE, 0x0000FFFF, 0xFFFFFFFE, 0xFFFEFFFF, 0x00010003, 0x00020002, 0x00030002, 0x00030002, 0x00010001, 0x00030004, 0x00060005,
	0x00020001, 0x00020003, 0x00020002, 0x00010000, 0x00030003, 0xFFFEFFFE, 0x00010001, 0x00060005, 0x0000FFFF, 0x00020003, 0x00010002,
	0x00000000, 0x00050005, 0x00000001, 0x00000001, 0x00040005, 0x00060004, 0x00010000, 0xFFFDFFFD, 0x00020004, 0xFFFF0000, 0xFFFDFFFD,
	0x00030004, 0x00000000, 0x00000000, 0x00000001, 0x00010000, 0x00050004, 0x00020000, 0x00010000, 0x00050005, 0x00030002, 0xFFFEFFFD,
	0x00000001, 0x00020003, 0x00020001, 0x00040003, 0x00020001, 0xFFFEFFFF, 0x00000001, 0xFFFDFFFD, 0xFFFEFFFD, 0xFFFFFFFF, 0xFFFFFFFF,
	0x00020002, 0xFFFFFFFF, 0x00010001, 0x00040004, 0xFFFDFFFD, 0x00000000, 0x00020002, 0xFFFBFFFB, 0xFFFDFFFD, 0x00020002, 0x00010000,
	0x0000FFFE, 0x00020001, 0xFFFF0000, 0xFFFE0000, 0x00000001, 0x00010000, 0x00000000, 0xFFFEFFFE, 0x00010001, 0x00010001, 0xFFFEFFFF,
	0x00030005, 0x00010003, 0xFFFF0000, 0x00000001, 0xFFFEFFFE, 0x0000FFFE, 0xFFFDFFFC, 0xFFFCFFFC, 0x00040004, 0x00030003, 0x0000FFFF,
	0x00010000, 0x00010001, 0x00030004, 0x00040004, 0x00070006, 0x00070006, 0xFFFFFFFF, 0xFFFEFFFE, 0x00000000, 0x00010002, 0x00020003,
	0x00010000, 0x0000FFFF, 0xFFFFFFFF, 0x00000002, 0x00020002, 0x0000FFFF, 0x00020002, 0xFFFFFFFF, 0xFFFFFFFF, 0x00040005, 0xFFFE0001,
	0xFFFF0001, 0x00040003, 0x00010000, 0x00020002, 0x00020002, 0x00020001, 0x00020002, 0x00000001, 0x00020002, 0x0002FFFF, 0x00020000,
	0x00020002, 0xFFFFFFFF, 0x00000000, 0x00010001, 0x00020002, 0x00040003, 0x00040002, 0x0001FFFF, 0x00010000, 0x00030004, 0xFFFF0001,
	0xFFFE0000, 0x00020002, 0x00030001, 0x00040004, 0x00020003, 0x00040004, 0x00040003, 0xFFFEFFFE, 0xFFFF0000, 0xFFFF0000, 0x00010001,
	0x00000001, 0xFFFAFFFA, 0x00010000, 0x00040004, 0xFFFDFFFD, 0xFFFCFFFD, 0xFFFEFFFF, 0xFFFDFFFD, 0x00010001, 0x00060007, 0x00020001,
	0xFFFEFFFD, 0x00000000, 0xFFFDFFFD, 0xFFFEFFFE, 0x00000000, 0x00010002, 0x00020002, 0x00000001, 0x00030003, 0x00010000, 0x00010001,
	0x00040003, 0x00010001, 0x00040005, 0x00010002, 0x00020002, 0x00050006, 0xFFFF0000, 0x00030003, 0x00000000, 0xFFFCFFFD, 0x00000000,
	0xFFFDFFFB, 0x00020001, 0x0000FFFF, 0x00000000, 0x00070007, 0xFFFDFFFF, 0xFFFDFFFE, 0x00010001, 0x00020001, 0x00050005, 0xFFFEFFFD,
	0xFFFEFFFF, 0x00010003, 0xFFFBFFFD, 0xFFFFFFFF, 0x00010000, 0xFFFDFFFD, 0xFFFFFFFF, 0x00010001, 0xFFFEFFFD, 0xFFFDFFFE, 0xFFFDFFFE,
	0xFFFEFFFD, 0x00020000, 0xFFFEFFFE, 0xFFFCFFFD, 0xFFFDFFFD, 0xFFFBFFFB, 0x00020002, 0x00020002, 0x00000000, 0x00030005, 0x00000002,
	0x00020003, 0x00010001, 0xFFFCFFFC, 0xFFFFFFFF, 0xFFFDFFFB, 0xFFFDFFFB, 0x00000000, 0xFFFEFFFF, 0xFFFDFFFC, 0xFFFFFFFF, 0x00020004,
	0x00000001, 0xFFFDFFFD, 0x0000FFFF, 0x00020002, 0xFFFF0000, 0xFFFBFFFB, 0xFFFEFFFD, 0x00020000, 0xFFFFFFFE, 0xFFFEFFFF, 0xFFFDFFFD,
	0xFFFCFFFB, 0xFFFAFFF9, 0xFFFBFFFA, 0x0000FFFF, 0xFFFEFFFE, 0xFFFEFFFF, 0x00020003, 0xFFFFFFFD, 0xFFFDFFFA, 0xFFFFFFFF, 0xFFFDFFFD,
	0xFFFEFFFD, 0x00010000, 0xFFFE0000, 0x00000002, 0xFFFEFFFE, 0xFFFDFFFC, 0x00010002, 0xFFFCFFFD, 0xFFFCFFFB, 0x00020001, 0xFFFF0000,
	0xFFFEFFFF, 0x00000000, 0xFFFF0000, 0xFFFF0001, 0xFFFE0000, 0xFFFDFFFD, 0xFFFCFFFB, 0xFFFEFFFC, 0xFFFDFFFC, 0x0000FFFF, 0x00020000,
	0xFFFAFFF9, 0xFFF9FFF9, 0xFFFDFFFE, 0xFFFF0000, 0x00000000, 0xFFFFFFFD, 0xFFFFFFFE, 0xFFFDFFFE, 0xFFFCFFFE, 0xFFFDFFFD, 0xFFFDFFFD,
	0x00010000, 0xFFFCFFFC, 0xFFFFFFFE, 0x00050005, 0x00010001, 0x00030003, 0x00030002, 0x00010000, 0x00020002, 0xFFFEFFFE, 0xFFFEFFFE,
	0xFFFCFFFE, 0xFFFF0000, 0x00030002, 0xFFFFFFFD, 0x00010001, 0x00000003, 0xFFFF0000, 0x00010001, 0xFFFCFFFC, 0xFFFAFFFB, 0xFFFAFFFB,
	0xFFFBFFFC, 0xFFFFFFFF, 0xFFFFFFFF, 0x00030002, 0x00020002, 0xFFFDFFFC, 0xFFFDFFFC, 0xFFFBFFFA, 0xFFFCFFFC, 0x00010002, 0x00010001,
	0x00000000, 0x00000000, 0xFFFCFFFB, 0xFFFDFFFC, 0x00040005, 0x00030003, 0xFFFFFFFE, 0xFFFFFFFF, 0xFFFCFFFC, 0xFFFFFFFF, 0x00020003,
	0xFFFF0000, 0x00020002, 0xFFFF0000, 0xFFFDFFFE, 0x00000000, 0xFFFDFFFD, 0x00000000, 0x00010001, 0xFFFBFFFC, 0xFFFDFFFE, 0xFFFFFFFF,
	0x00010002, 0x00010002, 0xFFFEFFFE, 0xFFFFFFFE, 0xFFFCFFFC, 0xFFFBFFFC, 0xFFFEFFFE, 0xFFFDFFFC, 0xFFFDFFFE, 0xFFFDFFFD, 0xFFFDFFFE,
	0x00000000, 0xFFFDFFFF, 0xFFFFFFFF, 0xFFFDFFFE, 0xFFFBFFFC, 0xFFFDFFFF, 0x00000000, 0x00050004, 0x00030003, 0xFFFF0000, 0xFFFFFFFE,
	0xFFFFFFFF, 0x00020002, 0x00000001, 0x00030003, 0x00050003, 0xFFFFFFFD, 0xFFFDFFFE, 0xFFFE0000, 0x00010002, 0x00010001, 0x0000FFFF,
	0x00020002, 0xFFFEFFFE, 0xFFFEFFFE, 0x00000000, 0xFFFEFFFD, 0xFFFEFFFD, 0xFFFCFFFC, 0xFFFF0001, 0xFFFF0000, 0xFFFEFFFD, 0x00030003,
	0xFFFAFFFB, 0xFFFDFFFD, 0x00030002, 0xFFFCFFFC, 0x00000001, 0x00020002, 0x0000FFFE, 0x0000FFFF, 0x00010002, 0x00020000, 0xFFFCFFFA,
	0xFFFEFFFE, 0xFFFEFFFF, 0xFFFFFFFF, 0x00020003, 0xFFFCFFFD, 0xFFFCFFFE, 0xFFFDFFFD, 0xFFFCFFFC, 0x00020001, 0xFFFEFFFD, 0x00000000,
	0x00000002, 0xFFFDFFFE, 0x00040002, 0xFFFCFFFA, 0xFFFCFFFC, 0x00010001, 0x0000FFFE, 0x0001FFFF, 0xFFFBFFFC, 0xFFFDFFFF, 0x00030003,
	0xFFFEFFFD, 0xFFFEFFFF, 0x00000000, 0xFFFDFFFD, 0xFFFAFFFB, 0xFFFBFFFD, 0x00010003, 0xFFFF0000, 0xFFFCFFFD, 0xFFFF0000, 0xFFFDFFFC,
	0xFFFAFFF9, 0xFFFEFFFF, 0x00000001, 0xFFFEFFFE, 0xFFFEFFFF, 0xFFFDFFFE, 0xFFFDFFFD, 0xFFFDFFFD, 0xFFFCFFFC, 0xFFFFFFFF, 0xFFFEFFFE,
	0xFFFDFFFD, 0xFFFDFFFD, 0xFFFAFFFB, 0xFFFDFFFE, 0xFFFCFFFC, 0xFFFDFFFD, 0x0000FFFF, 0xFFFDFFFC, 0x00000000, 0xFFFFFFFF, 0xFFFDFFFC,
	0xFFFFFFFF, 0xFFFBFFFD, 0xFFFCFFFF, 0x00000001, 0x00020001, 0x00010001, 0xFFFCFFFC, 0xFFFDFFFC, 0x00010001, 0x00010001, 0xFFFEFFFF,
	0xFFFDFFFF, 0xFFFDFFFF, 0xFFFEFFFF, 0x00040003, 0x00020001, 0xFFFDFFFD, 0x00000000, 0xFFFFFFFF, 0xFFFEFFFE, 0xFFFEFFFF, 0xFFFCFFFF,
	0xFFFCFFFE, 0x00010001, 0x00030001, 0xFFFEFFFD, 0xFFFFFFFE, 0x00010001, 0x00010002, 0xFFFF0000, 0xFFFFFFFE, 0x00060004, 0x0001FFFF,
	0xFFFBFFFA, 0x00010001, 0x00020003, 0x00050004, 0x00030003, 0xFFFEFFFE, 0xFFFCFFFD, 0xFFFAFFFA, 0xFFFEFFFE, 0x00020003, 0x00010001,
	0xFFFEFFFE, 0xFFFCFFFC, 0xFFFCFFFC, 0xFFFDFFFD, 0x00010000, 0xFFFDFFFD, 0xFFFDFFFF, 0x00030003, 0xFFFEFFFB, 0x0000FFFF, 0x00010003,
	0xFFFCFFFD, 0x00010001, 0xFFFFFFFD, 0xFFFBFFFB, 0xFFFFFFFF, 0x00000000, 0x00010001, 0xFFFEFFFE, 0x00020001, 0x00030002, 0xFFFCFFFD,
	0x00020003, 0x00010001, 0xFFFCFFFC, 0xFFFF0000, 0xFFFFFFFF, 0x00020002, 0xFFFFFFFF, 0xFFF9FFFB, 0x00000002, 0x00000000, 0xFFFCFFFC,
	0x00040003, 0x00040003, 0x00000000, 0x00000000, 0xFFFEFFFE, 0xFFFFFFFF, 0xFFFFFFFE, 0x00000000, 0x00010001, 0xFFFAFFFA, 0xFFFCFFFC,
	0xFFFFFFFF, 0xFFFDFFFD, 0xFFFDFFFE, 0xFFFEFFFF, 0x00020003, 0xFFFEFFFF, 0xFFFBFFFA, 0x00020001, 0x00010001, 0xFFFDFFFD, 0xFFFEFFFE,
	0x00020001, 0x00020003, 0xFFFBFFFD, 0x00000001, 0x00040003, 0xFFFCFFFB, 0xFFF9FFFB, 0xFFFBFFFD, 0xFFFFFFFE, 0x00010000, 0xFFFBFFFC,
	0xFFF9FFFA, 0x0000FFFF, 0x00030002, 0xFFFF0000, 0xFFFE0000, 0xFFFBFFFC, 0xFFFAFFFA, 0xFFFEFFFE, 0xFFFDFFFC, 0xFFFCFFFC, 0xFFFEFFFF,
	0x00000001, 0xFFFFFFFF, 0x00010001, 0x00040005, 0x00000000, 0x00000000, 0x00000001, 0xFFFE0000, 0x00020003, 0x0000FFFF, 0x0000FFFF,
	0x00020002, 0xFFFCFFFD, 0xFFFBFFFC, 0xFFFDFFFE, 0x00000000, 0x00010000, 0xFFFFFFFE, 0xFFFFFFFE, 0xFFFCFFFD, 0xFFFCFFFE, 0xFFFDFFFF,
	0xFFFF0000, 0x00010001, 0xFFFEFFFF, 0x00000001, 0x00030003, 0x00050003, 0x0001FFFF, 0xFFFCFFFC, 0x00010001, 0x00010001, 0xFFFCFFFD,
	0xFFFAFFFB, 0xFFFCFFFE, 0x00000000, 0xFFFFFFFE, 0x00060004, 0x00030002, 0xFFFDFFFD, 0x00040005, 0x00010002, 0x00000001, 0x00040003,
	0x00000000, 0x00010001, 0x00000000, 0xFFFF0001, 0x00000001, 0x00000000, 0x00010000, 0x00020002, 0x00040004, 0x00010000, 0x0000FFFF,
	0xFFFEFFFE, 0xFFFBFFFD, 0xFFFF0001, 0x00000001, 0x00020003, 0xFFFF0000, 0xFFFFFFFF, 0x00040004, 0x00000001, 0x00000002, 0x00010001,
	0x0000FFFE, 0x00030001, 0x00000000, 0x00030002, 0x00000000, 0xFFFE0000, 0x00030004, 0x00010001, 0x00050005, 0x00050006, 0x00010003,
	0x00040004, 0x00030003, 0x00030003, 0xFFFF0000, 0x00000000, 0x00050003, 0x00010000, 0x00010001, 0x00000000, 0x00010002, 0x00010001,
	0xFFFEFFFD, 0x00030002, 0x00030003, 0x00020001, 0x00010001, 0x00010001, 0x00040004, 0x00020000, 0xFFFEFFFC, 0xFFFCFFFB, 0xFFFDFFFE,
	0x00000001, 0x00000000, 0x00000000, 0xFFFEFFFF, 0x00010001, 0x00030002, 0xFFFFFFFE, 0x00000000, 0xFFFFFFFF, 0xFFFDFFFD, 0x00020001,
	0x00030003, 0x00010002, 0xFFFFFFFF, 0x00040003, 0x00060004, 0x00050003, 0x00050005, 0x00010002, 0xFFFE0000, 0x00000001, 0x00020001,
	0x00030003, 0x00040004, 0x00030003, 0x00010000, 0xFFFDFFFD, 0xFFF9FFF9, 0x00010000, 0x00080007, 0x00020001, 0xFFFDFFFD, 0xFFFEFFFF,
	0x00010001, 0x00000000, 0xFFFDFFFD, 0xFFFEFFFF, 0xFFFFFFFE, 0x0000FFFF, 0xFFFFFFFF, 0xFFFFFFFF, 0x00010000, 0x00000000, 0x00030003,
	0x00030003, 0xFFFF0000, 0x00010002, 0xFFFF0000, 0x00000000, 0x00020002, 0x00030001, 0x00060004, 0x00040003, 0xFFFFFFFF, 0xFFFEFFFE,
	0xFFFFFFFE, 0xFFFFFFFE, 0x00010000, 0x00010001, 0x0000FFFF, 0x00040003, 0x00010001, 0xFFFDFFFE, 0x00020003, 0x00000002, 0x00000001,
	0x00030004, 0x00010001, 0x00010000, 0x00010000, 0xFFFCFFFD, 0xFFFEFFFF, 0x00040004, 0x00040002, 0x00020000, 0x00030002, 0x00010001,
	0x00000001, 0x00000000, 0x00020001, 0x00050004, 0x00020002, 0x00020002, 0x00020001, 0x00020001, 0x00060007, 0x00050006, 0x00030003,
	0x00000000, 0x00030003, 0x00090009, 0x00050005, 0x00070006, 0x00070006, 0x00000000, 0x00030003, 0x00040003, 0x00010001, 0x00020002,
	0x00030002, 0x00040002, 0x00040003, 0x00030004, 0x00000001, 0x00000001, 0x00030003, 0x00040004, 0x00020002, 0x00030002, 0x00070005,
	0x00040003, 0x00040004, 0x00050005, 0x00030003, 0x00060006, 0x00030003, 0xFFFEFFFF, 0x00020002, 0x00020001, 0x00030001, 0x00050002,
	0x00020002, 0x00020002, 0x00020002, 0x00030002, 0x0000FFFF, 0xFFFEFFFF, 0x00020003, 0x00010002, 0xFFFEFFFF, 0x00000000, 0x00010002,
	0x00000000, 0x00000000, 0x00010000, 0x00030001, 0x00040004, 0x00040005, 0x00060006, 0x00020002, 0x00010000, 0x00060004, 0x00010000,
	0x00030003, 0x00060006, 0x0000FFFF, 0x00010001, 0xFFFEFFFE, 0xFFF8FFF9, 0xFFFF0000, 0x00010001, 0x0000FFFF, 0x00030001, 0x00030003,
	0x00020003, 0x00020003, 0x00040005, 0x00040004, 0x00020002, 0x00050004, 0x00030002, 0x0001FFFF, 0x00030001, 0x0000FFFF, 0xFFFEFFFE,
	0x00010001, 0x0000FFFE, 0xFFFFFFFD, 0x00000000, 0x00040003, 0x00060004, 0x00030000, 0x0001FFFF, 0xFFFFFFFF, 0xFFFDFFFD, 0x00010000,
	0x00040003, 0xFFFFFFFF, 0xFFFBFFFA, 0xFFFBFFFA, 0x00000000, 0x00030004, 0x00010002, 0xFFFFFFFE, 0x00010000, 0x00030003, 0x00030002,
	0x00010000, 0xFFFEFFFC, 0x0000FFFF, 0x00040004, 0x00000000, 0xFFFFFFFF, 0x00010001, 0x0000FFFF, 0x00020000, 0x00020001, 0x00020002,
	0x00030002, 0x0000FFFF, 0xFFFFFFFF, 0x00010001, 0x00010000, 0x00010000, 0x00030002, 0x00010001, 0x00010000, 0x00040002, 0x00010000,
	0x00010000, 0x00040003, 0xFFFEFFFE, 0xFFFEFFFF, 0x00050004, 0x00040003, 0x00040004, 0x00040004, 0x00010001, 0x00030002, 0x0000FFFF,
	0xFFFDFFFE, 0x00020001, 0xFFFFFFFE, 0xFFFFFFFF, 0x00040004, 0x00010001, 0xFFFFFFFF, 0x00030002, 0xFFFDFFFD, 0xFFF9FFF9, 0x00030004,
	0x00020003, 0xFFFCFFFA, 0x0002FFFE, 0xFFFEFFFD, 0xFFFDFFFF, 0x00020003, 0x0000FFFF, 0x00040001, 0x00040003, 0xFFFDFFFE, 0xFFFFFFFF,
	0x00020001, 0x00020001, 0x00010000, 0xFFFEFFFE, 0x00010002, 0x00070006, 0x00040004, 0xFFFF0000, 0xFFFCFFFF, 0x00010002, 0x00030001,
	0xFFFEFFFB, 0x0000FFFE, 0xFFFFFFFE, 0xFFF9FFFA, 0xFFFEFFFE, 0xFFFEFFFD, 0xFFFEFFFD, 0x00020001, 0xFFFCFFFC, 0xFFFEFFFC, 0x0001FFFF,
	0xFFFFFFFE, 0x00010002, 0x00010003, 0x00000001, 0x00030002, 0x00030001, 0x00000000, 0x00010002, 0x00050005, 0x00020001, 0x00010000,
	0x00030004, 0xFFFF0000, 0xFFFEFFFD, 0x00050003, 0x00040003, 0xFFFFFFFF, 0x00020001, 0x00060005, 0x00030003, 0xFFFFFFFF, 0x0000FFFF,
	0x0000FFFF, 0xFFFEFFFF, 0x00020003, 0x00060005, 0x00030001, 0x00030002, 0x00060006, 0x00020002, 0xFFFFFFFF, 0x00010001, 0x00030004,
	0x00050005, 0x00040003, 0x00030002, 0x00060005, 0x00030004, 0x00010001, 0x00050004, 0x00040002, 0x0000FFFF, 0x00030001, 0x00020000,
	0x0001FFFF, 0x00010001, 0x00000001, 0xFFFF0000, 0x00040004, 0x00090009, 0x00030004, 0x00040004, 0x00050006, 0x00010001, 0x00090007,
	0x00080007, 0xFFFFFFFE, 0x00020001, 0x00030000, 0x0001FFFE, 0x00010000, 0x00020002, 0x00010001, 0xFFFEFFFD, 0x00020001, 0x00050004,
	0x00020002, 0x00020004, 0x00050006, 0x00050005, 0x00040004, 0x00050006, 0x00050005, 0x00020001, 0x0001FFFF, 0x00060005, 0x00070006,
	0xFFFFFFFF, 0x0000FFFE, 0x00000000, 0xFFFF0000, 0x00030005, 0xFFFEFFFF, 0xFFFDFFFE, 0x00050004, 0x00020001, 0x00010001, 0x00040004,
	0x00040004, 0x00020002, 0x00000000, 0x00000001, 0x00020003, 0x00050004, 0x00020002, 0x00050004, 0x000A0009, 0x00070007, 0x00030004,
	0x00030004, 0x00070007, 0x00050005, 0x00040003, 0x00060005, 0x00030002, 0x00060005, 0x00070006, 0xFFFF0000, 0x00020002, 0x00030003,
	0x00050005, 0x00050006, 0xFFFE0000, 0x00000000, 0x00050004, 0x00020001, 0xFFFFFFFE, 0x00030002, 0x00060005, 0x00020003, 0x00000000,
	0xFFFF0000, 0x00040005, 0x00050005, 0x00040004, 0x00070006, 0x00030003, 0x00030004, 0x00050005, 0x00050003, 0x00040003, 0xFFFF0000,
	0x00000002, 0x00020003, 0xFFFF0000, 0x00020002, 0x00030003, 0x00040004, 0x00030003, 0x00040003, 0x00080008, 0x00060006, 0x00030005,
	0x00040005, 0x00050005, 0x00040003, 0x00030002, 0x00040003, 0xFFFFFFFF, 0x00010001, 0x00010001, 0x0000FFFF, 0x00020003, 0x00000002,
	0x00010003, 0x00020003, 0x00040004, 0x00080008, 0x00050004, 0x00030002, 0x00020002, 0x00020003, 0x00030003, 0x00020002, 0x00050006,
	0x00040005, 0x00050006, 0x00070007, 0x00050005, 0x00050005, 0x00030003, 0x00030004, 0x00000001, 0xFFFFFFFF, 0x00020002, 0xFFFF0000,
	0x00040005, 0x00050005, 0x0000FFFF, 0x00040003, 0x00040004, 0x00030004, 0x00020003, 0x00000001, 0x00050006, 0x00080008, 0x00030003,
	0x0000FFFF, 0x00050003, 0x00040004, 0x00030003, 0x00040004, 0x00000001, 0x00030004, 0x00050006, 0x00020003, 0x00040004, 0x00040003,
	0x00010001, 0xFFFEFFFE, 0x00010000, 0x00030004, 0x00000001, 0xFFFF0000, 0xFFFDFFFD, 0x00010001, 0x00050004, 0x00010000, 0x00000000,
	0xFFFFFFFF, 0x00020002, 0x00020002, 0x00000000, 0x00060006, 0x00050005, 0x00020002, 0xFFFFFFFF, 0x00000001, 0x00040005, 0x00000001,
	0x00030003, 0x00030003, 0xFFFCFFFD, 0xFFFCFFFE, 0x00000002, 0x00040002, 0x0000FFFD, 0x00020001, 0x00040005, 0x00000001, 0x00060004,
	0x00050003, 0x00020002, 0x00010002, 0xFFFDFFFE, 0x00010001, 0x00020002, 0x00000002, 0x00050007, 0x00080008, 0x00040003, 0x0000FFFF,
	0x00000002, 0xFFFF0002, 0x00010002, 0x00020002, 0x00000001, 0x00030004, 0x00010001, 0x00000000, 0xFFFFFFFF, 0xFFFFFFFF, 0x00010002,
	0x00010001, 0x00050005, 0x00000001, 0xFFFDFFFE, 0x00020002, 0xFFFDFFFD, 0xFFFEFFFE, 0x00020002, 0xFFFF0000, 0x00000001, 0xFFFE0000,
	0x00000002, 0x00010001, 0x00000000, 0x00000002, 0x00010003, 0x00050005, 0x00030002, 0x00040004, 0x00010001, 0xFFFEFFFD, 0x0000FFFF,
	0xFFFCFFFD, 0x00020004, 0x00070007, 0x0000FFFF, 0x00030003, 0x00040005, 0x00020002, 0x00050004, 0x00030003, 0x00010001, 0x00030002,
	0x00030003, 0xFFFDFFFF, 0xFFFCFFFF, 0xFFFF0000, 0xFFFFFFFF, 0x00050003, 0x00030002, 0xFFFEFFFF, 0xFFFF0001, 0x00000001, 0xFFFFFFFF,
	0x0000FFFF, 0x00010001, 0xFFFF0000, 0x00030002, 0xFFFEFFFE, 0xFFFCFFFD, 0x00050006, 0x00010002, 0x00020003, 0x00010002, 0xFFF7FFF9,
	0x00000001, 0xFFFF0000, 0xFFFBFFFD, 0x00050004, 0x00030002, 0x00030004, 0x00010004, 0xFFFD0000, 0x00000000, 0xFFFCFFFB, 0xFFF9FFFA,
	0xFFFEFFFF, 0x00020000, 0xFFFFFFFE, 0xFFFFFFFF, 0x00020003, 0x00000001, 0x00000000, 0xFFFF0000, 0x00010002, 0x00030003, 0xFFFDFFFE,
	0xFFFE0000, 0x00030005, 0x00030004, 0x00020002, 0x00020003, 0x00020003, 0x00000000, 0x00010001, 0x00020003, 0x00010002, 0x00010001,
	0x00020001, 0x00050005, 0x00040005, 0x00020003, 0xFFFF0000, 0xFFFF0000, 0x00070008, 0x00050006, 0x00000002, 0x00000002, 0xFFFFFFFF,
	0x00030002, 0x00040004, 0x00010001, 0x00000000, 0x00030003, 0x00030004, 0xFFFF0000, 0x00020002, 0x00040005, 0x00040006, 0x00030005,
	0xFFFEFFFE, 0x00010000, 0x00020003, 0x00010002, 0x0000FFFF, 0xFFFCFFFA, 0x00040002, 0x00070007, 0xFFFF0001, 0xFFFE0000, 0x00030003,
	0x00060005, 0x00010000, 0x00010002, 0x00030005, 0x00000002, 0x00030003, 0x00020001, 0xFFFEFFFF, 0x00010001, 0x00010001, 0x00020001,
	0x00020001, 0x00020001, 0x00020003, 0x00010002, 0x00010001, 0x00010001, 0xFFFF0000, 0x00000001, 0x00040004, 0x00020002, 0x00020002,
	0x00010002, 0x00010001, 0x00070007, 0x00060006, 0x00070007, 0x000B000B, 0x00060006, 0x00050006, 0x00010003, 0x00020002, 0x00070005,
	0xFFFFFFFE, 0x00020002, 0x00020003, 0xFFFBFFFC, 0x00010002, 0x00010003, 0xFFFEFFFF, 0x00030002, 0x00040003, 0x00020002, 0x00010002,
	0x00040004, 0x00020003, 0xFFFE0000, 0xFFFF0000, 0x00020001, 0x00040003, 0x00050005, 0x00040004, 0x00000001, 0xFFFEFFFF, 0xFFFEFFFF,
	0xFFFFFFFF, 0x00000000, 0x00000001, 0xFFFF0001, 0x00000002, 0x00000002, 0xFFFEFFFF, 0xFFFFFFFE, 0x00020002, 0xFFFF0000, 0xFFFDFFFE,
	0x00000000, 0xFFFEFFFF, 0xFFFF0000, 0x00000000, 0xFFFFFFFD, 0x00020002, 0x00020003, 0xFFFE0000, 0xFFFFFFFE, 0xFFFFFFFE, 0xFFFCFFFF,
	0xFFFCFFFF, 0xFFFEFFFE, 0x0000FFFE, 0x0000FFFF, 0xFFFDFFFF, 0xFFFCFFFE, 0x00000000, 0x00030004, 0x00020003, 0xFFFEFFFE, 0xFFFCFFFB,
	0xFFFCFFFB, 0xFFFF0000, 0x00030004, 0xFFFBFFFD, 0xFFFBFFFC, 0xFFFFFFFF, 0xFFFBFFFA, 0x00020001, 0x00060005, 0xFFFF0000, 0x00020003,
	0x00030003, 0x00020002, 0x00010002, 0xFFFCFFFD, 0xFFFEFFFF, 0x00020003, 0xFFFF0000, 0xFFFF0000, 0x00000000, 0x00030002, 0x00030003,
	0x00000000, 0x00000002, 0xFFFEFFFF, 0xFFFBFFFC, 0xFFFFFFFE, 0x00020000, 0x00050003, 0x00010000, 0xFFFFFFFE, 0x00060006, 0x00010003,
	0xFFFBFFFD, 0x00030004, 0x00010002, 0xFFFF0000, 0x00030003, 0x00010001, 0x00020001, 0x00010000, 0xFFFCFFFD, 0xFFFF0000, 0x00000001,
	0x00000001, 0x00010000, 0xFFFDFFFC, 0xFFFFFFFF, 0x00010002, 0xFFFE0000, 0xFFFFFFFF, 0x00010001, 0x00010001, 0xFFFDFFFD, 0xFFFEFFFE,
	0x00010001, 0xFFFFFFFF, 0xFFFEFFFE, 0x00000000, 0x00000000, 0x00000000, 0xFFFEFFFD, 0xFFFFFFFF, 0x00010001, 0x00010001, 0xFFFEFFFD,
	0xFFFBFFFA, 0xFFFFFFFE, 0xFFFF0000, 0xFFFF0000, 0x00000000, 0xFFFEFFFD, 0xFFFFFFFD, 0xFFFCFFFB, 0xFFFDFFFC, 0x00040003, 0x00030003,
	0x00020003, 0x00020002, 0xFFFEFFFE, 0xFFFEFFFE, 0x00010001, 0x00000000, 0xFFFFFFFD, 0xFFFDFFFC, 0xFFFAFFFA, 0xFFFFFFFF, 0x0000FFFF,
	0xFFFBFFFB, 0xFFFFFFFF, 0x00000000, 0xFFFEFFFD, 0xFFFEFFFD, 0x00010000, 0x00040004, 0x00010001, 0x00000000, 0x00000000, 0xFFFBFFFC,
	0xFFFCFFFD, 0xFFFCFFFD, 0x0000FFFE, 0x00020000, 0xFFFEFFFF, 0x00000001, 0x00000000, 0x0000FFFF, 0x00020001, 0xFFFFFFFE, 0xFFFEFFFE,
	0x00020001, 0x00030003, 0x00010001, 0xFFFFFFFF, 0xFFFEFFFF, 0xFFFEFFFF, 0xFFFCFFFC, 0xFFFBFFFA, 0xFFFCFFFC, 0xFFFBFFFC, 0xFFFCFFFD,
	0x00000000, 0xFFFFFFFE, 0xFFFFFFFF, 0xFFFFFFFF, 0xFFFBFFFC, 0xFFFCFFFB, 0xFFFCFFFC, 0xFFFF0000, 0x00020002, 0x00030001, 0x0001FFFF,
	0x00000000, 0x00030006, 0x00020003, 0xFFFEFFFD, 0xFFFEFFFD, 0xFFFEFFFF, 0x00010002, 0x00000000, 0x0000FFFF, 0x00030001, 0x00030002,
	0xFFFFFFFF, 0xFFFBFFFC, 0x00000000, 0x00040004, 0xFFFFFFFF, 0xFFFDFFFD, 0xFFFFFFFE, 0x0001FFFF, 0xFFFFFFFD, 0x00010001, 0x00050006,
	0x00020003, 0x00030003, 0x00010000, 0xFFFEFFFC, 0xFFFF0000, 0x00020003, 0x00000000, 0xFFFCFFFB, 0x0000FFFF, 0xFFFFFFFE, 0xFFFBFFFA,
	0x00030002, 0x00030004, 0x00020003, 0x00050004, 0x00010000, 0x00020002, 0x00010003, 0x00010002, 0x00030001, 0x00020000, 0x00040003,
	0x00030003, 0xFFFEFFFF, 0xFFFDFFFD, 0xFFFEFFFF, 0xFFFF0000, 0x0000FFFF, 0xFFFFFFFE, 0xFFFFFFFF, 0x00020003, 0x00000000, 0x0000FFFF,
	0x00020002, 0x00000001, 0x00040003, 0x00020000, 0x0000FFFF, 0x00010001, 0xFFFCFFFC, 0x00010001, 0xFFFFFFFF, 0xFFFAFFFB, 0x00040004,
	0x00030004, 0x00040005, 0x00060006, 0x00000000, 0x00040003, 0x00040004, 0xFFFF0000, 0x00020001, 0x00010001, 0x00020002, 0x00060005,
	0x00030001, 0x00020001, 0x00020002, 0xFFFDFFFE, 0xFFFEFFFE, 0x00010000, 0x0000FFFE, 0x00010000, 0x00000000, 0xFFFDFFFE, 0xFFFDFFFE,
	0xFFFEFFFE, 0xFFFFFFFE, 0xFFFDFFFD, 0xFFFBFFFB, 0xFFFAFFFA, 0xFFFBFFFB, 0x00010001, 0x00030002, 0x0000FFFF, 0x0000FFFF, 0x00030002,
	0x00000001, 0x00040004, 0x000A0009, 0x00020000, 0x00010000, 0x00020002, 0xFFFEFFFF, 0x00020002, 0x00000001, 0x00010001, 0x00040005,
	0x00040004, 0x00050005, 0x0001FFFF, 0x0000FFFE, 0x00040003, 0x00020002, 0x00020002, 0x00020001, 0x00060005, 0x00060005, 0xFFFFFFFF,
	0xFFFFFFFE, 0xFFFF0000, 0x00010002, 0x00010001, 0xFFFFFFFD, 0xFFFEFFFD, 0xFFFFFFFF, 0x00020000, 0x00040001, 0x00060005, 0x00050005,
	0x00030004, 0x00020002, 0xFFFDFFFB, 0xFFFDFFFC, 0x00000000, 0x00020002, 0x00020001, 0x0000FFFE, 0x00020001, 0x00000001, 0x00010002,
	0x00040002, 0x0002FFFF, 0x00030002, 0x00040004, 0x00050003, 0x0000FFFF, 0xFFFDFFFE, 0x00050004, 0x0000FFFE, 0x00010002, 0x00070009,
	0xFFFEFFFF, 0xFFFF0000, 0x00010001, 0xFFFCFFFD, 0x00010000, 0x00050003, 0x00040002, 0x00030003, 0x00020002, 0x00030004, 0x00050005,
	0x0000FFFF, 0x0000FFFF, 0x00050004, 0x00000001, 0xFFFEFFFF, 0x00010001, 0xFFFEFFFD, 0xFFFFFFFF, 0x00020002, 0x00050004, 0x00020001,
	0x00010001, 0x00060007, 0x00030004, 0xFFFFFFFF, 0xFFFEFFFC, 0x0000FFFD, 0x00010001, 0xFFFDFFFE, 0xFFFEFFFF, 0x00020002, 0x00000000,
	0x00010000, 0x00010000, 0xFFFEFFFD, 0xFFFFFFFF, 0x00030003, 0xFFFDFFFE, 0xFFFFFFFF, 0x00050003, 0x00000000, 0x00020003, 0x00030002,
	0x0000FFFE, 0xFFFFFFFE, 0xFFFFFFFE, 0x00040002, 0x0001FFFE, 0x0000FFFE, 0x00040003, 0xFFFEFFFE, 0x0000FFFF, 0xFFFDFFFE, 0xFFFBFFFD,
	0xFFFEFFFE, 0xFFFBFFFB, 0xFFFFFFFF, 0xFFFCFFFD, 0xFFF9FFF9, 0xFFFFFFFE, 0xFFFDFFFE, 0xFFFEFFFE, 0x00010000, 0x00030001, 0xFFFF0000,
	0xFFFCFFFD, 0x00010000, 0xFFFFFFFE, 0xFFFF0000, 0xFFFF0000, 0xFFFDFFFC, 0x00040000, 0x00020000, 0xFFFFFFFE, 0xFFFDFFFE, 0xFFFCFFFE,
	0x00000002, 0xFFFF0000, 0xFFFDFFFE, 0x00010000, 0x0000FFFF, 0xFFFEFFFD, 0xFFFDFFFD, 0xFFFEFFFE, 0x00000000, 0x0001FFFF, 0xFFFDFFFB,
	0xFFFAFFFC, 0xFFFBFFFE, 0xFFFDFFFD, 0x00010000, 0xFFFCFFFB, 0xFFFAFFFA, 0x00020001, 0xFFFDFFFC, 0xFFFEFFFE, 0x00030002, 0xFFFEFFFE,
	0xFFFEFFFD, 0xFFFEFFFD, 0x0000FFFF, 0x0000FFFF, 0xFFFEFFFE, 0x00000000, 0xFFFCFFFC, 0xFFFCFFFD, 0xFFFF0000, 0x00010003, 0x00010003,
	0xFFFEFFFD, 0x00030001, 0x00030003, 0xFFFEFFFF, 0x00050004, 0x00040003, 0xFFFEFFFF, 0xFFFFFFFF, 0xFFFFFFFE, 0xFFFFFFFE, 0x00000001,
	0x00010002, 0x00010002, 0x00020002, 0x00030003, 0x00000000, 0xFFFDFFFD, 0xFFFFFFFF, 0x00000001, 0x00000001, 0xFFFFFFFF, 0xFFFFFFFF,
	0x00020002, 0x00020002, 0xFFFFFFFF, 0x00010001, 0x00000000, 0xFFFEFFFD, 0x00010000, 0x00000001, 0x00000001, 0x00040004, 0x00030001,
	0x00010000, 0x00010002, 0x00000001, 0x00010000, 0x00030003, 0xFFFF0001, 0x00000001, 0x00060006, 0x00020000, 0xFFFDFFFE, 0xFFFF0001,
	0x00000001, 0x00010001, 0x00000000, 0x00020001, 0x0001FFFF, 0xFFFFFFFE, 0x00020002, 0x00020001, 0x0001FFFF, 0x00010001, 0x00000002,
	0x00010002, 0xFFFFFFFE, 0x0000FFFF, 0x00010001, 0xFFFDFFFD, 0xFFFFFFFE, 0x0000FFFF, 0x00000000, 0x00010002, 0x00010002, 0x00000001,
	0xFFF9FFFA, 0xFFF9FFF9, 0x00010001, 0xFFFDFFFE, 0xFFFBFFFC, 0x00020002, 0x00020002, 0xFFFEFFFE, 0xFFFEFFFC, 0xFFFFFFFE, 0x00000000,
	0xFFFDFFFE, 0xFFFEFFFE, 0x00030004, 0x00060007, 0x00030003, 0x0001FFFF, 0xFFFFFFFE, 0xFFFFFFFE, 0xFFFEFFFE, 0xFFFAFFFB, 0xFFFEFFFF,
	0x00010001, 0xFFFAFFFA, 0xFFFCFFFB, 0xFFFEFFFD, 0xFFF9FFFA, 0xFFFCFFFB, 0x00010000, 0x00010000, 0xFFFE0000, 0xFFFF0002, 0xFFFEFFFF,
	0xFFFCFFFC, 0xFFFEFFFD, 0xFFFFFFFF, 0xFFFFFFFF, 0xFFFEFFFD, 0xFFFDFFFD, 0xFFFDFFFE, 0xFFFDFFFE, 0xFFFFFFFF, 0xFFFBFFFB, 0xFFFCFFFD,
	0x00010000, 0xFFFAFFF9, 0xFFFDFFFC, 0xFFFFFFFF, 0xFFFDFFFC, 0x00040002, 0x00020003, 0xFFFE0001, 0xFFFDFFFE, 0xFFFBFFFA, 0xFFFDFFFD,
	0xFFFCFFFD, 0x00010000, 0x00020001, 0xFFFEFFFD, 0xFFFDFFFE, 0xFFFCFFFC, 0xFFFFFFFD, 0x00020001, 0xFFFEFFFE, 0xFFFEFFFD, 0x00020001,
	0x00030003, 0xFFFDFFFD, 0xFFFBFFFC, 0xFFFDFFFE, 0xFFF9FFFA, 0xFFFEFFFE, 0x00040003, 0x00000000, 0x00030002, 0x00020001, 0xFFFEFFFE,
	0x00020002, 0x00050005, 0x00030001, 0x0001FFFE, 0xFFFFFFFD, 0xFFFCFFFC, 0xFFFDFFFF, 0xFFFEFFFF, 0xFFFEFFFF, 0x00010001, 0xFFFF0000,
	0x00010001, 0x00030003, 0xFFFF0000, 0x00000001, 0x00040002, 0x00030001, 0xFFFEFFFE, 0xFFFEFFFF, 0x00010001, 0x0000FFFF, 0xFFFFFFFE,
	0x0000FFFE, 0x00010001, 0x00010002, 0x00000001, 0x00050005, 0x00050005, 0xFFFCFFFC, 0xFFFDFFFE, 0x00030005, 0x00010002, 0xFFFBFFFC,
	0xFFFEFFFF, 0x00000001, 0xFFFDFFFD, 0xFFFEFFFE, 0xFFFF0000, 0xFFFF0000, 0x00040003, 0x00040004, 0x00030003, 0x00050005, 0xFFFEFFFE,
	0xFFFCFFFB, 0xFFFFFFFE, 0xFFFCFFFD, 0xFFFE0000, 0xFFFF0000, 0xFFFCFFFB, 0x00040003, 0x00040005, 0x00010002, 0x00040004, 0xFFFEFFFF,
	0xFFFCFFFC, 0xFFFEFFFE, 0xFFFDFFFE, 0x00010001, 0x00020001, 0x0000FFFF, 0x00010000, 0x00020001, 0x00030003, 0xFFFEFFFF, 0xFFFDFFFD,
	0xFFFEFFFE, 0x00010003, 0x00060008, 0x00030003, 0x0001FFFF, 0x00020001, 0x00020001, 0x00040003, 0x00030002, 0x00010000, 0x00010001,
	0xFFFF0000, 0xFFFFFFFF, 0xFFFEFFFE, 0xFFFFFFFE, 0xFFFFFFFF, 0xFFFDFFFE, 0xFFFDFFFE, 0xFFFF0000, 0xFFFEFFFE, 0x0000FFFF, 0x00040003,
	0x00020002, 0xFFFEFFFD, 0xFFFFFFFD, 0x00010000, 0x00020003, 0xFFFFFFFF, 0xFFFEFFFE, 0x00020002, 0x00030004, 0x00040005, 0x00000000,
	0xFFFF0000, 0x00030003, 0xFFFFFFFF, 0x00000000, 0x00010000, 0x00000000, 0x00030005, 0xFFFF0001, 0xFFFF0001, 0x00010002, 0x0000FFFF,
	0x0000FFFF, 0xFFFDFFFC, 0x0001FFFF, 0x00040003, 0x00010002, 0x00030003, 0x00020001, 0x00040003, 0x00030003, 0x00010002, 0x00060008,
	0x00020004, 0x00030003, 0x00080008, 0x00000001, 0xFFFDFFFE, 0x00010000, 0x00010001, 0x00000001, 0x00020002, 0x00050004, 0x00020002,
	0x00010001, 0x00020002, 0x00030002, 0x00030002, 0x00030002, 0x00060006, 0x00030004, 0xFFFF0000, 0x00000000, 0x00010000, 0x00050004,
	0x00060006, 0x00000002, 0x00000001, 0xFFFEFFFF, 0xFFFDFFFE, 0x00000001, 0x00050004, 0x00040003, 0xFFFF0000, 0xFFFEFFFD, 0x00020000,
	0x00040004, 0x00000001, 0xFFFFFFFF, 0x00020003, 0x00030003, 0x00010001, 0x00010000, 0x00020001, 0x00010000, 0x00000001, 0x00030003,
	0x00010001, 0x00010002, 0x00030003, 0xFFFEFFFE, 0xFFFDFFFC, 0xFFFFFFFE, 0xFFFFFFFD, 0x0000FFFE, 0x00030002, 0x00030004, 0xFFFE0000,
	0xFFFE0001, 0x00020003, 0xFFFFFFFF, 0xFFFDFFFC, 0xFFFEFFFD, 0xFFFFFFFF, 0x00000001, 0x00000001, 0x00020001, 0xFFFFFFFF, 0x00000000,
	0x00040004, 0x00010001, 0x00030002, 0x00040004, 0x00000002, 0x00020004, 0x00020002, 0xFFFFFFFE, 0x00000000, 0x00010002, 0x00030002,
	0x00050004, 0x00020002, 0x00030003, 0x00040003, 0x00020001, 0x00030003, 0x00000001, 0xFFFEFFFF, 0x00020002, 0x00030003, 0x00020003,
	0x00020004, 0x00010002, 0x00020001, 0x00040004, 0x00030002, 0xFFFEFFFE, 0x00030003, 0x00050006, 0x00040006, 0x00050007, 0x00020003,
	0x00040003, 0x00020002, 0xFFFEFFFE, 0x00040003, 0x00010000, 0x00010000, 0x00050005, 0x00020002, 0x00080008, 0x00060006, 0x00020000,
	0x00070005, 0x00000001, 0xFFFBFFFD, 0xFFFDFFFF, 0xFFFFFFFF, 0xFFFFFFFE, 0xFFFEFFFF, 0x00030005, 0x00000001, 0xFFFFFFFF, 0x00060005,
	0x00010001, 0x0000FFFF, 0x00040004, 0x00010002, 0x00030003, 0x00080007, 0x00030002, 0xFFFEFFFE, 0x00010001, 0x00020002, 0x00010000,
	0x00030003, 0x00040004, 0x00010002, 0x00000000, 0x00020001, 0x00010001, 0x0000FFFF, 0x00040002, 0x00050004, 0x00020002, 0x00000000,
	0x00010002, 0x00010002, 0xFFFFFFFE, 0x00050004, 0x00050003, 0xFFFFFFFE, 0x00070006, 0x00040004, 0xFFFEFFFE, 0x00030002, 0x00010001,
	0x00030004, 0x00010002, 0xFFFDFFFD, 0xFFFFFFFF, 0xFFFFFFFF, 0xFFFF0000, 0xFFFEFFFF, 0xFFFF0000, 0x00050004, 0x00020001, 0x00030003,
	0x00030003, 0x0000FFFF, 0x00020002, 0x00020002, 0x00040004, 0x00040003, 0xFFFFFFFF, 0x00030003, 0x00040005, 0xFFFEFFFF, 0xFFFF0001,
	0x00050007, 0x00040004, 0x00030003, 0x00050004, 0x00020002, 0x00010002, 0xFFFEFFFF, 0xFFFBFFFD, 0x00030004, 0x00020002, 0x0000FFFF,
	0x00030004, 0x00040005, 0x00070008, 0x00070007, 0x00020002, 0x00040004, 0x00020001, 0xFFFEFFFD, 0xFFFFFFFE, 0x00010000, 0x00030003,
	0x00020002, 0x00010000, 0x00040003, 0x00000000, 0xFFFCFFFE, 0x00030003, 0x00030001, 0x00020001, 0x00060006, 0x00020002, 0x00010001,
	0x00050005, 0x00050005, 0x00040004, 0x00050005, 0x00070006, 0x00030004, 0x00010001, 0x00050003, 0x00040003, 0x00000000, 0x00000000,
	0x00040004, 0x00030002, 0x0000FFFF, 0x00040002, 0x00010001, 0xFFF9FFFB, 0xFFFCFFFE, 0x00020003, 0x00010000, 0x00010001, 0x00030005,
	0x00020004, 0x00050003, 0x00030000, 0xFFFEFFFE, 0x00020003, 0x00000000, 0x0000FFFF, 0x00060006, 0x00020002, 0x00010001, 0x00010001,
	0xFFFDFFFE, 0x00010002, 0x00020001, 0x0001FFFE, 0x0000FFFF, 0xFFFF0000, 0x00010001, 0x00000000, 0x00000000, 0x00030005, 0x00030004,
	0x00010001, 0x00040004, 0x00050006, 0x00040006, 0x00060007, 0x00040003, 0x00020001, 0x00040002, 0x00040003, 0x00050005, 0xFFFEFFFE,
	0xFFFEFFFE, 0x00040004, 0xFFFF0000, 0x00010001, 0x00030002, 0xFFFFFFFE, 0xFFFFFFFF, 0xFFFFFFFF, 0x00020001, 0x00020001, 0xFFFFFFFE,
	0xFFFEFFFD, 0xFFFBFFFA, 0xFFFEFFFD, 0x00030002, 0x00020002, 0x00010000, 0xFFFEFFFE, 0x00020004, 0x00020003, 0xFFFDFFFD, 0x00030002,
	0x00000000, 0xFFFDFFFD, 0x00020003, 0x00040005, 0x00010002, 0xFFFDFFFD, 0xFFFFFFFF, 0xFFFEFFFD, 0xFFFDFFFC, 0x00000000, 0xFFFEFFFF,
	0xFFFDFFFE, 0xFFFDFFFE, 0xFFFBFFFB, 0xFFFDFFFD, 0xFFFDFFFD, 0x0001FFFF, 0x0002FFFF, 0xFFFDFFFD, 0xFFFDFFFF, 0x00010002, 0x00010000,
	0xFFFFFFFF, 0x00020002, 0xFFFF0001, 0xFFFEFFFF, 0x00040003, 0x0001FFFF, 0xFFFDFFFD, 0x00000003, 0x00000002, 0x00030003, 0x00010001,
	0xFFFDFFFC, 0x00010000, 0x00010000, 0xFFFFFFFD, 0x00010001, 0x00030003, 0x00000002, 0x00010001, 0x00030002, 0x00010001, 0xFFFFFFFF,
	0xFFFFFFFE, 0x0000FFFE, 0x00010000, 0x00010001, 0x00020002, 0x0000FFFF, 0xFFFEFFFD, 0x00020002, 0x00030004, 0x00010002, 0x00010001,
	0xFFFF0001, 0xFFFEFFFE, 0x0000FFFF, 0x00040003, 0x00000001, 0xFFFDFFFF, 0x00020001, 0x0001FFFF, 0xFFFDFFFC, 0xFFFEFFFE, 0x00000000,
	0xFFFEFFFF, 0xFFFEFFFE, 0x00000000, 0x0000FFFF, 0x00000000, 0x00010001, 0xFFFEFFFE, 0xFFFDFFFE, 0xFFFF0001, 0xFFFDFFFF, 0xFFFDFFFE,
	0xFFFF0000, 0x00000000, 0x00010000, 0x00040002, 0x00040003, 0x00020002, 0x00010001, 0x00020002, 0x00030003, 0x00020002, 0x00020002,
	0x00000000, 0xFFFFFFFE, 0x0000FFFF, 0x0000FFFF, 0xFFFDFFFE, 0xFFFBFFFD, 0xFFFF0000, 0x00010001, 0x00020002, 0x00030003, 0xFFFEFFFD,
	0xFFFEFFFF, 0x00000001, 0xFFFEFFFE, 0x00010000, 0xFFFFFFFE, 0xFFFDFFFB, 0x0000FFFE, 0xFFFFFFFF, 0x00010002, 0x00030004, 0x00040003,
	0x00030002, 0x0000FFFF, 0xFFFFFFFF, 0xFFFEFFFF, 0x00000002, 0x00010003, 0x00010002, 0x00050004, 0x00010001, 0x00010003, 0x00040006,
	0x00030004, 0x00060006, 0x00020002, 0x00000000, 0x00010001, 0xFFFCFFFD, 0xFFFFFFFF, 0x00020002, 0x00010002, 0x00030004, 0x00020003,
	0x00020001, 0x00010001, 0x00010000, 0x00020002, 0x00030002, 0x00010000, 0xFFFEFFFD, 0x00030003, 0x00020004, 0xFFFEFFFF, 0x00030003,
	0x00010000, 0xFFFDFFFC, 0x0000FFFF, 0x00010001, 0x00010002, 0xFFFF0000, 0xFFFF0000, 0x00020002, 0x00000000, 0xFFFDFFFE, 0x00000000,
	0x00030003, 0x0000FFFF, 0x00000000, 0x00010001, 0xFFFEFFFD, 0x0000FFFF, 0x0000FFFF, 0x00000000, 0x00020003, 0xFFFDFFFD, 0xFFFFFFFE,
	0x00050004, 0x00040004, 0xFFFFFFFF, 0xFFFF0000, 0x00050006, 0x00020003, 0xFFFDFFFD, 0xFFFFFFFE, 0x0000FFFF, 0x0000FFFF, 0x00010000,
	0x0000FFFF, 0x00000000, 0x00040004, 0x00060006, 0x00030003, 0x00010002, 0x00000001, 0xFFFF0001, 0x00010002, 0xFFFF0000, 0xFFFFFFFF,
	0x00020003, 0x00000001, 0x00030002, 0x00050003, 0x0000FFFF, 0x0000FFFE, 0x00000000, 0xFFFBFFFE, 0xFFFF0001, 0x00040004, 0xFFFFFFFF,
	0xFFFEFFFE, 0x00010000, 0xFFFDFFFD, 0xFFFCFFFC, 0xFFFFFFFF, 0xFFFFFFFF, 0xFFFFFFFE, 0xFFFDFFFD, 0xFFFDFFFE, 0xFFFF0001, 0x00010002,
	0x00010001, 0x00040004, 0x00060007, 0x00010001, 0x00020001, 0x00050005, 0x00040005, 0x00040006, 0x00030004, 0x00010000, 0x00010000,
	0x00020002, 0x00040004, 0x00010001, 0xFFFCFFFD, 0x00000002, 0x00020003, 0xFFFDFFFD, 0xFFFFFFFF, 0x00000001, 0x00000000, 0x00040005,
	0x00020003, 0xFFFEFFFF, 0x00000000, 0xFFFEFFFE, 0xFFFDFFFE, 0x00010002, 0x00060006, 0x00010001, 0xFFFDFFFD, 0x00000000, 0xFFFFFFFE,
	0xFFFFFFFF, 0x00010002, 0x00010001, 0x00040003, 0xFFFEFFFF, 0xFFFDFFFE, 0x00010001, 0xFFFCFFFC, 0xFFFDFFFD, 0xFFFEFFFF, 0xFFFDFFFE,
	0xFFFDFFFD, 0xFFFCFFFC, 0x00030002, 0x00050004, 0x00000002, 0x00020003, 0x00010001, 0xFFFCFFFB, 0xFFF9FFF9, 0xFFFFFFFF, 0x00020001,
	0xFFFCFFFB, 0x00010001, 0x00030005, 0x00020001, 0x00040003, 0xFFFE0000, 0xFFFD0000, 0x00020004, 0x00020003, 0x00000000, 0xFFFFFFFE,
	0x00010000, 0xFFFFFFFF, 0xFFFCFFFD, 0x0000FFFF, 0xFFFFFFFE, 0xFFFDFFFC, 0x00020002, 0x00050004, 0x00010001, 0x00010003, 0x00020004,
	0x00040005, 0x00070007, 0x00020001, 0xFFFEFFFE, 0x00010002, 0x00020002, 0x00010001, 0xFFFEFFFE, 0xFFFF0001, 0x00040007, 0x00030005,
	0x00020001, 0xFFFEFFFD, 0xFFFDFFFC, 0x00000000, 0x00010002, 0x00040006, 0x00030004, 0xFFFEFFFD, 0xFFFFFFFF, 0x00010002, 0x00010002,
	0x00000001, 0x00020002, 0x00000000, 0xFFFDFFFD, 0x00000000, 0x00010001, 0x00020002, 0x00030003, 0x00010000, 0x00010002, 0xFFFE0000,
	0xFFFEFFFE, 0x00030003, 0x00010000, 0x0000FFFF, 0x00020002, 0xFFFFFFFF, 0xFFFCFFFD, 0xFFFDFFFE, 0xFFFFFFFF, 0x00030001, 0x00050003,
	0x00030003, 0x00010002, 0x00020002, 0x00020001, 0x00010000, 0x00020002, 0x00050005, 0x00040004, 0x00010001, 0x00000000, 0x00000000,
	0xFFFF0000, 0xFFFDFFFD, 0xFFFDFFFD, 0xFFFF0000, 0x00000000, 0x00010001, 0x00020001, 0xFFFEFFFD, 0xFFFCFFFC, 0xFFFFFFFF, 0xFFFFFFFD,
	0xFFFBFFFA, 0x00000000, 0x00020001, 0xFFFDFFFD, 0x00020003, 0x00030004, 0xFFFE0000, 0x00010002, 0xFFFF0000, 0xFFFFFFFF, 0x00010000,
	0xFFFEFFFE, 0x00000001, 0x00010002, 0x0000FFFE, 0x0001FFFF, 0x00010001, 0x00010002, 0xFFFFFFFF, 0xFFFEFFFD, 0x00000001, 0x00010001,
	0xFFFFFFFE, 0xFFFFFFFE, 0xFFFFFFFF, 0xFFFDFFFE, 0xFFFE0000, 0x00000001, 0xFFFDFFFE, 0xFFFDFFFD, 0xFFFEFFFE, 0xFFFEFFFF, 0x00020002,
	0x00030003, 0xFFFFFFFF, 0x00010001, 0x00030002, 0x00030001, 0x00060005, 0x00050006, 0x00010002, 0xFFFEFFFD, 0xFFFEFFFC, 0x00030003,
	0x00000001, 0xFFFF0000, 0x00020003, 0xFFFFFFFF, 0x00030003, 0x00040004, 0xFFFFFFFF, 0x00010000, 0x00010000, 0x00040004, 0x00020002,
	0xFFFEFFFE, 0x00030004, 0x00010001, 0xFFFDFFFC, 0x00020000, 0x00030002, 0x00040003, 0x00030003, 0x00050005, 0x00060006, 0x00020001,
	0x00050003, 0x00040004, 0x00010000, 0x00020001, 0x00040004, 0x00030003, 0x00010003, 0x00050006, 0x00050003, 0x00050003, 0x00090009,
	0x00030003, 0x00010001, 0x00050004, 0x00040003, 0x00020002, 0xFFFFFFFF, 0x00020001, 0x00050004, 0x00010001, 0x00010003, 0xFFFF0000,
	0x0000FFFF, 0x00020001, 0x00010000, 0x00040004, 0x00030003, 0xFFFDFFFE, 0xFFFFFFFF, 0x00010001, 0x00050004, 0x00090008, 0x00080006,
	0x00050004, 0x00040005, 0x00030004, 0x00040003, 0x00040004, 0xFFFF0000, 0xFFFCFFFD, 0x00000000, 0x00010000, 0x0000FFFF, 0x00000000,
	0x00000000, 0x00020001, 0x00010000, 0xFFFFFFFE, 0xFFFDFFFD, 0xFFFF0000, 0x00010001, 0x00010001, 0x00050003, 0x00030001, 0xFFFEFFFE,
	0x00020003, 0x00010001, 0xFFFCFFFC, 0x00020001, 0x00050004, 0x00010000, 0xFFFEFFFE, 0x00000000, 0x00050005, 0x00050005, 0x00020000,
	0x00040002, 0x00040004, 0x00020003, 0x00010001, 0xFFFFFFFD, 0xFFFDFFFE, 0xFFFEFFFF, 0x00040003, 0x000A0007, 0x00050003, 0xFFFEFFFD,
	0xFFFFFFFE, 0x0000FFFF, 0x00000001, 0x00000002, 0x00010001, 0x00020002, 0x00000001, 0x00010002, 0x00050004, 0x00020000, 0x00000000,
	0x00000001, 0xFFFEFFFE, 0x00000000, 0x00030004, 0x00030003, 0x00010000, 0xFFFFFFFF, 0x00030004, 0x00020002, 0x00010000, 0x00030002,
	0x0000FFFF, 0x00000000, 0x00010000, 0xFFFFFFFE, 0x00030002, 0x00020001, 0x00000000, 0x00050005, 0x00030002, 0x00020002, 0xFFFE0000,
	0xFFF9FFFB, 0xFFFEFFFF, 0x00020001, 0x0000FFFE, 0x0000FFFE, 0x00040003, 0x00030003, 0xFFFFFFFE, 0x00040004, 0x00060005, 0x00020002,
	0x00050006, 0x00030003, 0x0000FFFF, 0x00030003, 0x00020001, 0x00020001, 0x00040003, 0x00010000, 0x00000000, 0x00020002, 0x00000000,
	0xFFFEFFFE, 0x0000FFFE, 0x00020000, 0x0000FFFF, 0xFFFCFFFC, 0x00000002, 0x00040007, 0x00000001, 0xFFFF0000, 0xFFFFFFFE, 0x0000FFFE,
	0x00030003, 0xFFFF0000, 0x00030004, 0x00040005, 0xFFFFFFFF, 0x00070007, 0x00070009, 0x00030003, 0x00060005, 0x00020001, 0x00010000,
	0x00020002, 0x00020001, 0x00050004, 0x00040004, 0x00040005, 0x00070006, 0x00040006, 0x00010002, 0xFFFFFFFF, 0x00050003, 0x00070005,
	0x00040003, 0x00060007, 0x00020004, 0x00010002, 0x00050006, 0x00050005, 0x00040003, 0x00030003, 0x00030004, 0x00030004, 0x00010001,
	0x00010000, 0x00000000, 0x00030004, 0x00020003, 0xFFFDFFFD, 0x00020003, 0x00040005, 0x00000001, 0xFFFEFFFF, 0xFFFDFFFE, 0x00000000,
	0x00040003, 0x00020002, 0xFFFF0000, 0xFFFF0000, 0x00040005, 0x00060007, 0x00040004, 0x00030004, 0x00040005, 0x00030003, 0x00010000,
	0x00010000, 0x00020001, 0x00010001, 0x00020002, 0x00030003, 0x00040003, 0x00030003, 0x00010002, 0x00080008, 0x00090008, 0x00030002,
	0x00010002, 0x00000002, 0x00010002, 0x00010002, 0x00020002, 0x00040004, 0xFFFF0000, 0x00030003, 0x00040004, 0xFFFDFFFD, 0x00020003,
	0x00050006, 0x00010002, 0x00020002, 0xFFFEFFFE, 0xFFFCFFFD, 0xFFFCFFFE, 0x00000001, 0x00040003, 0x00020001, 0x00020003, 0x00030004,
	0x00030004, 0x00040005, 0x00000001, 0xFFFEFFFE, 0xFFFEFFFE, 0xFFFFFFFF, 0x00000000, 0xFFFF0000, 0x00020004, 0x00030004, 0x00020001,
	0x00060004, 0x00030003, 0xFFFF0000, 0x00020001, 0x00030003, 0xFFFEFFFF, 0xFFFBFFFD, 0xFFFE0000, 0x00010002, 0x00050003, 0x00040003,
	0x00020002, 0x00030002, 0x00000000, 0x00010000, 0x00020001, 0x00000000, 0x00030004, 0x00000003, 0xFFFE0000, 0x00020002, 0x00030002,
	0x00050005, 0xFFFF0000, 0xFFFCFFFD, 0x00050006, 0x00010001, 0xFFFCFFFC, 0x00010001, 0x00000000, 0x00030004, 0x00030004, 0x0000FFFF,
	0x00010001, 0x00020003, 0x00010003, 0xFFFEFFFF, 0xFFFFFFFE, 0x00000000, 0xFFF9FFFA, 0xFFFBFFFC, 0x00030004, 0x00010000, 0xFFFEFFFD,
	0xFFFEFFFE, 0xFFFDFFFD, 0xFFFEFFFD, 0xFFFFFFFF, 0xFFFDFFFE, 0xFFFDFFFE, 0xFFFEFFFE, 0x0000FFFF, 0xFFFF0000, 0x00000001, 0x00040004,
	0x00020002, 0x00000001, 0x00020004, 0x00020002, 0xFFFFFFFE, 0xFFFFFFFF, 0x00020002, 0x00040004, 0x00040005, 0x00060006, 0x00020002,
	0xFFFCFFFC, 0x00000001, 0x00020002, 0xFFFFFFFF, 0x0000FFFF, 0x0000FFFF, 0x00030003, 0x00020002, 0xFFFCFFFB, 0xFFFFFFFE, 0xFFFF0001,
	0xFFFDFFFE, 0x00020002, 0x00010000, 0xFFFBFFFA, 0xFFFCFFFC, 0xFFFBFFFC, 0xFFF9FFFA, 0xFFFF0000, 0x00010001, 0xFFFDFFFD, 0xFFFF0001,
	0xFFFF0000, 0xFFFFFFFF, 0x00020003, 0xFFFCFFFD, 0xFFFCFFFB, 0x0000FFFF, 0xFFFEFFFD, 0xFFFFFFFF, 0xFFFCFFFD, 0xFFFBFFFC, 0x00030002,
	0xFFFEFFFD, 0xFFFCFFFB, 0x00040004, 0x00000001, 0xFFFBFFFD, 0xFFFDFFFE, 0x00000000, 0x00050006, 0x00030005, 0xFFFDFFFD, 0x0001FFFF,
	0x00030002, 0x00000001, 0x00020003, 0x00020003, 0x00010001, 0x00040004, 0x00020000, 0x0000FFFE, 0xFFFEFFFF, 0xFFFCFFFD, 0x00030002,
	0x00050004, 0x0000FFFF, 0x00020002, 0x00000001, 0xFFFDFFFD, 0x00030002, 0x00040004, 0xFFFEFFFE, 0xFFFEFFFE, 0x00010002, 0xFFFEFFFF,
	0xFFFEFFFE, 0x00030003, 0x00020001, 0x00010001, 0x00000001, 0xFFFEFFFF, 0xFFFEFFFD, 0xFFFBFFFB, 0xFFFEFFFD, 0xFFFF0000, 0xFFFF0000,
	0x00020003, 0xFFFF0000, 0xFFFBFFFC, 0xFFFEFFFC, 0x00010000, 0x00020003, 0xFFFEFFFF, 0xFFFFFFFE, 0x00050003, 0x00030003, 0xFFFEFFFE,
	0xFFFDFFFC, 0xFFFFFFFE, 0xFFFEFFFE, 0xFFFCFFFB, 0x0000FFFE, 0xFFFFFFFE, 0xFFFCFFFC, 0x00000000, 0x0001FFFF, 0x0000FFFF, 0x00010001,
	0x00000000, 0x00000001, 0x00020003, 0x00030003, 0xFFFEFFFE, 0xFFFDFFFC, 0x00040003, 0x00030002, 0xFFFEFFFE, 0xFFFCFFFD, 0xFFFCFFFD,
	0xFFFDFFFD, 0xFFFDFFFE, 0xFFFFFFFF, 0xFFFEFFFE, 0xFFFEFFFC, 0xFFFFFFFD, 0xFFFBFFFA, 0xFFFEFFFD, 0x00040003, 0x00020002, 0x00010003,
	0x00010001, 0xFFFEFFFD, 0xFFFF0000, 0xFFFF0000, 0xFFFEFFFD, 0x0001FFFF, 0x00010001, 0x00010002, 0x00020002, 0x00000000, 0xFFFEFFFD,
	0x0000FFFE, 0x00030000, 0x00010001, 0x00010001, 0x00000001, 0xFFFEFFFC, 0xFFFDFFFB, 0x00000001, 0x00030005, 0x00000000, 0xFFFDFFFE,
	0x00010001, 0x00010000, 0xFFFFFFFE, 0x00010002, 0x00010002, 0x0000FFFF, 0x00040004, 0x00050006, 0x00000002, 0x00010000, 0x00020001,
	0x00000000, 0x00010000, 0x00020001, 0x00010000, 0xFFFFFFFE, 0xFFFFFFFF, 0xFFFFFFFD, 0xFFFDFFFC, 0xFFFF0000, 0x00000001, 0xFFFDFFFD,
	0xFFFFFFFE, 0x00010000, 0x00000000, 0x00000000, 0x0000FFFF, 0x00010000, 0x00020002, 0x00000000, 0x00010001, 0xFFFFFFFE, 0x0000FFFF,
	0x00030004, 0xFFFCFFFD, 0xFFFDFFFC, 0x00030004, 0xFFFEFFFE, 0xFFFEFFFD, 0x00010001, 0xFFFEFFFD, 0x0000FFFF, 0xFFFFFFFE, 0xFFFEFFFE,
	0x00020002, 0xFFFFFFFF, 0x0000FFFF, 0x00020002, 0x00000000, 0xFFFFFFFF, 0xFFFDFFFD, 0xFFFCFFFB, 0xFFFFFFFE, 0x00010000, 0x0000FFFF,
	0x0001FFFF, 0x00030002, 0xFFFFFFFE, 0xFFFBFFFC, 0xFFFDFFFD, 0xFFFEFFFD, 0x00010000, 0x00010001, 0x00000001, 0x00000001, 0xFFFDFFFE,
	0xFFFAFFFC, 0xFFF7FFF8, 0xFFF8FFF7, 0xFFFEFFFE, 0xFFFCFFFC, 0xFFFCFFFD, 0x00030003, 0x00030002, 0x00030002, 0x00040003, 0x00020001,
	0x00010001, 0x0000FFFF, 0x00010000, 0x00020002, 0x00000001, 0xFFFDFFFE, 0x00000001, 0x00030003, 0xFFFFFFFE, 0x00020001, 0x00000000,
	0xFFFBFFFA, 0x0000FFFF, 0xFFFDFFFD, 0xFFF8FFF8, 0x00010001, 0x00020001, 0xFFFDFFFD, 0xFFFF0000, 0xFFFF0000, 0x00000000, 0x00020000,
	0xFFFFFFFE, 0xFFFEFFFF, 0x00020003, 0x00030003, 0x00030003, 0x00010001, 0xFFFDFFFD, 0xFFFFFFFF, 0xFFFEFFFE, 0xFFF7FFF8, 0xFFFDFFFE,
	0x00010002, 0xFFFBFFFC, 0xFFFEFFFE, 0x00000000, 0xFFFFFFFF, 0xFFFEFFFD, 0xFFFEFFFD, 0x00000000, 0x00000000, 0xFFFAFFFB, 0xFFFBFFFB,
	0xFFFFFFFE, 0xFFFEFFFE, 0x00020002, 0x00030004, 0xFFFCFFFC, 0xFFFEFFFD, 0x00030002, 0xFFFEFFFE, 0xFFFEFFFF, 0xFFFFFFFF, 0xFFFDFFFC,
	0xFFFEFFFE, 0xFFFAFFFB, 0xFFFBFFFB, 0xFFFEFFFE, 0xFFFBFFFC, 0xFFF8FFFB, 0xFFF8FFF9, 0xFFFAFFF9, 0xFFF9FFF8, 0xFFF5FFF6, 0xFFFAFFFB,
	0xFFFBFFFA, 0xFFF9FFF8, 0xFFFEFFFE, 0xFFFCFFFC, 0xFFF7FFF7, 0xFFFAFFFB, 0xFFFE0000, 0xFFFF0000, 0x0000FFFF, 0x00010000, 0xFFFFFFFF,
	0xFFFFFFFD, 0x0001FFFF, 0xFFFFFFFF, 0xFFFDFFFD, 0xFFFEFFFF, 0xFFFFFFFF, 0xFFFFFFFE, 0x0000FFFF, 0xFFFEFFFD, 0xFFFBFFFC, 0xFFFE0000,
	0x00000001, 0x00020002, 0x0000FFFF, 0xFFFCFFFC, 0xFFFDFFFF, 0xFFFBFFFD, 0xFFF9FFFA, 0xFFFCFFFD, 0xFFFDFFFC, 0xFFFEFFFF, 0xFFFE0000,
	0xFFFDFFFC, 0xFFFFFFFE, 0x0000FFFF, 0xFFFEFFFE, 0xFFFDFFFE, 0xFFFDFFFC, 0x0000FFFE, 0xFFFDFFFD, 0xFFFCFFFB, 0xFFFFFFFE, 0xFFFBFFFA,
	0xFFFCFFFB, 0x00020002, 0x00000000, 0xFFFFFFFF, 0x00000001, 0xFFFEFFFD, 0xFFFEFFFD, 0xFFFFFFFF, 0xFFFDFFFC, 0xFFFFFFFE, 0x00020002,
	0x00010001, 0x00030004, 0xFFFE0000, 0xFFFCFFFE, 0x00030003, 0xFFFFFFFF, 0xFFFDFFFD, 0xFFFFFFFF, 0xFFFEFFFE, 0xFFFFFFFE, 0xFFFCFFFD,
	0xFFFEFFFF, 0xFFFF0000, 0xFFFAFFFA, 0xFFFBFFFB, 0xFFFCFFFC, 0xFFFEFFFF, 0x00020001, 0xFFFFFFFE, 0x00010002, 0x00000000, 0xFFFDFFFD,
	0x00010002, 0xFFFF0000, 0x00010002, 0x00050004, 0x00050003, 0x00070007, 0x00010001, 0xFFFEFFFE, 0xFFFF0000, 0xFFFF0001, 0x00030004,
	0x00000000, 0x0000FFFF, 0x00040003, 0x00010001, 0x00050005, 0x00020002, 0xFFFAFFFA, 0xFFFE0000, 0x00000002, 0xFFFF0000, 0x00030002,
	0x00000000, 0xFFFCFFFC, 0xFFFFFFFF, 0x00010000, 0x0000FFFF, 0x00020003, 0x00030004, 0xFFFF0000, 0xFFFEFFFF, 0xFFFF0000, 0xFFFF0000,
	0xFFFBFFFB, 0xFFFEFFFE, 0x00040003, 0xFFFEFFFC, 0xFFFCFFFB, 0xFFFF0001, 0x00000002, 0x00020002, 0x00000000, 0x00000002, 0xFFFEFFFF,
	0xFFFCFFFB, 0x00030003, 0x00010002, 0x00000001, 0x00040005, 0x00000001, 0x00000000, 0x00010000, 0x00020002, 0x00040005, 0xFFFEFFFF,
	0xFFFFFFFF, 0xFFFFFFFF, 0xFFFCFFFC, 0xFFFFFFFF, 0xFFFEFFFE, 0x00000001, 0x00000002, 0xFFFCFFFD, 0x00030003, 0x00040003, 0x0000FFFE,
	0x00020001, 0x00010001, 0x00000000, 0xFFFF0001, 0xFFFF0000, 0xFFFDFFFD, 0xFFFAFFF9, 0xFFFDFFFC, 0xFFFFFFFF, 0x00010002, 0x00010000,
	0xFFFEFFFC, 0x0000FFFF, 0x00000001, 0x00000001, 0x00010001, 0xFFFBFFFC, 0xFFF9FFFB, 0xFFFDFFFF, 0xFFFFFFFF, 0x00000000, 0x00020002,
	0x00010000, 0x0000FFFF, 0xFFFFFFFF, 0x00000000, 0x00030003, 0x00010001, 0xFFFDFFFD, 0xFFFFFFFF, 0xFFFEFFFD, 0xFFFFFFFF, 0x00020003,
	0xFFFDFFFD, 0x00020002, 0x00080006, 0x00020000, 0x00010001, 0xFFFDFFFE, 0xFFFAFFFB, 0xFFFDFFFE, 0xFFFCFFFB, 0xFFFEFFFE, 0x00010002,
	0x00000000, 0xFFFFFFFE, 0xFFFEFFFD, 0xFFFFFFFF, 0xFFFEFFFE, 0x00010000, 0x00030003, 0xFFFDFFFD, 0x00010000, 0x00060005, 0xFFFFFFFF,
	0x00000001, 0x00060006, 0x00070007, 0x00030003, 0x00000000, 0x00020003, 0x00020003, 0xFFFF0000, 0x00030002, 0x00070006, 0x00020002,
	0xFFFE0000, 0x00020003, 0x00030003, 0x00020001, 0x00010001, 0x00000000, 0x00020003, 0x00010003, 0xFFFF0000, 0x00000000, 0x00020001,
	0x00040004, 0x00010001, 0xFFFFFFFE, 0x00030002, 0x00030003, 0x00030003, 0x00010001, 0xFFFEFFFD, 0x00040003, 0x00040004, 0x00010000,
	0x00050004, 0x00040004, 0x00010000, 0x00030002, 0x00020001, 0xFFFFFFFF, 0x00010001, 0x00030003, 0x00020003, 0x00040005, 0x00040004,
	0x00040002, 0x00050003, 0x00020002, 0xFFFFFFFF, 0xFFFF0001, 0x00030004, 0x00010001, 0xFFFF0000, 0x00030003, 0x00010001, 0xFFFFFFFF,
	0x00030001, 0x00030001, 0x00020002, 0x00040004, 0x00030004, 0x00050004, 0x00050004, 0x00020002, 0x00020002, 0x00030002, 0xFFFEFFFF,
	0xFFFDFFFD, 0x00020001, 0x0001FFFF, 0x00010000, 0x00060008, 0x00050007, 0x00040004, 0x00010000, 0x0000FFFF, 0x00060005, 0x00010001,
	0xFFFF0000, 0x00010001, 0x00000000, 0x00060005, 0x00030003, 0xFFFBFFFD, 0x00010002, 0x00020001, 0xFFFDFFFB, 0xFFFDFFFD, 0xFFFE0000,
	0x00000000, 0x00020001, 0x00020002, 0x00020002, 0x00000000, 0xFFFEFFFE, 0xFFFF0000, 0x00030004, 0xFFFFFFFF, 0xFFFDFFFD, 0x00010001,
	0x00020002, 0x00040002, 0x00020000, 0x00000000, 0xFFFF0001, 0xFFFDFFFE, 0x00030003, 0x00030003, 0xFFFFFFFF, 0x00030003, 0x00030002,
	0x00020002, 0x00020002, 0xFFFEFFFF, 0xFFFF0000, 0xFFFE0000, 0x00000001, 0xFFFFFFFE, 0xFFFAFFFA, 0xFFFF0001, 0x00010002, 0x00010001,
	0x00060006, 0x00040004, 0x00040003, 0x00030003, 0xFFFEFFFF, 0x00010002, 0x00040004, 0xFFFFFFFF, 0xFFFEFFFE, 0x00010001, 0xFFFFFFFF,
	0xFFFEFFFD, 0x00020003, 0x00020003, 0xFFFFFFFE, 0x00020002, 0x00030004, 0x00000000, 0x00010000, 0x00020001, 0xFFFFFFFF, 0xFFFFFFFF,
	0x0000FFFF, 0xFFFCFFFC, 0xFFFFFFFF, 0x00040004, 0x00020001, 0xFFFCFFFD, 0xFFFCFFFC, 0x00030002, 0x00060005, 0x00020002, 0xFFFFFFFF,
	0xFFFDFFFD, 0x00010002, 0x00060008, 0x00010001, 0x00010000, 0x00040003, 0x00000000, 0xFFFCFFFC, 0xFFFCFFFC, 0x00020002, 0x00060006,
	0x00020001, 0x0000FFFE, 0xFFFFFFFE, 0xFFFF0000, 0xFFFFFFFF, 0x0001FFFF, 0x00030003, 0x00000000, 0x0000FFFF, 0x00020002, 0xFFFFFFFF,
	0xFFFFFFFF, 0xFFFF0000, 0x00010001, 0x00040004, 0x00010001, 0x00020000, 0x00030002, 0xFFFDFFFE, 0x00020001, 0x00070006, 0x0000FFFF,
	0xFFFCFFFC, 0x00000001, 0x00050004, 0x00040002, 0x00010001, 0x00050004, 0x00060004, 0x00020002, 0x00000000, 0xFFFF0000, 0x00020002,
	0x00020001, 0xFFFFFFFF, 0x00010001, 0x00010001, 0xFFFFFFFF, 0xFFFFFFFF, 0xFFFFFFFE, 0x00000000, 0x00030002, 0x00020001, 0x00020001,
	0x00040003, 0x00030002, 0x00000001, 0x00020002, 0x00020001, 0x0000FFFF, 0x00020002, 0x00030004, 0x00010001, 0x00030003, 0x00020004,
	0xFFFF0000, 0x00010001, 0x00030002, 0x00020001, 0x00000002, 0x00010002, 0x00040004, 0x00040004, 0x00020003, 0x00030003, 0x00030002,
	0x00020000, 0x00010000, 0xFFFFFFFF, 0xFFFEFFFF, 0x00010003, 0x00040005, 0x00020003, 0x00010002, 0x00020002, 0x00030003, 0x00050005,
	0x00030002, 0x00020003, 0x00040004, 0xFFFFFFFE, 0xFFFDFFFD, 0x00040004, 0x00020002, 0xFFFCFFFC, 0xFFFDFFFE, 0x00020004, 0x00020003,
	0x00010000, 0x00020003, 0x00010001, 0xFFFFFFFD, 0xFFFEFFFE, 0xFFFDFFFD, 0xFFFDFFFD, 0x00010001, 0x00010001, 0xFFFE0000, 0xFFFDFFFE,
	0x0000FFFE, 0xFFFFFFFF, 0xFFFCFFFD, 0xFFFEFFFE, 0x0000FFFF, 0xFFFEFFFC, 0xFFFFFFFE, 0x0000FFFF, 0xFFFFFFFE, 0x00020001, 0xFFFF0000,
	0xFFFEFFFF, 0xFFFF0000, 0xFFFDFFFD, 0xFFFFFFFE, 0x00020000, 0x0000FFFF, 0x00010002, 0xFFFF0000, 0xFFFDFFFD, 0xFFFFFFFF, 0xFFFF0000,
	0x00010001, 0xFFFEFFFE, 0xFFFCFFFC, 0x00000000, 0xFFFEFFFE, 0x0000FFFE, 0x00050004, 0xFFFEFFFE, 0xFFFCFFFD, 0x0000FFFF, 0xFFFFFFFC,
	0x0000FFFE, 0x00000001, 0xFFFEFFFF, 0x00010001, 0x00000000, 0xFFFF0000, 0x00000000, 0x00010000, 0x00020001, 0xFFFFFFFF, 0x0000FFFF,
	0x00030001, 0x0000FFFE, 0xFFFFFFFE, 0xFFFEFFFE, 0xFFFEFFFF, 0x00010002, 0xFFFFFFFF, 0x00000000, 0x00040004, 0x00020002, 0x00040004,
	0x00030002, 0xFFFEFFFE, 0x00020002, 0x00010002, 0x00000000, 0x00000000, 0xFFFCFFFA, 0xFFFDFFFD, 0xFFFFFFFF, 0xFFFDFFFD, 0xFFFEFFFE,
	0xFFFDFFFD, 0x0000FFFF, 0x00020002, 0xFFFFFFFE, 0x00010000, 0x00010001, 0x00000002, 0x00050006, 0x00010000, 0x00010001, 0x00030003,
	0xFFFF0000, 0x00010001, 0xFFFDFFFD, 0xFFFAFFFB, 0xFFFEFFFF, 0xFFFDFFFD, 0x0000FFFF, 0x00030001, 0x0000FFFD, 0x00010001, 0x00010001,
	0xFFFDFFFE, 0x00010001, 0x00030003, 0x00020003, 0x00010002, 0x00000001, 0x00020002, 0x00060005, 0x00030002, 0xFFFBFFFB, 0xFFFBFFFB,
	0xFFFCFFFB, 0xFFFCFFFB, 0x00020001, 0x00030003, 0x00000001, 0x00020002, 0x00010002, 0x00010002, 0x00020002, 0x00050004, 0x00060007,
	0x00000003, 0xFFFF0001, 0x00030003, 0x00020001, 0x00020002, 0x00010001, 0xFFFEFFFE, 0xFFFFFFFF, 0xFFFFFFFF, 0xFFFDFFFE, 0x00010001,
	0x00040002, 0xFFFFFFFE, 0xFFFFFFFF, 0x00000000, 0xFFFEFFFE, 0xFFFFFFFF, 0xFFFEFFFF, 0xFFFEFFFF, 0xFFFFFFFF, 0xFFFEFFFD, 0x00000000,
	0xFFFF0001, 0xFFFDFFFF, 0xFFFF0000, 0xFFFCFFFD, 0xFFFEFFFE, 0x00020003, 0xFFFEFFFF, 0xFFFDFFFE, 0x00000001, 0x00000000, 0xFFFEFFFE,
	0xFFFBFFFB, 0xFFFF0000, 0xFFFF0000, 0xFFFAFFFA, 0xFFFFFFFE, 0xFFFEFFFE, 0xFFFAFFFA, 0xFFFEFFFE, 0xFFFBFFFB, 0xFFFBFFFB, 0xFFFFFFFF,
	0xFFFCFFFC, 0xFFFDFFFE, 0xFFFFFFFF, 0xFFFAFFFA, 0xFFFDFFFE, 0xFFFF0001, 0xFFFEFFFF, 0xFFFFFFFF, 0xFFFDFFFE, 0xFFFDFFFD, 0xFFFEFFFD,
	0xFFFEFFFE, 0xFFFCFFFC, 0xFFFCFFFD, 0x00000000, 0xFFFFFFFF, 0xFFFFFFFF, 0x00010001, 0x0000FFFF, 0x00030003, 0x00050005, 0x0000FFFF,
	0xFFFDFFFD, 0xFFFCFFFD, 0xFFFCFFFD, 0xFFFDFFFD, 0x0000FFFF, 0x00030002, 0xFFFFFFFF, 0xFFFEFFFE, 0xFFFEFFFF, 0xFFFCFFFC, 0xFFFEFFFE,
	0x00010001, 0x00020002, 0x00010002, 0xFFFAFFFB, 0xFFFAFFFA, 0xFFFF0000, 0x00020003, 0x00030003, 0xFFFFFFFE, 0xFFFEFFFE, 0xFFFF0000,
	0xFFFF0000, 0x00010000, 0xFFFCFFFC, 0xFFFBFFFC, 0xFFFDFFFE, 0xFFF9FFFA, 0xFFFCFFFC, 0xFFFDFFFD, 0xFFFBFFFB, 0xFFFFFFFD, 0xFFFDFFFD,
	0xFFFDFFFE, 0x00000000, 0xFFFEFFFC, 0x0000FFFE, 0x00000000, 0xFFFCFFFD, 0x00000001, 0x00020003, 0xFFFBFFFD, 0xFFFBFFFC, 0x00020002,
	0x00000000, 0xFFFCFFFB, 0x0000FFFF, 0x00030002, 0xFFFFFFFD, 0xFFFBFFFC, 0xFFFF0000, 0x00000000, 0xFFFEFFFD, 0xFFFFFFFE, 0xFFFEFFFE,
	0x00010002, 0x00030003, 0xFFFCFFFD, 0xFFFDFFFD, 0x0000FFFF, 0xFFFEFFFD, 0x00030002, 0x00030003, 0xFFFE0000, 0x00000000, 0xFFFFFFFF,
	0x00000001, 0x00040004, 0x00030002, 0x00020001, 0xFFFFFFFF, 0xFFFEFFFF, 0xFFFF0000, 0xFFFDFFFE, 0xFFFEFFFF, 0xFFFEFFFD, 0xFFFBFFFB,
	0x00020002, 0x00030001, 0xFFFCFFFB, 0x00010001, 0x00000000, 0xFFFBFFFB, 0x0000FFFF, 0x00010001, 0xFFFF0000, 0x00010000, 0xFFFFFFFE,
	0xFFFEFFFD, 0xFFFFFFFF, 0xFFFFFFFF, 0xFFFEFFFD, 0xFFFEFFFD, 0x00000001, 0xFFFFFFFF, 0x00010000, 0x00030004, 0x00000000, 0xFFFDFFFD,
	0xFFFCFFFB, 0xFFFEFFFC, 0xFFFFFFFF, 0xFFFDFFFD, 0x00000000, 0x00030004, 0x00020003, 0x00050004, 0x00010001, 0xFFFEFFFE, 0xFFFF0001,
	0x00010002, 0x00010001, 0xFFFBFFFD, 0xFFFDFFFE, 0x00020002, 0xFFFDFFFD, 0xFFFEFFFD, 0x00030002, 0x00000000, 0xFFFF0000, 0x00020003,
	0x00000000, 0x0000FFFF, 0x00040004, 0x00030003, 0xFFFFFFFE, 0x00000000, 0x00000000, 0xFFFFFFFE, 0xFFFEFFFD, 0xFFFEFFFD, 0xFFFF0000,
	0xFFFEFFFF, 0x0001FFFF, 0x00000000, 0xFFF8FFF9, 0xFFFBFFFC, 0x00000001, 0xFFFCFFFC, 0xFFFDFFFC, 0x00010000, 0xFFFDFFFC, 0xFFFAFFFC,
	0xFFFF0001, 0x00000000, 0xFFFFFFFE, 0x00010000, 0xFFFDFFFC, 0xFFFDFFFB, 0x00030002, 0x00000001, 0xFFFF0001, 0x00030002, 0x00000000,
	0x00000001, 0x00000001, 0xFFFFFFFF, 0x00030002, 0x00010000, 0xFFFEFFFE, 0x00030001, 0x00020001, 0xFFFDFFFE, 0xFFFDFFFD, 0x00000000,
	0x00020003, 0x00040005, 0x00020002, 0xFFFEFFFC, 0x00010000, 0x00030004, 0x00010003, 0x00010001, 0xFFFEFFFD, 0xFFFDFFFC, 0xFFFEFFFD,
	0xFFFEFFFD, 0xFFFFFFFE, 0x00000001, 0xFFFDFFFE, 0xFFFEFFFF, 0x00010002, 0xFFFEFFFF, 0xFFFEFFFD, 0xFFFFFFFD, 0xFFFEFFFD, 0xFFFF0000,
	0x00020003, 0x00020002, 0xFFFFFFFF, 0xFFFCFFFB, 0xFFFBFFFB, 0xFFFBFFFA, 0xFFFDFFFC, 0x00000000, 0x00000001, 0x00000001, 0xFFFDFFFE,
	0x00000000, 0x00020002, 0xFFFAFFFA, 0xFFFDFFFD, 0x00010002, 0xFFFDFFFE, 0x00010001, 0x00020003, 0x0000FFFF, 0x00030001, 0x0000FFFF,
	0xFFFEFFFE, 0x00010001, 0xFFFF0000, 0xFFFFFFFF, 0x00020002, 0x00000000, 0xFFFCFFFA, 0xFFFFFFFF, 0x00020002, 0xFFFFFFFF, 0x00030004,
	0x00030003, 0xFFFEFFFE, 0x00020004, 0x00010001, 0xFFFDFFFD, 0x00040004, 0x00010000, 0xFFFEFFFD, 0x00060006, 0x00040004, 0xFFFDFFFD,
	0x00010001, 0x00030003, 0x00000000, 0x00000000, 0x00010000, 0x00040003, 0x00030002, 0xFFFDFFFC, 0xFFFEFFFE, 0x00010001, 0xFFFF0000,
	0xFFFFFFFF, 0xFFFFFFFE, 0xFFFFFFFF, 0xFFFF0000, 0x00000001, 0x00020003, 0x00040004, 0x00060006, 0x00010001, 0xFFFDFFFD, 0xFFFF0000,
	0xFFFFFFFE, 0xFFFDFFFD, 0x00000000, 0x00010002, 0x00020003, 0xFFFF0000, 0xFFFEFFFE, 0x00020002, 0x00030003, 0x00000000, 0xFFFDFFFE,
	0xFFFEFFFD, 0xFFFFFFFE, 0xFFFDFFFE, 0xFFFDFFFE, 0xFFFEFFFE, 0xFFFCFFFC, 0xFFF9FFF9, 0xFFFAFFFC, 0x00000003, 0xFFFF0001, 0xFFFFFFFF,
	0x00020001, 0xFFFEFFFD, 0xFFFDFFFD, 0xFFFCFFFD, 0xFFFAFFFC, 0xFFFE0000, 0x00010001, 0xFFFF0000, 0xFFFDFFFD, 0xFFFEFFFD, 0x00040003,
	0x00050005, 0xFFFF0000, 0xFFFDFFFE, 0xFFFEFFFE, 0xFFFEFFFD, 0xFFFCFFFC, 0xFFFEFFFE, 0x00000001, 0x00010001, 0x0000FFFF, 0x00000000,
	0x00000001, 0xFFFDFFFE, 0xFFFEFFFD, 0x0001FFFF, 0xFFFFFFFE, 0xFFFEFFFE, 0xFFFDFFFD, 0xFFFEFFFD, 0x00010000, 0xFFFCFFFC, 0xFFFBFFFA,
	0x0000FFFF, 0xFFFDFFFC, 0xFFFBFFFB, 0x00010001, 0x00010001, 0xFFFDFFFD, 0x0000FFFF, 0x00010000, 0xFFFEFFFD, 0xFFFEFFFD, 0xFFFDFFFC,
	0xFFFDFFFB, 0x00010000, 0x00000001, 0x00000000, 0x00030002, 0x0000FFFF, 0xFFFDFFFE, 0xFFFF0001, 0xFFFFFFFE, 0xFFFFFFFD, 0x00020002,
	0x00010002, 0xFFFFFFFF, 0x00000000, 0xFFFEFFFE, 0xFFFBFFFC, 0xFFFEFFFC, 0xFFFFFFFD, 0xFFFEFFFF, 0xFFFAFFFC, 0xFFFCFFFD, 0x00010001,
	0xFFFBFFFB, 0xFFFDFFFD, 0x00030001, 0xFFFDFFFC, 0xFFFDFFFE, 0xFFFF0000, 0xFFFCFFFB, 0x00020001, 0x00020003, 0xFFFCFFFD, 0xFFFFFFFF,
	0x00000001, 0xFFFF0000, 0x00000001, 0x0000FFFF, 0x00010000, 0x00030003, 0xFFFEFFFF, 0xFFFEFFFD, 0xFFFEFFFE, 0xFFFBFFFC, 0x00010001,
	0x00010001, 0xFFFEFFFE, 0x00030003, 0x00020001, 0x00030002, 0x00040004, 0xFFFEFFFE, 0xFFFDFFFD, 0xFFFEFFFD, 0xFFFFFFFF, 0x00020003,
	0x00010001, 0x00030003, 0x00010001, 0xFFFCFFFD, 0xFFFFFFFF, 0xFFFEFFFC, 0x0001FFFF, 0x00060005, 0x00010001, 0xFFFDFFFE, 0xFFFDFFFE,
	0x00010000, 0x00050004, 0x00030002, 0x00020001, 0x00020000, 0x00010000, 0x00020003, 0x00020002, 0x00030003, 0x00040004, 0x00030003,
	0x00000000, 0xFFFDFFFC, 0x00010001, 0x00000002, 0xFFFCFFFD, 0x00020002, 0x00040004, 0x00020002, 0x00040003, 0xFFFFFFFD, 0xFFFDFFFC,
	0x00000001, 0x00000001, 0x00000000, 0xFFFFFFFE, 0xFFFDFFFD, 0x0000FFFF, 0x00000000, 0x00000000, 0x00010001, 0x00010001, 0x00010001,
	0x00000000, 0x00000000, 0x00020002, 0xFFFEFFFE, 0xFFFDFFFC, 0x00030002, 0x0000FFFF, 0xFFFDFFFD, 0x00020002, 0x00010001, 0x00030002,
	0x00070007, 0x00050005, 0x00030004, 0xFFFFFFFF, 0xFFFCFFFB, 0x00020001, 0x00040003, 0x00000000, 0x00020002, 0xFFFFFFFF, 0xFFFDFFFC,
	0x00010001, 0x00000001, 0x00020001, 0x00030002, 0xFFFFFFFD, 0x00000000, 0x00010002, 0xFFFEFFFE, 0xFFFF0000, 0xFFFDFFFE, 0xFFFFFFFF,
	0x00000001, 0xFFFCFFFC, 0x00000000, 0x00010002, 0xFFFEFFFF, 0x00010000, 0xFFFFFFFD, 0x00010000, 0x00020001, 0xFFFCFFFB, 0xFFFDFFFC,
	0x00000001, 0xFFFDFFFF, 0xFFFEFFFD, 0x00020000, 0x00030002, 0xFFFF0001, 0xFFFEFFFF, 0xFFFFFFFF, 0x00020001, 0x00000000, 0xFFFEFFFD,
	0x00030002, 0x00030003, 0xFFFF0000, 0x00000000, 0xFFFCFFFB, 0xFFFCFFFC, 0xFFFF0001, 0xFFFE0000, 0xFFFFFFFF, 0xFFFFFFFE, 0x0000FFFF,
	0x00000000, 0xFFFDFFFD, 0xFFFDFFFD, 0xFFFCFFFD, 0xFFFDFFFD, 0xFFFCFFFC, 0xFFFCFFFD, 0x00000001, 0xFFFCFFFD, 0xFFF9FFFA, 0xFFFFFFFF,
	0x00000000, 0xFFFFFFFE, 0xFFFEFFFD, 0xFFFDFFFE, 0xFFFEFFFF, 0xFFFDFFFD, 0xFFFF0000, 0x00010000, 0x00000000, 0x00030002, 0xFFFFFFFF,
	0xFFFDFFFE, 0xFFFFFFFF, 0xFFFEFFFF, 0x00000001, 0xFFFEFFFE, 0xFFFDFFFD, 0x00000000, 0xFFFFFFFD, 0xFFFEFFFD, 0xFFFEFFFE, 0xFFFFFFFE,
	0x00000000, 0xFFFF0000, 0x00000001, 0x00000001, 0xFFFCFFFB, 0xFFFBFFFB, 0xFFFDFFFD, 0xFFFFFFFE, 0xFFFFFFFE, 0xFFFBFFFB, 0xFFFDFFFD,
	0x00010002, 0x00010000, 0xFFFFFFFF, 0xFFFCFFFD, 0xFFFE0000, 0x00010002, 0xFFFDFFFE, 0xFFFCFFFA, 0xFFFDFFFC, 0xFFFEFFFF, 0x00020003,
	0x00000001, 0xFFFBFFFB, 0xFFF9FFF9, 0xFFF9FFFB, 0xFFFEFFFE, 0xFFFFFFFF, 0xFFFDFFFD, 0xFFFDFFFE, 0xFFFDFFFF, 0xFFFEFFFF, 0x0000FFFF,
	0xFFFDFFFD, 0xFFFFFFFE, 0xFFFFFFFF, 0xFFFEFFFF, 0xFFFEFFFF, 0xFFFEFFFE, 0x00020003, 0x00030005, 0xFFFEFFFE, 0x0000FFFF, 0xFFFFFFFE,
	0xFFFCFFFD, 0x00010002, 0x00030001, 0x0001FFFF, 0xFFFFFFFF, 0xFFFF0000, 0xFFFFFFFE, 0xFFFCFFFA, 0xFFFDFFFD, 0xFFFF0000, 0xFFFCFFFD,
	0xFFFCFFFD, 0xFFFDFFFD, 0x0000FFFF, 0x00030002, 0x00010000, 0xFFFE0000, 0xFFFE0001, 0xFFFEFFFE, 0xFFFEFFFE, 0x00010000, 0x00020001,
	0x00010000, 0x00010000, 0x00030003, 0x00010002, 0xFFFBFFFB, 0xFFFCFFFC, 0x00010001, 0xFFFFFFFE, 0x00000000, 0x00020002, 0xFFFFFFFF,
	0x00000000, 0xFFFEFFFE, 0xFFFDFFFC, 0x00020002, 0x00020001, 0x00010000, 0x00000000, 0x00000000, 0x00040004, 0x00010001, 0xFFFEFFFF,
	0x00010003, 0x00010001, 0x00020002, 0x00030004, 0x00020002, 0x00010000, 0xFFFFFFFE, 0xFFFDFFFB, 0xFFFEFFFE, 0x00020001, 0xFFFFFFFE,
	0xFFFDFFFE, 0x00010002, 0xFFFEFFFE, 0xFFFDFFFB, 0x00020000, 0x00010001, 0xFFFE0000, 0xFFFEFFFD, 0xFFFDFFFC, 0xFFFEFFFD, 0xFFFEFFFE,
	0xFFFFFFFF, 0xFFFEFFFD, 0xFFFBFFFA, 0xFFFFFFFF, 0x00010002, 0xFFFCFFFD, 0xFFFFFFFF, 0x00010001, 0xFFFEFFFD, 0xFFFCFFFB, 0xFFFBFFF9,
	0xFFFDFFFC, 0xFFFFFFFE, 0xFFFDFFFD, 0x00000000, 0x00020001, 0xFFFFFFFE, 0x0000FFFF, 0x0000FFFF, 0x00000000, 0xFFFF0000, 0xFFFDFFFE,
	0x00020003, 0x00010001, 0x0000FFFF, 0x00070006, 0x00010001, 0xFFFDFFFD, 0x00020001, 0x00010000, 0x00020002, 0x00000001, 0xFFFAFFF9,
	0xFFFFFFFE, 0x00020001, 0xFFFDFFFD, 0xFFFAFFFB, 0xFFFAFFFA, 0xFFFEFFFE, 0x00000000, 0xFFFFFFFF, 0xFFFFFFFF, 0xFFFEFFFE, 0x00020002,
	0x00070006, 0x00020001, 0xFFFFFFFE, 0xFFFEFFFF, 0xFFFFFFFF, 0xFFFFFFFF, 0xFFFDFFFD, 0xFFFCFFFC, 0xFFFBFFFB, 0xFFFBFFFC, 0xFFFFFFFF,
	0xFFFEFFFF, 0xFFFDFFFD, 0xFFFFFFFF, 0xFFFEFFFF, 0xFFFDFFFD, 0xFFFDFFFD, 0xFFFBFFFB, 0xFFFFFFFE, 0x00020002, 0xFFFEFFFC, 0xFFFBFFF9,
	0xFFFAFFFA, 0xFFFCFFFD, 0xFFFF0000, 0xFFFBFFFA, 0xFFFBFFFA, 0xFFFFFFFF, 0xFFFEFFFD, 0xFFFEFFFD, 0xFFFEFFFF, 0xFFFEFFFF, 0xFFFCFFFC,
	0xFFFAFFF9, 0xFFFEFFFD, 0xFFFDFFFC, 0xFFFCFFFD, 0xFFFF0000, 0xFFFDFFFD, 0xFFFDFFFD, 0xFFFCFFFD, 0xFFFAFFFC, 0xFFFCFFFE, 0xFFFCFFFD,
	0xFFFFFFFF, 0xFFFEFFFD, 0xFFFBFFFA, 0xFFFFFFFF, 0xFFFEFFFE, 0xFFFF0000, 0x00010001, 0xFFFAFFFA, 0xFFFEFFFF, 0x00010002, 0xFFFEFFFE,
	0x0000FFFF, 0x00000000, 0x00000001, 0x00010001, 0xFFFFFFFD, 0xFFFAFFFA, 0xFFFBFFFB, 0xFFFF0000, 0x00010001, 0xFFFFFFFE, 0xFFFCFFFC,
	0xFFFEFFFE, 0x00010001, 0x00020003, 0x00010003, 0xFFFDFFFE, 0xFFFFFFFE, 0x00010000, 0xFFFDFFFD, 0xFFFBFFFC, 0xFFFEFFFE, 0x00030002,
	0x00020001, 0xFFFDFFFD, 0x00010002, 0x00010002, 0xFFFFFFFF, 0x00010001, 0xFFFDFFFD, 0xFFFDFFFE, 0x00020002, 0x00000000, 0x00010000,
	0x00010001, 0xFFFDFFFD, 0x00000000, 0x00040004, 0x00000000, 0xFFFEFFFD, 0x00030002, 0x00040003, 0x00000000, 0xFFFDFFFE, 0xFFFEFFFF,
	0xFFFFFFFF, 0x0000FFFF, 0x00030003, 0x00020003, 0x00000001, 0x00030003, 0x00030002, 0x00010000, 0x00030001, 0x00020000, 0x00000000,
	0xFFFFFFFF, 0xFFFEFFFD, 0x00000000, 0x00020002, 0xFFFEFFFE, 0xFFFDFFFD, 0xFFFFFFFF, 0x00000001, 0x00000001, 0xFFFF0000, 0xFFFF0000,
	0x00010002, 0x00000000, 0x00010000, 0x00020001, 0x00010001, 0x00000001, 0xFFFEFFFE, 0xFFFFFFFE, 0x0000FFFF, 0x0000FFFF, 0x00020002,
	0xFFFF0000, 0xFFFF0000, 0x00040003, 0x00020002, 0x00030004, 0x00050006, 0x00000000, 0xFFFAFFFB, 0xFFFCFFFC, 0xFFFFFFFF, 0x00010001,
	0x00010001, 0xFFFDFFFD, 0xFFFDFFFD, 0x00030003, 0x00010001, 0xFFFFFFFF, 0x00040004, 0x00030004, 0x00010002, 0x00030004, 0x0000FFFE,
	0xFFFFFFFD, 0x00050004, 0x00060005, 0x00010001, 0xFFFFFFFF, 0xFFFCFFFD, 0xFFFEFFFE, 0x00020002, 0x00010002, 0x00000000, 0x0000FFFE,
	0xFFFBFFFB, 0xFFF9FFFB, 0xFFFEFFFE, 0xFFFEFFFC, 0xFFFBFFFB, 0x00000000, 0xFFFDFFFE, 0xFFFAFFF9, 0xFFFBFFFA, 0xFFFAFFFA, 0xFFFBFFFB,
	0xFFFDFFFD, 0xFFFBFFFD, 0xFFF7FFFA, 0xFFF7FFF8, 0xFFFFFFFD, 0x0000FFFF, 0xFFFCFFFC, 0xFFFDFFFD, 0xFFFEFFFE, 0x00010001, 0xFFFCFFFC,
	0xFFF7FFF5, 0xFFFFFFFE, 0x00000000, 0xFFFEFFFF, 0x00000000, 0xFFFDFFFD, 0xFFFCFFFD, 0xFFFBFFFB, 0xFFFAFFFA, 0xFFFEFFFE, 0xFFFDFFFC,
	0xFFFEFFFD, 0x00010001, 0x00030002, 0x00030003, 0x0000FFFF, 0xFFFEFFFD, 0xFFFCFFFD, 0xFFFDFFFE, 0x00020002, 0xFFFFFFFE, 0xFFFDFFFD,
	0x00000001, 0xFFFCFFFE, 0xFFFBFFFC, 0xFFFE0000, 0xFFFEFFFF, 0xFFFFFFFF, 0xFFFBFFFB, 0xFFF8FFF8, 0x00010000, 0x00010001, 0xFFF9FFF9,
	0xFFF9FFF9, 0xFFFEFFFD, 0x00030001, 0xFFFF0000, 0x00000001, 0x00030004, 0xFFFDFFFD, 0xFFFDFFFD, 0x00010001, 0x0001FFFF, 0x00020001,
	0xFFFCFFFB, 0xFFFBFFFB, 0x00020001, 0xFFFEFFFE, 0xFFFCFFFE, 0xFFFEFFFF, 0xFFFEFFFD, 0xFFFFFFFF, 0xFFFFFFFF, 0xFFFEFFFE, 0xFFFEFFFD,
	0xFFFFFFFE, 0xFFFFFFFF, 0xFFFEFFFD, 0x00000000, 0x00000000, 0x00000000, 0x00040004, 0x00010000, 0x00010001, 0x00040005, 0x00010001,
	0xFFFDFFFD, 0xFFFCFFFD, 0xFFFEFFFF, 0x00010002, 0x00010002, 0x00000001, 0x00000000, 0x00040003, 0x00040002, 0xFFFFFFFE, 0x00010000,
	0x00020000, 0xFFFEFFFD, 0x0000FFFF, 0xFFFFFFFF, 0xFFFDFFFE, 0x00000001, 0x00010001, 0x00010002, 0x00020002, 0x00000001, 0x00020002,
	0x00070008, 0x00040005, 0xFFFDFFFE, 0x00010003, 0x00040005, 0x00020003, 0x00030004, 0xFFFEFFFE, 0xFFFFFFFE, 0x00030002, 0xFFFEFFFE,
	0x00010001, 0x00010000, 0xFFFFFFFD, 0x00030003, 0x00020001, 0x00050004, 0x00060006, 0x00010001, 0x00030003, 0x00030003, 0x00000000,
	0x00000000, 0xFFFDFFFE, 0x00010002, 0x00010001, 0xFFFEFFFE, 0x00000000, 0x00010001, 0x00030002, 0xFFFFFFFF, 0xFFFFFFFF, 0x00050004,
	0x0000FFFF, 0xFFFFFFFE, 0x0000FFFF, 0xFFFDFFFC, 0xFFFFFFFF, 0xFFFFFFFF, 0xFFFDFFFC, 0xFFFFFFFF, 0x00000000, 0x00010002, 0x00030004,
	0x00060006, 0x00030003, 0xFFFEFFFF, 0xFFFFFFFF, 0x00010000, 0x00020002, 0x00010001, 0xFFFEFFFD, 0xFFFDFFFD, 0xFFFEFFFF, 0xFFFF0000,
	0x0000FFFF, 0xFFFFFFFF, 0x00010002, 0x00020004, 0x00000000, 0x0000FFFE, 0x0000FFFE, 0x0000FFFF, 0xFFFFFFFF, 0xFFFBFFFB, 0xFFFFFFFE,
	0x00020002, 0x00010001, 0x00010000, 0xFFFEFFFD, 0xFFFEFFFE, 0xFFFDFFFE, 0xFFFBFFFC, 0x00000002, 0xFFFFFFFF, 0xFFFDFFFC, 0x00000000,
	0xFFFEFFFE, 0x00010002, 0xFFFFFFFF, 0xFFFEFFFD, 0x00040004, 0xFFFEFFFD, 0xFFFEFFFE, 0x00030003, 0xFFFFFFFE, 0xFFFFFFFF, 0xFFFEFFFE,
	0x0000FFFF, 0x00040004, 0x00020003, 0x00000002, 0xFFFEFFFF, 0x00010001, 0x00040004, 0x00010002, 0x00000001, 0xFFFFFFFF, 0xFFFFFFFE,
	0xFFFDFFFC, 0xFFFEFFFD, 0x00040004, 0x00020002, 0x00010001, 0x00040004, 0x00020002, 0xFFFFFFFF, 0xFFFFFFFE, 0x00020001, 0x00000000,
	0xFFFBFFFB, 0xFFFCFFFD, 0xFFFCFFFB, 0x00000000, 0x00070007, 0x00030003, 0xFFFF0001, 0x00010003, 0xFFFFFFFE, 0x0001FFFF, 0x00090008,
	0x00040005, 0xFFFBFFFD, 0xFFFF0000, 0xFFFDFFFD, 0xFFFBFFFB, 0xFFFEFFFD, 0xFFF9FFF8, 0xFFFDFFFC, 0x00030003, 0xFFFDFFFE, 0xFFF9FFF9,
	0xFFFDFFFC, 0xFFFEFFFD, 0xFFFFFFFF, 0x00030003, 0x00000000, 0xFFFCFFFC, 0xFFFEFFFE, 0xFFFDFFFF, 0xFFFE0000, 0x0000FFFF, 0x0001FFFF,
	0x00020001, 0xFFFDFFFD, 0xFFFEFFFF, 0x00020002, 0x00000000, 0xFFFDFFFD, 0xFFFCFFFC, 0xFFFEFFFE, 0x00010001, 0x00020003, 0x00010001,
	0x00020000, 0x00020001, 0xFFFCFFFC, 0xFFFDFFFD, 0x00020001, 0xFFFFFFFD, 0xFFFCFFFC, 0xFFFDFFFD, 0xFFFF0000, 0xFFFCFFFD, 0xFFFBFFFB,
	0x00000000, 0xFFFEFFFD, 0xFFFEFFFD, 0x00010000, 0xFFFEFFFD, 0x00020002, 0x00020001, 0x0000FFFF, 0x00000000, 0xFFFEFFFF, 0x00010002,
	0x00010001, 0x00010001, 0x00010001, 0xFFFEFFFF, 0xFFFF0000, 0xFFFDFFFE, 0xFFFEFFFF, 0x00010001, 0x00020000, 0x00060005, 0xFFFF0000,
	0xFFFCFFFD, 0x00000001, 0xFFFAFFFA, 0xFFFDFFFD, 0x0000FFFF, 0xFFF9FFF9, 0xFFFDFFFE, 0x00010002, 0x0000FFFF, 0x00000000, 0x00030004,
	0xFFFF0001, 0xFFFEFFFF, 0x00040004, 0x00000000, 0x00010001, 0x00050004, 0xFFFFFFFE, 0xFFFCFFFE, 0xFFFCFFFE, 0xFFFFFFFF, 0x00020000,
	0xFFFEFFFE, 0x00020002, 0x00020002, 0x0000FFFF, 0x00000001, 0xFFFDFFFD, 0xFFFDFFFD, 0xFFFEFFFF, 0xFFFCFFFE, 0xFFFEFFFF, 0xFFFF0000,
	0xFFFEFFFF, 0x00000000, 0xFFFFFFFF, 0x00000000, 0x00020003, 0xFFFEFFFF, 0xFFFFFFFE, 0x0001FFFE, 0xFFFBFFFA, 0xFFFF0000, 0x00000002,
	0xFFFEFFFF, 0x00020002, 0xFFFFFFFF, 0x0000FFFF, 0x00010001, 0xFFFFFFFF, 0x00010001, 0xFFFF0000, 0x00040005, 0x00020004, 0xFFFEFFFF,
	0x00050005, 0x0000FFFF, 0xFFFEFFFD, 0x00020002, 0xFFFBFFFC, 0xFFFEFFFF, 0x00030004, 0x00000001, 0xFFFDFFFE, 0xFFFFFFFE, 0x00030002,
	0x00010000, 0x00040003, 0x00040003, 0xFFFEFFFD, 0x00020002, 0xFFFFFFFF, 0xFFFAFFFC, 0xFFFDFFFE, 0xFFFEFFFE, 0xFFFFFFFF, 0xFFFCFFFC,
	0xFFFDFFFC, 0x0000FFFF, 0x0000FFFF, 0x00030003, 0xFFFEFFFE, 0xFFFAFFFC, 0xFFFEFFFF, 0xFFFDFFFD, 0xFFFCFFFC, 0xFFFBFFFA, 0xFFFAFFF9,
	0xFFFAFFFA, 0xFFFBFFFA, 0xFFFFFFFF, 0x00000001, 0x00000001, 0x00010001, 0x00030002, 0x00020002, 0xFFFFFFFF, 0xFFFEFFFE, 0xFFFDFFFD,
	0xFFFFFFFF, 0xFFFFFFFF, 0xFFFCFFFC, 0x00000000, 0x00020003, 0x00020001, 0x00010001, 0x00000000, 0x00010002, 0xFFFEFFFE, 0x00020001,
	0x00050005, 0xFFFFFFFF, 0x0000FFFF, 0xFFFFFFFD, 0xFFFEFFFC, 0xFFFF0000, 0xFFFEFFFE, 0x0001FFFF, 0x00010000, 0xFFFF0000, 0xFFFEFFFF,
	0xFFFCFFFB, 0x0000FFFF, 0x00020001, 0x00000000, 0xFFFEFFFF, 0xFFFDFFFD, 0x00000000, 0x00000000, 0x00010001, 0x00020002, 0xFFFCFFFC,
	0xFFFAFFFB, 0xFFFF0000, 0x00050006, 0x00030004, 0x0000FFFF, 0x00020001, 0xFFFFFFFE, 0xFFFEFFFE, 0x00010001, 0x00020001, 0x00020001,
	0xFFFFFFFD, 0xFFFFFFFD, 0x00020002, 0x00010002, 0x0000FFFF, 0x00020000, 0x00020003, 0xFFFCFFFF, 0x00000001, 0x00070006, 0x00020001,
	0xFFFFFFFF, 0xFFFFFFFF, 0x00030002, 0x00030004, 0xFFFFFFFF, 0x00010001, 0x0001FFFF, 0x0000FFFE, 0xFFFF0000, 0xFFFFFFFF, 0x00050004,
	0x00010001, 0xFFFDFFFD, 0x00030003, 0x00010001, 0x00030004, 0x00060007, 0x00030003, 0xFFFFFFFF, 0xFFFEFFFE, 0x00040004, 0x00010001,
	0xFFFEFFFD, 0xFFFFFFFF, 0xFFFDFFFD, 0x00060007, 0x00050005, 0xFFF9FFF8, 0xFFFFFFFE, 0x00040004, 0x00040004, 0x00010001, 0xFFFFFFFE,
	0x00020001, 0x00010001, 0x00020002, 0x00030003, 0xFFFDFFFD, 0xFFFDFFFE, 0x00030003, 0xFFFFFFFE, 0xFFFDFFFA, 0x00020001, 0x0000FFFF,
	0xFFFCFFFD, 0xFFFF0001, 0xFFFEFFFF, 0xFFFF0000, 0xFFFEFFFE, 0xFFFCFFFC, 0x00030002, 0xFFFFFFFF, 0xFFFBFFFC, 0xFFFE0000, 0x00000001,
	0x00020003, 0x00000000, 0x00000000, 0x00050004, 0x00020000, 0x0000FFFF, 0x00000001, 0xFFFCFFFC, 0xFFFCFFFD, 0x00030004, 0x00010001,
	0xFFFFFFFD, 0x00020000, 0x00020001, 0x00020002, 0x00010002, 0xFFFF0000, 0x00020003, 0x00010002, 0xFFFF0000, 0x00000001, 0xFFFF0000,
	0xFFFFFFFF, 0x0000FFFF, 0x00040004, 0x00030003, 0xFFFDFFFD, 0x00010001, 0x00020002, 0x0000FFFF, 0x0001FFFF, 0x0000FFFE, 0x00020002,
	0x00000001, 0xFFFFFFFF, 0x00030002, 0x00010001, 0x00000000, 0xFFFEFFFE, 0x00020001, 0x00050005, 0x00010002, 0x00010001, 0x0001FFFF,
	0x00010000, 0xFFFF0000, 0xFFFDFFFE, 0x00030001, 0x0000FFFE, 0xFFFFFFFF, 0x00000002, 0x00000001, 0x00080007, 0x00030002, 0xFFFDFFFD,
	0x00040003, 0x00010001, 0x00030003, 0x00040004, 0xFFFEFFFD, 0x00030002, 0x00040004, 0xFFFEFFFF, 0x00000001, 0x00020003, 0x00020003,
	0x00000001, 0x00000000, 0x00010002, 0xFFFF0003, 0x00030006, 0x00070007, 0x0001FFFF, 0xFFFFFFFE, 0x00020002, 0x00000000, 0x00020004,
	0x00040006, 0xFFFEFFFF, 0x00020000, 0x00040002, 0xFFFFFFFF, 0xFFFF0001, 0xFFFF0000, 0xFFFFFFFF, 0x00020001, 0x00050005, 0x00050005,
	0x00030003, 0x00020003, 0x00010001, 0x00040003, 0x00050005, 0x00010001, 0x0000FFFF, 0xFFFFFFFE, 0x0000FFFF, 0x00010001, 0x00000001,
	0xFFFF0002, 0xFFFCFFFE, 0xFFFFFFFF, 0x00040002, 0xFFFFFFFE, 0x00010001, 0x00050006, 0x00030003, 0x00030002, 0x00020001, 0x00020002,
	0x00020001, 0x00030002, 0x00040006, 0xFFFF0001, 0x00000000, 0x00020000, 0xFFFBFFFA, 0xFFFF0000, 0x00050006, 0x00010000, 0xFFFFFFFE,
	0x00010001, 0x00010001, 0x00000000, 0x00030003, 0x00010002, 0xFFFFFFFF, 0x0000FFFF, 0xFFFFFFFE, 0xFFFEFFFE, 0xFFFF0000, 0xFFFFFFFE,
	0xFFFDFFFC, 0x0000FFFF, 0x00070007, 0x00090008, 0x00000000, 0x00010001, 0x00070008, 0x00020002, 0xFFFEFFFE, 0x00040005, 0x00040007,
	0xFFFE0000, 0xFFFDFFFE, 0x00030003, 0x00040005, 0x00020002, 0x00020002, 0x00020002, 0x00000001, 0x00000000, 0xFFFDFFFC, 0x00000000,
	0x00040004, 0xFFFDFFFD, 0xFFFDFFFD, 0x00020000, 0x00000000, 0x00020002, 0x0001FFFF, 0x0000FFFF, 0x00000001, 0xFFFCFFFD, 0x00020002,
	0x00060005, 0xFFFCFFFD, 0xFFFEFFFF, 0x00020002, 0x00000000, 0x00020003, 0xFFFF0001, 0xFFFBFFFC, 0xFFFFFFFF, 0xFFFFFFFF, 0xFFFDFFFD,
	0x00020001, 0x00000000, 0xFFFFFFFF, 0x00030002, 0x00070005, 0x000A0008, 0x00070006, 0x00020002, 0x00010001, 0xFFFEFFFF, 0x00010002,
	0x00040003, 0x00020000, 0x00020001, 0x00000000, 0x00020003, 0x00020003, 0xFFFEFFFE, 0x00010001, 0x00000001, 0xFFFF0001, 0x00030004,
	0xFFFFFFFE, 0xFFFFFFFE, 0x00010000, 0xFFFEFFFF, 0x00000000, 0x00030001, 0x00040004, 0x00000001, 0xFFFDFFFE, 0x00020002, 0x00000001,
	0x00000001, 0x00010002, 0xFFFFFFFF, 0xFFFCFFFD, 0xFFFCFFFC, 0x0000FFFE, 0xFFFEFFFD, 0xFFFDFFFD, 0x00020003, 0x00030003, 0x00020002,
	0x00020003, 0x00030003, 0x00060005, 0x00020001, 0x00020001, 0x00030004, 0x00000000, 0x00010000, 0x00010001, 0x00020001, 0x00030003,
	0xFFFEFFFD, 0xFFFBFFFA, 0xFFFCFFFD, 0xFFFFFFFE, 0x00020002, 0x00020002, 0x00000000, 0x00030003, 0xFFFFFFFE, 0xFFFCFFFD, 0x00020003,
	0xFFFF0000, 0xFFFEFFFD, 0x00030002, 0x00020002, 0x00000001, 0xFFFFFFFF, 0x00010001, 0xFFFF0000, 0xFFFEFFFE, 0x00030002, 0xFFFFFFFD,
	0xFFFEFFFC, 0x00000001, 0xFFFDFFFF, 0x00000001, 0xFFFEFFFC, 0xFFFCFFFC, 0x00020004, 0x00000000, 0x00040003, 0x00040004, 0xFFFFFFFF,
	0x00020003, 0x00030003, 0x00010001, 0xFFFDFFFE, 0xFFFCFFFC, 0x0000FFFE, 0xFFFFFFFC, 0xFFFFFFFE, 0xFFFFFFFF, 0xFFFFFFFF, 0x00040003,
	0x0001FFFF, 0x0000FFFE, 0xFFFFFFFF, 0xFFFEFFFF, 0x00040005, 0x00000001, 0xFFF8FFF8, 0xFFFCFFFB, 0x00020001, 0x00000000, 0xFFFAFFFC,
	0xFFFCFFFD, 0xFFFFFFFD, 0x0001FFFF, 0x00050003, 0x00030002, 0x00010000, 0x0000FFFF, 0x00000000, 0x00020002, 0xFFFEFFFD, 0xFFFDFFFC,
	0x00010002, 0x00020004, 0x00010002, 0xFFFFFFFF, 0x00000001, 0xFFFE0000, 0xFFFDFFFD, 0x00010001, 0x00030003, 0x00020001, 0x00020001,
	0xFFFFFFFF, 0xFFFDFFFF, 0x00030003, 0x00040003, 0xFFFFFFFF, 0xFFFF0000, 0xFFFFFFFF, 0x00020001, 0x00040004, 0xFFFF0000, 0x00010002,
	0x00000000, 0xFFFEFFFE, 0x00010003, 0x00010001, 0x00040002, 0x00030001, 0xFFFBFFFD, 0xFFFCFFFF, 0xFFFFFFFF, 0x00010001, 0xFFFDFFFD,
	0xFFFCFFFE, 0x00020003, 0xFFFDFFFD, 0xFFFEFFFD, 0x00010000, 0xFFFFFFFE, 0x00020001, 0x00010001, 0xFFFEFFFF, 0xFFFCFFFD, 0xFFFFFFFF,
	0x00030003, 0xFFFDFFFD, 0xFFFAFFFB, 0xFFFBFFFC, 0xFFFBFFFC, 0xFFFDFFFC, 0xFFFCFFFB, 0xFFFFFFFE, 0x00000000, 0x00000000, 0x00000000,
	0xFFFCFFFC, 0xFFFEFFFD, 0xFFFFFFFE, 0x00010001, 0x00010002, 0x00000001, 0x00030004, 0xFFFEFFFF, 0xFFFFFFFF, 0x0001FFFF, 0xFFFBFFF9,
	0x00000000, 0x00000002, 0xFFFCFFFD, 0x00020002, 0x00040004, 0x00010002, 0xFFFFFFFE, 0xFFFFFFFE, 0xFFFCFFFC, 0xFFF9FFFA, 0x00000001,
	0xFFFDFFFF, 0xFFFCFFFD, 0xFFFF0000, 0xFFFBFFFB, 0xFFFFFFFF, 0xFFFFFFFF, 0xFFF9FFF8, 0xFFFAFFFA, 0xFFF9FFFB, 0xFFFEFFFF, 0xFFFFFFFF,
	0xFFFBFFFB, 0xFFFBFFFB, 0xFFFDFFFD, 0xFFFFFFFE, 0xFFFCFFFC, 0xFFFEFFFE, 0x0000FFFE, 0xFFF9FFF8, 0xFFFEFFFF, 0x00000001, 0xFFFAFFF9,
	0xFFFFFFFD, 0x00030002, 0x00000001, 0xFFFEFFFE, 0xFFFDFFFD, 0xFFFD0000, 0xFFFE0001, 0xFFFEFFFE, 0xFFFFFFFD, 0xFFFFFFFE, 0xFFFEFFFE,
	0xFFFF0000, 0x00000001, 0xFFFEFFFF, 0xFFFFFFFF, 0xFFFFFFFD, 0x00040002, 0x00030003, 0xFFFAFFFB, 0xFFFEFFFE, 0x00000001, 0xFFFBFFFD,
	0xFFFDFFFD, 0xFFFFFFFD, 0xFFFCFFFB, 0xFFFCFFFD, 0x00000001, 0x00010001, 0x0001FFFF, 0x0000FFFF, 0xFFFCFFFC, 0xFFFDFFFD, 0xFFFCFFFC,
	0xFFFCFFFB, 0x00000000, 0xFFFCFFFE, 0xFFFE0000, 0x00010003, 0xFFFEFFFF, 0x00020001, 0x00060004, 0x00040003, 0xFFFEFFFE, 0xFFFDFFFE,
	0x00000000, 0xFFFBFFFB, 0xFFFF0000, 0x00020003, 0xFFFFFFFF, 0x00030002, 0x00020000, 0x00020002, 0x00010002, 0x00020000, 0x00060005,
	0x00010001, 0x00010000, 0x00020001, 0x0000FFFE, 0x00040003, 0xFFFF0000, 0xFFFFFFFF, 0x00020002, 0xFFFEFFFE, 0x00010002, 0xFFFF0001,
	0xFFFEFFFE, 0x00040003, 0x00010001, 0xFFFF0001, 0x0000FFFF, 0xFFFFFFFD, 0x00010001, 0x00010001, 0xFFFFFFFF, 0xFFFEFFFE, 0xFFFFFFFF,
	0x00000001, 0x00000002, 0x00010002, 0x00020002, 0x00020001, 0xFFFDFFFB, 0x0001FFFF, 0x00030003, 0xFFFEFFFE, 0x00030003, 0x00040004,
	0x00020002, 0x00030004, 0xFFFFFFFF, 0x00000000, 0xFFFFFFFF, 0xFFFDFFFD, 0x00030003, 0x00020003, 0x00020003, 0x00040004, 0x00000000,
	0x00030003, 0x00040002, 0x0000FFFF, 0x00010002, 0x00040004, 0x00060005, 0x00030001, 0x00020000, 0x00010001, 0xFFFEFFFE, 0xFFFFFFFE,
	0x0000FFFF, 0xFFFFFFFF, 0x00020002, 0x00010001, 0xFFFDFFFD, 0x00000001, 0x00000001, 0xFFFDFFFF, 0x00030003, 0x00010000, 0x0000FFFF,
	0x00010003, 0xFFFDFFFF, 0xFFFDFFFE, 0xFFFDFFFD, 0xFFFCFFFD, 0x00020003, 0x00010001, 0x00030001, 0x00050004, 0x00020003, 0x00020003,
	0xFFFF0000, 0x00000001, 0x00030004, 0x00000000, 0xFFFFFFFE, 0x00010000, 0x00020003, 0xFFFF0000, 0xFFFFFFFE, 0x00030003, 0x00030003,
	0x00020002, 0x00010001, 0x00010001, 0x00010001, 0xFFFCFFFC, 0x00010000, 0x00030003, 0xFFFDFFFD, 0xFFFEFFFE, 0x00040004, 0x00060006,
	0x00020001, 0xFFFFFFFD, 0xFFFFFFFE, 0xFFFFFFFF, 0xFFFFFFFE, 0xFFFEFFFD, 0xFFFEFFFE, 0xFFFCFFFE, 0xFFFBFFFC, 0xFFFDFFFD, 0x00010000,
	0x00010000, 0xFFFFFFFE, 0xFFFFFFFE, 0xFFFEFFFE, 0xFFFBFFFB, 0x0000FFFF, 0x00030002, 0xFFFEFFFF, 0xFFFDFFFF, 0x00010001, 0x00030002,
	0x0001FFFF, 0xFFFEFFFD, 0x00020001, 0x00030002, 0xFFFF0000, 0xFFFEFFFE, 0xFFFFFFFE, 0x00010001, 0xFFFDFFFD, 0xFFFBFFFC, 0x00000001,
	0xFFFEFFFE, 0xFFFAFFFB, 0xFFFDFFFE, 0x00010000, 0x00020000, 0x00030002, 0x00030003, 0xFFFF0000, 0xFFFEFFFE, 0xFFFFFFFE, 0xFFFFFFFF,
	0xFFFDFFFD, 0xFFFCFFFB, 0xFFFEFFFD, 0xFFFDFFFE, 0xFFFF0001, 0x00000001, 0xFFFAFFFA, 0xFFF9FFF9, 0xFFFCFFFC, 0x0000FFFF, 0x0000FFFF,
	0xFFFDFFFF, 0x00000002, 0xFFFEFFFE, 0x0000FFFF, 0x00050005, 0x00000000, 0xFFFF0000, 0x00030003, 0x00000000, 0x00000001, 0xFFFF0000,
	0x00000001, 0x00020003, 0x00010000, 0xFFFEFFFE, 0xFFFF0000, 0x00030003, 0x00030003, 0x00010001, 0x00020003, 0x00020003, 0x0000FFFF,
	0xFFFFFFFE, 0x00020003, 0x00020002, 0xFFFFFFFF, 0x00040005, 0x00020003, 0x00030003, 0x000B000B, 0x00010002, 0xFFFDFFFD, 0x0002FFFF,
	0xFFFFFFFD, 0x00030004, 0x00050007, 0x00050004, 0x00040003, 0xFFFEFFFF, 0x00030003, 0x00050004, 0xFFFDFFFD, 0xFFFE0001, 0xFFFF0002,
	0xFFFEFFFF, 0xFFFFFFFF, 0xFFFFFFFF, 0x00020001, 0x00020000, 0x00020002, 0x00030003, 0x00000000, 0x00020002, 0x00020002, 0x0000FFFF,
	0x00010000, 0xFFFFFFFF, 0x00010001, 0x00020002, 0x0000FFFF, 0x00000000, 0xFFFDFFFE, 0xFFFFFFFE, 0x00040004, 0x00000001, 0xFFFDFFFE,
	0x00020002, 0x00040003, 0xFFFF0000, 0xFFFBFFFD, 0x00010000, 0x00040002, 0x00000001, 0x00010002, 0x00010001, 0x00010002, 0x00020003,
	0x00020003, 0x00010001, 0xFFFEFFFE, 0xFFFFFFFF, 0x00000000, 0xFFFDFFFD, 0xFFFCFFFC, 0x0000FFFF, 0xFFFEFFFD, 0xFFFEFFFD, 0x00040004,
	0x00020002, 0xFFFBFFFB, 0xFFFFFFFF, 0x00020002, 0x00020002, 0x00010000, 0xFFFFFFFE, 0x00000001, 0xFFFEFFFF, 0xFFFBFFFC, 0xFFFCFFFD,
	0xFFFBFFFC, 0x00020002, 0x00020001, 0xFFFBFFFB, 0x00020003, 0x00050006, 0xFFFF0001, 0x00000000, 0x0001FFFF, 0xFFFFFFFE, 0xFFFDFFFE,
	0x00010001, 0x00020001, 0xFFFAFFFB, 0xFFFDFFFE, 0x00010001, 0xFFFFFFFE, 0x00010001, 0xFFFF0000, 0xFFFEFFFE, 0x00050003, 0x00050004,
	0x00000001, 0x00020001, 0x00030001, 0xFFFEFFFD, 0xFFFDFFFD, 0x00000000, 0xFFFDFFFD, 0xFFFDFFFE, 0x00030003, 0x00030002, 0x00000001,
	0x00020003, 0x00010001, 0xFFFBFFFA, 0xFFFFFFFF, 0x00060007, 0x00010002, 0xFFFCFFFC, 0xFFFCFFFC, 0xFFFCFFFD, 0xFFFFFFFF, 0xFFFEFFFD,
	0xFFFCFFFD, 0xFFFBFFFC, 0xFFFAFFFA, 0xFFFCFFFD, 0xFFFBFFFC, 0xFFF8FFF7, 0xFFFAFFF9, 0xFFFFFFFE, 0x00000001, 0xFFFFFFFF, 0xFFFEFFFD,
	0xFFFBFFFC, 0xFFFEFFFF, 0x00020000, 0xFFFFFFFD, 0x00020002, 0x00070007, 0xFFFFFFFF, 0xFFFDFFFE, 0x00020004, 0x00020005, 0x00000000,
	0x0000FFFE, 0x00030002, 0x00010001, 0x0000FFFF, 0x00010002, 0xFFFDFFFE, 0xFFFFFFFF, 0x00020001, 0xFFFFFFFF, 0x00010003, 0x00000001,
	0xFFFFFFFD, 0x00010000, 0x00010001, 0x00030003, 0x00010000, 0x00000000, 0x00040005, 0xFFFD0001, 0xFFFE0000, 0x00040002, 0xFFFBFFF9,
	0xFFFCFFFC, 0x00020003, 0xFFFCFFFE, 0xFFFEFFFD, 0x00030001, 0x00020003, 0x00030004, 0x00010001, 0x00020003, 0x00020002, 0xFFFEFFFE,
	0x00000000, 0x00010000, 0xFFFFFFFF, 0x00020002, 0x00030003, 0x00010001, 0xFFFF0000, 0x00010000, 0x00040003, 0x00000000, 0xFFFF0000,
	0x00000002, 0xFFFEFFFD, 0x00010000, 0x00030004, 0x00000001, 0x00000001, 0xFFFFFFFF, 0xFFFEFFFE, 0x00000000, 0x00000000, 0xFFFEFFFE,
	0xFFFF0000, 0xFFFF0000, 0xFFFCFFFC, 0xFFFDFFFD, 0xFFFF0001, 0xFFFCFFFD, 0xFFFAFFFB, 0xFFFEFFFD, 0xFFFFFFFD, 0xFFFFFFFE, 0xFFFCFFFC,
	0xFFFAFFFB, 0xFFFDFFFE, 0xFFFFFFFF, 0x00020000, 0x00030001, 0xFFFFFFFE, 0xFFFE0000, 0xFFFE0001, 0x00000001, 0x00020001, 0x00000000,
	0x00000000, 0x00010002, 0xFFFEFFFE, 0xFFFCFFFA, 0x0001FFFF, 0x00030003, 0xFFFDFFFE, 0xFFFFFFFF, 0x00030001, 0xFFFDFFFC, 0xFFFF0000,
	0x00030005, 0xFFFBFFFD, 0xFFFBFFFC, 0x00040003, 0x00010001, 0xFFFEFFFE, 0xFFFFFFFE, 0x0001FFFF, 0x00020002, 0x00010001, 0x00010001,
	0x00030002, 0x0001FFFF, 0x00010000, 0x00000000, 0xFFFBFFFB, 0xFFFCFFFD, 0xFFFFFFFF, 0xFFFEFFFD, 0xFFFEFFFE, 0x00000001, 0xFFFFFFFF,
	0xFFFDFFFD, 0x0000FFFF, 0x00030002, 0xFFFFFFFF, 0xFFFEFFFE, 0xFFFEFFFE, 0xFFFEFFFF, 0x00010001, 0xFFFF0000, 0xFFFFFFFF, 0x00020001,
	0x0000FFFF, 0x00020001, 0x00010001, 0xFFFF0000, 0x00020003, 0x00020002, 0x00010000, 0x00010001, 0x00000000, 0xFFFEFFFF, 0xFFFDFFFE,
	0x00010001, 0xFFFFFFFE, 0xFFFBFFFB, 0x00020003, 0x00030004, 0xFFFEFFFE, 0xFFFEFFFE, 0xFFFFFFFE, 0x00010000, 0xFFFFFFFF, 0xFFFEFFFF,
	0x00030004, 0x00030002, 0x00050003, 0x00060005, 0x00000001, 0x00020004, 0x00020002, 0xFFFFFFFE, 0x00010000, 0x0000FFFF, 0xFFFDFFFD,
	0xFFFEFFFF, 0x00020003, 0x00050004, 0x00020001, 0x00010002, 0x00010003, 0x00000001, 0x00020004, 0x00030005, 0x00050004, 0x00040002,
	0x0000FFFE, 0x00000001, 0x00000001, 0xFFFFFFFE, 0x00030001, 0x00030003, 0x00020002, 0x00000001, 0xFFFFFFFF, 0xFFFFFFFF, 0x00010001,
	0x00000000, 0xFFFCFFFC, 0xFFFBFFFB, 0xFFFCFFFC, 0x0000FFFF, 0x00030002, 0x00020001, 0x0000FFFF, 0x00000001, 0x00030003, 0x00010000,
	0xFFFDFFFC, 0x00010000, 0x00020002, 0xFFFEFFFD, 0x00010001, 0x00030003, 0x00000001, 0x00010000, 0x00020001, 0x00040004, 0x00020001,
	0x00030002, 0x00060006, 0x00020002, 0x00040004, 0x00030002, 0xFFFFFFFE, 0x00040004, 0x00020003, 0x00030003, 0x00060007, 0xFFFE0000,
	0x00010002, 0x00050006, 0xFFFFFFFF, 0xFFFFFFFF, 0x00010002, 0x00000001, 0x00030004, 0x00040005, 0x00040004, 0x00020001, 0xFFFDFFFC,
	0xFFFCFFFB, 0x00030002, 0x00040004, 0xFFFEFFFD, 0xFFFFFFFE, 0xFFFFFFFF, 0xFFFE0000, 0x00020004, 0x00020003, 0x00000000, 0x00030002,
	0x00030002, 0x00000001, 0xFFFDFFFF, 0xFFFBFFFC, 0xFFFFFFFF, 0x00050005, 0x00020002, 0xFFFEFFFE, 0x00070005, 0x00070006, 0xFFFF0000,
	0xFFFF0001, 0x00010000, 0x0001FFFF, 0x00010002, 0x00000001, 0xFFFE0001, 0xFFFE0000, 0xFFFFFFFE, 0x0002FFFF, 0x00030001, 0x00040003,
	0x00010002, 0xFFFFFFFF, 0x00030001, 0x00020001, 0xFFFDFFFD, 0x0000FFFF, 0x00050004, 0x00000001, 0xFFFDFFFE, 0x00030004, 0x00010001,
	0xFFFBFFFC, 0xFFFEFFFF, 0xFFFFFFFF, 0x00000000, 0x00000000, 0xFFFCFFFC, 0xFFFFFFFF, 0x00010002, 0xFFFFFFFF, 0xFFFDFFFD, 0xFFFDFFFE,
	0xFFFEFFFF, 0xFFFCFFFD, 0xFFFEFFFD, 0xFFFFFFFE, 0xFFF9FFF9, 0xFFFBFFFB, 0x00040004, 0x00030003, 0x0000FFFF, 0xFFFFFFFE, 0xFFFFFFFF,
	0x00020004, 0x00020002, 0xFFFBFFFA, 0xFFFBFFF9, 0xFFFFFFFF, 0xFFFF0000, 0xFFFDFFFD, 0x0000FFFF, 0x00000000, 0x00030004, 0x00050006,
	0xFFFF0000, 0xFFFCFFFD, 0xFFFCFFFC, 0xFFFBFFFB, 0x00010000, 0x00050005, 0x00030003, 0x00000000, 0xFFFEFFFE, 0x00000001, 0xFFFF0000,
	0xFFFDFFFE, 0xFFFFFFFE, 0xFFFDFFFC, 0xFFFDFFFE, 0x00000002, 0xFFFE0000, 0x00030002, 0x00040002, 0x0000FFFF, 0x00030004, 0x00000001,
	0xFFFCFFFD, 0x00010001, 0x00020001, 0x00000000, 0x00020002, 0x00030003, 0x00020002, 0x00010001, 0x00010001, 0x00020002, 0x00010000,
	0x00050002, 0x00040002, 0x00000000, 0x00030004, 0x00050007, 0x00030004, 0x00000000, 0xFFFFFFFE, 0x0000FFFF, 0xFFFFFFFF, 0x00010001,
	0x00030002, 0x00010000, 0x00000000, 0x00000002, 0x00000001, 0x00000000, 0x00040004, 0x00040005, 0xFFFF0001, 0x00020003, 0x00020001,
	0xFFFBFFFA, 0x00020000, 0x00040003, 0xFFFFFFFE, 0x0000FFFF, 0x0000FFFF, 0x00000000, 0x00000000, 0x00010000, 0x00030002, 0xFFFEFFFF,
	0xFFFFFFFF, 0x00030002, 0xFFFEFFFC, 0xFFFCFFFB, 0xFFFDFFFF, 0xFFFEFFFF, 0xFFFFFFFF, 0xFFFDFFFF, 0x00010002, 0x00020001, 0xFFFDFFFC,
	0x00000000, 0x00020002, 0xFFFFFFFE, 0xFFFFFFFE, 0xFFFCFFFC, 0xFFFDFFFE, 0x00030003, 0xFFFE0000, 0xFFFE0000, 0x00010001, 0xFFFEFFFD,
	0x00020000, 0xFFFFFFFE, 0xFFFDFFFE, 0x00070006, 0x00020001, 0xFFFEFFFE, 0x00050005, 0x00000001, 0x00010002, 0x00050003, 0xFFFEFFFB,
	0xFFFCFFFB, 0xFFFEFFFE, 0xFFFEFFFF, 0xFFFEFFFE, 0xFFFEFFFE, 0xFFFF0000, 0xFFFBFFFB, 0xFFFDFFFC, 0x00020002, 0x00000001, 0x00030002,
	0x00000000, 0xFFFE0000, 0x00020003, 0xFFFEFFFE, 0xFFFFFFFE, 0x00030002, 0x00000002, 0x00030003, 0x00010000, 0xFFFDFFFD, 0xFFFEFFFE,
	0xFFFEFFFD, 0xFFFDFFFE, 0xFFFDFFFE, 0x00010001, 0x00010000, 0xFFFAFFFB, 0x00000001, 0x00040004, 0x00010000, 0x00020002, 0x00010003,
	0x00020003, 0x00010000, 0xFFFBFFFB, 0xFFFEFFFE, 0x00010001, 0x00020003, 0x00050004, 0x00010000, 0xFFFCFFFC, 0xFFFDFFFD, 0x00000001,
	0x00010001, 0x0000FFFF, 0x00010000, 0x00000000, 0xFFFFFFFF, 0x00010001, 0x00020002, 0x00020002, 0x00000000, 0xFFFDFFFC, 0xFFFBFFFC,
	0xFFFEFFFF, 0x00010000, 0xFFFFFFFF, 0x00010001, 0x00030003, 0xFFFF0001, 0x00000001, 0x00000001, 0x00010000, 0x00030003, 0x00020003,
	0x00030004, 0x00040004, 0x00010000, 0x00010001, 0x00020002, 0xFFFFFFFE, 0xFFFCFFFC, 0x00000000, 0x00030003, 0x00010001, 0x00000000,
	0xFFFEFFFF, 0x00000002, 0x00020003, 0x00000001, 0x00020002, 0xFFFFFFFF, 0xFFFAFFFB, 0xFFFFFFFF, 0xFFFFFFFD, 0xFFFCFFFB, 0xFFFF0000,
	0xFFFEFFFE, 0xFFFDFFFD, 0xFFFCFFFC, 0xFFFAFFFB, 0xFFF9FFFA, 0xFFF9FFF9, 0xFFFEFFFD, 0xFFFFFFFE, 0xFFFFFFFE, 0x0000FFFE, 0xFFFBFFFA,
	0xFFFFFFFE, 0x00060005, 0x00020001, 0xFFFFFFFF, 0xFFFEFFFF, 0x00010001, 0x00050005, 0x00030002, 0x00000000, 0x00030003, 0x00030003,
	0x00020001, 0x00010001, 0xFFFFFFFF, 0xFFFCFFFC, 0x0000FFFF, 0x00020001, 0xFFFFFFFE, 0xFFFFFFFE, 0x00010001, 0x00030003, 0xFFFF0000,
	0xFFFBFFFC, 0x00010002, 0x00050006, 0x00010001, 0xFFFF0000, 0xFFFFFFFF, 0xFFFFFFFF, 0x00010001, 0x00000000, 0xFFFCFFFC, 0xFFFEFFFF,
	0x00010002, 0xFFFEFFFE, 0x00020002, 0x00070006, 0x00020002, 0x00020002, 0xFFFFFFFF, 0xFFFBFFFB, 0x00010002, 0xFFFF0000, 0xFFFDFFFC,
	0x00030000, 0x0001FFFE, 0xFFFDFFFD, 0xFFFF0000, 0x00000001, 0x00030004, 0x00040005, 0x00010001, 0x00010000, 0x00010002, 0x00000001,
	0x00040003, 0x00050003, 0x00000000, 0x00010003, 0x00010002, 0xFFFFFFFD, 0x0000FFFF, 0x00010002, 0x00030003, 0x00050003, 0x00010000,
	0x00000001, 0x00030005, 0x00030003, 0x0001FFFF, 0x00020000, 0x00040003, 0x00010001, 0xFFFEFFFE, 0xFFFDFFFC, 0xFFFFFFFD, 0x00000000,
	0xFFFEFFFD, 0xFFFEFFFE, 0x00000001, 0x00000001, 0x00000001, 0x00010001, 0x00030002, 0x00010001, 0xFFFEFFFF, 0xFFFEFFFE, 0xFFFCFFFC,
	0xFFFDFFFC, 0x00020001, 0x00000001, 0xFFFAFFFC, 0xFFFDFFFE, 0x00050004, 0x00040003, 0x00020002, 0x00050006, 0x00020001, 0x00010000,
	0x00040004, 0x00020002, 0xFFFFFFFF, 0xFFFDFFFE, 0x00000000, 0x00060006, 0x00010002, 0xFFFDFFFE, 0x00030004, 0x00040003, 0xFFFFFFFD,
	0x00010000, 0x00010001, 0xFFFDFFFD, 0xFFFEFFFF, 0x00010001, 0x00020001, 0x00040003, 0x00020002, 0xFFFF0000, 0x00020001, 0x00030003,
	0x00010002, 0x00000001, 0x00030002, 0x00040004, 0x00030003, 0x00020002, 0x00020000, 0x0000FFFF, 0x00020003, 0x00020003, 0x0000FFFF,
	0x00010001, 0x00000001, 0xFFFDFFFC, 0xFFFBFFFA, 0xFFFCFFFD, 0x00010002, 0x0000FFFF, 0xFFFDFFFC, 0xFFFFFFFF, 0x00040003, 0x00030003,
	0xFFFEFFFE, 0xFFFF0000, 0x00020002, 0xFFFFFFFE, 0xFFFFFFFF, 0xFFFEFFFE, 0xFFFFFFFD, 0x00020001, 0xFFFF0001, 0xFFFF0001, 0x00040003,
	0x00010000, 0xFFFEFFFE, 0xFFFF0000, 0x0000FFFF, 0xFFFEFFFC, 0xFFFF0000, 0x00040005, 0x00030002, 0xFFFFFFFF, 0xFFFF0001, 0xFFFF0000,
	0xFFFEFFFE, 0xFFFFFFFF, 0xFFFEFFFF, 0xFFFF0000, 0x00010001, 0x00030001, 0x0000FFFF, 0xFFFFFFFE, 0x00020001, 0x00020002, 0x00010000,
	0x00020002, 0x00030004, 0x00000001, 0x00000000, 0xFFFFFFFF, 0xFFFEFFFF, 0x00040004, 0x00040003, 0xFFFFFFFE, 0xFFFFFFFF, 0x00000001,
	0x00030002, 0x00030001, 0x00020001, 0x00040005, 0x00040005, 0x00050005, 0x00030004, 0x00010001, 0x00060004, 0x00040001, 0xFFFEFFFC,
	0xFFFDFFFD, 0xFFFDFFFD, 0x00020002, 0x00040005, 0x00000000, 0xFFFFFFFF, 0xFFFCFFFD, 0xFFFEFFFF, 0x00030003, 0x00010000, 0x0000FFFF,
	0xFFFEFFFE, 0xFFFEFFFF, 0x00010001, 0xFFFFFFFE, 0xFFFFFFFF, 0x00010002, 0x00020002, 0x00010001, 0xFFFFFFFE, 0xFFFF0000, 0x00000001,
	0xFFFFFFFE, 0xFFFFFFFF, 0x00000001, 0x00020001, 0x0000FFFF, 0xFFFEFFFD, 0xFFFF0000, 0x00000000, 0x00020002, 0x00030003, 0x00010001,
	0x00040003, 0x00020002, 0xFFFF0000, 0xFFFE0001, 0xFFFEFFFE, 0x00030002, 0x0000FFFF, 0xFFF8FFF9, 0xFFFCFFFD, 0xFFFF0000, 0x00000001,
	0x00020002, 0x00010001, 0x00020001, 0x00000000, 0xFFFCFFFC, 0xFFFEFFFF, 0x00000001, 0x0000FFFF, 0xFFFEFFFE, 0xFFFBFFFC, 0xFFFBFFFD,
	0xFFFDFFFD, 0xFFFFFFFE, 0x00020001, 0x00000001, 0xFFFEFFFF, 0xFFFFFFFF, 0xFFFFFFFF, 0x00000001, 0x00030003, 0x0000FFFF, 0x00010001,
	0x00070007, 0x00020000, 0xFFFEFFFC, 0x00030004, 0x00020005, 0xFFFE0000, 0x00000000, 0x00010000, 0x0000FFFF, 0x00000000, 0xFFFDFFFD,
	0xFFFCFFFB, 0xFFFEFFFD, 0xFFFCFFFC, 0xFFFEFFFE, 0x00000001, 0xFFFCFFFD, 0x00000000, 0x00030004, 0xFFFEFFFD, 0xFFFEFFFE, 0xFFFCFFFD,
	0xFFFAFFFB, 0xFFFF0000, 0xFFFDFFFE, 0xFFFEFFFE, 0x00050005, 0x00010001, 0xFFFCFFFB, 0xFFFEFFFE, 0x00020003, 0x00020003, 0x00020002,
	0x00040003, 0x00010001, 0xFFFF0000, 0x00010003, 0x00010001, 0x00020002, 0x0000FFFF, 0xFFFAFFFB, 0x00000001, 0x00030002, 0xFFFCFFFB,
	0x00000000, 0x00040003, 0x00030002, 0x00070006, 0x00030003, 0xFFFDFFFD, 0x0000FFFF, 0x0000FFFE, 0xFFFBFFFB, 0xFFFBFFFC, 0xFFFEFFFD,
	0x0000FFFF, 0x00010002, 0xFFFFFFFF, 0x0000FFFF, 0x00000000, 0xFFFAFFF9, 0xFFFAFFFA, 0xFFFFFFFF, 0xFFFEFFFF, 0x00020003, 0x00030005,
	0xFFFDFFFE, 0xFFF9FFFB, 0xFFFAFFFB, 0x00000000, 0x00020001, 0xFFFDFFFC, 0xFFFFFFFF, 0xFFFFFFFF, 0xFFFBFFFC, 0xFFFCFFFD, 0xFFFDFFFD,
	0xFFFDFFFD, 0xFFFBFFFB, 0xFFFCFFFD, 0x0000FFFF, 0x00010000, 0x00030003, 0x00000001, 0xFFFDFFFD, 0xFFFFFFFE, 0xFFFFFFFE, 0xFFFFFFFE,
	0xFFFDFFFD, 0xFFFCFFFD, 0xFFFF0001, 0xFFFE0000, 0x00010000, 0x00020001, 0xFFFEFFFE, 0x00000001, 0x00010002, 0x00000000, 0x00030001,
	0x00020000, 0x0000FFFF, 0x00010001, 0x00000000, 0xFFFCFFFD, 0xFFFDFFFE, 0x00020002, 0x00010002, 0xFFFDFFFF, 0xFFFDFFFE, 0xFFFEFFFE,
	0x00000001, 0x00030003, 0x00010001, 0x00000000, 0x00030001, 0x00020000, 0x0000FFFF, 0x00020001, 0x00020001, 0x00000000, 0x00000000,
	0xFFFEFFFF, 0xFFFEFFFF, 0x00000001, 0xFFFFFFFF, 0xFFF9FFFA, 0xFFFDFFFF, 0x00020002, 0xFFFAFFF9, 0xFFF9FFF9, 0x00020002, 0xFFFFFFFF,
	0xFFFAFFFB, 0xFFFBFFFB, 0xFFFDFFFC, 0x0000FFFF, 0xFFFCFFFC, 0xFFFDFFFC, 0xFFFEFFFE, 0xFFFAFFFA, 0xFFFCFFFE, 0x00000002, 0xFFFFFFFF,
	0x00020000, 0x0001FFFF, 0xFFFFFFFF, 0x00020002, 0x00020002, 0x00010001, 0x0000FFFF, 0x00020001, 0x00030004, 0xFFFEFFFF, 0x00000000,
	0x00040003, 0xFFFDFFFC, 0xFFFDFFFD, 0x00010002, 0xFFFEFFFE, 0x00010001, 0x00000001, 0xFFFEFFFF, 0x00040003, 0x00010000, 0xFFFDFFFD,
	0xFFFFFFFF, 0xFFFEFFFE, 0xFFFCFFFD, 0xFFFEFFFE, 0xFFFDFFFD, 0xFFFCFFFC, 0xFFFEFFFE, 0xFFFEFFFE, 0xFFFFFFFF, 0x00030003, 0x00030003,
	0x00030002, 0x00020001, 0xFFFDFFFD, 0x00000000, 0x00000000, 0xFFFEFFFD, 0xFFFEFFFD, 0xFFF9FFF9, 0xFFFAFFF9, 0xFFFFFFFF, 0xFFFBFFFD,
	0xFFFBFFFD, 0x00010000, 0xFFFDFFFD, 0xFFFDFFFE, 0x00030002, 0x0000FFFF, 0x00010000, 0x00060006, 0x00020004, 0xFFFFFFFF, 0xFFFEFFFE,
	0xFFFDFFFD, 0x0000FFFF, 0xFFFDFFFC, 0xFFFCFFFD, 0x00040004, 0x00050003, 0x00040003, 0x00010002, 0xFFFEFFFD, 0xFFFEFFFE, 0xFFFEFFFE,
	0x00000001, 0x00020002, 0x00010000, 0xFFFFFFFE, 0xFFFCFFFC, 0xFFFEFFFE, 0xFFFBFFFB, 0xFFFCFFFD, 0x00030002, 0xFFFDFFFC, 0x00000000,
	0x00000001, 0xFFF6FFF6, 0xFFFEFFFE, 0x00010001, 0xFFFDFFFE, 0x00020002, 0xFFFCFFFC, 0xFFFBFFFB, 0xFFFEFFFE, 0xFFFAFFF8, 0xFFFEFFFC,
	0x0000FFFF, 0xFFFCFFFB, 0xFFFEFFFE, 0x00010001, 0x00020002, 0x00010000, 0x00010000, 0x00040002, 0x00040004, 0x00010002, 0xFFFFFFFE,
	0xFFFEFFFE, 0xFFFEFFFF, 0x00000000, 0xFFFEFFFE, 0xFFFDFFFE, 0x00000002, 0x00000001, 0xFFFEFFFE, 0xFFFF0000, 0x00000000, 0xFFFEFFFE,
	0xFFFEFFFC, 0x0000FFFF, 0x00010002, 0x00010001, 0x0001FFFF, 0xFFFFFFFE, 0xFFFDFFFE, 0xFFFFFFFE, 0x0000FFFF, 0xFFFDFFFC, 0xFFFEFFFE,
	0x00030003, 0x00000000, 0xFFFFFFFF, 0x00020001, 0xFFFEFFFE, 0xFFFE0000, 0x00000001, 0xFFFEFFFD, 0xFFFCFFFB, 0xFFFAFFFA, 0xFFFCFFFD,
	0x0000FFFF, 0xFFFCFFFB, 0xFFFCFFFD, 0x00000001, 0x00010000, 0x0000FFFF, 0x00020003, 0x00000001, 0xFFFBFFFB, 0xFFFFFFFE, 0x00010000,
	0xFFFEFFFE, 0xFFFF0000, 0xFFFEFFFF, 0x00010000, 0x00040003, 0x0000FFFF, 0x00010000, 0x00040004, 0xFFFDFFFE, 0xFFFBFFFD, 0xFFFF0002,
	0x00000001, 0xFFFEFFFF, 0xFFFCFFFE, 0xFFFDFFFE, 0x00000000, 0xFFFFFFFE, 0x00010000, 0x00030002, 0xFFFDFFFC, 0xFFFBFFFA, 0xFFFEFFFF,
	0x00000002, 0x00000000, 0xFFFBFFFA, 0xFFFEFFFE, 0x00010002, 0xFFFEFFFE, 0xFFFFFFFF, 0xFFFF0000, 0x00010002, 0x00010000, 0xFFFEFFFB,
	0x0000FFFF, 0x00000001, 0xFFFF0001, 0x00000002, 0xFFFDFFFF, 0xFFFEFFFF, 0xFFFDFFFF, 0xFFFDFFFE, 0x00010001, 0x00020002, 0x00010000,
	0x0001FFFF, 0x0000FFFF, 0xFFFEFFFE, 0xFFFEFFFC, 0xFFFDFFFC, 0xFFFCFFFB, 0xFFFFFFFF, 0x00010002, 0xFFFF0000, 0x00000000, 0x0000FFFF,
	0x00000001, 0x00020002, 0x00010000, 0xFFFFFFFE, 0xFFFAFFF9, 0xFFFEFFFD, 0xFFFFFFFF, 0xFFF9FFF9, 0xFFFDFFFE, 0xFFFCFFFD, 0xFFF9FFF9,
	0xFFFEFFFE, 0xFFFCFFFD, 0xFFFEFFFE, 0xFFFF0000, 0xFFFCFFFD, 0x00000001, 0x00010001, 0xFFFEFFFD, 0xFFFEFFFD, 0x00000000, 0x00000000,
	0xFFFEFFFD, 0x00010000, 0x00000000, 0x0000FFFF, 0x00050004, 0x00000000, 0xFFFDFFFE, 0xFFFF0001, 0xFFFFFFFF, 0xFFFCFFFC, 0xFFFBFFFC,
	0xFFFF0000, 0x00000000, 0xFFFEFFFD, 0x00010000, 0x0001FFFF, 0x0000FFFF, 0x00020001, 0x00000000, 0x00020003, 0x0000FFFF, 0xFFFEFFFD,
	0x00020003, 0x00000001, 0xFFFEFFFE, 0x00010001, 0x00020001, 0x00030002, 0x00040004, 0x00010001, 0xFFFFFFFF, 0xFFFFFFFF, 0xFFFFFFFF,
	0x00000001, 0x00000001, 0xFFFFFFFF, 0x00010000, 0x00010001, 0xFFFEFFFF, 0xFFFEFFFF, 0x00020001, 0x0001FFFF, 0xFFFDFFFC, 0x00000001,
	0x00000001, 0xFFFFFFFF, 0x00010001, 0x00010002, 0x00010002, 0xFFFEFFFC, 0xFFFFFFFC, 0x00000000, 0xFFFBFFFC, 0x0000FFFF, 0x00010000,
	0xFFFDFFFE, 0x00040005, 0x00010001, 0xFFFCFFFD, 0xFFFFFFFF, 0xFFFEFFFE, 0x00020002, 0x00020002, 0xFFFF0000, 0x00000000, 0x00020001,
	0x00020002, 0xFFFCFFFD, 0xFFFDFFFD, 0x00030003, 0xFFFDFFFE, 0xFFFCFFFD, 0x00000001, 0xFFFDFFFE, 0xFFFDFFFD, 0xFFFEFFFF, 0xFFF9FFFB,
	0xFFFCFFFD, 0x00020002, 0x0000FFFF, 0xFFFDFFFC, 0xFFFDFFFC, 0xFFFFFFFE, 0x00010001, 0xFFFEFFFF, 0xFFFEFFFE, 0xFFFEFFFE, 0xFFFEFFFF,
	0x00010002, 0xFFFEFFFF, 0xFFFEFFFD, 0x00020002, 0x00020002, 0x00030004, 0x00010000, 0x00020001, 0x00020004, 0xFFFE0000, 0x00020002,
	0x0001FFFF, 0xFFFEFFFD, 0x00030004, 0xFFFDFFFE, 0xFFFCFFFC, 0x00000000, 0xFFFDFFFD, 0xFFFFFFFF, 0x0000FFFF, 0x00010001, 0x00030003,
	0x00000000, 0x00020002, 0x00020002, 0x00000001, 0xFFFF0001, 0x00020002, 0x00050004, 0x00020001, 0x00030002, 0x00050004, 0x00010001,
	0x00000000, 0xFFFCFFFB, 0xFFFDFFFD, 0x00040005, 0x00030004, 0xFFFE0001, 0xFFFBFFFC, 0xFFFEFFFD, 0x00030002, 0xFFFF0001, 0xFFFE0000,
	0x00020002, 0x00010001, 0x00000001, 0x00040005, 0x00000000, 0xFFFBFFFB, 0x00050005, 0x00060005, 0x0000FFFD, 0x00040003, 0x00010003,
	0x00000002, 0x00040005, 0x00010000, 0x00000001, 0x00010002, 0x00000000, 0xFFFFFFFE, 0x0000FFFF, 0x00030003, 0x00020003, 0x00000000,
	0x00020001, 0x00010000, 0xFFFEFFFF, 0xFFFF0000, 0x00020001, 0x00030001, 0xFFFFFFFE, 0xFFFEFFFE, 0x00020000, 0x00030001, 0x00000000,
	0x00000000, 0x00020001, 0x00010000, 0xFFFBFFFD, 0xFFFEFFFF, 0x00050004, 0x00010001, 0xFFFF0000, 0x00000001, 0xFFFCFFFD, 0xFFFEFFFE,
	0xFFFFFFFF, 0xFFFDFFFE, 0xFFFF0000, 0xFFFF0000, 0x00020002, 0x00020002, 0xFFFFFFFE, 0x00030003, 0x00010001, 0xFFFEFFFE, 0xFFFFFFFF,
	0x00000000, 0x00020003, 0x00020001, 0x00030002, 0x0000FFFF, 0xFFFAFFF9, 0xFFFEFFFD, 0xFFFEFFFF, 0x00000000, 0x00020002, 0xFFFBFFFB,
	0xFFFEFFFE, 0x00010001, 0x00000000, 0x00020002, 0xFFFEFFFD, 0xFFFFFFFE, 0x00030002, 0xFFFF0000, 0xFFFCFFFE, 0xFFFCFFFC, 0x00010000,
	0x00000001, 0xFFFDFFFE, 0x00000001, 0xFFFFFFFE, 0xFFFDFFFD, 0xFFFF0000, 0xFFFF0000, 0x00020001, 0x00040003, 0x00020001, 0x0001FFFF,
	0x00020000, 0x00010001, 0xFFFFFFFF, 0x0000FFFF, 0x00010000, 0x00020002, 0x00000001, 0x00020003, 0x00070008, 0x00020002, 0x00010001,
	0x00010001, 0xFFFE0000, 0x00040004, 0x00040001, 0x00050002, 0x00070006, 0x00010001, 0xFFFF0000, 0x00000002, 0x00000000, 0x00020000,
	0x0001FFFF, 0x0000FFFF, 0xFFFEFFFE, 0x00020000, 0x00020000, 0xFFFFFFFF, 0xFFFF0001, 0xFFFCFFFB, 0x0000FFFF, 0x00040004, 0xFFFEFFFE,
	0xFFFFFFFF, 0x00000000, 0x00020002, 0x00040003, 0xFFFCFFFC, 0x00000000, 0x00010002, 0x00000001, 0x00070007, 0x00040005, 0x00020003,
	0x00030002, 0x00020002, 0x00030003, 0xFFFEFFFE, 0xFFFCFFFD, 0xFFFF0000, 0xFFFE0000, 0xFFFF0000, 0xFFFEFFFE, 0x0000FFFE, 0x00030002,
	0x00010000, 0x00010000, 0x00030002, 0x00040003, 0x00030002, 0x00000000, 0xFFFEFFFE, 0xFFFF0000, 0xFFFF0000, 0xFFFCFFFC, 0xFFFCFFFC,
	0xFFFDFFFE, 0xFFFEFFFE, 0xFFFEFFFD, 0xFFFAFFF9, 0xFFFDFFFC, 0x00010002, 0xFFFCFFFE, 0xFFFCFFFC, 0xFFFFFFFD, 0x0000FFFF, 0xFFFEFFFE,
	0xFFFCFFFC, 0xFFFFFFFF, 0x00030001, 0x0000FFFF, 0xFFFEFFFD, 0x00010000, 0x0000FFFF, 0xFFFFFFFF, 0x00040005, 0x00030004, 0xFFFF0001,
	0xFFFF0001, 0xFFFEFFFE, 0x00020001, 0x00030003, 0x00020003, 0x00030005, 0x00020002, 0x00020002, 0x00020002, 0x00010002, 0x00000000,
	0xFFFEFFFE, 0x00030002, 0x00020000, 0x00020000, 0x00020002, 0xFFFCFFFC, 0x0000FFFF, 0x0000FFFF, 0x00010001, 0x00060007, 0xFFFDFFFE,
	0xFFFEFFFE, 0x00050005, 0x00010001, 0x00020002, 0x00010001, 0x00000001, 0x00030004, 0x00010002, 0x00020001, 0xFFFFFFFF, 0xFFFFFFFF,
	0x00000000, 0x00030003, 0x00040005, 0xFFFDFFFE, 0xFFFF0000, 0x00020002, 0x0000FFFE, 0x00030002, 0x00030002, 0x00040004, 0x00030004,
	0xFFFF0000, 0x00010001, 0x00010001, 0x00000002, 0x00020004, 0x00010003, 0x00030004, 0x00000000, 0xFFFDFFFD, 0xFFFEFFFE, 0xFFFEFFFE,
	0x00000000, 0x00020001, 0x00020001, 0x00010002, 0x00030003, 0x00020003, 0xFFFCFFFC, 0xFFFEFFFD, 0x00020001, 0xFFFFFFFE, 0xFFFCFFFC,
	0xFFFFFFFF, 0x00040003, 0x00000000, 0xFFFF0000, 0x00010001, 0x0000FFFF, 0x00010000, 0x00010000, 0x00010000, 0xFFFDFFFD, 0xFFFAFFFA,
	0xFFFEFFFF, 0xFFFAFFFC, 0xFFFBFFFD, 0x00020002, 0xFFFDFFFE, 0x00020004, 0x00030004, 0xFFFFFFFF, 0x00040004, 0x00020000, 0x00040003,
	0x00050006, 0x00000000, 0x00010001, 0xFFFFFFFF, 0xFFFFFFFE, 0x00020001, 0xFFFDFFFD, 0xFFFFFFFF, 0x00010001, 0xFFFAFFFB, 0xFFFAFFFB,
	0x00040003, 0x00030003, 0xFFFBFFFC, 0x00000001, 0x00020003, 0x0000FFFF, 0x00060005, 0x00040003, 0xFFFDFFFC, 0x00020001, 0x00000001,
	0xFFFBFFFC, 0x00000001, 0xFFFEFFFF, 0xFFFAFFF9, 0xFFFEFFFE, 0xFFFF0000, 0x00010000, 0x00030001, 0x00020001, 0x00050004, 0xFFFFFFFF,
	0xFFFBFFFC, 0x00020003, 0x00000001, 0x00020002, 0x00020002, 0xFFFCFFFB, 0xFFFDFFFD, 0x00010000, 0x00030003, 0x00020003, 0x00010001,
	0x00040005, 0x00020003, 0x00020002, 0x00050005, 0x00010002, 0x00010002, 0x00030004, 0x00010000, 0x0001FFFF, 0x00030002, 0x00020002,
	0x0001FFFF, 0x00040004, 0x00030004, 0x00020004, 0x00050005, 0x00020003, 0x00040004, 0x00020002, 0xFFFF0000, 0x00020003, 0x00020001,
	0x00030001, 0x00010000, 0x00010000, 0x00050004, 0x00010000, 0x00010001, 0x00010001, 0xFFFEFFFD, 0x00040003, 0x00000001, 0xFFFF0001,
	0x00050005, 0xFFFDFFFC, 0xFFFCFFFD, 0x00010003, 0xFFFF0000, 0xFFFFFFFF, 0xFFFEFFFD, 0xFFFDFFFD, 0xFFFF0000, 0x00010001, 0xFFFF0000,
	0xFFFCFFFB, 0xFFFDFFFD, 0xFFFCFFFC, 0xFFFCFFFD, 0x00000000, 0xFFFEFFFC, 0xFFFEFFFD, 0x00010000, 0xFFFCFFFB, 0x0000FFFE, 0x00040003,
	0xFFFEFFFE, 0xFFFBFFFB, 0x00000000, 0x00000000, 0xFFFDFFFE, 0xFFFF0000, 0xFFFFFFFE, 0x0000FFFD, 0x00050004, 0x00070007, 0x00030003,
	0xFFFFFFFE, 0xFFFFFFFE, 0xFFFEFFFF, 0x0000FFFF, 0x00030001, 0x00020001, 0xFFFF0000, 0xFFFDFFFE, 0xFFFDFFFD, 0x0000FFFF, 0xFFFFFFFE,
	0xFFFEFFFF, 0x00020002, 0x0000FFFF, 0xFFFFFFFF, 0x00020001, 0x00010000, 0xFFFF0000, 0x00010001, 0xFFFF0000, 0x00010002, 0x00070007,
	0x00040003, 0x00000000, 0x00030004, 0x00000001, 0x00010002, 0x00010000, 0xFFFDFFFC, 0x00020002, 0x00020002, 0xFFFEFFFD, 0x00020001,
	0x00040003, 0x00010001, 0x0000FFFF, 0x00020000, 0x00030002, 0xFFFEFFFE, 0xFFFBFFFC, 0xFFFBFFFC, 0xFFFCFFFD, 0x00020000, 0x00020000,
	0xFFFFFFFE, 0xFFFFFFFE, 0xFFFEFFFE, 0xFFFDFFFE, 0xFFFCFFFD, 0xFFFEFFFE, 0x00010000, 0x00000000, 0x00000002, 0xFFFF0001, 0xFFFDFFFE,
	0xFFFDFFFE, 0xFFFEFFFF, 0xFFFEFFFE, 0xFFFFFFFF, 0x0000FFFF, 0xFFFEFFFD, 0x00010001, 0x00030002, 0xFFFEFFFE, 0xFFFDFFFD, 0xFFFEFFFE,
	0xFFFBFFFC, 0xFFFEFFFF, 0x00010001, 0xFFFCFFFB, 0xFFF8FFF8, 0xFFFEFFFF, 0xFFFEFFFD, 0xFFFCFFFB, 0xFFFF0001, 0xFFFF0000, 0xFFFEFFFD,
	0xFFFDFFFC, 0x0000FFFE, 0x00040003, 0x00000000, 0xFFFFFFFF, 0x00020000, 0xFFFEFFFE, 0xFFFDFFFD, 0x00010002, 0x00030004, 0xFFFEFFFE,
	0xFFFBFFFB, 0xFFFEFFFF, 0x00010001, 0x00030003, 0xFFFEFFFF, 0xFFFDFFFF, 0x00000002, 0xFFFCFFFD, 0x00000000, 0x00010001, 0xFFFEFFFE,
	0x00020002, 0x00000000, 0x00030004, 0x00070008, 0x00020003, 0x00070007, 0x00060005, 0x00010000, 0x00020001, 0x0000FFFF, 0xFFFF0000,
	0x00000001, 0x00000001, 0xFFFFFFFF, 0xFFFFFFFF, 0x00060006, 0x00040004, 0x00000001, 0x00030004, 0x00050005, 0x00080008, 0x00050005,
	0x00010002, 0x00010001, 0xFFFFFFFF, 0x00010002, 0x00000001, 0x0000FFFF, 0x00030002, 0x00010000, 0x00010000, 0x00030003, 0x00010004,
	0xFFFF0002, 0x00020003, 0x00040004, 0x00020001, 0x00040002, 0x00020000, 0xFFFEFFFE, 0x00040003, 0x00040003, 0x0000FFFF, 0xFFFFFFFF,
	0xFFFF0000, 0x00020002, 0x00020001, 0xFFFF0000, 0xFFFF0002, 0x00010002, 0x00010001, 0x00020001, 0x00020002, 0x00000000, 0x00030003,
	0x00010001, 0xFFFFFFFF, 0x00030003, 0xFFFEFFFD, 0xFFFFFFFD, 0x00040004, 0x00020003, 0x00040005, 0x00030002, 0x00020001, 0x00030004,
	0xFFFFFFFF, 0x00010000, 0x0000FFFF, 0x0000FFFF, 0x00050004, 0x00010000, 0x00000000, 0x00020003, 0xFFFF0000, 0x00020002, 0x00030004,
	0x00030004, 0x00010002, 0x00000000, 0xFFFF0000, 0xFFFDFFFE, 0xFFFDFFFD, 0xFFFEFFFD, 0x00020002, 0x00030004, 0x00020002, 0x00040005,
	0x00020002, 0xFFFFFFFF, 0x0000FFFF, 0xFFFFFFFE, 0x00020001, 0x00030004, 0x00020003, 0x00020002, 0x0000FFFF, 0xFFFEFFFD, 0xFFFEFFFF,
	0x00010002, 0xFFFDFFFD, 0xFFFCFFFC, 0x00010003, 0x00000000, 0xFFFDFFFC, 0xFFFEFFFE, 0x00000000, 0x00010001, 0xFFFBFFFC, 0xFFFDFFFC,
	0x00000000, 0xFFFE0000, 0x00000001, 0xFFFFFFFF, 0x0000FFFF, 0xFFFFFFFF, 0xFFFCFFFB, 0xFFFDFFFD, 0x00000000, 0x00030003, 0xFFFF0000,
	0x00010001, 0x00070007, 0xFFFF0001, 0xFFFEFFFF, 0x0000FFFF, 0xFFFAFFF9, 0xFFFCFFFC, 0x00000001, 0x00000001, 0xFFFF0000, 0x00000001,
	0x00010002, 0xFFFEFFFD, 0x0000FFFF, 0x00010002, 0xFFFF0000, 0x00000000, 0xFFFEFFFE, 0x00030004, 0x00040004, 0xFFFEFFFC, 0x00020000,
	0x00010001, 0xFFFAFFFC, 0xFFFFFFFF, 0x00030002, 0x00020001, 0x00020003, 0x00020003, 0x00000000, 0x00010001, 0x00040005, 0x00010001,
	0xFFFCFFFB, 0xFFFAFFFA, 0xFFFCFFFD, 0x00000001, 0xFFFEFFFF, 0xFFFBFFFD, 0xFFFFFFFF, 0x00020001, 0xFFFCFFFE, 0xFFFCFFFD, 0x00020000,
	0x00020000, 0x00030003, 0x00040004, 0xFFFEFFFF, 0x00000000, 0x00000000, 0xFFFEFFFF, 0x00020002, 0x00020002, 0x00010003, 0x00040005,
	0x00040003, 0x00000000, 0x00000001, 0x00000000, 0x00000000, 0x00050005, 0x00040004, 0xFFFF0000, 0x00000001, 0x00020003, 0x00030003,
	0x00010001, 0xFFFFFFFD, 0x0000FFFF, 0x00000000, 0x00010001, 0xFFFEFFFE, 0xFFFCFFFC, 0xFFFEFFFE, 0x00000001, 0x00040004, 0x00000000,
	0xFFFDFFFE, 0x00030003, 0x00030003, 0x00030004, 0x00010002, 0xFFFEFFFE, 0x00020003, 0xFFFF0000, 0xFFFF0001, 0x00060006, 0x00030003,
	0x00050005, 0x00060006, 0x00020002, 0x00030003, 0x00010003, 0xFFFEFFFF, 0x00010002, 0x00010001, 0x0000FFFF, 0x00050003, 0x00030002,
	0x00020002, 0x00030004, 0x00010001, 0x00020002, 0x00000000, 0xFFFDFFFC, 0xFFFEFFFD, 0xFFFDFFFC, 0xFFFFFFFF, 0xFFFE0000, 0xFFFCFFFC,
	0x00010000, 0x00010001, 0x00000000, 0x00010001, 0x00010002, 0x00040004, 0x00020002, 0x00010001, 0x00030002, 0x0000FFFE, 0x00010001,
	0x00040004, 0x00000000, 0xFFFFFFFF, 0x00010001, 0xFFFF0000, 0xFFFFFFFF, 0xFFFEFFFD, 0xFFFFFFFF, 0xFFFFFFFF, 0xFFFDFFFC, 0xFFFFFFFF,
	0x00030003, 0x00020002, 0x00040003, 0x00040004, 0x00040004, 0x00060006, 0x00010000, 0xFFFDFFFC, 0xFFFDFFFD, 0xFFFCFFFD, 0xFFFF0000,
	0x00010001, 0xFFFEFFFF, 0x00000002, 0x00020003, 0x00010001, 0x00010000, 0x00010000, 0x00010001, 0x00030002, 0x00030003, 0x00000001,
	0xFFFEFFFE, 0xFFFEFFFD, 0x00010000, 0x00010001, 0xFFFEFFFD, 0x0000FFFE, 0x00020001, 0x00020001, 0x00030003, 0x00000000, 0x00000000,
	0x00030002, 0x00040002, 0x00010000, 0x00000000, 0x00020000, 0x0000FFFE, 0x00000001, 0x00030004, 0xFFFEFFFE, 0xFFFCFFFC, 0x00000001,
	0x00010002, 0xFFFFFFFF, 0xFFFDFFFD, 0xFFFFFFFF, 0xFFFF0000, 0x00010001, 0x00020002, 0x00000001, 0x00010001, 0x0000FFFF, 0xFFFFFFFE,
	0x00010000, 0x00020002, 0x00020001, 0x00020001, 0x00030003, 0x00010002, 0xFFFFFFFE, 0x00000000, 0x00020001, 0x00000000, 0xFFFFFFFF,
	0xFFFEFFFF, 0xFFFFFFFF, 0xFFFFFFFE, 0xFFFFFFFF, 0x00010001, 0x00020003, 0x00010000, 0xFFFEFFFD, 0x0000FFFF, 0xFFFDFFFD, 0xFFFCFFFB,
	0x0000FFFE, 0xFFFFFFFE, 0x00010001, 0x00000000, 0xFFFBFFFA, 0xFFFE0000, 0x00020003, 0x00030003, 0x00040004, 0x0000FFFF, 0xFFFEFFFE,
	0x00000001, 0x00000002, 0x00000001, 0x00000000, 0xFFFFFFFE, 0xFFFCFFFC, 0xFFFCFFFD, 0x00000000, 0x00000001, 0xFFFE0000, 0x00020002,
	0x00030003, 0x0000FFFF, 0x00010000, 0x00000000, 0x00000000, 0x00030004, 0xFFFE0000, 0xFFFDFFFD, 0x0000FFFE, 0xFFFEFFFD, 0xFFFEFFFF,
	0xFFFEFFFF, 0xFFFFFFFF, 0x00040002, 0x00040004, 0x00020003, 0xFFFDFFFF, 0xFFFDFFFD, 0xFFFEFFFF, 0xFFFBFFFD, 0xFFFCFFFE, 0xFFFF0000,
	0x00000000, 0x00010001, 0x00010001, 0xFFFEFFFD, 0xFFFEFFFC, 0xFFFFFFFF, 0xFFFCFFFC, 0xFFFCFFFC, 0xFFFFFFFF, 0xFFFDFFFD, 0xFFFFFFFF,
	0xFFFDFFFD, 0xFFFDFFFC, 0x00030003, 0xFFFFFFFE, 0xFFFBFFFB, 0xFFFFFFFE, 0x0000FFFF, 0x00020003, 0xFFFF0001, 0xFFFDFFFF, 0x00010002,
	0xFFFEFFFD, 0xFFFDFFFC, 0x00020002, 0x00000000, 0xFFFFFFFF, 0x00040004, 0x00030004, 0xFFFF0000, 0xFFFF0000, 0x00010000, 0x00040003,
	0x00030003, 0x00010002, 0x00030003, 0x00020003, 0xFFFF0000, 0xFFFDFFFE, 0xFFFDFFFD, 0xFFFFFFFD, 0xFFFFFFFD, 0xFFFFFFFD, 0xFFFCFFFB,
	0xFFFCFFFD, 0xFFFD0000, 0xFFFCFFFC, 0xFFFFFFFF, 0x00020002, 0x00000001, 0x00020002, 0xFFFDFFFC, 0xFFFDFFFB, 0x00030001, 0x0002FFFF,
	0x00020000, 0x00030004, 0x00000001, 0xFFFFFFFF, 0x00010000, 0x00030003, 0x00060006, 0x00070007, 0x00040002, 0x00040003, 0x00060008,
	0x00030004, 0x00050006, 0x00070007, 0x00010001, 0x00000001, 0x00000000, 0x00020002, 0x00060005, 0x00040003, 0x00020003, 0xFFFEFFFF,
	0xFFFDFFFC, 0x00030001, 0x00030003, 0x00010002, 0x00020001, 0x00010000, 0x00010000, 0x00010003, 0x00010002, 0x0000FFFF, 0xFFFEFFFE,
	0xFFFDFFFE, 0xFFFFFFFF, 0xFFFEFFFE, 0xFFFBFFFB, 0xFFFFFFFE, 0x00020002, 0xFFFF0000, 0xFFFCFFFD, 0xFFFDFFFD, 0xFFFDFFFC, 0xFFFEFFFD,
	0x00040004, 0x00020002, 0xFFFEFFFD, 0x00000001, 0x00010001, 0x00010000, 0xFFFFFFFF, 0x00000001, 0x00020002, 0xFFFBFFFA, 0xFFFEFFFC,
	0x00020002, 0xFFFF0000, 0x00030002, 0x00010001, 0xFFFEFFFF, 0xFFFF0001, 0xFFFCFFFC, 0xFFFEFFFD, 0xFFFF0000, 0x00000001, 0x00020002,
	0x00000000, 0x00030003, 0x00020004, 0xFFFFFFFF, 0x00020001, 0x00020000, 0xFFFFFFFE, 0x00020002, 0x00030002, 0x0001FFFF, 0x00020001,
	0x00030003, 0x00010001, 0x00030003, 0x00060006, 0x00050006, 0x00020003, 0xFFFFFFFE, 0x00020000, 0x00020002, 0xFFFE0000, 0x00010003,
	0x00050005, 0x00020001, 0xFFFDFFFE, 0xFFFFFFFF, 0x00020001, 0x00020002, 0x00020003, 0x00000002, 0x00000001, 0xFFFEFFFE, 0xFFFDFFFC,
	0xFFFF0000, 0x00020004, 0x00040006, 0x00010002, 0xFFFFFFFE, 0x00020001, 0x00010002, 0x00030003, 0x00010002, 0xFFFDFFFE, 0x00010001,
	0x00000001, 0x00000000, 0x00020001, 0xFFFEFFFE, 0x00000001, 0x00000001, 0x00010002, 0x00030004, 0x00000000, 0x00020002, 0x00040004,
	0x00030003, 0x00050006, 0x00040004, 0x00010000, 0x00020001, 0x00030004, 0xFFFF0000, 0xFFFBFFFC, 0x00000001, 0x00000002, 0xFFFEFFFF,
	0x00000000, 0xFFFF0000, 0xFFFF0000, 0xFFFFFFFF, 0xFFFE0000, 0xFFFE0000, 0xFFFFFFFF, 0x00010000, 0x00030002, 0x00030003, 0x00010001,
	0xFFFEFFFE, 0x00000000, 0x00010001, 0xFFFF0000, 0x00020002, 0x0001FFFF, 0xFFFBFFF9, 0xFFFEFFFD, 0x00000001, 0x00010002, 0x00040005,
	0xFFFEFFFE, 0xFFFCFFFC, 0x00000001, 0xFFFBFFFC, 0x00010000, 0x00040003, 0xFFFEFFFD, 0x00010002, 0x00000001, 0xFFFCFFFC, 0xFFFEFFFD,
	0xFFFEFFFE, 0xFFFF0000, 0xFFFDFFFE, 0xFFFDFFFE, 0xFFFDFFFE, 0xFFF8FFF9, 0xFFFBFFFA, 0xFFFEFFFD, 0xFFFEFFFE, 0x00020002, 0x00030002,
	0x00030004, 0x00020003, 0x00010000, 0x00010000, 0xFFFEFFFE, 0xFFFF0000, 0x00010001, 0xFFFDFFFC, 0xFFFCFFFC, 0xFFFE0000, 0xFFFDFFFE,
	0xFFFCFFFC, 0xFFFCFFFD, 0xFFFCFFFC, 0xFFFDFFFF, 0x00010002, 0x00030002, 0x0000FFFF, 0xFFFBFFFB, 0xFFFBFFFA, 0xFFFDFFFC, 0xFFFFFFFE,
	0x0000FFFF, 0xFFFBFFFB, 0xFFF9FFF8, 0xFFFDFFFC, 0xFFFDFFFD, 0xFFFCFFFE, 0x00000002, 0x00020002, 0xFFFEFFFD, 0xFFFEFFFF, 0xFFFF0001,
	0xFFFCFFFC, 0xFFFEFFFC, 0x00000000, 0xFFFEFFFF, 0xFFFFFFFF, 0x0001FFFF, 0x0000FFFD, 0xFFFBFFFA, 0xFFFBFFFB, 0x0000FFFF, 0xFFFFFFFF,
	0xFFFE0000, 0xFFFEFFFF, 0xFFFFFFFE, 0xFFFFFFFE, 0xFFFEFFFD, 0x00030003, 0x00010000, 0xFFFBFFFB, 0x00040004, 0x00020001, 0xFFFDFFFD,
	0x00020002, 0x0000FFFF, 0x00010000, 0x00000000, 0xFFFDFFFE, 0xFFFF0001, 0xFFFDFFFE, 0xFFFEFFFE, 0xFFFF0001, 0xFFFBFFFC, 0xFFFDFFFD,
	0x00010001, 0xFFFEFFFE, 0xFFFDFFFD, 0xFFFFFFFF, 0xFFFEFFFE, 0xFFFFFFFE, 0x00010000, 0xFFFFFFFD, 0xFFFBFFFA, 0xFFFCFFFD, 0xFFFFFFFF,
	0xFFFEFFFE, 0xFFFEFFFE, 0xFFFEFFFD, 0xFFFCFFFB, 0xFFFEFFFE, 0xFFFF0000, 0xFFFE0000, 0xFFFDFFFE, 0xFFFDFFFD, 0x00020003, 0x00000002,
	0xFFFEFFFE, 0x00030001, 0x00010001, 0x00010001, 0x00010000, 0xFFFFFFFE, 0x00010001, 0xFFFDFFFE, 0xFFFCFFFC, 0xFFFEFFFE, 0x00000000,
	0x00040004, 0x00010000, 0x00010001, 0x00040004, 0x00020001, 0x00050004, 0x00010001, 0xFFFBFFFD, 0x00000000, 0x0000FFFF, 0x00010000,
	0x00030003, 0x00010001, 0x0000FFFF, 0xFFFDFFFD, 0xFFFCFFFD, 0xFFFEFFFF, 0x00010000, 0x00000000, 0xFFFDFFFE, 0xFFFCFFFC, 0xFFFCFFFC,
	0x00000001, 0x00040004, 0xFFFFFFFE, 0xFFFCFFFA, 0xFFFFFFFD, 0xFFFFFFFF, 0xFFFFFFFF, 0x00020001, 0x00010000, 0xFFFDFFFD, 0x00010001,
	0x00030003, 0x00000000, 0x00000000, 0x00000001, 0xFFFF0000, 0xFFFFFFFF, 0xFFFDFFFE, 0xFFFFFFFF, 0x0000FFFF, 0xFFFDFFFE, 0x00000000,
	0x00070005, 0x00030002, 0xFFFF0000, 0x00050005, 0x00030002, 0xFFFFFFFF, 0xFFFCFFFD, 0xFFFEFFFF, 0x00030002, 0xFFFFFFFD, 0xFFFDFFFD,
	0xFFFEFFFF, 0x00010001, 0x00070007, 0x00040003, 0x00010001, 0x00020002, 0xFFFEFFFE, 0x00030002, 0x00040004, 0x0000FFFF, 0xFFFEFFFE,
	0xFFFAFFFB, 0xFFFEFFFF, 0x00010001, 0x00000000, 0x00020003, 0xFFFDFFFD, 0xFFFBFFFB, 0xFFFF0000, 0xFFFFFFFF, 0xFFFFFFFE, 0x00030003,
	0x00060006, 0x00000000, 0xFFFEFFFD, 0x0001FFFF, 0xFFFDFFFC, 0xFFFBFFFB, 0xFFFFFFFE, 0xFFFFFFFE, 0xFFFDFFFE, 0xFFFDFFFE, 0xFFFEFFFE,
	0xFFFFFFFF, 0xFFFCFFFB, 0xFFFFFFFE, 0x00060006, 0x00000000, 0xFFFCFFFC, 0x00020002, 0xFFFFFFFE, 0xFFFEFFFE, 0x00010002, 0x0000FFFF,
	0x00010001, 0x00000001, 0xFFFEFFFE, 0x00000000, 0x00010000, 0x0000FFFE, 0xFFFFFFFE, 0x00010002, 0x00000000, 0xFFFAFFFB, 0xFFFEFFFF,
	0x00010001, 0xFFFDFFFD, 0xFFFFFFFE, 0x00020001, 0x00040004, 0x00030003, 0xFFFAFFF9, 0xFFFBFFFC, 0x00020004, 0xFFFFFFFF, 0xFFFDFFFB,
	0x00010001, 0xFFFF0000, 0xFFFDFFFE, 0x00010001, 0x00010002, 0x00000001, 0xFFFEFFFE, 0xFFFFFFFE, 0x00040004, 0x00030003, 0x00030003,
	0x00010001, 0xFFFFFFFF, 0x00040004, 0x00000000, 0xFFFEFFFD, 0x00070007, 0x00040003, 0xFFFEFFFD, 0x00030003, 0x00020002, 0xFFFCFFFD,
	0xFFFEFFFE, 0x00010000, 0x00010001, 0x00020002, 0x00010001, 0x00020002, 0x00010002, 0x00010001, 0x00020002, 0x0000FFFE, 0x00010000,
	0x00050006, 0x00030003, 0xFFFFFFFF, 0xFFFF0000, 0x00000001, 0xFFFFFFFE, 0xFFFFFFFF, 0xFFFFFFFF, 0xFFFAFFFA, 0xFFFDFFFD, 0x00020001,
	0xFFFEFFFD, 0xFFFEFFFC, 0x0000FFFF, 0xFFFEFFFF, 0xFFFBFFFC, 0xFFFCFFFB, 0x0000FFFF, 0xFFFCFFFE, 0xFFFBFFFC, 0x00010000, 0xFFFFFFFE,
	0xFFFEFFFF, 0x00040005, 0x00030002, 0xFFFEFFFD, 0x00000000, 0x00010001, 0xFFFEFFFE, 0xFFFFFFFF, 0x00020003, 0x00010002, 0x00000000,
	0xFFFFFFFF, 0x00010000, 0x00010001, 0x0000FFFF, 0x00000001, 0xFFFE0000, 0xFFF9FFFB, 0xFFFE0000, 0x00030004, 0xFFFEFFFF, 0x00000000,
	0x00060004, 0x00020001, 0x00020003, 0x00010000, 0x00010000, 0x00060005, 0x00010001, 0x00010001, 0x00030003, 0xFFFEFFFE, 0x00010001,
	0x00030002, 0x00020002, 0x00010001, 0xFFFCFFFD, 0x0000FFFF, 0x00010000, 0xFFFFFFFF, 0x00010001, 0x00020003, 0x00010001, 0x00010000,
	0x00030002, 0x00020002, 0xFFFDFFFE, 0xFFFF0000, 0xFFFFFFFF, 0xFFFFFFFE, 0x00000001, 0x00000001, 0x00010001, 0xFFFDFFFE, 0xFFFDFFFD,
	0x00010001, 0x00020002, 0x00020003, 0x00010001, 0x00010001, 0xFFFEFFFD, 0xFFFEFFFF, 0x00030004, 0xFFFF0000, 0x00010000, 0x00030002,
	0xFFFDFFFD, 0x00010002, 0x00020003, 0xFFFEFFFE, 0x00040004, 0x00040005, 0x00010001, 0x00020001, 0xFFFFFFFE, 0xFFFCFFFD, 0xFFFE0000,
	0x00000000, 0xFFFFFFFE, 0x00010001, 0x00020003, 0x00010001, 0x00010000, 0x00010000, 0x0000FFFF, 0x00000000, 0x00020003, 0x00030003,
	0x00060006, 0x00070008, 0x00000001, 0xFFFF0000, 0x00010003, 0x00000002, 0x00020002, 0x00020001, 0x00020002, 0x00040004, 0x00010001,
	0x00000001, 0x00020003, 0x00020002, 0x00010000, 0xFFFF0000, 0xFFFF0001, 0x00010001, 0x00040003, 0xFFFFFFFF, 0xFFFCFFFC, 0x00020001,
	0xFFFFFFFE, 0xFFFCFFFC, 0xFFFFFFFF, 0x00020002, 0x00040004, 0xFFFFFFFF, 0xFFFBFFFC, 0xFFFBFFFC, 0xFFFDFFFD, 0x00010002, 0x00030004,
	0x00060006, 0x00030002, 0xFFFFFFFF, 0x00050004, 0x00000000, 0xFFFF0000, 0x00040005, 0x00010001, 0x00030002, 0x00020001, 0xFFFDFFFD,
	0xFFFF0000, 0x00000000, 0x00020003, 0xFFFF0000, 0xFFFFFFFF, 0x00040004, 0x00000000, 0x00020002, 0x00050004, 0x00020000, 0x00040004,
	0x00020003, 0xFFFEFFFF, 0x00010001, 0xFFFE0000, 0xFFFF0001, 0x00060005, 0x00030001, 0xFFFEFFFE, 0xFFFF0000, 0x00010000, 0xFFFDFFFE,
	0xFFFDFFFE, 0xFFFEFFFF, 0xFFFFFFFF, 0x0000FFFF, 0x00010000, 0xFFFF0000, 0xFFFBFFFD, 0xFFF9FFFA, 0xFFFEFFFF, 0x00030001, 0xFFFFFFFD,
	0xFFFF0000, 0x00010003, 0x00020003, 0x00040004, 0x00000000, 0xFFFEFFFE, 0x00000001, 0x0000FFFF, 0x00030001, 0x00040003, 0x00010001,
	0x00010001, 0xFFFF0000, 0xFFFFFFFE, 0x00000001, 0xFFFF0001, 0x00010001, 0x00010000, 0x00000001, 0x00010002, 0x00000001, 0x00010001,
	0x00000000, 0x00000000, 0x00020002, 0xFFFFFFFF, 0x0000FFFF, 0x00000000, 0x00000000, 0x00040003, 0x00020001, 0xFFFEFFFF, 0x00030004,
	0x00050005, 0x00020000, 0x00020001, 0x00010000, 0x00000000, 0x00020002, 0xFFFFFFFF, 0xFFFBFFFB, 0xFFFBFFFC, 0xFFFFFFFF, 0x00050005,
	0x00060006, 0x00020002, 0xFFFFFFFF, 0x0000FFFF, 0x00010001, 0x00020002, 0x00020002, 0x00000000, 0xFFFF0000, 0x00020001, 0xFFFF0000,
	0xFFFF0001, 0x00050005, 0x00040004, 0x00010000, 0x00020002, 0x00020003, 0x00030003, 0x00040001, 0x00020000, 0x00030004, 0x00010003,
	0xFFFF0000, 0x00040005, 0x00030004, 0xFFFE0000, 0x00010001, 0xFFFFFFFE, 0xFFFEFFFD, 0x00020001, 0x00010000, 0x00000001, 0x00040005,
	0xFFFF0000, 0xFFF9FFFA, 0x00000000, 0x00060005, 0x00020003, 0x00000001, 0xFFFF0000, 0x00020002, 0x00010000, 0xFFFAFFFA, 0xFFFFFFFF,
	0x00010001, 0xFFFEFFFE, 0xFFFFFFFF, 0xFFFCFFFC, 0x00000001, 0x00020002, 0xFFFDFFFC, 0xFFFFFFFF, 0x00020002, 0x00000001, 0x00010000,
	0x00020000, 0x00020002, 0x00030003, 0x00030002, 0x0000FFFF, 0x00020000, 0x00010000, 0xFFFEFFFE, 0x00020002, 0xFFFEFFFE, 0xFFFDFFFC,
	0x00040002, 0x0000FFFF, 0xFFFEFFFF, 0x00000000, 0x0000FFFF, 0x00040004, 0x00030003, 0x00020002, 0x00020001, 0xFFFEFFFC, 0x00000001,
	0xFFFD0000, 0xFFFCFFFD, 0x00030002, 0x0000FFFF, 0xFFFEFFFE, 0x00000000, 0x00010000, 0x00020001, 0x00000000, 0x0000FFFF, 0x00000000,
	0x00000000, 0xFFFFFFFF, 0x0000FFFF, 0x0000FFFF, 0xFFFFFFFF, 0x00000001, 0xFFFF0000, 0xFFFBFFFB, 0xFFFCFFFC, 0xFFFFFFFF, 0xFFFCFFFD,
	0xFFFBFFFC, 0xFFFDFFFD, 0xFFFBFFFC, 0xFFFAFFFC, 0xFFFCFFFC, 0x0000FFFE, 0x0002FFFF, 0xFFFDFFFD, 0xFFFCFFFD, 0xFFFEFFFF, 0xFFFEFFFB,
	0xFFFCFFF9, 0xFFFEFFFE, 0x00040004, 0x00010000, 0xFFFCFFFA, 0x00010000, 0x00000000, 0xFFFDFFFD, 0xFFFFFFFF, 0xFFFAFFFA, 0xFFFDFFFD,
	0x00030002, 0xFFFFFFFE, 0x0000FFFF, 0xFFFFFFFF, 0x00010002, 0x00050006, 0x00010002, 0x00000001, 0x00010001, 0x00000000, 0x00030002,
	0x00050004, 0x00030002, 0xFFFFFFFF, 0x00020001, 0x00050004, 0x00030003, 0x00030004, 0xFFFEFFFF, 0xFFFEFFFE, 0x00030003, 0x00010000,
	0xFFFFFFFE, 0xFFFDFFFD, 0xFFFCFFFF, 0x00020003, 0x00030003, 0x00030003, 0x00000001, 0xFFFF0000, 0x00040003, 0x00010001, 0xFFFEFFFF,
	0xFFFFFFFF, 0x0000FFFD, 0x0001FFFF, 0xFFFFFFFE, 0xFFFEFFFD, 0xFFFEFFFF, 0xFFFF0001, 0xFFFF0001, 0xFFFEFFFE, 0xFFFEFFFE, 0xFFFAFFFB,
	0xFFFAFFFB, 0x00030003, 0x00010001, 0xFFFEFFFD, 0xFFFFFFFE, 0xFFFCFFFC, 0xFFFEFFFE, 0x00010001, 0x00010001, 0x00010001, 0xFFFF0000,
	0x00010002, 0x00050004, 0x00010000, 0xFFFDFFFD, 0x00010000, 0x00050003, 0x00040001, 0x0001FFFF, 0x00010001, 0x00010001, 0xFFFFFFFF,
	0x00000000, 0x00020001, 0x0000FFFF, 0x00010002, 0x00050006, 0x00030003, 0x00010001, 0x00010001, 0x00010000, 0x00050003, 0x00040002,
	0xFFFF0000, 0x00010002, 0x00010000, 0x00020001, 0x00030004, 0x00000000, 0x00030002, 0x00060005, 0x00000001, 0x00010002, 0x00060006,
	0x00040002, 0x00020001, 0x00010001, 0x00000001, 0x00000002, 0xFFFF0000, 0x00010001, 0x00040005, 0x00040004, 0x00000000, 0xFFFCFFFB,
	0xFFFDFFFD, 0x00000000, 0x00010001, 0x00040005, 0x00040007, 0x00050007, 0x00060005, 0x00040004, 0x00030004, 0xFFFFFFFF, 0xFFFEFFFE,
	0x00040003, 0x00040005, 0x00040004, 0x00010002, 0x00010003, 0x0008000A, 0x00020001, 0xFFFAFFFA, 0xFFFF0000, 0xFFFF0000, 0xFFFF0000,
	0x00010002, 0x00010002, 0x00020002, 0xFFFFFFFF, 0xFFFFFFFE, 0x00020002, 0x00000000, 0xFFFFFFFE, 0x00020002, 0x00010001, 0xFFFFFFFE,
	0xFFFEFFFD, 0xFFFDFFFD, 0x00020002, 0x00060006, 0x00010001, 0xFFFEFFFE, 0x00020002, 0x00040005, 0x00000001, 0xFFFBFFFA, 0xFFFCFFFC,
	0x00020002, 0x00050005, 0x00040006, 0x00010003, 0x00020003, 0x00030003, 0x00000000, 0xFFFFFFFF, 0x00010001, 0x00050004, 0x00050002,
	0x0001FFFE, 0x00020000, 0x00020001, 0x00030003, 0x00040003, 0x00020001, 0x00020001, 0xFFFEFFFE, 0xFFFCFFFD, 0x00000001, 0x00000000,
	0x00010000, 0x00020001, 0x00030003, 0x00020003, 0x00030003, 0x00060006, 0x00030002, 0x00010000, 0x00010001, 0xFFFEFFFF, 0xFFFF0001,
	0x00010001, 0x00010000, 0x00020002, 0x00010001, 0x00020002, 0xFFFFFFFF, 0x00000001, 0x0009000A, 0x00020001, 0xFFFBFFFB, 0xFFFFFFFF,
	0xFFFBFFFC, 0xFFFDFFFE, 0x00010003, 0xFFFEFFFF, 0xFFFDFFFD, 0xFFFDFFFC, 0xFFFEFFFE, 0x00000001, 0x00000000, 0x00020002, 0x00020002,
	0xFFFFFFFE, 0x00020000, 0x00010001, 0xFFFBFFFB, 0xFFFDFFFD, 0x00000000, 0xFFFCFFFB, 0xFFFFFFFF, 0x00050005, 0x00010001, 0x00000000,
	0x00020004, 0x00000000, 0xFFFDFFFC, 0xFFFFFFFF, 0x00000000, 0xFFFCFFFD, 0xFFFDFFFC, 0x0000FFFF, 0x00000000, 0xFFFCFFFD, 0xFFFCFFFC,
	0xFFFDFFFD, 0xFFFEFFFE, 0x00000000, 0xFFFFFFFE, 0xFFFFFFFE, 0x00000000, 0xFFFFFFFE, 0x00060005, 0x00040004, 0xFFFDFFFD, 0x00020001,
	0x00030002, 0xFFFEFFFF, 0x00000001, 0xFFFF0000, 0xFFFEFFFD, 0x00010000, 0x00030003, 0x00010000, 0x00010000, 0x00050005, 0x00020001,
	0x0000FFFF, 0x00040005, 0xFFFF0001, 0xFFFFFFFF, 0x00010000, 0xFFFEFFFF, 0xFFFD0000, 0xFFFEFFFF, 0x00030002, 0x00040004, 0xFFFEFFFF,
	0xFFFDFFFC, 0xFFFFFFFE, 0x0000FFFF, 0x00000000, 0x00000002, 0x00010002, 0xFFFEFFFE, 0xFFFCFFFC, 0xFFFDFFFD, 0xFFFEFFFE, 0xFFFEFFFE,
	0xFFFEFFFE, 0xFFFFFFFF, 0xFFFAFFF9, 0xFFFBFFF9, 0x00040003, 0x00010001, 0xFFFDFFFD, 0xFFFEFFFE, 0xFFFAFFF9, 0xFFF9FFF9, 0xFFFBFFFB,
	0xFFFDFFFC, 0x00010001, 0xFFFF0001, 0xFFFCFFFF, 0xFFFF0000, 0x00000000, 0xFFFFFFFD, 0xFFFFFFFE, 0xFFFEFFFE, 0xFFFDFFFD, 0xFFFEFFFF,
	0xFFFEFFFE, 0xFFFCFFFA, 0xFFFFFFFE, 0x00010002, 0x00000001, 0x00020002, 0x00050003, 0x00020001, 0x00010001, 0x00020002, 0xFFFEFFFE,
	0xFFFF0000, 0x00030002, 0x00030002, 0x00030003, 0xFFFFFFFF, 0xFFFEFFFE, 0xFFFFFFFF, 0xFFFDFFFD, 0x00040003, 0x00040002, 0xFFFEFFFC,
	0x00030003, 0x00030004, 0x00010001, 0x00010000, 0x00000000, 0x00050004, 0x00020002, 0xFFFE0000, 0x00020003, 0x00010000, 0x00020000,
	0x00050005, 0x00020004, 0x00020002, 0x00030002, 0x00040002, 0x00050005, 0x00020003, 0xFFFAFFFB, 0xFFFAFFFA, 0x00020003, 0xFFFF0001,
	0xFFFCFFFE, 0x00010001, 0x0000FFFF, 0xFFFFFFFE, 0x00010001, 0x0000FFFE, 0xFFFEFFFC, 0xFFFDFFFC, 0xFFFDFFFE, 0x00000001, 0x00010002,
	0x0000FFFF, 0xFFFEFFFE, 0xFFFCFFFE, 0xFFF9FFFB, 0xFFFCFFFC, 0x0000FFFF, 0xFFFDFFFD, 0x00000000, 0x00040003, 0x00020000, 0x00020001,
	0x00060005, 0x00050005, 0x00000001, 0xFFFDFFFF, 0xFFFF0000, 0x00010000, 0xFFFFFFFF, 0x00000000, 0x00030003, 0x00000000, 0xFFFF0000,
	0x00010002, 0x00000001, 0x0000FFFF, 0xFFFFFFFE, 0x00000000, 0x00000001, 0xFFFFFFFF, 0x00030002, 0x00010001, 0xFFFDFFFE, 0x00000002,
	0xFFFDFFFF, 0xFFFFFFFF, 0x00040003, 0xFFFFFFFF, 0xFFFDFFFE, 0xFFFDFFFF, 0xFFFFFFFF, 0x0000FFFF, 0xFFFBFFFB, 0xFFFCFFFF, 0xFFFF0000,
	0xFFFCFFFC, 0xFFFFFFFF, 0xFFFEFFFF, 0xFFF9FFF9, 0xFFF9FFF8, 0xFFFCFFFA, 0xFFFBFFFB, 0xFFFCFFFD, 0xFFFF0000, 0xFFFE0000, 0xFFFDFFFD,
	0xFFFFFFFE, 0xFFFFFFFF, 0xFFFEFFFE, 0xFFFDFFFD, 0xFFFCFFFC, 0xFFFBFFFC, 0xFFFEFFFF, 0xFFFDFFFE, 0xFFFAFFFA, 0xFFFDFFFD, 0xFFFCFFFC,
	0xFFFCFFFE, 0x00020002, 0x00010000, 0x00020000, 0xFFFFFFFF, 0xFFF9FFFA, 0x00000001, 0x00020000, 0x0000FFFD, 0x00030002, 0x00030002,
	0xFFFF0000, 0xFFFDFFFF, 0xFFFEFFFF, 0x00010001, 0x0000FFFF, 0x00020000, 0x00020002, 0xFFFF0000, 0xFFFDFFFF, 0xFFFDFFFE, 0x00020003,
	0x00020002, 0xFFFDFFFE, 0x00020002, 0x00030003, 0x00000000, 0x00030003, 0x00040003, 0xFFFFFFFF, 0xFFFF0000, 0x00000000, 0xFFFEFFFE,
	0x00020001, 0x00030003, 0x00000000, 0xFFFF0000, 0xFFFAFFFA, 0xFFF7FFF6, 0xFFFDFFFD, 0xFFFEFFFF, 0xFFFAFFFA, 0xFFF9FFF8, 0xFFFDFFFB,
	0xFFFFFFFF, 0xFFFEFFFF, 0x00020003, 0x00010001, 0xFFFCFFFC, 0xFFFEFFFF, 0xFFFFFFFE, 0xFFFDFFFD, 0xFFFDFFFE, 0xFFFFFFFF, 0x00020002,
	0xFFFEFFFE, 0xFFFAFFF9, 0xFFFEFFFD, 0x00010000, 0x00010001, 0x00020003, 0xFFFF0000, 0xFFFFFFFE, 0x00010001, 0xFFFF0000, 0xFFFF0000,
	0x00030002, 0x0001FFFF, 0xFFFFFFFC, 0x00020000, 0x00020001, 0x00000001, 0x00000001, 0x00010002, 0xFFFF0000, 0xFFFBFFFC, 0xFFFFFFFF,
	0xFFFFFFFF, 0x0000FFFF, 0x00050006, 0x00010002, 0xFFFDFFFD, 0x00000000, 0x00010001, 0x00010000, 0xFFFFFFFF, 0x00030002, 0x00020002,
	0xFFF9FFF9, 0xFFFCFFFC, 0x00030003, 0xFFFFFFFF, 0xFFFFFFFE, 0xFFFDFFFC, 0xFFFBFFFB, 0x00010003, 0xFFFEFFFE, 0xFFF7FFF7, 0xFFFCFFFE,
	0xFFFBFFFD, 0xFFFAFFFB, 0x00020002, 0x0000FFFF, 0xFFFEFFFF, 0x00010001, 0xFFFEFFFD, 0x00010000, 0x00040002, 0x00030002, 0xFFFF0002,
	0xFFFBFFFD, 0xFFFFFFFE, 0x00020000, 0x0000FFFF, 0x00000002, 0x00030005, 0x00030003, 0x00020000, 0x00040002, 0x00050005, 0x00010002,
	0x00010002, 0x00000000, 0xFFFFFFFF, 0x00000000, 0xFFFEFFFF, 0xFFFFFFFF, 0xFFFFFFFF, 0x00010001, 0x00050005, 0x00010000, 0xFFFFFFFE,
	0x00050003, 0x00040004, 0x00010003, 0x00000001, 0xFFFFFFFE, 0xFFFDFFFD, 0xFFFE0000, 0x00010002, 0x00000000, 0xFFFFFFFF, 0x00000001,
	0x00010002, 0x00020002, 0x00030001, 0x00020001, 0xFFFFFFFE, 0xFFFF0000, 0x00040005, 0x00020002, 0x00040002, 0x00030001, 0x0000FFFF,
	0x00030002, 0xFFFEFFFE, 0xFFFEFFFD, 0x00020002, 0xFFFBFFFD, 0xFFFF0001, 0x00010002, 0xFFFFFFFE, 0x00040004, 0xFFFE0000, 0xFFFD0000,
	0x00050005, 0x0001FFFE, 0x0000FFFE, 0x00020001, 0x00010001, 0x00020001, 0xFFFFFFFF, 0x00010000, 0x00040003, 0xFFFFFFFF, 0xFFFCFFFC,
	0x0000FFFF, 0xFFFFFFFF, 0x00000000, 0x00020003, 0xFFFF0001, 0xFFFFFFFF, 0x0000FFFF, 0xFFFE0000, 0xFFFF0002, 0x00020003, 0x00050005,
	0x00050005, 0x00010002, 0x00010002, 0x0000FFFF, 0xFFFFFFFE, 0x00020001, 0x0000FFFF, 0xFFFBFFFB, 0xFFFBFFFC, 0xFFFBFFFC, 0xFFFCFFFC,
	0x00010001, 0x00030002, 0x00020001, 0x00020002, 0x00000001, 0x00020002, 0x00020002, 0xFFFF0000, 0xFFFE0000, 0xFFFDFFFD, 0x00020001,
	0x00040004, 0xFFFE0000, 0x00010003, 0x00020002, 0x00010002, 0x00020003, 0xFFFDFFFC, 0x00020001, 0x00060006, 0xFFFEFFFE, 0xFFFF0000,
	0x00010002, 0x00000001, 0x00040004, 0x00030003, 0x00000001, 0x00000002, 0xFFFFFFFF, 0x00010000, 0x00020002, 0xFFFDFFFE, 0x00000000,
	0x00070007, 0x00030003, 0xFFFFFFFE, 0x00020001, 0x00010000, 0x00000000, 0x00020002, 0xFFFDFFFD, 0xFFFFFFFE, 0x00040003, 0xFFFFFFFF,
	0xFFFCFFFC, 0x00000000, 0x0000FFFF, 0xFFFFFFFF, 0x00010001, 0x00000001, 0x00020003, 0x00050003, 0x00040001, 0x00040002, 0x00030003,
	0x00020002, 0x00020002, 0xFFFEFFFD, 0x00000000, 0x00020002, 0xFFFCFFFD, 0xFFFDFFFF, 0xFFFEFFFF, 0x00010000, 0x00060005, 0x00010002,
	0x00040004, 0x00070007, 0xFFFFFFFF, 0xFFFFFFFF, 0x00000001, 0x00010002, 0x00010001, 0xFFFDFFFD, 0x0000FFFF, 0x0001FFFF, 0xFFFFFFFE,
	0xFFFFFFFE, 0x0000FFFF, 0x00010001, 0xFFFEFFFE, 0x00010000, 0x00020001, 0xFFFDFFFC, 0xFFFDFFFD, 0xFFFCFFFC, 0xFFFF0000, 0x00020003,
	0x00000000, 0x00040003, 0x00010001, 0xFFFCFFFD, 0x00020000, 0x00030001, 0x00020001, 0x00030003, 0x00030003, 0x00000000, 0xFFFEFFFF,
	0x00010002, 0xFFFEFFFD, 0xFFFCFFF9, 0x00030002, 0x00030004, 0xFFFBFFFE, 0xFFFEFFFF, 0xFFFFFFFF, 0x0000FFFF, 0x00030002, 0xFFFDFFFC,
	0xFFFCFFFB, 0x0000FFFE, 0xFFFEFFFE, 0x00030003, 0x00000000, 0xFFFAFFF9, 0xFFFEFFFD, 0xFFFEFFFD, 0xFFFEFFFD, 0xFFFEFFFF, 0xFFFCFFFD,
	0xFFFEFFFF, 0xFFFDFFFF, 0xFFFF0000, 0xFFFF0001, 0xFFFCFFFD, 0xFFFEFFFE, 0x00000000, 0xFFFEFFFF, 0x00000000, 0x00010002, 0xFFFF0000,
	0x00000000, 0xFFFFFFFF, 0xFFFBFFFA, 0xFFFFFFFF, 0x00010002, 0xFFFE0000, 0x00010001, 0xFFFFFFFE, 0xFFFDFFFB, 0x0000FFFF, 0xFFFCFFFD,
	0xFFFCFFFE, 0x00010003, 0xFFFFFFFF, 0x00000000, 0x00040005, 0x00000001, 0xFFFFFFFF, 0x00020002, 0x00030002, 0x00010001, 0xFFFCFFFC,
	0x0000FFFF, 0x00040003, 0xFFFFFFFE, 0x00030002, 0x00060005, 0xFFFFFFFD, 0x0000FFFE, 0x00030002, 0x00030003, 0x00040004, 0x0000FFFF,
	0xFFFEFFFC, 0x00010001, 0xFFFE0000, 0xFFFDFFFF, 0x00010001, 0xFFFDFFFD, 0xFFFEFFFD, 0x00010000, 0xFFFFFFFF, 0x0000FFFF, 0x0000FFFF,
	0x0001FFFF, 0x0000FFFF, 0x0001FFFF, 0x00030002, 0xFFFFFFFF, 0xFFFEFFFF, 0xFFFEFFFF, 0xFFFCFFFC, 0x0000FFFE, 0xFFFCFFFB, 0xFFFAFFFA,
	0x00000000, 0xFFFFFFFF, 0x00000000, 0xFFFF0000, 0xFFFF0000, 0x00020002, 0x00000000, 0xFFFF0001, 0xFFFF0000, 0xFFFEFFFE, 0x00000000,
	0x00010002, 0x00020002, 0xFFFFFFFE, 0xFFFEFFFF, 0xFFFDFFFE, 0xFFFCFFFB, 0x00030002, 0x00040004, 0x00020002, 0x00070007, 0x00050004,
	0x00020001, 0x00040004, 0x00040004, 0x00010003, 0x00000002, 0xFFFFFFFF, 0xFFFFFFFE, 0x00040003, 0x00040004, 0x00030002, 0x00040003,
	0x00000000, 0x00010002, 0x00030003, 0x00010000, 0x00040004, 0x00060005, 0x00020002, 0x00030004, 0x00030004, 0x00020001, 0x00000000,
	0xFFFCFFFD, 0xFFFEFFFF, 0x00020000, 0xFFFCFFFA, 0xFFFDFFFD, 0x00000001, 0xFFFEFFFD, 0xFFFFFFFE, 0xFFFEFFFD, 0xFFFCFFFD, 0xFFFDFFFE,
	0xFFFBFFFC, 0xFFFF0000, 0x00020002, 0x00010001, 0x00040003, 0x00050005, 0x00030003, 0xFFFEFFFF, 0xFFFEFFFF, 0x0001FFFF, 0x0001FFFF,
	0x00000001, 0xFFFDFFFE, 0xFFFCFFFD, 0x00010001, 0x00030002, 0x00020001, 0x00020001, 0x00050003, 0x00040005, 0x00030004, 0x00020001,
	0xFFFDFFFE, 0xFFFF0002, 0x00010005, 0x00000000, 0x00010001, 0xFFFF0001, 0xFFFF0001, 0x00020001, 0xFFFDFFFC, 0xFFFDFFFE, 0xFFFF0000,
	0xFFFDFFFD, 0x00010000, 0x00000001, 0xFFFEFFFF, 0xFFFF0000, 0xFFF8FFF9, 0xFFF9FFF9, 0xFFFEFFFE, 0xFFFBFFFB, 0xFFFFFFFF, 0xFFFFFFFE,
	0xFFFCFFFC, 0xFFFF0000, 0xFFFDFFFE, 0x00010001, 0x00010000, 0xFFFEFFFD, 0x00050003, 0x00010000, 0x00010001, 0x00040005, 0x00000001,
	0x00020001, 0x00020002, 0x00030003, 0x00020001, 0xFFFDFFFB, 0xFFFFFFFE, 0x00010001, 0x00020002, 0x00010001, 0x00020002, 0x00070006,
	0x00040002, 0x0000FFFF, 0xFFFDFFFD, 0xFFFDFFFC, 0x00020002, 0x00010003, 0x00000002, 0x00000001, 0xFFFEFFFE, 0x0000FFFF, 0xFFFFFFFF,
	0x00010002, 0xFFFE0000, 0xFFF8FFFA, 0xFFFFFFFF, 0x00040003, 0x00020003, 0x00020003, 0x00000000, 0x00020002, 0x00040004, 0xFFFDFFFD,
	0x00010000, 0x00040004, 0xFFFF0000, 0x00060005, 0x00040002, 0xFFFFFFFE, 0x00050003, 0x0001FFFF, 0x0001FFFF, 0x00010000, 0xFFFDFFFD,
	0x00040004, 0x00030002, 0x00000001, 0x00050005, 0xFFFEFFFD, 0xFFFCFFFB, 0x00010001, 0x00000000, 0x00000000, 0x00030002, 0x00020002,
	0x00050006, 0x00060008, 0xFFFF0000, 0xFFFFFFFF, 0x00010002, 0x00000002, 0x00010002, 0xFFFEFFFF, 0x00010001, 0x00070007, 0xFFFFFFFF,
	0x0000FFFF, 0x00020002, 0xFFFBFFFB, 0xFFFFFFFE, 0x0000FFFE, 0xFFFEFFFD, 0x00040004, 0x00020002, 0x00010000, 0x00010000, 0xFFFCFFFA,
	0x0000FFFE, 0x00020001, 0xFFFEFFFF, 0x00030004, 0x00000001, 0xFFFFFFFE, 0x00040003, 0xFFFEFFFD, 0xFFFFFFFE, 0x00040004, 0xFFFF0001,
	0x00010001, 0x00020001, 0x0000FFFF, 0x00010000, 0x00030003, 0x00030003, 0xFFFF0000, 0x00000002, 0x00010001, 0xFFFFFFFF, 0xFFFF0000,
	0xFFFF0001, 0x00010001, 0xFFFFFFFE, 0xFFFFFFFE, 0x00020001, 0x0001FFFF, 0x00020002, 0x00010000, 0x00030002, 0x00050004, 0xFFFEFFFE,
	0x00010001, 0x00020002, 0x0000FFFF, 0x00020001, 0xFFFEFFFD, 0xFFFDFFFD, 0xFFFE0000, 0xFFFCFFFE, 0xFFFFFFFF, 0x0000FFFF, 0x00010001,
	0x00030005, 0x00010003, 0x00010002, 0x00050005, 0x00030001, 0x0000FFFD, 0x00010000, 0xFFFDFFFE, 0xFFFCFFFD, 0xFFFF0000, 0x00000000,
	0x00010001, 0x00000000, 0x00000000, 0xFFFF0000, 0x00010000, 0x00040002, 0xFFFEFFFE, 0xFFFF0000, 0x00020002, 0x00000000, 0xFFFF0000,
	0xFFFF0000, 0x00010001, 0xFFFF0000, 0xFFFE0000, 0x00050006, 0x00030002, 0x00010000, 0x00050005, 0x00040004, 0x00010001, 0xFFFFFFFF,
	0x00000000, 0xFFFFFFFF, 0xFFFCFFFA, 0xFFFDFFFC, 0xFFFFFFFF, 0x00000001, 0x00000002, 0xFFFE0000, 0x00010002, 0x00050005, 0x00040003,
	0x00000000, 0xFFFEFFFE, 0xFFFEFFFF, 0x00010003, 0x00010002, 0xFFFEFFFE, 0x00000000, 0xFFFFFFFF, 0xFFFFFFFF, 0x00030002, 0x00000000,
	0xFFFEFFFF, 0x00020003, 0x00060006, 0x00030003, 0xFFFF0001, 0xFFFE0000, 0xFFFBFFFC, 0x00020001, 0x00030004, 0xFFFEFFFF, 0x00020002,
	0x0000FFFF, 0xFFFBFFFB, 0xFFFDFFFE, 0xFFFDFFFF, 0x00020003, 0x00020002, 0xFFFFFFFF, 0x00020002, 0x00020002, 0x00040002, 0x00020002,
	0x00010002, 0x00030004, 0xFFFF0000, 0x00010001, 0x00050003, 0xFFFFFFFD, 0xFFFDFFFD, 0x00000001, 0x00010002, 0x00040004, 0x00020002,
	0x00020001, 0x00040003, 0xFFFDFFFC, 0x0000FFFF, 0x0000FFFF, 0xFFF9FFFA, 0x00020002, 0xFFFF0000, 0xFFFCFFFD, 0x00030003, 0xFFFEFFFE,
	0x00020002, 0x00050005, 0x0000FFFF, 0x00000000, 0xFFFEFFFD, 0xFFFEFFFE, 0xFFFE0000, 0xFFFF0001, 0x00010002, 0xFFFDFFFA, 0x0000FFFD,
	0x0000FFFE, 0xFFFCFFFC, 0x00010002, 0xFFFEFFFE, 0xFFF8FFF9, 0xFFFBFFFC, 0xFFFDFFFC, 0xFFFDFFFD, 0xFFFDFFFE, 0x00010001, 0xFFFF0000,
	0xFFFAFFFB, 0xFFFCFFFD, 0xFFFAFFFC, 0xFFFCFFFC, 0x00030002, 0xFFFEFFFE, 0xFFFEFFFD, 0x00030003, 0xFFFFFFFE, 0xFFFFFFFF, 0xFFFFFFFF,
	0xFFFBFFFB, 0x00020002, 0x00030002, 0x00020001, 0x00040003, 0xFFFDFFFC, 0x00010000, 0x00010001, 0xFFFEFFFE, 0x00070007, 0x00030005,
	0x00000002, 0x00030004, 0x00000000, 0x00030002, 0x00010001, 0xFFFFFFFF, 0x00020001, 0x00010001, 0xFFFEFFFF, 0xFFFEFFFF, 0x00010001,
	0xFFFFFFFD, 0xFFFEFFFC, 0x00020002, 0x00000000, 0xFFFF0000, 0x00000000, 0xFFFEFFFE, 0xFFFF0000, 0x0000FFFF, 0xFFFDFFFC, 0xFFFDFFFC,
	0xFFFFFFFE, 0x00000000, 0xFFFCFFFC, 0xFFFAFFFB, 0xFFFEFFFF, 0xFFFFFFFF, 0xFFFEFFFE, 0xFFFEFFFE, 0xFFFCFFFC, 0xFFFBFFFA, 0xFFFCFFFA,
	0xFFFDFFFC, 0x00000002, 0xFFFDFFFF, 0xFFFCFFFC, 0xFFFEFFFE, 0xFFFCFFFD, 0x00020002, 0x00030002, 0xFFFFFFFD, 0x00000000, 0xFFFBFFFB,
	0xFFFCFFFB, 0x00010000, 0x0000FFFF, 0xFFFFFFFF, 0xFFFEFFFF, 0xFFFEFFFF, 0xFFFFFFFF, 0xFFFDFFFC, 0xFFFCFFFB, 0xFFFAFFFA, 0xFFFBFFFC,
	0xFFFEFFFD, 0x00020001, 0x00030003, 0xFFFBFFFD, 0xFFFDFFFF, 0x00030003, 0x0000FFFF, 0xFFFEFFFE, 0x0000FFFF, 0x00010001, 0x00000000,
	0xFFFDFFFD, 0xFFFF0000, 0x00030003, 0xFFFEFFFE, 0xFFFDFFFD, 0x00030002, 0xFFFEFFFF, 0xFFFDFFFF, 0x00010003, 0xFFFAFFFA, 0xFFFAFFF9,
	0x00010000, 0x00010001, 0x00020001, 0x00030002, 0x00030003, 0xFFFFFFFF, 0xFFFBFFFB, 0x00000000, 0x00040004, 0xFFFEFFFD, 0xFFFDFFFD,
	0x00040004, 0x00030004, 0x00020002, 0x00020002, 0x00010001, 0x00070007, 0x00050005, 0xFFFEFFFE, 0x00010000, 0x00000000, 0xFFFEFFFD,
	0xFFFEFFFF, 0x00010002, 0x00030003, 0x00000000, 0x00020002, 0x00020003, 0x00000001, 0xFFFFFFFF, 0xFFFDFFFC, 0x00010000, 0x00030002,
	0x00020002, 0x00010001, 0xFFFEFFFF, 0xFFFF0000, 0xFFFFFFFE, 0x0000FFFE, 0xFFFDFFFC, 0xFFFEFFFE, 0x00050006, 0x00000001, 0xFFFEFFFE,
	0x00020001, 0xFFFDFFFC, 0xFFFDFFFE, 0x00010003, 0x00010002, 0x00020002, 0x00020001, 0x00030002, 0x00040005, 0x00000001, 0xFFFF0000,
	0x00020003, 0x00010003, 0x00030004, 0x00010000, 0xFFFFFFFF, 0x00050006, 0x00050006, 0x00040004, 0x00030004, 0xFFFF0000, 0x00020001,
	0x0001FFFF, 0xFFFEFFFD, 0xFFFEFFFF, 0xFFFCFFFC, 0xFFFFFFFE, 0xFFFFFFFF, 0x00000000, 0x00010000, 0xFFFEFFFE, 0x00040005, 0x00010002,
	0xFFFEFFFD, 0x00030001, 0xFFFDFFFD, 0xFFFBFFFC, 0x00000000, 0x00010001, 0xFFFDFFFD, 0xFFFCFFFD, 0x00030004, 0x00040003, 0x00020001,
	0x00030003, 0xFFFDFFFE, 0xFFFDFFFE, 0x00020002, 0x0000FFFF, 0xFFFEFFFF, 0x00010002, 0x00020002, 0x00010000, 0x0000FFFE, 0x00020001,
	0x00040005, 0x00020002, 0x00030004, 0x00050006, 0x00000000, 0x00010001, 0x00020001, 0xFFFFFFFD, 0xFFFEFFFC, 0xFFFBFFFA, 0xFFFBFFFB,
	0xFFFEFFFF, 0x00010002, 0xFFFEFFFF, 0xFFFAFFFA, 0xFFFFFFFF, 0x00020002, 0x0001FFFF, 0xFFFFFFFF, 0xFFFEFFFF, 0x00010001, 0x00000001,
	0x0000FFFF, 0x00010001, 0x00010002, 0x00040004, 0x00000000, 0xFFFEFFFD, 0x00030003, 0x00050004, 0x00030002, 0x00030002, 0x00040005,
	0x00030003, 0x0000FFFF, 0x00010001, 0xFFFF0000, 0x00030004, 0x00010002, 0xFFFDFFFE, 0x00040006, 0x00050005, 0x00010000, 0x00040003,
	0x0001FFFF, 0xFFFEFFFE, 0x00000002, 0x00010002, 0x00020002, 0x00040002, 0x00050003, 0x00020001, 0xFFFDFFFC, 0xFFFDFFFC, 0xFFFFFFFE,
	0x0000FFFF, 0x00030003, 0xFFFEFFFE, 0xFFFAFFFA, 0xFFFF0000, 0xFFFCFFFE, 0xFFFDFFFD, 0x00010001, 0x0001FFFF, 0x00020002, 0x00000001,
	0x00040004, 0x00070007, 0x00010000, 0x00020001, 0xFFFEFFFD, 0xFFFAFFF9, 0x00000000, 0xFFFFFFFF, 0xFFFE0000, 0xFFFE0001, 0xFFFCFFFE,
	0xFFFFFFFF, 0xFFFF0000, 0x00000001, 0x00020002, 0x00020001, 0xFFFEFFFD, 0xFFFDFFFD, 0x00020003, 0x00010001, 0xFFFEFFFF, 0x00020003,
	0x00040004, 0x00020001, 0xFFFFFFFF, 0xFFFF0000, 0x00020003, 0x00070005, 0x00070006, 0x00030003, 0x00000001, 0xFFFF0000, 0x00000000,
	0x00010000, 0x00020001, 0x00020002, 0xFFFFFFFF, 0x00010000, 0x00030002, 0x00030003, 0x00020002, 0xFFFFFFFF, 0x00010001, 0x00010002,
	0x00000001, 0x00010002, 0xFFFFFFFF, 0x0000FFFF, 0x00020001, 0x0001FFFF, 0xFFFFFFFF, 0xFFFDFFFE, 0x00000000, 0x00010001, 0xFFFEFFFE,
	0xFFFDFFFD, 0xFFFDFFFC, 0xFFFFFFFE, 0xFFFFFFFF, 0x00020002, 0x00020002, 0xFFFFFFFE, 0xFFFFFFFE, 0xFFFCFFFA, 0xFFFBFFFA, 0xFFFF0000,
	0xFFFFFFFF, 0xFFFFFFFE, 0xFFFFFFFE, 0xFFFDFFFE, 0xFFFEFFFF, 0xFFFF0000, 0xFFFF0001, 0x00020003, 0x00020002, 0xFFFFFFFE, 0xFFFFFFFE,
	0xFFFE0000, 0xFFFF0000, 0x00030003, 0x00030004, 0x00010002, 0x00020002, 0x00060005, 0x00060006, 0xFFFF0000, 0x00010002, 0x00070008,
	0x00050005, 0x00030002, 0xFFFFFFFF, 0xFFFE0000, 0x00000001, 0xFFFFFFFF, 0x00010000, 0x00030003, 0x00040004, 0x00020001, 0x00020001,
	0x00010002, 0xFFFEFFFF, 0xFFFEFFFE, 0xFFFEFFFE, 0x00010001, 0x00010001, 0xFFFEFFFD, 0x00030002, 0xFFFFFFFF, 0xFFFAFFFA, 0x00020002,
	0x00040005, 0x00000001, 0x00020002, 0x00020002, 0xFFFFFFFE, 0x00010000, 0x00030003, 0x00000001, 0xFFFF0001, 0x00000000, 0x00030002,
	0x00030002, 0xFFFFFFFF, 0x00020002, 0x00030004, 0x00020002, 0x00010000, 0x0000FFFE, 0x00010001, 0xFFFEFFFF, 0x00010001, 0x00050004,
	0x0000FFFF, 0xFFFEFFFD, 0xFFFFFFFE, 0x00010000, 0x00010002, 0xFFFE0001, 0x00010002, 0x00030002, 0x00010000, 0x00040004, 0x00040005,
	0x00010001, 0xFFFF0000, 0xFFFFFFFF, 0xFFFEFFFE, 0x00010000, 0x00010000, 0xFFFEFFFD, 0xFFFFFFFF, 0x00000000, 0xFFFFFFFE, 0xFFFEFFFF,
	0xFFFFFFFF, 0x00000000, 0x00010001, 0x00010003, 0xFFFF0000, 0xFFFEFFFE, 0xFFFEFFFD, 0xFFFCFFFC, 0xFFFEFFFE, 0xFFFCFFFC, 0xFFFBFFFB,
	0xFFFCFFFD, 0xFFFAFFF9, 0xFFFEFFFC, 0x0000FFFF, 0xFFFEFFFE, 0x00020003, 0x00010001, 0xFFFEFFFF, 0xFFFF0000, 0x00000001, 0x00010002,
	0x00000000, 0xFFFEFFFD, 0xFFFFFFFE, 0x00010000, 0xFFFFFFFF, 0x00000000, 0x00020002, 0xFFFFFFFF, 0xFFFDFFFE, 0xFFFF0000, 0x00010000,
	0x0000FFFF, 0xFFFEFFFF, 0x00020003, 0xFFFF0000, 0xFFFDFFFD, 0x00000000, 0xFFFFFFFE, 0xFFFF0000, 0x00000001, 0x0000FFFF, 0x00020000,
	0x00010000, 0x00010002, 0x00020003, 0x00020001, 0x00020001, 0xFFFDFFFD, 0xFFFBFFFA, 0x0000FFFF, 0x0000FFFE, 0xFFF8FFF9, 0xFFF9FFFC,
	0xFFFF0000, 0x0001FFFF, 0xFFFFFFFD, 0xFFFEFFFE, 0x00000002, 0xFFFEFFFF, 0xFFFEFFFD, 0x00020002, 0x00010001, 0x00020002, 0x00020002,
	0xFFFFFFFF, 0x00030003, 0xFFFFFFFF, 0xFFFDFFFC, 0x00010001, 0xFFFDFFFE, 0xFFFDFFFD, 0x00010001, 0x00020002, 0x00000000, 0x0001FFFF,
	0x00020001, 0xFFFBFFFD, 0xFFFCFFFE, 0x00000001, 0xFFFCFFFC, 0xFFFEFFFE, 0xFFFDFFFD, 0xFFFBFFFA, 0xFFFFFFFF, 0xFFFF0000, 0xFFFEFFFF,
	0xFFFFFFFF, 0xFFFEFFFE, 0xFFFDFFFD, 0xFFFAFFF9, 0xFFFAFFF9, 0x00000000, 0x00000001, 0xFFFF0000, 0x00010001, 0xFFFDFFFD, 0xFFFDFFFC,
	0xFFFCFFFA, 0xFFF8FFF8, 0xFFFEFFFF, 0xFFFDFFFE, 0xFFFAFFFA, 0xFFFFFFFE, 0xFFFEFFFF, 0x00000000, 0x0000FFFE, 0xFFFFFFFF, 0x00020003,
	0xFFFDFFFF, 0xFFFBFFFB, 0xFFFDFFFB, 0xFFFFFFFE, 0x00010003, 0x00000000, 0x0000FFFF, 0x0001FFFF, 0x0000FFFF, 0xFFFEFFFE, 0xFFFFFFFE,
	0x00030002, 0x00010000, 0xFFFEFFFE, 0x00010002, 0x00040004, 0x00050004, 0x00020002, 0x00020002, 0x00010001, 0xFFFEFFFE, 0xFFFFFFFF,
	0xFFFEFFFF, 0xFFFDFFFE, 0xFFFFFFFF, 0x00000000, 0xFFFEFFFE, 0xFFFDFFFD, 0x00000000, 0x00020001, 0x00010001, 0x00010002, 0x0000FFFF,
	0xFFFDFFFC, 0xFFFFFFFE, 0x00030002, 0x00010001, 0xFFFF0000, 0xFFFF0001, 0xFFFF0000, 0x00030002, 0x00020001, 0x00010001, 0x00000002,
	0x00000001, 0x00040002, 0xFFFFFFFE, 0xFFFCFFFC, 0xFFFFFFFF, 0x00010000, 0x00010001, 0xFFFAFFFB, 0xFFFBFFFB, 0x00020002, 0xFFFEFFFE,
	0xFFFCFFFC, 0xFFFFFFFF, 0x00000000, 0x00000000, 0x00000000, 0x00010001, 0x0000FFFF, 0x0000FFFE, 0x00010001, 0xFFFDFFFD, 0xFFFCFFFC,
	0x00010000, 0x00020002, 0xFFFEFFFE, 0xFFFFFFFE, 0xFFFFFFFD, 0xFFFCFFFC, 0xFFFDFFFE, 0xFFFDFFFE, 0xFFFFFFFF, 0x00030003, 0x00020002,
	0x00010001, 0x00020002, 0xFFFF0001, 0xFFFCFFFD, 0xFFFEFFFE, 0x00010001, 0xFFFEFFFF, 0xFFFDFFFD, 0xFFFFFFFE, 0x0000FFFE, 0xFFFFFFFF,
	0xFFFEFFFF, 0xFFFFFFFF, 0x00000001, 0x00030003, 0x00000000, 0xFFFCFFFB, 0xFFFFFFFD, 0xFFFDFFFC, 0xFFFBFFFB, 0xFFFEFFFD, 0xFFFDFFFD,
	0xFFFF0000, 0xFFFF0000, 0xFFFEFFFF, 0xFFFF0000, 0xFFFEFFFF, 0xFFFF0000, 0xFFFFFFFF, 0xFFFDFFFD, 0x0000FFFF, 0x00020001, 0xFFFFFFFF,
	0x00000000, 0x00030001, 0xFFFEFFFD, 0xFFFDFFFE, 0xFFFEFFFF, 0xFFFAFFFB, 0x0000FFFE, 0x00050003, 0x00030001, 0x00000000, 0x00020003,
	0x00050006, 0xFFFF0000, 0x00010002, 0x00080008, 0x00020002, 0x00020002, 0x00020002, 0xFFFCFFFB, 0xFFFEFFFD, 0x00010000, 0x00000000,
	0x0000FFFF, 0x00010001, 0x00030003, 0x00020002, 0x00020002, 0x00020002, 0xFFFEFFFE, 0xFFFEFFFF, 0x00030002, 0x00020001, 0x00010002,
	0x00010003, 0x00020004, 0x00050006, 0x00000000, 0xFFFF0001, 0x00050006, 0x0000FFFF, 0x00010001, 0x00040005, 0x00020003, 0x00050005,
	0x00030002, 0x00010000, 0x00030002, 0x00010000, 0x00000000, 0x00030002, 0x00020001, 0xFFFDFFFD, 0xFFFDFFFE, 0x00010001, 0xFFFFFFFF,
	0xFFFFFFFF, 0x00020003, 0x00040002, 0x0000FFFE, 0xFFFFFFFF, 0x00010002, 0x0000FFFF, 0x00030002, 0x00060005, 0x00000000, 0xFFFEFFFC,
	0xFFFEFFFD, 0xFFFEFFFF, 0x00000001, 0x00010000, 0x00030001, 0x00010000, 0xFFFEFFFF, 0x00000000, 0xFFFEFFFE, 0xFFFDFFFD, 0x00010001,
	0x00020002, 0xFFFF0000, 0xFFFF0000, 0x00000000, 0x00040003, 0x00060004, 0x00030002, 0x00010000, 0xFFFFFFFE, 0x00020002, 0x00060007,
	0x00040003, 0x00010001, 0x0000FFFE, 0x0000FFFF, 0x00000001, 0xFFFF0000, 0x00040005, 0x00040004, 0x00000000, 0x00020003, 0xFFFEFFFF,
	0x0000FFFF, 0x00060006, 0x00060006, 0x00040005, 0x00020003, 0x00030003, 0x00040004, 0x00020002, 0xFFFEFFFD, 0xFFFAFFFA, 0xFFFAFFFB,
	0xFFFCFFFD, 0xFFFCFFFD, 0xFFFAFFFA, 0xFFFAFFFA, 0x00010001, 0x00000002, 0xFFFDFFFF, 0x00010002, 0x0000FFFF, 0xFFFFFFFE, 0x00010000,
	0xFFFFFFFE, 0x00040003, 0x00040005, 0xFFFCFFFC, 0x00020002, 0x00080008, 0x00010000, 0x00020001, 0x00040003, 0xFFFFFFFF, 0xFFFEFFFE,
	0xFFFF0000, 0x00020003, 0x00010002, 0x00000000, 0x00040004, 0x00020002, 0x00030003, 0x00030003, 0x0000FFFF, 0x00010002, 0xFFFF0001,
	0x00000001, 0x00020002, 0xFFFEFFFE, 0xFFFFFFFF, 0x0000FFFF, 0xFFFDFFFC, 0x00010000, 0xFFFFFFFE, 0xFFFEFFFE, 0x00020003, 0x00020002,
	0x00020003, 0x00020003, 0xFFFDFFFE, 0x00000000, 0x00010000, 0xFFFEFFFD, 0x00030002, 0x00010000, 0xFFFDFFFB, 0x00010001, 0xFFFF0000,
	0xFFFCFFFD, 0x0000FFFF, 0xFFFEFFFD, 0xFFFCFFFC, 0xFFFEFFFE, 0x00020002, 0x00040004, 0x00020003, 0xFFFF0000, 0x00010001, 0x00030003,
	0x00000000, 0x00020002, 0x00050006, 0x00030003, 0xFFFF0001, 0xFFFE0000, 0x00020003, 0x00050005, 0x00000000, 0xFFFDFFFD, 0x00030003,
	0x00040005, 0x00010002, 0x00010003, 0x00000001, 0xFFFFFFFF, 0x00000000, 0xFFFFFFFF, 0x0000FFFF, 0x00020001, 0xFFFFFFFF, 0xFFFDFFFE,
	0xFFFEFFFE, 0xFFFFFFFF, 0xFFFEFFFE, 0xFFFEFFFC, 0xFFFFFFFD, 0xFFFEFFFE, 0xFFFFFFFF, 0x00020002, 0x00030004, 0x00000001, 0xFFFCFFFD,
	0x00020000, 0x00040002, 0xFFFFFFFF, 0xFFFDFFFE, 0xFFFEFFFD, 0x00020002, 0x00040005, 0x00030004, 0x00040004, 0xFFFFFFFF, 0xFFFFFFFF,
	0x00050005, 0x00030002, 0x00030001, 0x00030003, 0x00000000, 0xFFFFFFFF, 0xFFFEFFFE, 0xFFFFFFFF, 0x00030003, 0xFFFEFFFD, 0xFFFCFFFD,
	0x00020003, 0x00010001, 0x00010000, 0x00030002, 0x00040004, 0x00080009, 0x00030004, 0xFFFEFFFF, 0x00040004, 0x00030004, 0x00020002,
	0x00050005, 0x00050004, 0x00040002, 0x00020002, 0x00020003, 0x00040003, 0x00030003, 0xFFFF0000, 0x00020004, 0x00080008, 0x00030002,
	0x00000000, 0x00040006, 0x00040005, 0x00010002, 0x00010003, 0x00050006, 0x00050005, 0x00010000, 0x0000FFFF, 0xFFFFFFFF, 0xFFFEFFFF,
	0xFFFFFFFF, 0xFFFEFFFD, 0xFFFFFFFF, 0xFFFEFFFE, 0xFFFAFFF9, 0xFFFFFFFD, 0x00040003, 0x00010002, 0x00010001, 0x00040004, 0x00020003,
	0x00000001, 0x00000000, 0x00000000, 0x00000000, 0xFFFFFFFF, 0xFFFF0000, 0xFFFF0000, 0x00000000, 0x00010000, 0x00010000, 0x00000000,
	0xFFFF0000, 0x00000000, 0x00010000, 0x0000FFFF, 0x00000000, 0x00000000, 0x00000000, 0x00000000, 0x0000FFFF, 0x00000000, 0xFFFFFFFF,
	0xFFFF0000, 0x00000000, 0xFFFFFFFF, 0x00000001, 0x00000001, 0x0000FFFF, 0x00010000, 0x00000000, 0xFFFFFFFF, 0x00000000, 0x00000000,
	0x00000000, 0x00000000, 0xFFFFFFFF, 0x0000FFFF, 0x00010001, 0x0000FFFF, 0x00000000, 0x00000000, 0xFFFFFFFF, 0x00000001, 0x00000001,
	0xFFFF0000, 0x00000000, 0x0000FFFF, 0x00000000, 0x00000000, 0x0000FFFF, 0x00000000, 0xFFFF0000, 0x00000000, 0x0000FFFF, 0x0000FFFF,
	0x00000001, 0xFFFF0000, 0x00000000, 0x00000000, 0xFFFFFFFF, 0x0000FFFF, 0x00000000, 0xFFFFFFFF, 0x00000000, 0x00000000, 0x00000000,
	0x00000000, 0xFFFFFFFF, 0x00000000, 0x00000000, 0xFFFFFFFF, 0x00010001, 0x00000000, 0xFFFFFFFF, 0x00010001, 0x0000FFFF, 0x00000000,
	0x00000001, 0x0000FFFF, 0x00010000, 0x00000000, 0xFFFF0000, 0x00000000, 0x0000FFFF, 0x00000000, 0x00000000, 0x0000FFFF, 0x0000FFFF,
	0xFFFF0000, 0xFFFF0000, 0xFFFF0000, 0xFFFFFFFF, 0x00010001, 0x00000001, 0x00000000, 0x00000000, 0xFFFF0000, 0x00000000, 0x00000000,
	0xFFFFFFFF, 0xFFFFFFFF, 0x00000000, 0x00000000, 0xFFFF0000, 0xFFFF0000, 0x00010000, 0x0000FFFF, 0xFFFFFFFF, 0x00010000, 0x0000FFFF,
	0xFFFFFFFF, 0x00000001, 0xFFFFFFFF, 0x0000FFFF, 0x00000000, 0x00000001, 0x00000000, 0x00000000, 0x00000000, 0xFFFF0000, 0x00000000,
	0x00000000, 0xFFFFFFFF, 0x00000000, 0x00000000, 0x00000000, 0x00010002, 0xFFFFFFFF, 0xFFFFFFFF, 0x00010001, 0x00000000, 0x00000000,
	0x00000000, 0xFFFFFFFF, 0x00000000, 0x0000FFFF, 0xFFFFFFFF, 0x00000000, 0xFFFFFFFF, 0x0000FFFF, 0x00010000, 0x0000FFFF, 0x00000000,
	0x00000000, 0x00000000, 0x00000001, 0x00000000, 0x00000000, 0xFFFFFFFF, 0xFFFF0000, 0x00000001, 0xFFFFFFFF, 0x00000000, 0xFFFF0000,
	0xFFFEFFFF, 0x00010001, 0x00000000, 0xFFFFFFFF, 0x00000001, 0xFFFF0000, 0xFFFFFFFF, 0x00010001, 0x00000000, 0xFFFFFFFF, 0x00000000,
	0x0000FFFF, 0x00000000, 0x00000000, 0x0000FFFF, 0x0000FFFF, 0x00000000, 0xFFFFFFFF, 0x0000FFFF, 0x00000000, 0x0000FFFF, 0x00000000,
	0x00000001, 0x00000000, 0x00000000, 0x00010000, 0x00000000, 0x00000000, 0x00000000, 0x00000000, 0x00000000, 0xFFFFFFFF, 0xFFFF0000,
	0x00010001, 0x00000000, 0x00000000, 0x00000000, 0x0000FFFF, 0x00010000, 0x00000000, 0xFFFFFFFF, 0xFFFF0000, 0x00000000, 0x00010000,
	0x00000000, 0x00000000, 0x00000000, 0xFFFFFFFF, 0x00000000, 0x00000000, 0x0000FFFF, 0x00000000, 0x00000000, 0xFFFF0000, 0x00000001,
	0x00000000, 0x0000FFFF, 0x0000FFFF, 0x00000000, 0x00000000, 0x0000FFFF, 0x00000000, 0x00000000, 0xFFFF0000, 0x00000000, 0x00000000,
	0x00000000, 0xFFFF0000, 0x00000000, 0x00000000, 0x0000FFFF, 0xFFFFFFFF, 0x00000000, 0x00000000, 0x00000000, 0x00000000, 0x00000000,
	0x00000000, 0x00000000, 0x00000000, 0x0000FFFF, 0x0000FFFF, 0x00000001, 0x00000000, 0x0000FFFF, 0x00000000, 0x00000000, 0x00000000,
	0x00000000, 0xFFFF0000, 0x00000001, 0x00000000, 0x0000FFFF, 0x00010000, 0xFFFF0000, 0xFFFFFFFF, 0x00010000, 0x00000000, 0x00000000,
	0x00000000, 0x00000000, 0xFFFF0000, 0xFFFFFFFF, 0x00000000, 0x00000001, 0xFFFF0000, 0x00000000, 0x00000000, 0x00000000, 0x00000000,
	0x00000000, 0x00000000, 0x00000000, 0x00000000, 0x00000000, 0x00000000, 0x00000001, 0x00010001, 0xFFFFFFFF, 0xFFFFFFFF, 0x00000001,
	0xFFFFFFFF, 0xFFFFFFFF, 0x00000000, 0xFFFF0000, 0x00000000, 0x0000FFFF, 0x0000FFFF, 0x0000FFFF, 0x00000000, 0x00000000, 0x00000000,
	0x00000000, 0x0000FFFF, 0x0000FFFF, 0x00000000, 0x00000000, 0x00000000, 0x00000000, 0xFFFF0000, 0x00000000, 0xFFFFFFFF, 0xFFFFFFFF,
	0x00000000, 0x0000FFFF, 0xFFFFFFFF, 0xFFFFFFFF, 0x00000000, 0x00000001, 0x00000000, 0xFFFFFFFF, 0x00000000, 0xFFFFFFFF, 0x00000000,
	0x00000000, 0xFFFFFFFF, 0x00000000, 0x00000000, 0x0000FFFF, 0x0000FFFF, 0x00000000, 0x00000000, 0x00000000, 0x0000FFFF, 0x00000000,
	0x00000000, 0xFFFF0000, 0xFFFF0000, 0xFFFFFFFF, 0x00000000, 0xFFFFFFFF, 0x00000000, 0x00000000, 0x00000000, 0xFFFF0000, 0xFFFFFFFF,
	0x00000000, 0x00010000, 0xFFFFFFFF, 0xFFFF0000, 0x00000001, 0xFFFFFFFF, 0x0000FFFF, 0x00000000, 0x00000000, 0x00000000, 0xFFFFFFFF,
	0xFFFFFFFF, 0xFFFF0000, 0xFFFF0000, 0x00000000, 0xFFFFFFFF, 0xFFFFFFFF, 0x00000000, 0x0000FFFF, 0x00000000, 0x00000000, 0xFFFFFFFF,
	0x00000000, 0x00000000, 0xFFFFFFFF, 0x00000000, 0x0000FFFF, 0x0000FFFF, 0x00000000, 0xFFFF0000, 0xFFFEFFFF, 0xFFFFFFFF, 0x00000000,
	0x0000FFFF, 0x0000FFFF, 0x00000000, 0x00000000, 0x00000000, 0x00000000, 0xFFFF0000, 0xFFFF0000, 0xFFFFFFFF, 0x00000000, 0x00000000,
	0xFFFFFFFF, 0xFFFF0000, 0x00010001, 0x00000000, 0x0000FFFF, 0x0000FFFF, 0xFFFFFFFF, 0x00000000, 0x0000FFFF, 0x0000FFFF, 0xFFFFFFFF,
	0xFFFFFFFF, 0x00000000, 0x0000FFFF, 0x0000FFFF, 0x00000000, 0xFFFF0000, 0xFFFFFFFF, 0x00000000, 0x00000000, 0xFFFF0000, 0x00000000,
	0x00000000, 0x00000000, 0xFFFF0000, 0x00000000, 0xFFFFFFFF, 0x0000FFFF, 0x00000000, 0xFFFFFFFF, 0x00000000, 0x00000000, 0xFFFFFFFF,
	0xFFFF0000, 0xFFFFFFFF, 0xFFFFFFFF, 0x00000000, 0xFFFF0000, 0x00000000, 0x00000000, 0x0000FFFF, 0x00000000, 0x00000000, 0x00000000,
	0x00000000, 0xFFFF0000, 0xFFFF0000, 0xFFFFFFFF, 0xFFFFFFFF, 0xFFFF0000, 0x00000000, 0x0000FFFF, 0x0000FFFF, 0xFFFF0000, 0x00000000,
	0x0000FFFF, 0x0000FFFF, 0x00000000, 0x00000000, 0x00000000, 0x00000000, 0x00000000, 0xFFFFFFFF, 0x00000000, 0x00000000, 0xFFFFFFFF,
	0xFFFFFFFF, 0x00000000, 0xFFFF0000, 0x00000000, 0x00000000, 0xFFFFFFFF, 0x00000000, 0x00000001, 0x00000000, 0x00010000, 0x00000000,
	0xFFFFFFFF, 0x00000000, 0xFFFFFFFF, 0x00000000, 0x00000000, 0x0000FFFF, 0x00010000, 0x00000000, 0xFFFFFFFF, 0x00000000, 0x00000000,
	0x00000000, 0x00000000, 0xFFFFFFFF, 0x00000000, 0x00000000, 0x0000FFFF, 0x00000000, 0x00000000, 0x0000FFFF, 0x00000000, 0x00000000,
	0xFFFF0000, 0x00000000, 0x00000000, 0x00000000, 0x00000000, 0x0000FFFF, 0x0000FFFF, 0x00010000, 0x0000FFFF, 0x0000FFFF, 0x00000000,
	0xFFFFFFFF, 0x00000000, 0x00000000, 0xFFFF0000, 0x00000000, 0x00000000, 0x0000FFFF, 0x00000000, 0x00000000, 0x00000001, 0x00000001,
	0xFFFF0000, 0x00000000, 0x00000000, 0x0000FFFF, 0x00000000, 0x00000001, 0x00000000, 0xFFFF0000, 0xFFFF0000, 0x00000001, 0x00000000,
	0xFFFFFFFF, 0x00000000, 0x00000000, 0xFFFFFFFF, 0x00000000, 0x00000000, 0x00000000, 0xFFFFFFFF, 0x00000000, 0xFFFF0000, 0x00000000,
	0x00010001, 0x00010000, 0x0000FFFF, 0x00000000, 0x00000000, 0x00000000, 0x00000000, 0xFFFF0000, 0x00000000, 0x00000000, 0x00000000,
	0x00000000, 0xFFFF0000, 0xFFFFFFFF, 0x00000000, 0x00000000, 0x00000000, 0x00000000, 0x00000000, 0x00000000, 0x00000000, 0x00010000,
	0x00000000, 0x00000000, 0x00000000, 0x00000000, 0x00000000, 0x00000000, 0x00000000, 0x00000000, 0x00000000, 0x00000000, 0x00000001,
	0x00000000, 0x0000FFFF, 0x00000000, 0x00000000, 0x00000000, 0x00000000, 0x00010000, 0x00000000, 0x00000000, 0x00000000, 0x00000000,
	0x00000000, 0x00000000, 0x00010000, 0x00000000, 0xFFFF0000, 0x00000000, 0x00000000, 0x00000000, 0x00000000, 0x00000000, 0x00000000,
	0x00000000, 0x00000000, 0x0000FFFF, 0x00010000, 0x00000000, 0x00000000, 0x00000000, 0x00000000, 0x00000000, 0x00000000, 0x00000000,
	0x00000000, 0xFFFF0000, 0x00000001, 0x00000000, 0xFFFF0000, 0x00000000, 0x00000000, 0x0000FFFF, 0x00010000, 0x00000000, 0x00000000,
	0x00000000, 0x00000000, 0x00000000, 0x00000000, 0x00000000, 0x00000000, 0x00000000, 0x00000000, 0x00000000, 0x00000000, 0x00000000,
	0x00000000, 0x00000000, 0x00000000, 0x0000FFFF, 0x00000000, 0x00000000, 0x0000FFFF, 0x00000000, 0x00000000, 0x00000000, 0x00000000,
	0x00000000, 0x00000000, 0x00000000, 0x00000000, 0x00000000, 0x00000000, 0x00000000, 0x00000000, 0x00000000, 0x00000000, 0x00000000,
	0x00000000, 0x00000000, 0x00000000, 0x00010001, 0x00000000, 0x00000000, 0x00000000, 0x00000000, 0x00000000, 0x00000000, 0x00000000,
	0x00000000, 0x00000000, 0x00000000, 0x00000000, 0x00000000, 0x00000000, 0x00000000, 0x00000000, 0x00000001, 0x00000000, 0x00000000,
	0x00000000, 0x00000000, 0x00000000, 0x00000000, 0x00000000, 0x00000000, 0x00010000, 0x00010000, 0x00010000, 0x00000000, 0x00000000,
	0x00000000, 0x00000000, 0x00000000, 0x00000000, 0x00000000, 0x00000000, 0x00000000, 0x00000000, 0x00010000, 0x00000000, 0x00000000,
	0x00000000, 0x00000000, 0x00000000, 0x00000000, 0x00000000, 0x00000000, 0x00000000, 0x00000000, 0x00000000, 0x00010000, 0x00000000,
	0x00000000, 0x00000000, 0x00010000, 0x00010000, 0x00000000, 0x00000000, 0x00000000, 0x00000000, 0x00000000, 0x00000000, 0x00000000,
	0x00010001, 0x00000001, 0x00000000, 0x00000000, 0x00000001, 0x00000001, 0x00000000, 0x00000000, 0x00010000, 0x00000000, 0x00000000,
	0x00000001, 0x00000000, 0x00000000, 0x00010001, 0x00000000, 0x00000000, 0x00000000, 0x0000FFFF, 0x00000000, 0x00010001, 0x00000000,
	0x00000000, 0x00000001, 0x00000001, 0x00000000, 0x00000000, 0x00010000, 0x00010000, 0x00010000, 0x00000000, 0x00000000, 0x00000001,
	0x00000000, 0x00000000, 0x00000000, 0x00000000, 0x00000000, 0x00000000, 0x00000000, 0x00010000, 0x00000000, 0x00000001, 0x00000000,
	0x00010000, 0x00010000, 0x00000001, 0x00000000, 0x00000000, 0x00000000, 0x00000000, 0x00000000, 0x00000000, 0x00000000, 0x00000000,
	0x00000000, 0x00010000, 0x00000000, 0x00000000, 0x00000000, 0x00000000, 0x00010000, 0x00010000, 0x0000FFFF, 0x00000000, 0x00000000,
	0x00000000, 0x00000001, 0x00000001, 0x00000000, 0x00000000, 0x00000000, 0x00000000, 0x00000001, 0x00010000, 0x00000000, 0x00000001,
	0x00000000, 0x00000000, 0x00000000, 0x00000000, 0x00010000, 0x00010000, 0x00000000, 0x00000000, 0x00000000, 0x00000000, 0x00000000,
	0x00000000, 0x00000000, 0x00010000, 0x00000000, 0x00000001, 0x00000001, 0x00000000, 0x00000000, 0x00010000, 0x00010000, 0x00000000,
	0x00000000, 0x00010000, 0x00000000, 0x00000000, 0x00010001, 0x00000000, 0x00000000, 0x00000000, 0x00000000, 0x00000000, 0x00000001,
	0x00000000, 0x00000000, 0x00000000, 0x00000000, 0x00000000, 0x00000000, 0x00000000, 0x00010001, 0x00010000, 0x00000000, 0x00000000,
	0x00000000, 0x00000000, 0x00000000, 0x00000000, 0x00000000, 0x00000000, 0x00000000, 0x00010000, 0x00010000, 0x00000000, 0x00000000,
	0x00000000, 0x00000000, 0x00000000, 0x00000000, 0x00000000, 0x00000000, 0x00000000, 0x00010000, 0x00010001, 0x00000000, 0x00000000,
	0x00000000, 0x00000000, 0x00000000, 0x00000000, 0x00000000, 0x00000001, 0x00000000, 0x00000000, 0x00000000, 0x00000000, 0x00000000,
	0x00000001, 0x00000000, 0x00000000, 0x00010000, 0x00000000, 0x00000000, 0x00000000, 0x00000000, 0x00000000, 0x00000000, 0x00000000,
	0x00000000, 0x00000000, 0x00000000, 0x00000000, 0x00000000, 0x00000000, 0x00000000, 0x00000000, 0x00000000, 0x00000000, 0x00000000,
	0x00000000, 0x00000000, 0x00000000, 0x00000000, 0x00000000, 0x00000000, 0x00000000, 0x00000000, 0x00000000, 0x00000000, 0x00000000,
	0x00000000, 0x00000000, 0x00000000, 0x00000000, 0x00000000, 0x00000000, 0x00000000, 0x00000000, 0x00000000, 0x00000000, 0x00000000,
	0x00000000, 0x00000000, 0x00000000, 0x00000000, 0x00000000, 0x00000000, 0x00000000, 0x00000000, 0x00000000, 0x00000000, 0x00000000,
	0x00000000, 0x00000000, 0x00000000, 0x00000000, 0x00000000, 0x00000000, 0x00000001, 0x00000000, 0x00000000, 0x00000000, 0x00000000,
	0x00000000, 0x00000000, 0x00000000, 0x00000000, 0x00000000, 0x00000000, 0x00000000, 0x00000000, 0x00000000, 0x00000000, 0x00000000,
	0x00000000, 0x00000000, 0x00000001, 0x00000000, 0x00000000, 0x00000000, 0x00000001, 0x00000000, 0x0000FFFF, 0x00000000, 0x00000000,
	0x00000000, 0x00000000, 0x00000000, 0x00000000, 0x00000001, 0x00000000, 0x00000000, 0x00000000, 0x00000000, 0x00000000, 0x00000000,
	0x00000000, 0x00000000, 0x00000000, 0x00000000, 0x00000000, 0x00000000, 0x00000000, 0x00000000, 0x00000000, 0x00000000, 0x00000000,
	0x00000000, 0x00000000, 0x00000000, 0x00000000, 0x00000000, 0x00000000, 0x00000000, 0x00000000, 0x00000000, 0x00000000, 0x00000000,
	0x00000000, 0x00000000, 0x00000000, 0x00000000, 0x00000000, 0x00000000, 0x00000000, 0x00000000, 0x00000000, 0x00000000, 0x00000000,
	0x00000000, 0x00000000, 0x00000000, 0x00000000, 0x00000000, 0x00000000, 0x00000000, 0x00000000, 0x00000000, 0x00000000, 0x00000000,
	0x00000000, 0x00000000, 0x00000000, 0x00000000, 0x00000000, 0x00000000, 0x00000000, 0x00000000, 0x00000000, 0x00000000, 0x00000000,
	0x00000000, 0x00000000, 0x00000000, 0x00000000, 0x00000000, 0x00000000, 0x00000000, 0x00000000, 0x00000000, 0x00000000, 0x00000000,
	0x00000000, 0x00000000, 0x00000000, 0x00000000, 0x00000000, 0x00000000, 0x00000000, 0x00000000, 0x00000000, 0x00000000, 0x00000000,
	0x00000000, 0x00000000, 0x00000000, 0x00000000, 0x00000000, 0x00000000, 0x00000000, 0x00000000, 0x00000000, 0x00000000, 0x00000000,
	0x00000000, 0x00000000, 0x00000000, 0x00000000, 0x00000000, 0x00000000, 0x00000000, 0x00000000, 0x00000000, 0x00000000, 0x00000000,
	0x00000000, 0x00000000, 0x00000000, 0x00000000, 0x00000000, 0x00000000, 0x00000000, 0x00000000, 0x00000000, 0x00000000, 0x00000000,
	0x00000000, 0x00000000, 0x00000000, 0x00000000, 0x00000000, 0x00000000, 0x00000000, 0x00000000, 0x00000000, 0x00000000, 0x00000000,
	0x00000000, 0x00000000, 0x00000000, 0x00000000, 0x00000000, 0x00000000, 0x00000000, 0x00000000, 0x00000000, 0x00000000, 0x00000000,
	0x00000000, 0x00000000, 0x00000000, 0x00000000, 0x00000000, 0x00000000, 0x00000000, 0x00000000, 0x00000000, 0x00000000, 0x00000000,
	0x00000000, 0x00000000, 0x00000000, 0x00000000, 0x00000000, 0x00000000, 0x00000000, 0x00000000, 0x00000000, 0x00000000, 0x00000000,
	0x00000000, 0x00000000, 0x00000000, 0x00000000, 0x00000000, 0x00000000, 0x00000000, 0x00000000, 0x00000000, 0x00000000, 0x00000000,
	0x00000000, 0x00000000, 0x00000000, 0x00000000, 0x00000000, 0x00000000, 0x00000000, 0x00000000, 0x00000000, 0x00000000, 0x00000000,
	0x00000000, 0x00000000, 0x00000000, 0x00000000, 0x00000000, 0x00000000, 0x00000000, 0x00000000, 0x00000000, 0x00000000, 0x00000000,
	0x00000000, 0x00000000, 0x00000000, 0x00000000, 0x00000000, 0x00000000, 0x00000000, 0x00000000, 0x00000000, 0x00000000, 0x00000000,
	0x00000000, 0x00000000, 0x00000000, 0x00000000, 0x00000000, 0x00000000, 0x00000000, 0x00000000, 0x00000000, 0x00000000, 0x00000000,
	0x00000000, 0x00000000, 0x00000000, 0x00000000, 0x00000000, 0x00000000, 0x00000000, 0x00000000, 0x00000000, 0x00000000, 0x00000000,
	0x00000000, 0x00000000, 0x00000000, 0x00000000, 0x00000000, 0x00000000, 0x00000000, 0x00000000, 0x00000000, 0x00000000, 0x00000000,
	0x00000000, 0x00000000, 0x00000000, 0x00000000, 0x00000000, 0x00000000, 0x00000000, 0x00000000, 0x00000000, 0x00000000, 0x00000000,
	0x00000000, 0x00000000, 0x00000000, 0x00000000, 0x00000000, 0x00000000, 0x00000000, 0x00000000, 0x00000000, 0x00000000, 0x00000000,
	0x00000000, 0x00000000, 0x00000000, 0x00000000, 0x00000000, 0x00000000, 0x00000000, 0x00000000, 0x00000000, 0x00000000, 0x00000000,
	0x00000000, 0x00000000, 0x00000000, 0x00000000, 0x00000000, 0x00000000, 0x00000000, 0x00000000, 0x00000000, 0x00000000, 0x00000000,
	0x00000000, 0x00000000, 0x00000000, 0x00000000, 0x00000000, 0x00000000, 0x00000000, 0x00000000, 0x00000000, 0x00000000, 0x00000000,
	0x00000000, 0x00000000, 0x00000000, 0x00000000, 0x00000000, 0x00000000, 0x00000000, 0x00000000, 0x00000000, 0x00000000, 0x00000000,
	0x00000000, 0x00000000, 0x00000000, 0x00000000, 0x00000000, 0x00000000, 0x00000000, 0x00000000, 0x00000000, 0x00000000, 0x00000000,
	0x00000000, 0x00000000, 0x00000000, 0x00000000, 0x00000000, 0x00000000, 0x00000000, 0x00000000, 0x00000000, 0x00000000, 0x00000000,
	0x00000000, 0x00000000, 0x00000000, 0x00000000, 0x00000000, 0x00000000, 0x00000000, 0x00000000, 0x00000000, 0x00000000, 0x00000000,
	0x00000000, 0x00000000, 0x00000000, 0x00000000, 0x00000000, 0x00000000, 0x00000000, 0x00000000, 0x00000000, 0x00000000, 0x00000000,
	0x00000000, 0x00000000, 0x00000000, 0x00000000, 0x00000000, 0x00000000, 0x00000000, 0x00000000, 0x00000000, 0x00000000, 0x00000000,
	0x00000000, 0x00000000, 0x00000000, 0x00000000, 0x00000000, 0x00000000, 0x00000000, 0x00000000, 0x00000000, 0x00000000, 0x00000000,
	0x00000000, 0x00000000, 0x00000000, 0x00000000, 0x00000000, 0x00000000, 0x00000000, 0x00000000, 0x00000000, 0x00000000, 0x00000000,
	0x00000000, 0x00000000, 0x00000000, 0x00000000, 0x00000000, 0x00000000, 0x00000000, 0x00000000, 0x00000000, 0x00000000, 0x00000000,
	0x00000000, 0x00000000, 0x00000000, 0x00000000, 0x00000000, 0x00000000, 0x00000000, 0x00000000, 0x00000000, 0x00000000, 0x00000000,
	0x00000000, 0x00000000, 0x00000000, 0x00000000, 0x00000000, 0x00000000, 0x00000000, 0x00000000, 0x00000000, 0x00000000, 0x00000000,
	0x00000000, 0x00000000, 0x00000000, 0x00000000, 0x00000000, 0x00000000, 0x00000000, 0x00000000, 0x00000000, 0x00000000, 0x00000000,
	0x00000000, 0x00000000, 0x00000000, 0x00000000, 0x00000000, 0x00000000, 0x00000000, 0x00000000, 0x00000000, 0x00000000, 0x00000000,
	0x00000000, 0x00000000, 0x00000000, 0x00000000, 0x00000000, 0x00000000, 0x00000000, 0x00000000, 0x00000000, 0x00000000, 0x00000000,
	0x00000000, 0x00000000, 0x00000000, 0x00000000, 0x00000000, 0x00000000, 0x00000000, 0x00000000, 0x00000000, 0x00000000, 0x00000000,
	0x00000000, 0x00000000, 0x00000000, 0x00000000, 0x00000000, 0x00000000, 0x00000000, 0x00000000, 0x00000000, 0x00000000, 0x00000000,
	0x00000000, 0x00000000, 0x00000000, 0x00000000, 0x00000000, 0x00000000, 0x00000000, 0x00000000, 0x00000000, 0x00000000, 0x00000000,
	0x00000000, 0x00000000, 0x00000000, 0x00000000, 0x00000000, 0x00000000, 0x00000000, 0x00000000, 0x00000000, 0x00000000, 0x00000000,
	0x00000000, 0x00000000, 0x00000000, 0x00000000, 0x00000000, 0x00000000, 0x00000000, 0x00000000, 0x00000000, 0x00000000, 0x00000000,
	0x00000000, 0x00000000, 0x00000000, 0x00000000, 0x00000000, 0x00000000, 0x00000000, 0x00000000, 0x00000000, 0x00000000, 0x00000000,
	0x00000000, 0x00000000, 0x00000000, 0x00000000, 0x00000000, 0x00000000, 0x00000000, 0x00000000, 0x00000000, 0x00000000, 0x00000000,
	0x00000000, 0x00000000, 0x00000000, 0x00000000, 0x00000000, 0x00000000, 0x00000000, 0x00000000, 0x00000000, 0x00000000, 0x00000000,
	0x00000000, 0x00000000, 0x00000000, 0x00000000, 0x00000000, 0x00000000, 0x00000000, 0x00000000, 0x00000000, 0x00000000, 0x00000000,
	0x00000000, 0x00000000, 0x00000000, 0x00000000, 0x00000000, 0x00000000, 0x00000000, 0x00000000, 0x00000000, 0x00000000, 0x00000000,
	0x00000000, 0x00000000, 0x00000000, 0x00000000, 0x00000000, 0x00000000, 0x00000000, 0x00000000, 0x00000000, 0x00000000, 0x00000000,
	0x00000000, 0x00000000, 0x00000000, 0x00000000, 0x00000000, 0x00000000, 0x00000000, 0x00000000, 0x00000000, 0x00000000, 0x00000000,
	0x00000000, 0x00000000, 0x00000000, 0x00000000, 0x00000000, 0x00000000, 0x00000000, 0x00000000, 0x00000000, 0x00000000, 0x00000000,
	0x00000000, 0x00000000, 0x00000000, 0x00000000, 0x00000000, 0x00000000, 0x00000000, 0x00000000, 0x00000000, 0x00000000, 0x00000000,
	0x00000000, 0x00000000, 0x00000000, 0x00000000, 0x00000000, 0x00000000, 0x00000000, 0x00000000, 0x00000000, 0x00000000, 0x00000000,
	0x00000000, 0x00000000, 0x00000000, 0x00000000, 0x00000000, 0x00000000, 0x00000000, 0x00000000, 0x00000000, 0x00000000, 0x00000000,
	0x00000000, 0x00000000, 0x00000000, 0x00000000, 0x00000000, 0x00000000, 0x00000000, 0x00000000, 0x00000000, 0x00000000, 0x00000000,
	0x00000000, 0x00000000, 0x00000000, 0x00000000, 0x00000000, 0x00000000, 0x00000000, 0x00000000, 0x00000000, 0x00000000, 0x00000000,
	0x00000000, 0x00000000, 0x00000000, 0x00000000, 0x00000000, 0x00000000, 0x00000000, 0x00000000, 0x00000000, 0x00000000, 0x00000000,
	0x00000000, 0x00000000, 0x00000000, 0x00000000, 0x00000000, 0x00000000, 0x00000000, 0x00000000, 0x00000000, 0x00000000, 0x00000000,
	0x00000000, 0x00000000, 0x00000000, 0x00000000, 0x00000000, 0x00000000, 0x00000000, 0x00000000, 0x00000000, 0x00000000, 0x00000000,
	0x00000000, 0x00000000, 0x00000000, 0x00000000, 0x00000000, 0x00000000, 0x00000000, 0x00000000, 0x00000000, 0x00000000, 0x00000000,
	0x00000000, 0x00000000, 0x00000000, 0x00000000, 0x00000000, 0x00000000, 0x00000000, 0x00000000, 0x00000000, 0x00000000, 0x00000000,
	0x00000000, 0x00000000, 0x00000000, 0x00000000, 0x00000000, 0x00000000, 0x00000000, 0x00000000, 0x00000000, 0x00000000, 0x00000000,
	0x00000000, 0x00000000, 0x00000000, 0x00000000, 0x00000000, 0x00000000, 0x00000000, 0x00000000, 0x00000000, 0x00000000, 0x00000000,
	0x00000000, 0x00000000, 0x00000000, 0x00000000, 0x00000000, 0x00000000, 0x00000000, 0x00000000, 0x00000000, 0x00000000, 0x00000000,
	0x00000000, 0x00000000, 0x00000000, 0x00000000, 0x00000000, 0x00000000, 0x00000000, 0x00000000, 0x00000000, 0x00000000, 0x00000000,
	0x00000000, 0x00000000, 0x00000000, 0x00000000, 0x00000000, 0x00000000, 0x00000000, 0x00000000, 0x00000000, 0x00000000, 0x00000000,
	0x00000000, 0x00000000, 0x00000000, 0x00000000, 0x00000000, 0x00000000, 0x00000000, 0x00000000, 0x00000000, 0x00000000, 0x00000000,
	0x00000000, 0x00000000, 0x00000000, 0x00000000, 0x00000000, 0x00000000, 0x00000000, 0x00000000, 0x00000000, 0x00000000, 0x00000000,
	0x00000000, 0x00000000, 0x00000000, 0x00000000, 0x00000000, 0x00000000, 0x00000000, 0x00000000, 0x00000000, 0x00000000, 0x00000000,
	0x00000000, 0x00000000, 0x00000000, 0x00000000, 0x00000000, 0x00000000, 0x00000000, 0x00000000, 0x00000000, 0x00000000, 0x00000000,
	0x00000000, 0x00000000, 0x00000000, 0x00000000, 0x00000000, 0x00000000, 0x00000000, 0x00000000, 0x00000000, 0x00000000, 0x00000000,
	0x00000000, 0x00000000, 0x00000000, 0x00000000, 0x00000000, 0x00000000, 0x00000000, 0x00000000, 0x00000000, 0x00000000, 0x00000000,
	0x00000000, 0x00000000, 0x00000000, 0x00000000, 0x00000000, 0x00000000, 0x00000000, 0x00000000, 0x00000000, 0x00000000, 0x00000000,
	0x00000000, 0x00000000, 0x00000000, 0x00000000, 0x00000000, 0x00000000, 0x00000000, 0x00000000, 0x00000000, 0x00000000, 0x00000000,
	0x00000000, 0x00000000, 0x00000000, 0x00000000, 0x00000000, 0x00000000, 0x00000000, 0x00000000, 0x00000000, 0x00000000, 0x00000000,
	0x00000000, 0x00000000, 0x00000000, 0x00000000, 0x00000000, 0x00000000, 0x00000000, 0x00000000, 0x00000000, 0x00000000, 0x00000000,
	0x00000000, 0x00000000, 0x00000000, 0x00000000, 0x00000000, 0x00000000, 0x00000000, 0x00000000, 0x00000000, 0x00000000, 0x00000000,
	0x00000000, 0x00000000, 0x00000000, 0x00000000, 0x00000000, 0x00000000, 0x00000000, 0x00000000, 0x00000000, 0x00000000, 0x00000000,
	0x00000000, 0x00000000, 0x00000000, 0x00000000, 0x00000000, 0x00000000, 0x00000000, 0x00000000, 0x00000000, 0x00000000, 0x00000000,
	0x00000000, 0x00000000, 0x00000000, 0x00000000, 0x00000000, 0x00000000, 0x00000000, 0x00000000, 0x00000000, 0x00000000, 0x00000000,
	0x00000000, 0x00000000, 0x00000000, 0x00000000, 0x00000000, 0x00000000, 0x00000000, 0x00000000, 0x00000000, 0x00000000, 0x00000000,
	0x00000000, 0x00000000, 0x00000000, 0x00000000, 0x00000000, 0x00000000, 0x00000000, 0x00000000, 0x00000000, 0x00000000, 0x00000000,
	0x00000000, 0x00000000, 0x00000000, 0x00000000, 0x00000000, 0x00000000, 0x00000000, 0x00000000, 0x00000000, 0x00000000, 0x00000000,
	0x00000000, 0x00000000, 0x00000000, 0x00000000, 0x00000000, 0x00000000, 0x00000000, 0x00000000, 0x00000000, 0x00000000, 0x00000000,
	0x00000000, 0x00000000, 0x00000000, 0x00000000, 0x00000000, 0x00000000, 0x00000000, 0x00000000, 0x00000000, 0x00000000, 0x00000000,
	0x00000000, 0x00000000, 0x00000000, 0x00000000, 0x00000000, 0x00000000, 0x00000000, 0x00000000, 0x00000000, 0x00000000, 0x00000000,
	0x00000000, 0x00000000, 0x00000000, 0x00000000, 0x00000000, 0x00000000, 0x00000000, 0x00000000, 0x00000000, 0x00000000, 0x00000000,
	0x00000000, 0x00000000, 0x00000000, 0x00000000, 0x00000000, 0x00000000, 0x00000000, 0x00000000, 0x00000000, 0x00000000, 0x00000000,
	0x00000000, 0x00000000, 0x00000000, 0x00000000, 0x00000000, 0x00000000, 0x00000000, 0x00000000, 0x00000000, 0x00000000, 0x00000000,
	0x00000000, 0x00000000, 0x00000000, 0x00000000, 0x00000000, 0x00000000, 0x00000000, 0x00000000, 0x00000000, 0x00000000, 0x00000000,
	0x00000000, 0x00000000, 0x00000000, 0x00000000, 0x00000000, 0x00000000, 0x00000000, 0x00000000, 0x00000000, 0x00000000, 0x00000000,
	0x00000000, 0x00000000, 0x00000000, 0x00000000, 0x00000000, 0x00000000, 0x00000000, 0x00000000, 0x00000000, 0x00000000, 0x00000000,
	0x00000000, 0x00000000, 0x00000000, 0x00000000, 0x00000000, 0x00000000, 0x00000000, 0x00000000, 0x00000000, 0x00000000, 0x00000000,
	0x00000000, 0x00000000, 0x00000000, 0x00000000, 0x00000000, 0x00000000, 0x00000000, 0x00000000, 0x00000000, 0x00000000, 0x00000000,
	0x00000000, 0x00000000, 0x00000000, 0x00000000, 0x00000000, 0x00000000, 0x00000000, 0x00000000, 0x00000000, 0x00000000, 0x00000000,
	0x00000000, 0x00000000, 0x00000000, 0x00000000, 0x00000000, 0x00000000, 0x00000000, 0x00000000, 0x00000000, 0x00000000, 0x00000000,
	0x00000000, 0x00000000, 0x00000000, 0x00000000, 0x00000000, 0x00000000, 0x00000000, 0x00000000, 0x00000000, 0x00000000, 0x00000000,
	0x00000000, 0x00000000, 0x00000000, 0x00000000, 0x00000000, 0x00000000, 0x00000000, 0x00000000, 0x00000000, 0x00000000, 0x00000000,
	0x00000000, 0x00000000, 0x00000000, 0x00000000, 0x00000000, 0x00000000, 0x00000000, 0x00000000, 0x00000000, 0x00000000, 0x00000000,
	0x00000000, 0x00000000, 0x00000000, 0x00000000, 0x00000000, 0x00000000, 0x00000000, 0x00000000, 0x00000000, 0x00000000, 0x00000000,
	0x00000000, 0x00000000, 0x00000000, 0x00000000, 0x00000000, 0x00000000, 0x00000000, 0x00000000, 0x00000000, 0x00000000, 0x00000000,
	0x00000000, 0x00000000, 0x00000000, 0x00000000, 0x00000000, 0x00000000, 0x00000000, 0x00000000, 0x00000000, 0x00000000, 0x00000000,
	0x00000000, 0x00000000, 0x00000000, 0x00000000, 0x00000000, 0x00000000, 0x00000000, 0x00000000, 0x00000000, 0x00000000, 0x00000000,
	0x00000000, 0x00000000, 0x00000000, 0x00000000, 0x00000000, 0x00000000, 0x00000000, 0x00000000, 0x00000000, 0x00000000, 0x00000000,
	0x00000000, 0x00000000, 0x00000000, 0x00000000, 0x00000000, 0x00000000, 0x00000000, 0x00000000, 0x00000000, 0x00000000, 0x00000000,
	0x00000000, 0x00000000, 0x00000000, 0x00000000, 0x00000000, 0x00000000, 0x00000000, 0x00000000, 0x00000000, 0x00000000, 0x00000000,
	0x00000000, 0x00000000, 0x00000000, 0x00000000, 0x00000000, 0x00000000, 0x00000000, 0x00000000, 0x00000000, 0x00000000, 0x00000000,
	0x00000000, 0x00000000, 0x00000000, 0x00000000, 0x00000000, 0x00000000, 0x00000000, 0x00000000, 0x00000000, 0x00000000, 0x00000000,
	0x00000000, 0x00000000, 0x00000000, 0x00000000, 0x00000000, 0x00000000, 0x00000000, 0x00000000, 0x00000000, 0x00000000, 0x00000000,
	0x00000000, 0x00000000, 0x00000000, 0x00000000, 0x00000000, 0x00000000, 0x00000000, 0x00000000, 0x00000000, 0x00000000, 0x00000000,
	0x00000000, 0x00000000, 0x00000000, 0x00000000, 0x00000000, 0x00000000, 0x00000000, 0x00000000, 0x00000000, 0x00000000, 0x00000000,
	0x00000000, 0x00000000, 0x00000000, 0x00000000, 0x00000000, 0x00000000, 0x00000000, 0x00000000, 0x00000000, 0x00000000, 0x00000000,
	0x00000000, 0x00000000, 0x00000000, 0x00000000, 0x00000000, 0x00000000, 0x00000000, 0x00000000, 0x00000000, 0x00000000, 0x00000000,
	0x00000000, 0x00000000, 0x00000000, 0x00000000, 0x00000000, 0x00000000, 0x00000000, 0x00000000, 0x00000000, 0x00000000, 0x00000000,
	0x00000000, 0x00000000, 0x00000000, 0x00000000, 0x00000000, 0x00000000, 0x00000000, 0x00000000, 0x00000000, 0x00000000, 0x00000000,
	0x00000000, 0x00000000, 0x00000000, 0x00000000, 0x00000000, 0x00000000, 0x00000000, 0x00000000, 0x00000000, 0x00000000, 0x00000000,
	0x00000000, 0x00000000, 0x00000000, 0x00000000, 0x00000000, 0x00000000, 0x00000000, 0x00000000, 0x00000000, 0x00000000, 0x00000000,
	0x00000000, 0x00000000, 0x00000000, 0x00000000, 0x00000000, 0x00000000, 0x00000000, 0x00000000, 0x00000000, 0x00000000, 0x00000000,
	0x00000000, 0x00000000, 0x00000000, 0x00000000, 0x00000000, 0x00000000, 0x00000000, 0x00000000, 0x00000000, 0x00000000, 0x00000000,
	0x00000000, 0x00000000, 0x00000000, 0x00000000, 0x00000000, 0x00000000, 0x00000000, 0x00000000, 0x00000000, 0x00000000, 0x00000000,
	0x00000000, 0x00000000, 0x00000000, 0x00000000, 0x00000000, 0x00000000, 0x00000000, 0x00000000, 0x00000000, 0x00000000, 0x00000000,
	0x00000000, 0x00000000, 0x00000000, 0x00000000, 0x00000000, 0x00000000, 0x00000000, 0x00000000, 0x00000000, 0x00000000, 0x00000000,
	0x00000000, 0x00000000, 0x00000000, 0x00000000, 0x00000000, 0x00000000, 0x00000000, 0x00000000, 0x00000000, 0x00000000, 0x00000000,
	0x00000000, 0x00000000, 0x00000000, 0x00000000, 0x00000000, 0x00000000, 0x00000000, 0x00000000, 0x00000000, 0x00000000, 0x00000000,
	0x00000000, 0x00000000, 0x00000000, 0x00000000, 0x00000000, 0x00000000, 0x00000000, 0x00000000, 0x00000000, 0x00000000, 0x00000000,
	0x00000000, 0x00000000, 0x00000000, 0x00000000, 0x00000000, 0x00000000, 0x00000000, 0x00000000, 0x00000000, 0x00000000, 0x00000000,
	0x00000000, 0x00000000, 0x00000000, 0x00000000, 0x00000000, 0x00000000, 0x00000000, 0x00000000, 0x00000000, 0x00000000, 0x00000000,
	0x00000000, 0x00000000, 0x00000000, 0x00000000, 0x00000000, 0x00000000, 0x00000000, 0x00000000, 0x00000000, 0x00000000, 0x00000000,
	0x00000000, 0x00000000, 0x00000000, 0x00000000, 0x00000000, 0x00000000, 0x00000000, 0x00000000, 0x00000000, 0x00000000, 0x00000000,
	0x00000000, 0x00000000, 0x00000000, 0x00000000, 0x00000000, 0x00000000, 0x00000000, 0x00000000, 0x00000000, 0x00000000, 0x00000000,
	0x00000000, 0x00000000, 0x00000000, 0x00000000, 0x00000000, 0x00000000, 0x00000000, 0x00000000, 0x00000000, 0x00000000, 0x00000000,
	0x00000000, 0x00000000, 0x00000000, 0x00000000, 0x00000000, 0x00000000, 0x00000000, 0x00000000, 0x00000000, 0x00000000, 0x00000000,
	0x00000000, 0x00000000, 0x00000000, 0x00000000, 0x00000000, 0x00000000, 0x00000000, 0x00000000, 0x00000000, 0x00000000, 0x00000000,
	0x00000000, 0x00000000, 0x00000000, 0x00000000, 0x00000000, 0x00000000, 0x00000000, 0x00000000, 0x00000000, 0x00000000, 0x00000000,
	0x00000000, 0x00000000, 0x00000000, 0x00000000, 0x00000000, 0x00000000, 0x00000000, 0x00000000, 0x00000000, 0x00000000, 0x00000000,
	0x00000000, 0x00000000, 0x00000000, 0x00000000, 0x00000000, 0x00000000, 0x00000000, 0x00000000, 0x00000000, 0x00000000, 0x00000000,
	0x00000000, 0x00000000, 0x00000000, 0x00000000, 0x00000000, 0x00000000, 0x00000000, 0x00000000, 0x00000000, 0x00000000, 0x00000000,
	0x00000000, 0x00000000, 0x00000000, 0x00000000, 0x00000000, 0x00000000, 0x00000000, 0x00000000, 0x00000000, 0x00000000, 0x00000000,
	0x00000000, 0x00000000, 0x00000000, 0x00000000, 0x00000000, 0x00000000, 0x00000000, 0x00000000, 0x00000000, 0x00000000, 0x00000000,
	0x00000000, 0x00000000, 0x00000000, 0x00000000, 0x00000000, 0x00000000, 0x00000000, 0x00000000, 0x00000000, 0x00000000, 0x00000000,
	0x00000000, 0x00000000, 0x00000000, 0x00000000, 0x00000000, 0x00000000, 0x00000000, 0x00000000, 0x00000000, 0x00000000, 0x00000000,
	0x00000000, 0x00000000, 0x00000000, 0x00000000, 0x00000000, 0x00000000, 0x00000000, 0x00000000, 0x00000000, 0x00000000, 0x00000000,
	0x00000000, 0x00000000, 0x00000000, 0x00000000, 0x00000000, 0x00000000, 0x00000000, 0x00000000, 0x00000000, 0x00000000, 0x00000000,
	0x00000000, 0x00000000, 0x00000000, 0x00000000, 0x00000000, 0x00000000, 0x00000000, 0x00000000, 0x00000000, 0x00000000, 0x00000000,
	0x00000000, 0x00000000, 0x00000000, 0x00000000, 0x00000000, 0x00000000, 0x00000000, 0x00000000, 0x00000000, 0x00000000, 0x00000000,
	0x00000000, 0x00000000, 0x00000000, 0x00000000, 0x00000000, 0x00000000, 0x00000000, 0x00000000, 0x00000000, 0x00000000, 0x00000000,
	0x00000000, 0x00000000, 0x00000000, 0x00000000, 0x00000000, 0x00000000, 0x00000000, 0x00000000, 0x00000000, 0x00000000, 0x00000000,
	0x00000000, 0x00000000, 0x00000000, 0x00000000, 0x00000000, 0x00000000, 0x00000000, 0x00000000, 0x00000000, 0x00000000, 0x00000000,
	0x00000000, 0x00000000, 0x00000000, 0x00000000, 0x00000000, 0x00000000, 0x00000000, 0x00000000, 0x00000000, 0x00000000, 0x00000000,
	0x00000000, 0x00000000, 0x00000000, 0x00000000, 0x00000000, 0x00000000, 0x00000000, 0x00000000, 0x00000000, 0x00000000, 0x00000000,
	0x00000000, 0x00000000, 0x00000000, 0x00000000, 0x00000000, 0x00000000, 0x00000000, 0x00000000, 0x00000000, 0x00000000, 0x00000000,
	0x00000000, 0x00000000, 0x00000000, 0x00000000, 0x00000000, 0x00000000, 0x00000000, 0x00000000, 0x00000000, 0x00000000, 0x00000000,
	0x00000000, 0x00000000, 0x00000000, 0x00000000, 0x00000000, 0x00000000, 0x00000000, 0x00000000, 0x00000000, 0x00000000, 0x00000000,
	0x00000000, 0x00000000, 0x00000000, 0x00000000, 0x00000000, 0x00000000, 0x00000000, 0x00000000, 0x00000000, 0x00000000, 0x00000000,
	0x00000000, 0x00000000, 0x00000000, 0x00000000, 0x00000000, 0x00000000, 0x00000000, 0x00000000, 0x00000000, 0x00000000, 0x00000000,
	0x00000000, 0x00000000, 0x00000000, 0x00000000, 0x00000000, 0x00000000, 0x00000000, 0x00000000, 0x00000000, 0x00000000, 0x00000000,
	0x00000000, 0x00000000, 0x00000000, 0x00000000, 0x00000000, 0x00000000, 0x00000000, 0x00000000, 0x00000000, 0x00000000, 0x00000000,
	0x00000000, 0x00000000, 0x00000000, 0x00000000, 0x00000000, 0x00000000, 0x00000000, 0x00000000, 0x00000000, 0x00000000, 0x00000000,
	0x00000000, 0x00000000, 0x00000000, 0x00000000, 0x00000000, 0x00000000, 0x00000000, 0x00000000, 0x00000000, 0x00000000, 0x00000000,
	0x00000000, 0x00000000, 0x00000000, 0x00000000, 0x00000000, 0x00000000, 0x00000000, 0x00000000, 0x00000000, 0x00000000, 0x00000000,
	0x00000000, 0x00000000, 0x00000000, 0x00000000, 0x00000000, 0x00000000, 0x00000000, 0x00000000, 0x00000000, 0x00000000, 0x00000000,
	0x00000000, 0x00000000, 0x00000000, 0x00000000, 0x00000000, 0x00000000, 0x00000000, 0x00000000, 0x00000000, 0x00000000, 0x00000000,
	0x00000000, 0x00000000, 0x00000000, 0x00000000, 0x00000000, 0x00000000, 0x00000000, 0x00000000, 0x00000000, 0x00000000, 0x00000000,
	0x00000000, 0x00000000, 0x00000000, 0x00000000, 0x00000000, 0x00000000, 0x00000000, 0x00000000, 0x00000000, 0x00000000, 0x00000000,
	0x00000000, 0x00000000, 0x00000000, 0x00000000, 0x00000000, 0x00000000, 0x00000000, 0x00000000, 0x00000000, 0x00000000, 0x00000000,
	0x00000000, 0x00000000, 0x00000000, 0x00000000, 0x00000000, 0x00000000, 0x00000000, 0x00000000, 0x00000000, 0x00000000, 0x00000000,
	0x00000000, 0x00000000, 0x00000000, 0x00000000, 0x00000000, 0x00000000, 0x00000000, 0x00000000, 0x00000000, 0x00000000, 0x00000000,
	0x00000000, 0x00000000, 0x00000000, 0x00000000, 0x00000000, 0x00000000, 0x00000000, 0x00000000, 0x00000000, 0x00000000, 0x00000000,
	0x00000000, 0x00000000, 0x00000000, 0x00000000, 0x00000000, 0x00000000, 0x00000000, 0x00000000, 0x00000000, 0x00000000, 0x00000000,
	0x00000000, 0x00000000, 0x00000000, 0x00000000, 0x00000000, 0x00000000, 0x00000000, 0x00000000, 0x00000000, 0x00000000, 0x00000000,
	0x00000000, 0x00000000, 0x00000000, 0x00000000, 0x00000000, 0x00000000, 0x00000000, 0x00000000, 0x00000000, 0x00000000, 0x00000000,
	0x00000000, 0x00000000, 0x00000000, 0x00000000, 0x00000000, 0x00000000, 0x00000000, 0x00000000, 0x00000000, 0x00000000, 0x00000000,
	0x00000000, 0x00000000, 0x00000000, 0x00000000, 0x00000000, 0x00000000, 0x00000000, 0x00000000, 0x00000000, 0x00000000, 0x00000000,
	0x00000000, 0x00000000, 0x00000000, 0x00000000, 0x00000000, 0x00000000, 0x00000000, 0x00000000, 0x00000000, 0x00000000, 0x00000000,
	0x00000000, 0x00000000, 0x00000000, 0x00000000, 0x00000000, 0x00000000, 0x00000000, 0x00000000, 0x00000000, 0x00000000, 0x00000000,
	0x00000000, 0x00000000, 0x00000000, 0x00000000, 0x00000000, 0x00000000, 0x00000000, 0x00000000, 0x00000000, 0x00000000, 0x00000000,
	0x00000000, 0x00000000, 0x00000000, 0x00000000, 0x00000000, 0x00000000, 0x00000000, 0x00000000, 0x00000000, 0x00000000, 0x00000000,
	0x00000000, 0x00000000, 0x00000000, 0x00000000, 0x00000000, 0x00000000, 0x00000000, 0x00000000, 0x00000000, 0x00000000, 0x00000000,
	0x00000000, 0x00000000, 0x00000000, 0x00000000, 0x00000000, 0x00000000, 0x00000000, 0x00000000, 0x00000000, 0x00000000, 0x00000000,
	0x00000000, 0x00000000, 0x00000000, 0x00000000, 0x00000000, 0x00000000, 0x00000000, 0x00000000, 0x00000000, 0x00000000, 0x00000000,
	0x00000000, 0x00000000, 0x00000000, 0x00000000, 0x00000000, 0x00000000, 0x00000000, 0x00000000, 0x00000000, 0x00000000, 0x00000000,
	0x00000000, 0x00000000, 0x00000000, 0x00000000, 0x00000000, 0x00000000, 0x00000000, 0x00000000, 0x00000000, 0x00000000, 0x00000000,
	0x00000000, 0x00000000, 0x00000000, 0x00000000, 0x00000000, 0x00000000, 0x00000000, 0x00000000, 0x00000000, 0x00000000, 0x00000000,
	0x00000000, 0x00000000, 0x00000000, 0x00000000, 0x00000000, 0x00000000, 0x00000000, 0x00000000, 0x00000000, 0x00000000, 0x00000000,
	0x00000000, 0x00000000, 0x00000000, 0x00000000, 0x00000000, 0x00000000, 0x00000000, 0x00000000, 0x00000000, 0x00000000, 0x00000000,
	0x00000000, 0x00000000, 0x00000000, 0x00000000, 0x00000000, 0x00000000, 0x00000000, 0x00000000, 0x00000000, 0x00000000, 0x00000000,
	0x00000000, 0x00000000, 0x00000000, 0x00000000, 0x00000000, 0x00000000, 0x00000000, 0x00000000, 0x00000000, 0x00000000, 0x00000000,
	0x00000000, 0x00000000, 0x00000000, 0x00000000, 0x00000000, 0x00000000, 0x00000000, 0x00000000, 0x00000000, 0x00000000, 0x00000000,
	0x00000000, 0x00000000, 0x00000000, 0x00000000, 0x00000000, 0x00000000, 0x00000000, 0x00000000, 0x00000000, 0x00000000, 0x00000000,
	0x00000000, 0x00000000, 0x00000000, 0x00000000, 0x00000000, 0x00000000, 0x00000000, 0x00000000, 0x00000000, 0x00000000, 0x00000000,
	0x00000000, 0x00000000, 0x00000000, 0x00000000, 0x00000000, 0x00000000, 0x00000000, 0x00000000, 0x00000000, 0x00000000, 0x00000000,
	0x00000000, 0x00000000, 0x00000000, 0x00000000, 0x00000000, 0x00000000, 0x00000000, 0x00000000, 0x00000000, 0x00000000, 0x00000000,
	0x00000000, 0x00000000, 0x00000000, 0x00000000, 0x00000000, 0x00000000, 0x00000000, 0x00000000, 0x00000000, 0x00000000, 0x00000000,
	0x00000000, 0x00000000, 0x00000000, 0x00000000, 0x00000000, 0x00000000, 0x00000000, 0x00000000, 0x00000000, 0x00000000, 0x00000000,
	0x00000000, 0x00000000, 0x00000000, 0x00000000, 0x00000000, 0x00000000, 0x00000000, 0x00000000, 0x00000000, 0x00000000, 0x00000000,
	0x00000000, 0x00000000, 0x00000000, 0x00000000, 0x00000000, 0x00000000, 0x00000000, 0x00000000, 0x00000000, 0x00000000, 0x00000000,
	0x00000000, 0x00000000, 0x00000000, 0x00000000, 0x00000000, 0x00000000, 0x00000000, 0x00000000, 0x00000000, 0x00000000, 0x00000000,
	0x00000000, 0x00000000, 0x00000000, 0x00000000, 0x00000000, 0x00000000, 0x00000000, 0x00000000, 0x00000000, 0x00000000, 0x00000000,
	0x00000000, 0x00000000, 0x00000000, 0x00000000, 0x00000000, 0x00000000, 0x00000000, 0x00000000, 0x00000000, 0x00000000, 0x00000000,
	0x00000000, 0x00000000, 0x00000000, 0x00000000, 0x00000000, 0x00000000, 0x00000000, 0x00000000, 0x00000000, 0x00000000, 0x00000000,
	0x00000000, 0x00000000, 0x00000000, 0x00000000, 0x00000000, 0x00000000, 0x00000000, 0x00000000, 0x00000000, 0x00000000, 0x00000000,
	0x00000000, 0x00000000, 0x00000000, 0x00000000, 0x00000000, 0x00000000, 0x00000000, 0x00000000, 0x00000000, 0x00000000, 0x00000000,
	0x00000000, 0x00000000, 0x00000000, 0x00000000, 0x00000000, 0x00000000, 0x00000000, 0x00000000, 0x00000000, 0x00000000, 0x00000000,
	0x00000000, 0x00000000, 0x00000000, 0x00000000, 0x00000000, 0x00000000, 0x00000000, 0x00000000, 0x00000000, 0x00000000, 0x00000000,
	0x00000000, 0x00000000, 0x00000000, 0x00000000, 0x00000000, 0x00000000, 0x00000000, 0x00000000, 0x00000000, 0x00000000, 0x00000000,
	0x00000000, 0x00000000, 0x00000000, 0x00000000, 0x00000000, 0x00000000, 0x00000000, 0x00000000, 0x00000000, 0x00000000, 0x00000000,
	0x00000000, 0x00000000, 0x00000000, 0x00000000, 0x00000000, 0x00000000, 0x00000000, 0x00000000, 0x00000000, 0x00000000, 0x00000000,
	0x00000000, 0x00000000, 0x00000000, 0x00000000, 0x00000000, 0x00000000, 0x00000000, 0x00000000, 0x00000000, 0x00000000, 0x00000000,
	0x00000000, 0x00000000, 0x00000000, 0x00000000, 0x00000000, 0x00000000, 0x00000000, 0x00000000, 0x00000000, 0x00000000, 0x00000000,
	0x00000000, 0x00000000, 0x00000000, 0x00000000, 0x00000000, 0x00000000, 0x00000000, 0x00000000, 0x00000000, 0x00000000, 0x00000000,
	0x00000000, 0x00000000, 0x00000000, 0x00000000, 0x00000000, 0x00000000, 0x00000000, 0x00000000, 0x00000000, 0x00000000, 0x00000000,
	0x00000000, 0x00000000, 0x00000000, 0x00000000, 0x00000000, 0x00000000, 0x00000000, 0x00000000, 0x00000000, 0x00000000, 0x00000000,
	0x00000000, 0x00000000, 0x00000000, 0x00000000, 0x00000000, 0x00000000, 0x00000000, 0x00000000, 0x00000000, 0x00000000, 0x00000000,
	0x00000000, 0x00000000, 0x00000000, 0x00000000, 0x00000000, 0x00000000, 0x00000000, 0x00000000, 0x00000000, 0x00000000, 0x00000000,
	0x00000000, 0x00000000, 0x00000000, 0x00000000, 0x00000000, 0x00000000, 0x00000000, 0x00000000, 0x00000000, 0x00000000, 0x00000000,
	0x00000000, 0x00000000, 0x00000000, 0x00000000, 0x00000000, 0x00000000, 0x00000000, 0x00000000, 0x00000000, 0x00000000, 0x00000000,
	0x00000000, 0x00000000, 0x00000000, 0x00000000, 0x00000000, 0x00000000, 0x00000000, 0x00000000, 0x00000000, 0x00000000, 0x00000000,
	0x00000000, 0x00000000, 0x00000000, 0x00000000, 0x00000000, 0x00000000, 0x00000000, 0x00000000, 0x00000000, 0x00000000, 0x00000000,
	0x00000000, 0x00000000, 0x00000000, 0x00000000, 0x00000000, 0x00000000, 0x00000000, 0x00000000, 0x00000000, 0x00000000, 0x00000000,
	0x00000000, 0x00000000, 0x00000000, 0x00000000, 0x00000000, 0x00000000, 0x00000000, 0x00000000, 0x00000000, 0x00000000, 0x00000000,
	0x00000000, 0x00000000, 0x00000000, 0x00000000, 0x00000000, 0x00000000, 0x00000000, 0x00000000, 0x00000000, 0x00000000, 0x00000000,
	0x00000000, 0x00000000, 0x00000000, 0x00000000, 0x00000000, 0x00000000, 0x00000000, 0x00000000, 0x00000000, 0x00000000, 0x00000000,
	0x00000000, 0x00000000, 0x00000000, 0x00000000, 0x00000000, 0x00000000, 0x00000000, 0x00000000, 0x00000000, 0x00000000, 0x00000000,
	0x00000000, 0x00000000, 0x00000000, 0x00000000, 0x00000000, 0x00000000, 0x00000000, 0x00000000, 0x00000000, 0x00000000, 0x00000000,
	0x00000000, 0x00000000, 0x00000000, 0x00000000, 0x00000000, 0x00000000, 0x00000000, 0x00000000, 0x00000000, 0x00000000, 0x00000000,
	0x00000000, 0x00000000, 0x00000000, 0x00000000, 0x00000000, 0x00000000, 0x00000000, 0x00000000, 0x00000000, 0x00000000, 0x00000000,
	0x00000000, 0x00000000, 0x00000000, 0x00000000, 0x00000000, 0x00000000, 0x00000000, 0x00000000, 0x00000000, 0x00000000, 0x00000000,
	0x00000000, 0x00000000, 0x00000000, 0x00000000, 0x00000000, 0x00000000, 0x00000000, 0x00000000, 0x00000000, 0x00000000, 0x00000000,
	0x00000000, 0x00000000, 0x00000000, 0x00000000, 0x00000000, 0x00000000, 0x00000000, 0x00000000, 0x00000000, 0x00000000, 0x00000000,
	0x00000000, 0x00000000, 0x00000000, 0x00000000, 0x00000000, 0x00000000, 0x00000000, 0x00000000, 0x00000000, 0x00000000, 0x00000000,
	0x00000000, 0x00000000, 0x00000000, 0x00000000, 0x00000000, 0x00000000, 0x00000000, 0x00000000, 0x00000000, 0x00000000, 0x00000000,
	0x00000000, 0x00000000, 0x00000000, 0x00000000, 0x00000000, 0x00000000, 0x00000000, 0x00000000, 0x00000000, 0x00000000, 0x00000000,
	0x00000000, 0x00000000, 0x00000000, 0x00000000, 0x00000000, 0x00000000, 0x00000000, 0x00000000, 0x00000000, 0x00000000, 0x00000000,
	0x00000000, 0x00000000, 0x00000000, 0x00000000, 0x00000000, 0x00000000, 0x00000000, 0x00000000, 0x00000000, 0x00000000, 0x00000000,
	0x00000000, 0x00000000, 0x00000000, 0x00000000, 0x00000000, 0x00000000, 0x00000000, 0x00000000, 0x00000000, 0x00000000, 0x00000000,
	0x00000000, 0x00000000, 0x00000000, 0x00000000, 0x00000000, 0x00000000, 0x00000000, 0x00000000, 0x00000000, 0x00000000, 0x00000000,
	0x00000000, 0x00000000, 0x00000000, 0x00000000, 0x00000000, 0x00000000, 0x00000000, 0x00000000, 0x00000000, 0x00000000, 0x00000000,
	0x00000000, 0x00000000, 0x00000000, 0x00000000, 0x00000000, 0x00000000, 0x00000000, 0x00000000, 0x00000000, 0x00000000, 0x00000000,
	0x00000000, 0x00000000, 0x00000000, 0x00000000, 0x00000000, 0x00000000, 0x00000000, 0x00000000, 0x00000000, 0x00000000, 0x00000000,
	0x00000000, 0x00000000, 0x00000000, 0x00000000, 0x00000000, 0x00000000, 0x00000000, 0x00000000, 0x00000000, 0x00000000, 0x00000000,
	0x00000000, 0x00000000, 0x00000000, 0x00000000, 0x00000000, 0x00000000, 0x00000000, 0x00000000, 0x00000000, 0x00000000, 0x00000000,
	0x00000000, 0x00000000, 0x00000000, 0x00000000, 0x00000000, 0x00000000, 0x00000000, 0x00000000, 0x00000000, 0x00000000, 0x00000000,
	0x00000000, 0x00000000, 0x00000000, 0x00000000, 0x00000000, 0x00000000, 0x00000000, 0x00000000, 0x00000000, 0x00000000, 0x00000000,
	0x00000000, 0x00000000, 0x00000000, 0x00000000, 0x00000000, 0x00000000, 0x00000000, 0x00000000, 0x00000000, 0x00000000, 0x00000000,
	0x00000000, 0x00000000, 0x00000000, 0x00000000, 0x00000000, 0x00000000, 0x00000000, 0x00000000, 0x00000000, 0x00000000, 0x00000000,
	0x00000000, 0x00000000, 0x00000000, 0x00000000, 0x00000000, 0x00000000, 0x00000000, 0x00000000, 0x00000000, 0x00000000, 0x00000000,
	0x00000000, 0x00000000, 0x00000000, 0x00000000, 0x00000000, 0x00000000, 0x00000000, 0x00000000, 0x00000000, 0x00000000, 0x00000000,
	0x00000000, 0x00000000, 0x00000000, 0x00000000, 0x00000000, 0x00000000, 0x00000000, 0x00000000, 0x00000000, 0x00000000, 0x00000000,
	0x00000000, 0x00000000, 0x00000000, 0x00000000, 0x00000000, 0x00000000, 0x00000000, 0x00000000, 0x00000000, 0x00000000, 0x00000000,
	0x00000000, 0x00000000, 0x00000000, 0x00000000, 0x00000000, 0x00000000, 0x00000000, 0x00000000, 0x00000000, 0x00000000, 0x00000000,
	0x00000000, 0x00000000, 0x00000000, 0x00000000, 0x00000000, 0x00000000, 0x00000000, 0x00000000, 0x00000000, 0x00000000, 0x00000000,
	0x00000000, 0x00000000, 0x00000000, 0x00000000, 0x00000000, 0x00000000, 0x00000000, 0x00000000, 0x00000000, 0x00000000, 0x00000000,
	0x00000000, 0x00000000, 0x00000000, 0x00000000, 0x00000000, 0x00000000, 0x00000000, 0x00000000, 0x00000000, 0x00000000, 0x00000000,
	0x00000000, 0x00000000, 0x00000000, 0x00000000, 0x00000000, 0x00000000, 0x00000000, 0x00000000, 0x00000000, 0x00000000, 0x00000000,
	0x00000000, 0x00000000, 0x00000000, 0x00000000, 0x00000000, 0x00000000, 0x00000000, 0x00000000, 0x00000000, 0x00000000, 0x00000000,
	0x00000000, 0x00000000, 0x00000000, 0x00000000, 0x00000000, 0x00000000, 0x00000000, 0x00000000, 0x00000000, 0x00000000, 0x00000000,
	0x00000000, 0x00000000, 0x00000000, 0x00000000, 0x00000000, 0x00000000, 0x00000000, 0x00000000, 0x00000000, 0x00000000, 0x00000000,
	0x00000000, 0x00000000, 0x00000000, 0x00000000, 0x00000000, 0x00000000, 0x00000000, 0x00000000, 0x00000000, 0x00000000, 0x00000000,
	0x00000000, 0x00000000, 0x00000000, 0x00000000, 0x00000000, 0x00000000, 0x00000000, 0x00000000, 0x00000000, 0x00000000, 0x00000000,
	0x00000000, 0x00000000, 0x00000000, 0x00000000, 0x00000000, 0x00000000, 0x00000000, 0x00000000, 0x00000000, 0x00000000, 0x00000000,
	0x00000000, 0x00000000, 0x00000000, 0x00000000, 0x00000000, 0x00000000, 0x00000000, 0x00000000, 0x00000000, 0x00000000, 0x00000000,
	0x00000000, 0x00000000, 0x00000000, 0x00000000, 0x00000000, 0x00000000, 0x00000000, 0x00000000, 0x00000000, 0x00000000, 0x00000000,
	0x00000000, 0x00000000, 0x00000000, 0x00000000, 0x00000000, 0x00000000, 0x00000000, 0x00000000, 0x00000000, 0x00000000, 0x00000000,
	0x00000000, 0x00000000, 0x00000000, 0x00000000, 0x00000000, 0x00000000, 0x00000000, 0x00000000, 0x00000000, 0x00000000, 0x00000000,
	0x00000000, 0x00000000, 0x00000000, 0x00000000, 0x00000000, 0x00000000, 0x00000000, 0x00000000, 0x00000000, 0x00000000, 0x00000000,
	0x00000000, 0x00000000, 0x00000000, 0x00000000, 0x00000000, 0x00000000, 0x00000000, 0x00000000, 0x00000000, 0x00000000, 0x00000000,
	0x00000000, 0x00000000, 0x00000000, 0x00000000, 0x00000000, 0x00000000, 0x00000000, 0x00000000, 0x00000000, 0x00000000, 0x00000000,
	0x00000000, 0x00000000, 0x00000000, 0x00000000, 0x00000000, 0x00000000, 0x00000000, 0x00000000, 0x00000000, 0x00000000, 0x00000000,
	0x00000000, 0x00000000, 0x00000000, 0x00000000, 0x00000000, 0x00000000, 0x00000000, 0x00000000, 0x00000000, 0x00000000, 0x00000000,
	0x00000000, 0x00000000, 0x00000000, 0x00000000, 0x00000000, 0x00000000, 0x00000000, 0x00000000, 0x00000000, 0x00000000, 0x00000000,
	0x00000000, 0x00000000, 0x00000000, 0x00000000, 0x00000000, 0x00000000, 0x00000000, 0x00000000, 0x00000000, 0x00000000, 0x00000000,
	0x00000000, 0x00000000, 0x00000000, 0x00000000, 0x00000000, 0x00000000, 0x00000000, 0x00000000, 0x00000000, 0x00000000, 0x00000000,
	0x00000000, 0x00000000, 0x00000000, 0x00000000, 0x00000000, 0x00000000, 0x00000000, 0x00000000, 0x00000000, 0x00000000, 0x00000000,
	0x00000000, 0x00000000, 0x00000000, 0x00000000, 0x00000000, 0x00000000, 0x00000000, 0x00000000, 0x00000000, 0x00000000, 0x00000000,
	0x00000000, 0x00000000, 0x00000000, 0x00000000, 0x00000000, 0x00000000, 0x00000000, 0x00000000, 0x00000000, 0x00000000, 0x00000000,
	0x00000000, 0x00000000, 0x00000000, 0x00000000, 0x00000000, 0x00000000, 0x00000000, 0x00000000, 0x00000000, 0x00000000, 0x00000000,
	0x00000000, 0x00000000, 0x00000000, 0x00000000, 0x00000000, 0x00000000, 0x00000000, 0x00000000, 0x00000000, 0x00000000, 0x00000000,
	0x00000000, 0x00000000, 0x00000000, 0x00000000, 0x00000000, 0x00000000, 0x00000000, 0x00000000, 0x00000000, 0x00000000, 0x00000000,
	0x00000000, 0x00000000, 0x00000000, 0x00000000, 0x00000000, 0x00000000, 0x00000000, 0x00000000, 0x00000000, 0x00000000, 0x00000000,
	0x00000000, 0x00000000, 0x00000000, 0x00000000, 0x00000000, 0x00000000, 0x00000000, 0x00000000, 0x00000000, 0x00000000, 0x00000000,
	0x00000000, 0x00000000, 0x00000000, 0x00000000, 0x00000000, 0x00000000, 0x00000000, 0x00000000, 0x00000000, 0x00000000, 0x00000000,
	0x00000000, 0x00000000, 0x00000000, 0x00000000, 0x00000000, 0x00000000, 0x00000000, 0x00000000, 0x00000000, 0x00000000, 0x00000000,
	0x00000000, 0x00000000, 0x00000000, 0x00000000, 0x00000000, 0x00000000, 0x00000000, 0x00000000, 0x00000000, 0x00000000, 0x00000000,
	0x00000000, 0x00000000, 0x00000000, 0x00000000, 0x00000000, 0x00000000, 0x00000000, 0x00000000, 0x00000000, 0x00000000, 0x00000000,
	0x00000000, 0x00000000, 0x00000000, 0x00000000, 0x00000000, 0x00000000, 0x00000000, 0x00000000, 0x00000000, 0x00000000, 0x00000000,
	0x00000000, 0x00000000, 0x00000000, 0x00000000, 0x00000000, 0x00000000, 0x00000000, 0x00000000, 0x00000000, 0x00000000, 0x00000000,
	0x00000000, 0x00000000, 0x00000000, 0x00000000, 0x00000000, 0x00000000, 0x00000000, 0x00000000, 0x00000000, 0x00000000, 0x00000000,
	0x00000000, 0x00000000, 0x00000000, 0x00000000, 0x00000000, 0x00000000, 0x00000000, 0x00000000, 0x00000000, 0x00000000, 0x00000000,
	0x00000000, 0x00000000, 0x00000000, 0x00000000, 0x00000000, 0x00000000, 0x00000000, 0x00000000, 0x00000000, 0x00000000, 0x00000000,
	0x00000000, 0x00000000, 0x00000000, 0x00000000, 0x00000000, 0x00000000, 0x00000000, 0x00000000, 0x00000000, 0x00000000, 0x00000000,
	0x00000000, 0x00000000, 0x00000000, 0x00000000, 0x00000000, 0x00000000, 0x00000000, 0x00000000, 0x00000000, 0x00000000, 0x00000000,
	0x00000000, 0x00000000, 0x00000000, 0x00000000, 0x00000000, 0x00000000, 0x00000000, 0x00000000, 0x00000000, 0x00000000, 0x00000000,
	0x00000000, 0x00000000, 0x00000000, 0x00000000, 0x00000000, 0x00000000, 0x00000000, 0x00000000, 0x00000000, 0x00000000, 0x00000000,
	0x00000000, 0x00000000, 0x00000000, 0x00000000, 0x00000000, 0x00000000, 0x00000000, 0x00000000, 0x00000000, 0x00000000, 0x00000000,
	0x00000000, 0x00000000, 0x00000000, 0x00000000, 0x00000000, 0x00000000, 0x00000000, 0x00000000, 0x00000000, 0x00000000, 0x00000000,
	0x00000000, 0x00000000, 0x00000000, 0x00000000, 0x00000000, 0x00000000, 0x00000000, 0x00000000, 0x00000000, 0x00000000, 0x00000000,
	0x00000000, 0x00000000, 0x00000000, 0x00000000, 0x00000000, 0x00000000, 0x00000000, 0x00000000, 0x00000000, 0x00000000, 0x00000000,
	0x00000000, 0x00000000, 0x00000000, 0x00000000, 0x00000000, 0x00000000, 0x00000000, 0x00000000, 0x00000000, 0x00000000, 0x00000000,
	0x00000000, 0x00000000, 0x00000000, 0x00000000, 0x00000000, 0x00000000, 0x00000000, 0x00000000, 0x00000000, 0x00000000, 0x00000000,
	0x00000000, 0x00000000, 0x00000000, 0x00000000, 0x00000000, 0x00000000, 0x00000000, 0x00000000, 0x00000000, 0x00000000, 0x00000000,
	0x00000000, 0x00000000, 0x00000000, 0x00000000, 0x00000000, 0x00000000, 0x00000000, 0x00000000, 0x00000000, 0x00000000, 0x00000000,
	0x00000000, 0x00000000, 0x00000000, 0x00000000, 0x00000000, 0x00000000, 0x00000000, 0x00000000, 0x00000000, 0x00000000, 0x00000000,
	0x00000000, 0x00000000, 0x00000000, 0x00000000, 0x00000000, 0x00000000, 0x00000000, 0x00000000, 0x00000000, 0x00000000, 0x00000000,
	0x00000000, 0x00000000, 0x00000000, 0x00000000, 0x00000000, 0x00000000, 0x00000000, 0x00000000, 0x00000000, 0x00000000, 0x00000000,
	0x00000000, 0x00000000, 0x00000000, 0x00000000, 0x00000000, 0x00000000, 0x00000000, 0x00000000, 0x00000000, 0x00000000, 0x00000000,
	0x00000000, 0x00000000, 0x00000000, 0x00000000, 0x00000000, 0x00000000, 0x00000000, 0x00000000, 0x00000000, 0x00000000, 0x00000000,
	0x00000000, 0x00000000, 0x00000000, 0x00000000, 0x00000000, 0x00000000, 0x00000000, 0x00000000, 0x00000000, 0x00000000, 0x00000000,
	0x00000000, 0x00000000, 0x00000000, 0x00000000, 0x00000000, 0x00000000, 0x00000000, 0x00000000, 0x00000000, 0x00000000, 0x00000000,
	0x00000000, 0x00000000, 0x00000000, 0x00000000, 0x00000000, 0x00000000, 0x00000000, 0x00000000, 0x00000000, 0x00000000, 0x00000000,
	0x00000000, 0x00000000, 0x00000000, 0x00000000, 0x00000000, 0x00000000, 0x00000000, 0x00000000, 0x00000000, 0x00000000, 0x00000000,
	0x00000000, 0x00000000, 0x00000000, 0x00000000, 0x00000000, 0x00000000, 0x00000000, 0x00000000, 0x00000000, 0x00000000, 0x00000000,
	0x00000000, 0x00000000, 0x00000000, 0x00000000, 0x00000000, 0x00000000, 0x00000000, 0x00000000, 0x00000000, 0x00000000, 0x00000000,
	0x00000000, 0x00000000, 0x00000000, 0x00000000, 0x00000000, 0x00000000, 0x00000000, 0x00000000, 0x00000000, 0x00000000, 0x00000000,
	0x00000000, 0x00000000, 0x00000000, 0x00000000, 0x00000000, 0x00000000, 0x00000000, 0x00000000, 0x00000000, 0x00000000, 0x00000000,
	0x00000000, 0x00000000, 0x00000000, 0x00000000, 0x00000000, 0x00000000, 0x00000000, 0x00000000, 0x00000000, 0x00000000, 0x00000000,
	0x00000000, 0x00000000, 0x00000000, 0x00000000, 0x00000000, 0x00000000, 0x00000000, 0x00000000, 0x00000000, 0x00000000, 0x00000000,
	0x00000000, 0x00000000, 0x00000000, 0x00000000, 0x00000000, 0x00000000, 0x00000000, 0x00000000, 0x00000000, 0x00000000, 0x00000000,
	0x00000000, 0x00000000, 0x00000000, 0x00000000, 0x00000000, 0x00000000, 0x00000000, 0x00000000, 0x00000000, 0x00000000, 0x00000000,
	0x00000000, 0x00000000, 0x00000000, 0x00000000, 0x00000000, 0x00000000, 0x00000000, 0x00000000, 0x00000000, 0x00000000, 0x00000000,
	0x00000000, 0x00000000, 0x00000000, 0x00000000, 0x00000000, 0x00000000, 0x00000000, 0x00000000, 0x00000000, 0x00000000, 0x00000000,
	0x00000000, 0x00000000, 0x00000000, 0x00000000, 0x00000000, 0x00000000, 0x00000000, 0x00000000, 0x00000000, 0x00000000, 0x00000000,
	0x00000000, 0x00000000, 0x00000000, 0x00000000, 0x00000000, 0x00000000, 0x00000000, 0x00000000, 0x00000000, 0x00000000, 0x00000000,
	0x00000000, 0x00000000, 0x00000000, 0x00000000, 0x00000000, 0x00000000, 0x00000000, 0x00000000, 0x00000000, 0x00000000, 0x00000000,
	0x00000000, 0x00000000, 0x00000000, 0x00000000, 0x00000000, 0x00000000, 0x00000000, 0x00000000, 0x00000000, 0x00000000, 0x00000000,
	0x00000000, 0x00000000, 0x00000000, 0x00000000, 0x00000000, 0x00000000, 0x00000000, 0x00000000, 0x00000000, 0x00000000, 0x00000000,
	0x00000000, 0x00000000, 0x00000000, 0x00000000, 0x00000000, 0x00000000, 0x00000000, 0x00000000, 0x00000000, 0x00000000, 0x00000000,
	0x00000000, 0x00000000, 0x00000000, 0x00000000, 0x00000000, 0x00000000, 0x00000000, 0x00000000, 0x00000000, 0x00000000, 0x00000000,
	0x00000000, 0x00000000, 0x00000000, 0x00000000, 0x00000000, 0x00000000, 0x00000000, 0x00000000, 0x00000000, 0x00000000, 0x00000000,
	0x00000000, 0x00000000, 0x00000000, 0x00000000, 0x00000000, 0x00000000, 0x00000000, 0x00000000, 0x00000000, 0x00000000, 0x00000000,
	0x00000000, 0x00000000, 0x00000000, 0x00000000, 0x00000000, 0x00000000, 0x00000000, 0x00000000, 0x00000000, 0x00000000, 0x00000000,
	0x00000000, 0x00000000, 0x00000000, 0x00000000, 0x00000000, 0x00000000, 0x00000000, 0x00000000, 0x00000000, 0x00000000, 0x00000000,
	0x00000000, 0x00000000, 0x00000000, 0x00000000, 0x00000000, 0x00000000, 0x00000000, 0x00000000, 0x00000000, 0x00000000, 0x00000000,
	0x00000000, 0x00000000, 0x00000000, 0x00000000, 0x00000000, 0x00000000, 0x00000000, 0x00000000, 0x00000000, 0x00000000, 0x00000000,
	0x00000000, 0x00000000, 0x00000000, 0x00000000, 0x00000000, 0x00000000, 0x00000000, 0x00000000, 0x00000000, 0x00000000, 0x00000000,
	0x00000000, 0x00000000, 0x00000000, 0x00000000, 0x00000000, 0x00000000, 0x00000000, 0x00000000, 0x00000000, 0x00000000, 0x00000000,
	0x00000000, 0x00000000, 0x00000000, 0x00000000, 0x00000000, 0x00000000, 0x00000000, 0x00000000, 0x00000000, 0x00000000, 0x00000000,
	0x00000000, 0x00000000, 0x00000000, 0x00000000, 0x00000000, 0x00000000, 0x00000000, 0x00000000, 0x00000000, 0x00000000, 0x00000000,
	0x00000000, 0x00000000, 0x00000000, 0x00000000, 0x00000000, 0x00000000, 0x00000000, 0x00000000, 0x00000000, 0x00000000, 0x00000000,
	0x00000000, 0x00000000, 0x00000000, 0x00000000, 0x00000000, 0x00000000, 0x00000000, 0x00000000, 0x00000000, 0x00000000, 0x00000000,
	0x00000000, 0x00000000, 0x00000000, 0x00000000, 0x00000000, 0x00000000, 0x00000000, 0x00000000, 0x00000000, 0x00000000, 0x00000000,
	0x00000000, 0x00000000, 0x00000000, 0x00000000, 0x00000000, 0x00000000, 0x00000000, 0x00000000, 0x00000000, 0x00000000, 0x00000000,
	0x00000000, 0x00000000, 0x00000000, 0x00000000, 0x00000000, 0x00000000, 0x00000000, 0x00000000, 0x00000000, 0x00000000, 0x00000000,
	0x00000000, 0x00000000, 0x00000000, 0x00000000, 0x00000000, 0x00000000, 0x00000000, 0x00000000, 0x00000000, 0x00000000, 0x00000000,
	0x00000000, 0x00000000, 0x00000000, 0x00000000, 0x00000000, 0x00000000, 0x00000000, 0x00000000, 0x00000000, 0x00000000, 0x00000000,
	0x00000000, 0x00000000, 0x00000000, 0x00000000, 0x00000000, 0x00000000, 0x00000000, 0x00000000, 0x00000000, 0x00000000, 0x00000000,
	0x00000000, 0x00000000, 0x00000000, 0x00000000, 0x00000000, 0x00000000, 0x00000000, 0x00000000, 0x00000000, 0x00000000, 0x00000000,
	0x00000000, 0x00000000, 0x00000000, 0x00000000, 0x00000000, 0x00000000, 0x00000000, 0x00000000, 0x00000000, 0x00000000, 0x00000000,
	0x00000000, 0x00000000, 0x00000000, 0x00000000, 0x00000000, 0x00000000, 0x00000000, 0x00000000, 0x00000000, 0x00000000, 0x00000000,
	0x00000000, 0x00000000, 0x00000000, 0x00000000, 0x00000000, 0x00000000, 0x00000000, 0x00000000, 0x00000000, 0x00000000, 0x00000000,
	0x00000000, 0x00000000, 0x00000000, 0x00000000, 0x00000000, 0x00000000, 0x00000000, 0x00000000, 0x00000000, 0x00000000, 0x00000000,
	0x00000000, 0x00000000, 0x00000000, 0x00000000, 0x00000000, 0x00000000, 0x00000000, 0x00000000, 0x00000000, 0x00000000, 0x00000000,
	0x00000000, 0x00000000, 0x00000000, 0x00000000, 0x00000000, 0x00000000, 0x00000000, 0x00000000, 0x00000000, 0x00000000, 0x00000000,
	0x00000000, 0x00000000, 0x00000000, 0x00000000, 0x00000000, 0x00000000, 0x00000000, 0x00000000, 0x00000000, 0x00000000, 0x00000000,
	0x00000000, 0x00000000, 0x00000000, 0x00000000, 0x00000000, 0x00000000, 0x00000000, 0x00000000, 0x00000000, 0x00000000, 0x00000000,
	0x00000000, 0x00000000, 0x00000000, 0x00000000, 0x00000000, 0x00000000, 0x00000000, 0x00000000, 0x00000000, 0x00000000, 0x00000000,
	0x00000000, 0x00000000, 0x00000000, 0x00000000, 0x00000000, 0x00000000, 0x00000000, 0x00000000, 0x00000000, 0x00000000, 0x00000000,
	0x00000000, 0x00000000, 0x00000000, 0x00000000, 0x00000000, 0x00000000, 0x00000000, 0x00000000, 0x00000000, 0x00000000, 0x00000000,
	0x00000000, 0x00000000, 0x00000000, 0x00000000, 0x00000000, 0x00000000, 0x00000000, 0x00000000, 0x00000000, 0x00000000, 0x00000000,
	0x00000000, 0x00000000, 0x00000000, 0x00000000, 0x00000000, 0x00000000, 0x00000000, 0x00000000, 0x00000000, 0x00000000, 0x00000000,
	0x00000000, 0x00000000, 0x00000000, 0x00000000, 0x00000000, 0x00000000, 0x00000000, 0x00000000, 0x00000000, 0x00000000, 0x00000000,
	0x00000000, 0x00000000, 0x00000000, 0x00000000, 0x00000000, 0x00000000, 0x00000000, 0x00000000, 0x00000000, 0x00000000, 0x00000000,
	0x00000000, 0x00000000, 0x00000000, 0x00000000, 0x00000000, 0x00000000, 0x00000000, 0x00000000, 0x00000000, 0x00000000, 0x00000000,
	0x00000000, 0x00000000, 0x00000000, 0x00000000, 0x00000000, 0x00000000, 0x00000000, 0x00000000, 0x00000000, 0x00000000, 0x00000000,
	0x00000000, 0x00000000, 0x00000000, 0x00000000, 0x00000000, 0x00000000, 0x00000000, 0x00000000, 0x00000000, 0x00000000, 0x00000000,
	0x00000000, 0x00000000, 0x00000000, 0x00000000, 0x00000000, 0x00000000, 0x00000000, 0x00000000, 0x00000000, 0x00000000, 0x00000000,
	0x00000000, 0x00000000, 0x00000000, 0x00000000, 0x00000000, 0x00000000, 0x00000000, 0x00000000, 0x00000000, 0x00000000, 0x00000000,
	0x00000000, 0x00000000, 0x00000000, 0x00000000, 0x00000000, 0x00000000, 0x00000000, 0x00000000, 0x00000000, 0x00000000, 0x00000000,
	0x00000000, 0x00000000, 0x00000000, 0x00000000, 0x00000000, 0x00000000, 0x00000000, 0x00000000, 0x00000000, 0x00000000, 0x00000000,
	0x00000000, 0x00000000, 0x00000000, 0x00000000, 0x00000000, 0x00000000, 0x00000000, 0x00000000, 0x00000000, 0x00000000, 0x00000000,
	0x00000000, 0x00000000, 0x00000000, 0x00000000, 0x00000000, 0x00000000, 0x00000000, 0x00000000, 0x00000000, 0x00000000, 0x00000000,
	0x00000000, 0x00000000, 0x00000000, 0x00000000, 0x00000000, 0x00000000, 0x00000000, 0x00000000, 0x00000000, 0x00000000, 0x00000000,
	0x00000000, 0x00000000, 0x00000000, 0x00000000, 0x00000000, 0x00000000, 0x00000000, 0x00000000, 0x00000000, 0x00000000, 0x00000000,
	0x00000000, 0x00000000, 0x00000000, 0x00000000, 0x00000000, 0x00000000, 0x00000000, 0x00000000, 0x00000000, 0x00000000, 0x00000000,
	0x00000000, 0x00000000, 0x00000000, 0x00000000, 0x00000000, 0x00000000, 0x00000000, 0x00000000, 0x00000000, 0x00000000, 0x00000000,
	0x00000000, 0x00000000, 0x00000000, 0x00000000, 0x00000000, 0x00000000, 0x00000000, 0x00000000, 0x00000000, 0x00000000, 0x00000000,
	0x00000000, 0x00000000, 0x00000000, 0x00000000, 0x00000000, 0x00000000, 0x00000000, 0x00000000, 0x00000000, 0x00000000, 0x00000000,
	0x00000000, 0x00000000, 0x00000000, 0x00000000, 0x00000000, 0x00000000, 0x00000000, 0x00000000, 0x00000000, 0x00000000, 0x00000000,
	0x00000000, 0x00000000, 0x00000000, 0x00000000, 0x00000000, 0x00000000, 0x00000000, 0x00000000, 0x00000000, 0x00000000, 0x00000000,
	0x00000000, 0x00000000, 0x00000000, 0x00000000, 0x00000000, 0x00000000, 0x00000000, 0x00000000, 0x00000000, 0x00000000, 0x00000000,
	0x00000000, 0x00000000, 0x00000000, 0x00000000, 0x00000000, 0x00000000, 0x00000000, 0x00000000, 0x00000000, 0x00000000, 0x00000000,
	0x00000000, 0x00000000, 0x00000000, 0x00000000, 0x00000000, 0x00000000, 0x00000000, 0x00000000, 0x00000000, 0x00000000, 0x00000000,
	0x00000000, 0x00000000, 0x00000000, 0x00000000, 0x00000000, 0x00000000, 0x00000000, 0x00000000, 0x00000000, 0x00000000, 0x00000000,
	0x00000000, 0x00000000, 0x00000000, 0x00000000, 0x00000000, 0x00000000, 0x00000000, 0x00000000, 0x00000000, 0x00000000, 0x00000000,
	0x00000000, 0x00000000, 0x00000000, 0x00000000, 0x00000000, 0x00000000, 0x00000000, 0x00000000, 0x00000000, 0x00000000, 0x00000000,
	0x00000000, 0x00000000, 0x00000000, 0x00000000, 0x00000000, 0x00000000, 0x00000000, 0x00000000, 0x00000000, 0x00000000, 0x00000000,
	0x00000000, 0x00000000, 0x00000000, 0x00000000, 0x00000000, 0x00000000, 0x00000000, 0x00000000, 0x00000000, 0x00000000, 0x00000000,
	0x00000000, 0x00000000, 0x00000000, 0x00000000, 0x00000000, 0x00000000, 0x00000000, 0x00000000, 0x00000000, 0x00000000, 0x00000000,
	0x00000000, 0x00000000, 0x00000000, 0x00000000, 0x00000000, 0x00000000, 0x00000000, 0x00000000, 0x00000000, 0x00000000, 0x00000000,
	0x00000000, 0x00000000, 0x00000000, 0x00000000, 0x00000000, 0x00000000, 0x00000000, 0x00000000, 0x00000000, 0x00000000, 0x00000000,
	0x00000000, 0x00000000, 0x00000000, 0x00000000, 0x00000000, 0x00000000, 0x00000000, 0x00000000, 0x00000000, 0x00000000, 0x00000000,
	0x00000000, 0x00000000, 0x00000000, 0x00000000, 0x00000000, 0x00000000, 0x00000000, 0x00000000, 0x00000000, 0x00000000, 0x00000000,
	0x00000000, 0x00000000, 0x00000000, 0x00000000, 0x00000000, 0x00000000, 0x00000000, 0x00000000, 0x00000000, 0x00000000, 0x00000000,
	0x00000000, 0x00000000, 0x00000000, 0x00000000, 0x00000000, 0x00000000, 0x00000000, 0x00000000, 0x00000000, 0x00000000, 0x00000000,
	0x00000000, 0x00000000, 0x00000000, 0x00000000, 0x00000000, 0x00000000, 0x00000000, 0x00000000, 0x00000000, 0x00000000, 0x00000000,
	0x00000000, 0x00000000, 0x00000000, 0x00000000, 0x00000000, 0x00000000, 0x00000000, 0x00000000, 0x00000000, 0x00000000, 0x00000000,
	0x00000000, 0x00000000, 0x00000000, 0x00000000, 0x00000000, 0x00000000, 0x00000000, 0x00000000, 0x00000000, 0x00000000, 0x00000000,
	0x00000000, 0x00000000, 0x00000000, 0x00000000, 0x00000000, 0x00000000, 0x00000000, 0x00000000, 0x00000000, 0x00000000, 0x00000000,
	0x00000000, 0x00000000, 0x00000000, 0x00000000, 0x00000000, 0x00000000, 0x00000000, 0x00000000, 0x00000000, 0x00000000, 0x00000000,
	0x00000000, 0x00000000, 0x00000000, 0x00000000, 0x00000000, 0x00000000, 0x00000000, 0x00000000, 0x00000000, 0x00000000, 0x00000000,
	0x00000000, 0x00000000, 0x00000000, 0x00000000, 0x00000000, 0x00000000, 0x00000000, 0x00000000, 0x00000000, 0x00000000, 0x00000000,
	0x00000000, 0x00000000, 0x00000000, 0x00000000, 0x00000000, 0x00000000, 0x00000000, 0x00000000, 0x00000000, 0x00000000, 0x00000000,
	0x00000000, 0x00000000, 0x00000000, 0x00000000, 0x00000000, 0x00000000, 0x00000000, 0x00000000, 0x00000000, 0x00000000, 0x00000000,
	0x00000000, 0x00000000, 0x00000000, 0x00000000, 0x00000000, 0x00000000, 0x00000000, 0x00000000, 0x00000000, 0x00000000, 0x00000000,
};
