#pragma once

static const unsigned int ui_select_size = 77602;
static const unsigned int ui_select_data[19401] =
{
	0x46464952, 0x00012F1A, 0x45564157, 0x20746D66, 0x00000010, 0x00020001, 0x0000AC44, 0x0002B110, 0x00100004, 0x5453494C, 0x00000052,
	0x4F464E49, 0x54524149, 0x0000000F, 0x68736F4A, 0x43206175, 0x65766968, 0x00007372, 0x4D414E49, 0x00000018, 0x69746F4E, 0x61636966,
	0x6E6F6974, 0x63202D20, 0x6B63696C, 0x00676E69, 0x54465349, 0x0000000E, 0x6676614C, 0x372E3835, 0x30312E36, 0x61640030, 0x2E9C6174,
	0x00000001, 0xFFFF0000, 0x0000FFFF, 0x00000000, 0x00000000, 0x00010000, 0x00000001, 0x00000000, 0x00000000, 0xFFFF0000, 0xFFFFFFFF,
	0x0000FFFF, 0x00000000, 0x00000000, 0xFFFF0000, 0x0000FFFF, 0x00000000, 0x00000000, 0x00000000, 0x00000000, 0xFFFF0000, 0xFFFFFFFF,
	0x0000FFFF, 0x00000000, 0x00000000, 0x00010000, 0x00010001, 0x00010001, 0x00010001, 0xFFFF0001, 0x0000FFFF, 0xFFFF0000, 0x0000FFFF,
	0xFFFF0000, 0xFFFFFFFF, 0x0000FFFF, 0x00000000, 0xFFFF0000, 0xFFFFFFFF, 0x0000FFFF, 0x00000000, 0x00000000, 0x00000000, 0x00000000,
	0x00010000, 0x00010001, 0x00010001, 0x00000001, 0x00000000, 0x00000000, 0x00000000, 0x00010000, 0x00000001, 0xFFFF0000, 0x0001FFFF,
	0x00000001, 0xFFFF0000, 0x0000FFFF, 0x00000000, 0xFFFF0000, 0x0000FFFF, 0x00000000, 0x00000000, 0x00000000, 0x00000000, 0x00000000,
	0x00000000, 0x00000000, 0x00010000, 0x00000001, 0x00000000, 0xFFFF0000, 0x0000FFFF, 0x00010000, 0x00000001, 0x00000000, 0x00010000,
	0x00000001, 0x00000000, 0x00000000, 0xFFFF0000, 0x0000FFFF, 0x00000000, 0xFFFF0000, 0x0000FFFF, 0x00000000, 0x00000000, 0x00000000,
	0xFFFF0000, 0xFFFFFFFF, 0x0000FFFF, 0x00000000, 0x00000000, 0x00000000, 0xFFFF0000, 0xFFFFFFFF, 0x0000FFFF, 0x00000000, 0x00010000,
	0x00000001, 0x00000000, 0xFFFF0000, 0xFFFFFFFF, 0x0000FFFF, 0x00000000, 0x00000000, 0x00010000, 0x00000001, 0x00000000, 0x00000000,
	0x00010000, 0x00000001, 0x00000000, 0x00000000, 0x00000000, 0xFFFF0000, 0xFFFFFFFF, 0x0000FFFF, 0x00000000, 0x00000000, 0x00000000,
	0x00000000, 0x00000000, 0x00000000, 0x00000000, 0x00000000, 0x00010000, 0x00000001, 0x00000000, 0x00000000, 0x00000000, 0x00010000,
	0x00010001, 0x00010001, 0x00000001, 0x00000000, 0xFFFF0000, 0x0000FFFF, 0xFFFF0000, 0x0000FFFF, 0x00000000, 0x00000000, 0x00000000,
	0x00010000, 0x00000001, 0x00000000, 0x00000000, 0x00000000, 0x00000000, 0x00000000, 0x00000000, 0xFFFF0000, 0x0000FFFF, 0xFFFF0000,
	0xFFFFFFFF, 0x0000FFFF, 0xFFFF0000, 0x0000FFFF, 0xFFFF0000, 0xFFFFFFFF, 0x0000FFFF, 0xFFFF0000, 0x0000FFFF, 0x00000000, 0xFFFF0000,
	0x0000FFFF, 0x00010000, 0x00000001, 0x00000000, 0x00000000, 0xFFFF0000, 0x0000FFFF, 0x00010000, 0x00000001, 0x00000000, 0x00000000,
	0x00000000, 0x00000000, 0xFFFF0000, 0x0000FFFF, 0x00000000, 0x00000000, 0x00010000, 0x00010001, 0x00010001, 0x00000001, 0x00000000,
	0x00010000, 0x00000001, 0x00000000, 0x00010000, 0x00010001, 0x00000001, 0x00010000, 0x00000001, 0xFFFF0000, 0x0000FFFF, 0x00000000,
	0x00000000, 0x00000000, 0xFFFF0000, 0x0000FFFF, 0x00000000, 0x00000000, 0x00000000, 0x00010000, 0x00000001, 0x00000000, 0x00000000,
	0x00010000, 0x00000001, 0xFFFF0000, 0x0000FFFF, 0x00010000, 0xFFFF0001, 0x0000FFFF, 0x00000000, 0xFFFF0000, 0xFFFFFFFF, 0xFFFFFFFF,
	0xFFFFFFFF, 0x0000FFFF, 0xFFFF0000, 0x0000FFFF, 0x00000000, 0x00000000, 0x00000000, 0x00010000, 0x00000001, 0x00000000, 0xFFFF0000,
	0x0000FFFF, 0x00000000, 0x00000000, 0x00000000, 0xFFFF0000, 0x0000FFFF, 0x00000000, 0x00000000, 0x00010000, 0x00010001, 0xFFFF0001,
	0x0000FFFF, 0x00000000, 0xFFFF0000, 0xFFFFFFFF, 0x0001FFFF, 0x00000001, 0x00000000, 0x00000000, 0x00000000, 0x00000000, 0x00000000,
	0x00000000, 0x00000000, 0x00000000, 0x00000000, 0x00000000, 0x00000000, 0x00010000, 0xFFFF0001, 0x0000FFFF, 0x00000000, 0x00000000,
	0x00000000, 0x00000000, 0xFFFF0000, 0x0001FFFF, 0x00000001, 0x00000000, 0x00010000, 0x00000001, 0xFFFF0000, 0xFFFFFFFF, 0x0000FFFF,
	0x00000000, 0x00000000, 0x00000000, 0x00000000, 0x00000000, 0x00000000, 0x00000000, 0x00000000, 0x00000000, 0x00000000, 0x00000000,
	0x00000000, 0x00000000, 0x00000000, 0x00000000, 0x00000000, 0x00000000, 0x00010000, 0x00000001, 0x00000000, 0x00000000, 0x00000000,
	0x00000000, 0x00010000, 0x00000001, 0x00000000, 0x00000000, 0x00000000, 0x00000000, 0x00010000, 0x00000001, 0x00000000, 0x00000000,
	0x00000000, 0x00000000, 0x00000000, 0x00000000, 0x00000000, 0x00000000, 0x00000000, 0x00000000, 0x00000000, 0x00000000, 0x00000000,
	0x00000000, 0x00000000, 0x00000000, 0xFFFF0000, 0x0000FFFF, 0xFFFF0000, 0x0000FFFF, 0xFFFF0000, 0x0000FFFF, 0x00000000, 0x00000000,
	0x00000000, 0x00000000, 0x00000000, 0x00000000, 0x00000000, 0x00000000, 0x00000000, 0x00000000, 0x00000000, 0x00000000, 0x00000000,
	0x00000000, 0x00000000, 0x00000000, 0x00010000, 0x00000001, 0x00000000, 0xFFFF0000, 0x0000FFFF, 0x00000000, 0x00000000, 0x00000000,
	0x00000000, 0x00010000, 0x00000001, 0x00000000, 0x00000000, 0x00000000, 0x00000000, 0x00010000, 0x00000001, 0x00000000, 0xFFFF0000,
	0x0000FFFF, 0x00000000, 0x00000000, 0x00000000, 0x00000000, 0x00000000, 0x00000000, 0x00010000, 0xFFFF0001, 0x0000FFFF, 0x00010000,
	0x00000001, 0x00000000, 0x00010000, 0x00000001, 0x00010000, 0x00000001, 0x00000000, 0x00000000, 0x00000000, 0x00000000, 0x00000000,
	0x00000000, 0xFFFF0000, 0x0001FFFF, 0xFFFF0001, 0xFFFFFFFF, 0x0000FFFF, 0xFFFF0000, 0x0000FFFF, 0x00010000, 0xFFFF0001, 0x0000FFFF,
	0x00000000, 0x00000000, 0x00000000, 0x00000000, 0x00010000, 0x00000001, 0x00000000, 0x00010000, 0x00000001, 0xFFFF0000, 0xFFFFFFFF,
	0xFFFFFFFF, 0xFFFFFFFF, 0x0000FFFF, 0x00000000, 0xFFFF0000, 0x0001FFFF, 0x00000001, 0x00000000, 0x00010000, 0x00000001, 0x00000000,
	0x00000000, 0x00000000, 0x00000000, 0x00000000, 0x00000000, 0x00010000, 0x00000001, 0x00000000, 0x00000000, 0x00000000, 0x00000000,
	0x00000000, 0xFFFF0000, 0x0000FFFF, 0x00000000, 0x00000000, 0x00010000, 0x00000001, 0x00000000, 0x00000000, 0x00000000, 0x00000000,
	0x00000000, 0xFFFF0000, 0x0000FFFF, 0x00000000, 0x00000000, 0x00000000, 0x00000000, 0x00000000, 0xFFFF0000, 0xFFFFFFFF, 0x0000FFFF,
	0x00000000, 0x00000000, 0x00000000, 0x00010000, 0xFFFF0001, 0x0000FFFF, 0x00000000, 0x00000000, 0x00000000, 0x00000000, 0x00000000,
	0x00000000, 0x00000000, 0x00000000, 0x00000000, 0xFFFF0000, 0x0000FFFF, 0x00000000, 0x00000000, 0xFFFF0000, 0x0000FFFF, 0x00000000,
	0x00000000, 0x00000000, 0xFFFF0000, 0x0000FFFF, 0x00000000, 0x00000000, 0x00000000, 0x00000000, 0x00000000, 0x00000000, 0x00000000,
	0x00000000, 0xFFFF0000, 0x0000FFFF, 0x00000000, 0x00000000, 0xFFFF0000, 0xFFFFFFFF, 0x0000FFFF, 0x00000000, 0x00000000, 0x00010000,
	0x00000001, 0x00000000, 0x00000000, 0x00000000, 0x00000000, 0x00000000, 0x00000000, 0x00010000, 0x00000001, 0x00000000, 0x00000000,
	0x00000000, 0x00000000, 0x00000000, 0x00000000, 0x00000000, 0x00000000, 0x00000000, 0x00000000, 0x00000000, 0x00000000, 0x00000000,
	0x00010000, 0x00000001, 0x00010000, 0x00000001, 0xFFFF0000, 0x0000FFFF, 0x00010000, 0xFFFF0001, 0x0000FFFF, 0xFFFF0000, 0xFFFFFFFF,
	0x0000FFFF, 0x00000000, 0x00000000, 0x00000000, 0x00000000, 0x00000000, 0x00010000, 0x00000001, 0x00000000, 0x00000000, 0x00000000,
	0x00000000, 0x00000000, 0x00000000, 0x00000000, 0x00000000, 0x00000000, 0x00000000, 0x00000000, 0xFFFF0000, 0x0000FFFF, 0xFFFF0000,
	0xFFFFFFFF, 0x0000FFFF, 0x00000000, 0x00000000, 0x00010000, 0x00000001, 0x00000000, 0x00000000, 0xFFFF0000, 0x0000FFFF, 0x00000000,
	0x00000000, 0x00000000, 0x00000000, 0x00000000, 0x00000000, 0x00000000, 0x00000000, 0x00000000, 0x00000000, 0xFFFF0000, 0x0000FFFF,
	0x00000000, 0x00000000, 0x00000000, 0x00010000, 0x00000001, 0x00000000, 0xFFFF0000, 0xFFFFFFFF, 0x0001FFFF, 0x00000001, 0x00000000,
	0x00000000, 0x00000000, 0x00000000, 0x00000000, 0x00000000, 0x00000000, 0x00010000, 0xFFFF0001, 0x0000FFFF, 0x00000000, 0xFFFF0000,
	0x0000FFFF, 0x00000000, 0x00000000, 0x00000000, 0x00000000, 0x00000000, 0x00000000, 0x00010000, 0x00000001, 0x00010000, 0x00000001,
	0xFFFF0000, 0x0001FFFF, 0x00000001, 0x00000000, 0x00000000, 0xFFFF0000, 0x0000FFFF, 0x00000000, 0xFFFF0000, 0x0000FFFF, 0x00000000,
	0x00000000, 0x00000000, 0x00000000, 0x00000000, 0x00000000, 0x00000000, 0x00000000, 0x00000000, 0x00000000, 0x00000000, 0x00000000,
	0x00010000, 0x00000001, 0x00000000, 0x00000000, 0x00000000, 0x00000000, 0x00010000, 0x00000001, 0x00000000, 0x00000000, 0xFFFF0000,
	0x0000FFFF, 0x00010000, 0xFFFF0001, 0x0000FFFF, 0x00000000, 0x00000000, 0x00010000, 0x00000001, 0x00000000, 0x00000000, 0x00000000,
	0x00000000, 0x00000000, 0x00000000, 0x00010000, 0x00000001, 0x00000000, 0x00000000, 0x00000000, 0x00000000, 0x00000000, 0x00000000,
	0x00000000, 0x00000000, 0x00000000, 0x00000000, 0x00000000, 0xFFFF0000, 0x0000FFFF, 0x00000000, 0x00000000, 0x00000000, 0x00000000,
	0x00010000, 0x00000001, 0xFFFF0000, 0x0001FFFF, 0x00000001, 0x00000000, 0x00010000, 0x00000001, 0x00000000, 0x00000000, 0x00000000,
	0x00010000, 0x00000001, 0x00000000, 0x00000000, 0xFFFF0000, 0xFFFFFFFF, 0x0000FFFF, 0x00000000, 0x00000000, 0x00000000, 0x00000000,
	0x00010000, 0xFFFF0001, 0x0000FFFF, 0x00000000, 0x00000000, 0xFFFF0000, 0x0000FFFF, 0x00000000, 0x00000000, 0x00000000, 0x00000000,
	0x00010000, 0x00000001, 0x00000000, 0x00000000, 0x00000000, 0x00010000, 0xFFFF0001, 0x0000FFFF, 0x00000000, 0x00000000, 0x00000000,
	0x00010000, 0x00000001, 0x00010000, 0x00000001, 0x00000000, 0x00000000, 0x00000000, 0x00000000, 0x00000000, 0x00000000, 0x00000000,
	0x00010000, 0x00000001, 0x00000000, 0x00010000, 0x00000001, 0x00010000, 0x00010001, 0x00000001, 0x00000000, 0x00000000, 0xFFFF0000,
	0x0000FFFF, 0x00000000, 0x00000000, 0x00000000, 0x00000000, 0x00000000, 0x00000000, 0x00000000, 0x00000000, 0x00000000, 0x00010000,
	0x00000001, 0x00000000, 0x00000000, 0x00000000, 0x00000000, 0x00000000, 0x00000000, 0x00000000, 0x00000000, 0x00000000, 0x00010000,
	0x00000001, 0xFFFF0000, 0x0000FFFF, 0x00000000, 0xFFFF0000, 0x0001FFFF, 0x00000001, 0xFFFF0000, 0x0000FFFF, 0x00000000, 0x00000000,
	0xFFFF0000, 0xFFFFFFFF, 0x0000FFFF, 0x00000000, 0x00000000, 0xFFFF0000, 0x0000FFFF, 0x00000000, 0x00000000, 0x00000000, 0x00010000,
	0x00000001, 0x00010000, 0x00010001, 0x00000001, 0x00000000, 0x00000000, 0x00000000, 0x00000000, 0xFFFF0000, 0x0000FFFF, 0x00000000,
	0x00000000, 0xFFFF0000, 0x0000FFFF, 0xFFFF0000, 0x0000FFFF, 0x00000000, 0x00000000, 0x00000000, 0x00000000, 0x00000000, 0x00010000,
	0x00000001, 0x00000000, 0xFFFF0000, 0x0000FFFF, 0xFFFF0000, 0xFFFFFFFF, 0x0001FFFF, 0x00000001, 0x00000000, 0x00010000, 0x00000001,
	0x00000000, 0x00000000, 0x00000000, 0x00000000, 0x00000000, 0x00000000, 0x00000000, 0x00000000, 0x00000000, 0x00000000, 0x00000000,
	0x00000000, 0x00000000, 0x00000000, 0x00000000, 0x00000000, 0x00000000, 0x00000000, 0x00000000, 0x00000000, 0x00000000, 0xFFFF0000,
	0x0000FFFF, 0x00000000, 0x00000000, 0x00000000, 0x00000000, 0x00000000, 0x00010000, 0x00000001, 0x00000000, 0x00000000, 0x00000000,
	0x00000000, 0xFFFF0000, 0x0000FFFF, 0x00010000, 0x00000001, 0x00000000, 0x00000000, 0x00000000, 0x00010000, 0xFFFF0001, 0x0000FFFF,
	0x00010000, 0xFFFF0001, 0xFFFFFFFF, 0x0000FFFF, 0xFFFF0000, 0x0000FFFF, 0x00000000, 0x00000000, 0x00000000, 0x00000000, 0x00000000,
	0x00000000, 0x00000000, 0x00000000, 0x00000000, 0x00000000, 0x00000000, 0x00000000, 0x00000000, 0xFFFF0000, 0xFFFFFFFF, 0x0000FFFF,
	0x00000000, 0xFFFF0000, 0x0000FFFF, 0x00010000, 0x00000001, 0x00000000, 0x00000000, 0x00000000, 0x00000000, 0x00000000, 0x00000000,
	0xFFFF0000, 0x0001FFFF, 0x00000001, 0x00000000, 0x00000000, 0x00010000, 0x00000001, 0x00000000, 0x00000000, 0x00010000, 0x00010001,
	0x00000001, 0x00000000, 0x00000000, 0x00000000, 0x00010000, 0x00000001, 0xFFFF0000, 0x0000FFFF, 0x00000000, 0x00000000, 0x00000000,
	0x00000000, 0x00000000, 0x00000000, 0x00000000, 0x00000000, 0x00000000, 0x00000000, 0x00010000, 0xFFFF0001, 0x0000FFFF, 0x00000000,
	0x00000000, 0x00000000, 0x00000000, 0x00010000, 0x00010001, 0x00000001, 0x00000000, 0x00000000, 0x00010000, 0x00010001, 0x00000001,
	0xFFFF0000, 0x0001FFFF, 0x00000001, 0x00000000, 0xFFFF0000, 0x0000FFFF, 0x00000000, 0x00000000, 0x00000000, 0xFFFF0000, 0x0000FFFF,
	0x00010000, 0x00000001, 0x00000000, 0xFFFF0000, 0x0000FFFF, 0x00010000, 0x00010001, 0x00010001, 0x00000001, 0x00000000, 0x00000000,
	0x00000000, 0x00000000, 0x00000000, 0x00010000, 0x00000001, 0x00000000, 0x00000000, 0x00010000, 0x00000001, 0x00010000, 0x00000001,
	0xFFFF0000, 0x0000FFFF, 0x00000000, 0x00000000, 0x00000000, 0xFFFF0000, 0x0000FFFF, 0x00000000, 0x00000000, 0xFFFF0000, 0x0000FFFF,
	0x00000000, 0x00010000, 0xFFFF0001, 0x0000FFFF, 0x00000000, 0x00000000, 0x00000000, 0x00000000, 0xFFFF0000, 0x0001FFFF, 0x00000001,
	0x00000000, 0x00000000, 0x00000000, 0x00000000, 0x00010000, 0x00000001, 0x00010000, 0x00000001, 0x00010000, 0x00010001, 0xFFFF0001,
	0x0000FFFF, 0x00000000, 0x00000000, 0x00000000, 0x00010000, 0xFFFF0001, 0x0000FFFF, 0xFFFF0000, 0x0001FFFF, 0x00010001, 0xFFFF0001,
	0x0000FFFF, 0x00000000, 0x00000000, 0x00010000, 0x00010001, 0x00000001, 0xFFFF0000, 0x0001FFFF, 0x00010001, 0x00000001, 0x00000000,
	0x00000000, 0xFFFF0000, 0x0000FFFF, 0x00000000, 0x00000000, 0x00000000, 0x00010000, 0xFFFF0001, 0xFFFFFFFF, 0x0000FFFF, 0x00000000,
	0x00000000, 0xFFFF0000, 0x0001FFFF, 0x00010001, 0xFFFF0001, 0x0000FFFF, 0x00010000, 0x00000001, 0x00000000, 0xFFFF0000, 0xFFFFFFFF,
	0x0000FFFF, 0x00000000, 0x00010000, 0x00000001, 0xFFFF0000, 0x0000FFFF, 0xFFFF0000, 0x0000FFFF, 0x00000000, 0x00000000, 0x00010000,
	0xFFFF0001, 0x0001FFFF, 0xFFFF0001, 0xFFFFFFFF, 0x0002FFFF, 0xFFFF0002, 0x0000FFFF, 0x00010000, 0x00000001, 0x00010000, 0x00000001,
	0xFFFF0000, 0xFFFFFFFF, 0xFFFFFFFF, 0x0000FFFF, 0xFFFF0000, 0xFFFFFFFF, 0x0002FFFF, 0x00000002, 0xFFFE0000, 0x0001FFFE, 0xFFFF0001,
	0x0000FFFF, 0x00010000, 0x00010001, 0x00000001, 0xFFFE0000, 0x0002FFFE, 0x00010002, 0xFFFF0001, 0xFFFFFFFF, 0x0000FFFF, 0xFFFE0000,
	0xFFFDFFFE, 0x0004FFFD, 0xFFFF0004, 0x0000FFFF, 0x00010000, 0x00010001, 0x00000001, 0xFFFD0000, 0x0001FFFD, 0xFFFF0001, 0x0001FFFF,
	0x00010001, 0x00010001, 0xFFFF0001, 0xFFFEFFFF, 0x0000FFFE, 0x00010000, 0xFFFE0001, 0x0000FFFE, 0xFFFF0000, 0xFFFDFFFF, 0x0002FFFD,
	0x00020002, 0x00000002, 0xFFFD0000, 0x0003FFFD, 0xFFFF0003, 0x0002FFFF, 0xFFFE0002, 0xFFFCFFFE, 0x0006FFFC, 0xFFFC0006, 0x0004FFFC,
	0x00000004, 0x00000000, 0x00010000, 0xFFFD0001, 0x0003FFFD, 0xFFFD0003, 0x0001FFFD, 0x00010001, 0x00020001, 0xFFFF0002, 0xFFFFFFFF,
	0x0001FFFF, 0xFFFC0001, 0xFFFFFFFC, 0x0001FFFF, 0xFFFD0001, 0x0003FFFD, 0x00060003, 0xFFFA0006, 0x0004FFFA, 0x00010004, 0xFFFD0001,
	0x0002FFFD, 0x00010002, 0xFFFE0001, 0x0004FFFE, 0x00090004, 0xFFFD0009, 0xFFFEFFFD, 0xFFFCFFFE, 0xFFFEFFFC, 0xFFFAFFFE, 0xFFFDFFFA,
	0x0009FFFD, 0x00010009, 0xFFFF0001, 0x0004FFFF, 0x00000004, 0xFFFA0000, 0x0006FFFA, 0xFFFE0006, 0xFFFDFFFE, 0x0007FFFD, 0x00020007,
	0x00010002, 0x00030001, 0xFFFF0003, 0xFFFDFFFF, 0x0003FFFD, 0xFFFB0003, 0x0000FFFB, 0xFFFF0000, 0x0004FFFF, 0xFFFF0004, 0xFFFEFFFF,
	0x0004FFFE, 0xFFFA0004, 0x0003FFFA, 0xFFFA0003, 0x0003FFFA, 0xFFFE0003, 0xFFFEFFFE, 0x0007FFFE, 0xFFF80007, 0x0004FFF8, 0xFFFF0004,
	0xFFFFFFFF, 0x0002FFFF, 0xFFFC0002, 0xFFFDFFFC, 0x0006FFFD, 0x00040006, 0xFFFA0004, 0x0003FFFA, 0x00010003, 0xFFFF0001, 0x0002FFFF,
	0x00000002, 0x00000000, 0xFFFF0000, 0x0001FFFF, 0x00020001, 0xFFFC0002, 0x0006FFFC, 0xFFFF0006, 0xFFF6FFFF, 0x0005FFF6, 0xFFFD0005,
	0x0005FFFD, 0xFFFD0005, 0xFFFEFFFD, 0x000BFFFE, 0xFFFA000B, 0xFFFFFFFA, 0xFFFEFFFF, 0xFFFFFFFE, 0xFFFDFFFF, 0x0002FFFD, 0x00020002,
	0xFFFB0002, 0x0004FFFB, 0xFFF90004, 0x0003FFF9, 0x00010003, 0xFFF90001, 0x0006FFF9, 0xFFF90006, 0x0006FFF9, 0x00050006, 0xFFFC0005,
	0x0005FFFC, 0x00000005, 0x00050000, 0x00030005, 0xFFFA0003, 0x0002FFFA, 0x00000002, 0xFFFA0000, 0x000AFFFA, 0xFFF9000A, 0xFFF7FFF9,
	0x000CFFF7, 0xFFF7000C, 0xFFFEFFF7, 0x0003FFFE, 0xFFFE0003, 0x0003FFFE, 0xFFFC0003, 0x0004FFFC, 0xFFFB0004, 0xFFF8FFFB, 0x0007FFF8,
	0xFFFC0007, 0x0000FFFC, 0x00020000, 0x00020002, 0x00070002, 0x00020007, 0x00050002, 0xFFFA0005, 0xFFFEFFFA, 0xFFFFFFFE, 0x0005FFFF,
	0xFFFE0005, 0x0005FFFE, 0x00030005, 0xFFF90003, 0x0007FFF9, 0xFFF80007, 0x0005FFF8, 0xFFFC0005, 0x0005FFFC, 0xFFFD0005, 0x0001FFFD,
	0x00010001, 0xFFF10001, 0x000CFFF1, 0xFFF4000C, 0x0004FFF4, 0xFFFC0004, 0x0007FFFC, 0x00040007, 0x00010004, 0x000B0001, 0xFFFA000B,
	0x0001FFFA, 0xFFFE0001, 0x0010FFFE, 0xFFEF0010, 0x0002FFEF, 0x000A0002, 0xFFFB000A, 0xFFFCFFFB, 0xFFFBFFFC, 0x0003FFFB, 0xFFFA0003,
	0xFFFBFFFA, 0x0000FFFB, 0x000C0000, 0xFFFB000C, 0xFFFFFFFB, 0xFFFCFFFF, 0x0014FFFC, 0xFFEF0014, 0xFFF8FFEF, 0x000BFFF8, 0xFFF4000B,
	0x0005FFF4, 0xFFFB0005, 0x000DFFFB, 0x0000000D, 0x000C0000, 0xFFF1000C, 0x0013FFF1, 0xFFF40013, 0xFFF4FFF4, 0x0011FFF4, 0xFFEB0011,
	0x0017FFEB, 0xFFF60017, 0xFFFAFFF6, 0x0006FFFA, 0x00030006, 0xFFEE0003, 0x0016FFEE, 0xFFDE0016, 0x0005FFDE, 0x000F0005, 0xFFEC000F,
	0x0015FFEC, 0xFFDA0015, 0x002BFFDA, 0xFFEE002B, 0x0015FFEE, 0xFFFF0015, 0xFFFDFFFF, 0x000BFFFD, 0xFFF1000B, 0x000FFFF1, 0xFFF7000F,
	0x0019FFF7, 0xFFDB0019, 0x0013FFDB, 0xFFDD0013, 0x0014FFDD, 0xFFF40014, 0xFFFBFFF4, 0x0010FFFB, 0xFFF50010, 0x001FFFF5, 0xFFE2001F,
	0x0024FFE2, 0xFFE20024, 0x001AFFE2, 0xFFDF001A, 0x0009FFDF, 0x00090009, 0xFFFD0009, 0x0006FFFD, 0xFFF70006, 0x0011FFF7, 0xFFED0011,
	0x0028FFED, 0xFFB80028, 0x0038FFB8, 0xFFE40038, 0x000CFFE4, 0xFFF9000C, 0xFFEAFFF9, 0x0013FFEA, 0xFFED0013, 0x001BFFED, 0xFFDC001B,
	0x0033FFDC, 0xFFC50033, 0x0045FFC5, 0xFFCF0045, 0x001FFFCF, 0x0008001F, 0xFFEC0008, 0x0011FFEC, 0xFFE10011, 0x004AFFE1, 0xFFAD004A,
	0x0048FFAD, 0xFFC20048, 0x003EFFC2, 0xFFD6003E, 0x000EFFD6, 0x0000000E, 0xFFDF0000, 0x002FFFDF, 0xFFB5002F, 0x0051FFB5, 0xFFA30051,
	0x004FFFA3, 0xFFB8004F, 0x0038FFB8, 0xFFDB0038, 0xFFFEFFDB, 0x0029FFFE, 0xFFCC0029, 0x004CFFCC, 0xFFBC004C, 0x0059FFBC, 0xFFB30059,
	0x0054FFB3, 0xFFC30054, 0x0023FFC3, 0xFFDC0023, 0x001AFFDC, 0x0019001A, 0xFFCC0019, 0x003BFFCC, 0xFFA6003B, 0x0072FFA6, 0xFF7B0072,
	0x0066FF7B, 0xFFA00066, 0x0032FFA0, 0xFFE20032, 0xFFF8FFE2, 0x001CFFF8, 0xFFB9001C, 0x006EFFB9, 0xFF82006E, 0x0090FF82, 0xFF770090,
	0x008DFF77, 0xFFA3008D, 0x0038FFA3, 0xFFF10038, 0xFFF1FFF1, 0x004DFFF1, 0xFF94004D, 0x00A2FF94, 0xFF5800A2, 0x009AFF58, 0xFF64009A,
	0x0081FF64, 0xFF920081, 0x0035FF92, 0xFFFA0035, 0xFFD5FFFA, 0x006DFFD5, 0xFF56006D, 0x00BBFF56, 0xFF2700BB, 0x00CAFF27, 0xFF3600CA,
	0x00A5FF36, 0xFF9800A5, 0x001AFF98, 0x002E001A, 0xFFA6002E, 0x00A5FFA6, 0xFF2D00A5, 0x0119FF2D, 0xFEC80119, 0x0130FEC8, 0xFEF80130,
	0x00B7FEF8, 0xFF7400B7, 0x003EFF74, 0x0037003E, 0xFF210037, 0xFFF6FF21, 0xFFA8FFF6, 0x0807FFA8, 0xE9420807, 0xFA7AE942, 0x2464FA7A,
	0x11982464, 0x09BB1198, 0xFBD209BB, 0xEF70FBD2, 0xEC85EF70, 0xE774EC85, 0xEE95E774, 0xF1F9EE95, 0xF760F1F9, 0xFC26F760, 0x0092FC26,
	0x077B0092, 0x0A5E077B, 0x10920A5E, 0x116D1092, 0x13FF116D, 0x11FC13FF, 0x101611FC, 0x0E871016, 0x0AB00E87, 0x09E00AB0, 0x05EF09E0,
	0x0CC505EF, 0xE2840CC5, 0xF334E284, 0x2CB1F334, 0x07EE2CB1, 0xF83C07EE, 0xE41DF83C, 0xD1E0E41D, 0xD1F7D1E0, 0xCEDED1F7, 0xDD40CEDE,
	0xE1ACDD40, 0xECEAE1AC, 0xF3CFECEA, 0xFEE0F3CF, 0x08F6FEE0, 0x120E08F6, 0x1B44120E, 0x207C1B44, 0x25CE207C, 0x24B325CE, 0x253124B3,
	0x21AF2531, 0x205621AF, 0x1B822056, 0x167E1B82, 0x104D167E, 0x08D7104D, 0x022708D7, 0xFA5A0227, 0xF427FA5A, 0xED2DF427, 0xE89BED2D,
	0xE38EE89B, 0xE147E38E, 0xDF1DE147, 0xDF01DF1D, 0xDF9CDF01, 0xE193DF9C, 0xE502E193, 0xE8A9E502, 0xEE75E8A9, 0xF3B6EE75, 0xFA81F3B6,
	0x0093FA81, 0x07360093, 0x0CFE0736, 0x12810CFE, 0x16C31281, 0x1A4D16C3, 0x1C9C1A4D, 0x1D671C9C, 0x1DB71D67, 0x1C5C1DB7, 0x1AC51C5C,
	0x179F1AC5, 0x1458179F, 0x0F8F1458, 0x0AD40F8F, 0x057A0AD4, 0x0015057A, 0xFAB00015, 0xF54AFAB0, 0xF0EAF54A, 0xEC99F0EA, 0xE987EC99,
	0xE6CEE987, 0xE598E6CE, 0xE4CAE598, 0xE570E4CA, 0xE6BDE570, 0xE91FE6BD, 0xEC8AE91F, 0xF066EC8A, 0xF53EF066, 0xFA3FF53E, 0xFFA6FA3F,
	0x049BFFA6, 0x09C8049B, 0x0DF009C8, 0x11EC0DF0, 0x14E711EC, 0x171814E7, 0x18851718, 0x18C81885, 0x183218C8, 0x169A1832, 0x145E169A,
	0x10D4145E, 0x0D1D10D4, 0x08A30D1D, 0x042608A3, 0xFF4A0426, 0xFAD9FF4A, 0xF693FAD9, 0xF2DCF693, 0xF01EF2DC, 0xED74F01E, 0xEBF8ED74,
	0xEB01EBF8, 0xEB3CEB01, 0xEBD0EB3C, 0xED41EBD0, 0xEF72ED41, 0xF23FEF72, 0xF53DF23F, 0xF874F53D, 0xFC40F874, 0xFFB2FC40, 0x0381FFB2,
	0x06D20381, 0x09D906D2, 0x0C7A09D9, 0x0EE70C7A, 0x10B60EE7, 0x11D610B6, 0x126011D6, 0x12441260, 0x11611244, 0x0FCC1161, 0x0DCF0FCC,
	0x0ADB0DCF, 0x07FD0ADB, 0x046907FD, 0x00BB0469, 0xFD2D00BB, 0xF9C5FD2D, 0xF69DF9C5, 0xF3B4F69D, 0xF1CBF3B4, 0xEFFDF1CB, 0xEF15EFFD,
	0xEED5EF15, 0xEF20EED5, 0xF019EF20, 0xF1B9F019, 0xF3C1F1B9, 0xF62DF3C1, 0xF910F62D, 0xFBF0F910, 0xFF4CFBF0, 0x025AFF4C, 0x053E025A,
	0x0817053E, 0x0A480817, 0x0C3B0A48, 0x0DA20C3B, 0x0E3C0DA2, 0x0E7E0E3C, 0x0E0D0E7E, 0x0CF20E0D, 0x0B910CF2, 0x0A020B91, 0x083B0A02,
	0x05FE083B, 0x039205FE, 0x012F0392, 0xFEF1012F, 0xFC73FEF1, 0xFA54FC73, 0xF899FA54, 0xF6D2F899, 0xF58CF6D2, 0xF499F58C, 0xF417F499,
	0xF41BF417, 0xF48CF41B, 0xF564F48C, 0xF6C2F564, 0xF83CF6C2, 0xFA28F83C, 0xFC55FA28, 0xFE67FC55, 0x00C0FE67, 0x02CF00C0, 0x04DB02CF,
	0x066004DB, 0x07D50660, 0x092E07D5, 0x09C5092E, 0x0A4009C5, 0x0A6B0A40, 0x0A5B0A6B, 0x09B60A5B, 0x08A709B6, 0x074108A7, 0x05B90741,
	0x041105B9, 0x02210411, 0x006F0221, 0xFE80006F, 0xFCF6FE80, 0xFB82FCF6, 0xFA07FB82, 0xF91DFA07, 0xF81FF91D, 0xF793F81F, 0xF79FF793,
	0xF7BCF79F, 0xF82EF7BC, 0xF90AF82E, 0xFA2DF90A, 0xFBABFA2D, 0xFD13FBAB, 0xFE89FD13, 0x0013FE89, 0x01760013, 0x02D00176, 0x03E902D0,
	0x04FB03E9, 0x05A804FB, 0x062805A8, 0x069F0628, 0x06A3069F, 0x066C06A3, 0x061A066C, 0x05AE061A, 0x04D805AE, 0x042604D8, 0x03500426,
	0x022B0350, 0x0132022B, 0x00070132, 0xFEDE0007, 0xFDE6FEDE, 0xFD1AFDE6, 0xFC3FFD1A, 0xFB76FC3F, 0xFB02FB76, 0xFAADFB02, 0xFA7DFAAD,
	0xFAA8FA7D, 0xFB1DFAA8, 0xFB9EFB1D, 0xFC38FB9E, 0xFD01FC38, 0xFDE1FD01, 0xFEA7FDE1, 0xFF91FEA7, 0x0098FF91, 0x01800098, 0x02340180,
	0x02E40234, 0x036E02E4, 0x03BC036E, 0x042803BC, 0x043A0428, 0x0420043A, 0x03F80420, 0x039803F8, 0x03020398, 0x02570302, 0x01C00257,
	0x00E201C0, 0x001C00E2, 0xFF51001C, 0xFE7FFF51, 0xFDCDFE7F, 0xFD2AFDCD, 0xFCBAFD2A, 0xFC57FCBA, 0xFC2EFC57, 0xFC33FC2E, 0xFC61FC33,
	0xFCAEFC61, 0xFD00FCAE, 0xFD77FD00, 0xFE1DFD77, 0xFEA0FE1D, 0xFF30FEA0, 0xFFD0FF30, 0x003BFFD0, 0x00D5003B, 0x014000D5, 0x01970140,
	0x01EF0197, 0x021401EF, 0x02380214, 0x023B0238, 0x022B023B, 0x01F1022B, 0x01B201F1, 0x016D01B2, 0x0114016D, 0x009D0114, 0x000F009D,
	0xFFA0000F, 0xFF2BFFA0, 0xFEC0FF2B, 0xFE66FEC0, 0xFE2FFE66, 0xFE11FE2F, 0xFE00FE11, 0xFE13FE00, 0xFE27FE13, 0xFE56FE27, 0xFE93FE56,
	0xFED4FE93, 0xFF33FED4, 0xFF91FF33, 0xFFEBFF91, 0x0043FFEB, 0x00800043, 0x00AA0080, 0x00D000AA, 0x00E100D0, 0x00D400E1, 0x00C800D4,
	0x00B500C8, 0x009000B5, 0x00610090, 0x003C0061, 0x0018003C, 0xFFF50018, 0xFFD5FFF5, 0xFFB4FFD5, 0xFFA5FFB4, 0xFF8FFFA5, 0xFF8DFF8F,
	0xFF89FF8D, 0xFF82FF89, 0xFF8AFF82, 0xFF89FF8A, 0xFF9FFF89, 0xFFBEFF9F, 0xFFE5FFBE, 0x0014FFE5, 0x00490014, 0x00810049, 0x00B80081,
	0x00E300B8, 0x00FE00E3, 0x011200FE, 0x01090112, 0x00FB0109, 0x00DA00FB, 0x00AD00DA, 0x007A00AD, 0x0038007A, 0xFFFB0038, 0xFFB6FFFB,
	0xFF77FFB6, 0xFF42FF77, 0xFF15FF42, 0xFEF0FF15, 0xFED2FEF0, 0xFEC4FED2, 0xFEC5FEC4, 0xFED8FEC5, 0xFEF3FED8, 0xFF1AFEF3, 0xFF51FF1A,
	0xFF8BFF51, 0xFFCBFF8B, 0x0011FFCB, 0x00540011, 0x00940054, 0x00D00094, 0x010400D0, 0x01340104, 0x015B0134, 0x0176015B, 0x01880176,
	0x018B0188, 0x0182018B, 0x016B0182, 0x0148016B, 0x01180148, 0x00DD0118, 0x009600DD, 0x00440096, 0xFFF10044, 0xFFA0FFF1, 0xFF54FFA0,
	0xFF11FF54, 0xFED8FF11, 0xFEAEFED8, 0xFE94FEAE, 0xFE8AFE94, 0xFE95FE8A, 0xFEB5FE95, 0xFEDEFEB5, 0xFF14FEDE, 0xFF52FF14, 0xFF96FF52,
	0xFFE2FF96, 0x002FFFE2, 0x007F002F, 0x00CA007F, 0x010E00CA, 0x014B010E, 0x017E014B, 0x01A3017E, 0x01B801A3, 0x01BA01B8, 0x01AD01BA,
	0x019201AD, 0x01680192, 0x01360168, 0x00F80136, 0x00B000F8, 0x006000B0, 0x000B0060, 0xFFB6000B, 0xFF64FFB6, 0xFF1AFF64, 0xFEDCFF1A,
	0xFEACFEDC, 0xFE88FEAC, 0xFE75FE88, 0xFE73FE75, 0xFE83FE73, 0xFEA4FE83, 0xFED2FEA4, 0xFF0CFED2, 0xFF50FF0C, 0xFF9FFF50, 0xFFF3FF9F,
	0x0049FFF3, 0x009A0049, 0x00E4009A, 0x012500E4, 0x01550125, 0x01780155, 0x018C0178, 0x018F018C, 0x0186018F, 0x016D0186, 0x0149016D,
	0x01190149, 0x00DF0119, 0x00A200DF, 0x006100A2, 0x001C0061, 0xFFD4001C, 0xFF8DFFD4, 0xFF4CFF8D, 0xFF13FF4C, 0xFEE3FF13, 0xFEC0FEE3,
	0xFEA9FEC0, 0xFEA0FEA9, 0xFEA4FEA0, 0xFEB8FEA4, 0xFED9FEB8, 0xFF08FED9, 0xFF3EFF08, 0xFF7CFF3E, 0xFFBDFF7C, 0xFFFEFFBD, 0x003DFFFE,
	0x007A003D, 0x00B2007A, 0x00E100B2, 0x010400E1, 0x011B0104, 0x0126011B, 0x01270126, 0x011C0127, 0x0105011C, 0x00E10105, 0x00B400E1,
	0x007D00B4, 0x0043007D, 0x00070043, 0xFFCC0007, 0xFF95FFCC, 0xFF63FF95, 0xFF39FF63, 0xFF19FF39, 0xFF04FF19, 0xFEFCFF04, 0xFEFFFEFC,
	0xFF0BFEFF, 0xFF21FF0B, 0xFF3AFF21, 0xFF5BFF3A, 0xFF7FFF5B, 0xFFA8FF7F, 0xFFD3FFA8, 0xFFFAFFD3, 0x001EFFFA, 0x003F001E, 0x005A003F,
	0x006F005A, 0x007F006F, 0x0088007F, 0x008A0088, 0x0082008A, 0x00760082, 0x00640076, 0x00500064, 0x003A0050, 0x0020003A, 0x00080020,
	0xFFEE0008, 0xFFD4FFEE, 0xFFBEFFD4, 0xFFACFFBE, 0xFF9FFFAC, 0xFF96FF9F, 0xFF93FF96, 0xFF92FF93, 0xFF97FF92, 0xFF9FFF97, 0xFFAAFF9F,
	0xFFBAFFAA, 0xFFC8FFBA, 0xFFD5FFC8, 0xFFE1FFD5, 0xFFEDFFE1, 0xFFF9FFED, 0x0003FFF9, 0x000C0003, 0x0013000C, 0x00180013, 0x001A0018,
	0x0019001A, 0x00160019, 0x00110016, 0x000E0011, 0x0006000E, 0xFFFD0006, 0xFFF3FFFD, 0xFFE9FFF3, 0xFFE1FFE9, 0xFFDBFFE1, 0xFFD6FFDB,
	0xFFD3FFD6, 0xFFD3FFD3, 0xFFD5FFD3, 0xFFD7FFD5, 0xFFDDFFD7, 0xFFE5FFDD, 0xFFEEFFE5, 0xFFF9FFEE, 0x0002FFF9, 0x00080002, 0x000E0008,
	0x0013000E, 0x00180013, 0x00190018, 0x00190019, 0x00150019, 0x00100015, 0x00080010, 0xFFFE0008, 0xFFF7FFFE, 0xFFEFFFF7, 0xFFE8FFEF,
	0xFFE0FFE8, 0xFFD8FFE0, 0xFFD1FFD8, 0xFFCEFFD1, 0xFFCDFFCE, 0xFFCEFFCD, 0xFFD3FFCE, 0xFFD6FFD3, 0xFFDCFFD6, 0xFFE5FFDC, 0xFFEFFFE5,
	0xFFF9FFEF, 0x0005FFF9, 0x00140005, 0x001F0014, 0x0027001F, 0x00300027, 0x00350030, 0x003A0035, 0x003D003A, 0x003C003D, 0x0036003C,
	0x002D0036, 0x0024002D, 0x00170024, 0x00090017, 0xFFFD0009, 0xFFF0FFFD, 0xFFE3FFF0, 0xFFD4FFE3, 0xFFC8FFD4, 0xFFBFFFC8, 0xFFBAFFBF,
	0xFFB9FFBA, 0xFFBCFFB9, 0xFFBFFFBC, 0xFFC6FFBF, 0xFFD1FFC6, 0xFFDCFFD1, 0xFFEAFFDC, 0xFFFBFFEA, 0x000DFFFB, 0x001B000D, 0x002A001B,
	0x0035002A, 0x003F0035, 0x0047003F, 0x004B0047, 0x004C004B, 0x0048004C, 0x00410048, 0x00390041, 0x002C0039, 0x0021002C, 0x00140021,
	0x00070014, 0xFFFB0007, 0xFFEFFFFB, 0xFFE2FFEF, 0xFFD9FFE2, 0xFFD4FFD9, 0xFFD2FFD4, 0xFFD0FFD2, 0xFFD2FFD0, 0xFFD5FFD2, 0xFFDCFFD5,
	0xFFE3FFDC, 0xFFECFFE3, 0xFFF6FFEC, 0x0004FFF6, 0x00110004, 0x001A0011, 0x0022001A, 0x00280022, 0x00300028, 0x00340030, 0x00360034,
	0x00360036, 0x00330036, 0x002D0033, 0x0026002D, 0x001D0026, 0x0015001D, 0x000D0015, 0x0006000D, 0xFFFF0006, 0xFFF5FFFF, 0xFFEFFFF5,
	0xFFECFFEF, 0xFFEBFFEC, 0xFFEBFFEB, 0xFFEDFFEB, 0xFFEFFFED, 0xFFF2FFEF, 0xFFF6FFF2, 0xFFFCFFF6, 0x0002FFFC, 0x000A0002, 0x0011000A,
	0x00160011, 0x001A0016, 0x001C001A, 0x0020001C, 0x00210020, 0x00210021, 0x00210021, 0x001E0021, 0x001A001E, 0x0014001A, 0x000F0014,
	0x000A000F, 0x0008000A, 0x00050008, 0x00020005, 0xFFFE0002, 0xFFFBFFFE, 0xFFFBFFFB, 0xFFFBFFFB, 0xFFFEFFFB, 0xFFFEFFFE, 0x0002FFFE,
	0x00040002, 0x00050004, 0x00090005, 0x000A0009, 0x0010000A, 0x00130010, 0x00130013, 0x00130013, 0x00110013, 0x00100011, 0x00100010,
	0x000F0010, 0x000C000F, 0x0009000C, 0x00050009, 0x00030005, 0x00000003, 0xFFFF0000, 0xFFFEFFFF, 0xFFFEFFFE, 0xFFFEFFFE, 0xFFFCFFFE,
	0xFFFCFFFC, 0xFFFBFFFC, 0x0000FFFB, 0x00050000, 0x00070005, 0x00080007, 0x00080008, 0x000A0008, 0x000B000A, 0x000B000B, 0x000D000B,
	0x000E000D, 0x000D000E, 0x000B000D, 0x0008000B, 0x00050008, 0x00040005, 0x00030004, 0x00020003, 0x00000002, 0xFFFC0000, 0xFFFAFFFC,
	0xFFF9FFFA, 0xFFF8FFF9, 0xFFFAFFF8, 0xFFFBFFFA, 0xFFFDFFFB, 0xFFFDFFFD, 0xFFFDFFFD, 0xFFFDFFFD, 0x0000FFFD, 0x00020000, 0x00040002,
	0x00040004, 0x00040004, 0x00020004, 0x00020002, 0x00030002, 0x00020003, 0x00040002, 0x00030004, 0x00010003, 0xFFFE0001, 0xFFFCFFFE,
	0xFFFDFFFC, 0xFFFCFFFD, 0xFFFDFFFC, 0xFFFBFFFD, 0xFFF9FFFB, 0xFFF7FFF9, 0xFFF8FFF7, 0xFFF9FFF8, 0xFFF9FFF9, 0xFFFBFFF9, 0xFFFCFFFB,
	0xFFFCFFFC, 0xFFFBFFFC, 0xFFFBFFFB, 0xFFFCFFFB, 0xFFFEFFFC, 0xFFFFFFFE, 0xFFFEFFFF, 0xFFFCFFFE, 0xFFFBFFFC, 0xFFFCFFFB, 0xFFFDFFFC,
	0xFFFDFFFD, 0xFFFCFFFD, 0xFFFAFFFC, 0xFFF8FFFA, 0xFFF8FFF8, 0xFFF9FFF8, 0xFFF9FFF9, 0xFFFAFFF9, 0xFFFAFFFA, 0xFFFAFFFA, 0xFFF8FFFA,
	0xFFF8FFF8, 0xFFF8FFF8, 0xFFFAFFF8, 0xFFFBFFFA, 0xFFFBFFFB, 0xFFF8FFFB, 0xFFF8FFF8, 0xFFFAFFF8, 0xFFFBFFFA, 0xFFFCFFFB, 0xFFFAFFFC,
	0xFFF9FFFA, 0xFFF8FFF9, 0xFFF9FFF8, 0xFFFAFFF9, 0xFFFAFFFA, 0xFFFBFFFA, 0xFFFBFFFB, 0xFFFAFFFB, 0xFFF8FFFA, 0xFFF8FFF8, 0xFFF8FFF8,
	0xFFF9FFF8, 0xFFFBFFF9, 0xFFF9FFFB, 0xFFF8FFF9, 0xFFF8FFF8, 0xFFF7FFF8, 0xFFF9FFF7, 0xFFF9FFF9, 0xFFF9FFF9, 0xFFFAFFF9, 0xFFF9FFFA,
	0xFFFAFFF9, 0xFFF9FFFA, 0xFFFAFFF9, 0xFFFBFFFA, 0xFFFBFFFB, 0xFFFAFFFB, 0xFFF9FFFA, 0xFFF9FFF9, 0xFFF9FFF9, 0xFFFCFFF9, 0xFFFBFFFC,
	0xFFFBFFFB, 0xFFFAFFFB, 0xFFFAFFFA, 0xFFFBFFFA, 0xFFFBFFFB, 0xFFFDFFFB, 0xFFFCFFFD, 0xFFFBFFFC, 0xFFFBFFFB, 0xFFFBFFFB, 0xFFFCFFFB,
	0xFFFDFFFC, 0xFFFCFFFD, 0xFFFBFFFC, 0xFFFBFFFB, 0xFFFBFFFB, 0xFFFBFFFB, 0xFFFDFFFB, 0xFFFCFFFD, 0xFFFCFFFC, 0xFFFDFFFC, 0xFFFBFFFD,
	0xFFFCFFFB, 0xFFFCFFFC, 0xFFFDFFFC, 0xFFFEFFFD, 0xFFFDFFFE, 0xFFFCFFFD, 0xFFFCFFFC, 0xFFFDFFFC, 0xFFFEFFFD, 0xFFFEFFFE, 0xFFFEFFFE,
	0xFFFCFFFE, 0xFFFDFFFC, 0xFFFCFFFD, 0xFFFFFFFC, 0xFFFFFFFF, 0xFFFFFFFF, 0xFFFEFFFF, 0xFFFDFFFE, 0xFFFFFFFD, 0xFFFFFFFF, 0xFFFFFFFF,
	0xFFFFFFFF, 0xFFFFFFFF, 0xFFFFFFFF, 0xFFFFFFFF, 0xFFFFFFFF, 0x0000FFFF, 0x00000000, 0x00000000, 0x00000000, 0x00000000, 0xFFFF0000,
	0x0000FFFF, 0x00010000, 0x00010001, 0x00000001, 0x00000000, 0xFFFF0000, 0x0000FFFF, 0x00010000, 0x00010001, 0x00010001, 0x00000001,
	0x00000000, 0x00010000, 0x00020001, 0x00030002, 0x00020003, 0x00010002, 0x00010001, 0x00010001, 0x00020001, 0x00030002, 0x00030003,
	0x00010003, 0x00010001, 0x00010001, 0x00030001, 0x00040003, 0x00040004, 0x00010004, 0x00010001, 0x00020001, 0x00040002, 0x00040004,
	0x00030004, 0x00020003, 0x00010002, 0x00030001, 0x00040003, 0x00040004, 0x00040004, 0x00030004, 0x00030003, 0x00020003, 0x00030002,
	0x00050003, 0x00030005, 0x00020003, 0x00020002, 0x00020002, 0x00030002, 0x00050003, 0x00030005, 0x00030003, 0x00020003, 0x00030002,
	0x00030003, 0x00040003, 0x00030004, 0x00040003, 0x00040004, 0x00020004, 0x00050002, 0x00040005, 0x00040004, 0x00030004, 0x00040003,
	0x00030004, 0x00040003, 0x00040004, 0x00040004, 0x00030004, 0x00010003, 0x00040001, 0x00050004, 0x00050005, 0x00030005, 0x00020003,
	0x00020002, 0x00040002, 0x00040004, 0x00050004, 0x00030005, 0x00020003, 0x00030002, 0x00050003, 0x00050005, 0x00050005, 0x00030005,
	0x00020003, 0x00030002, 0x00050003, 0x00050005, 0x00050005, 0x00030005, 0x00020003, 0x00020002, 0x00050002, 0x00050005, 0x00030005,
	0x00020003, 0x00020002, 0x00030002, 0x00040003, 0x00040004, 0x00030004, 0x00030003, 0x00030003, 0x00020003, 0x00050002, 0x00030005,
	0x00030003, 0x00010003, 0x00020001, 0x00020002, 0x00040002, 0x00030004, 0x00010003, 0x00030001, 0x00020003, 0x00040002, 0x00020004,
	0x00010002, 0x00000001, 0x00010000, 0x00030001, 0x00040003, 0x00020004, 0x00000002, 0x00000000, 0x00020000, 0x00020002, 0x00020002,
	0x00010002, 0x00010001, 0x00010001, 0x00030001, 0x00010003, 0x00010001, 0x00000001, 0x00000000, 0x00010000, 0x00020001, 0x00010002,
	0xFFFF0001, 0xFFFFFFFF, 0x0000FFFF, 0x00010000, 0x00010001, 0xFFFF0001, 0xFFFFFFFF, 0xFFFFFFFF, 0x0001FFFF, 0x00010001, 0x00010001,
	0xFFFF0001, 0xFFFFFFFF, 0x0000FFFF, 0x00010000, 0x00000001, 0xFFFF0000, 0xFFFFFFFF, 0x0000FFFF, 0x00010000, 0x00000001, 0x00000000,
	0xFFFF0000, 0xFFFFFFFF, 0x0001FFFF, 0x00010001, 0x00000001, 0xFFFF0000, 0x0000FFFF, 0xFFFF0000, 0x0001FFFF, 0x00000001, 0xFFFF0000,
	0xFFFFFFFF, 0x0000FFFF, 0x00000000, 0xFFFF0000, 0xFFFDFFFF, 0xFFFEFFFD, 0xFFFFFFFE, 0x0000FFFF, 0xFFFF0000, 0xFFFFFFFF, 0xFFFCFFFF,
	0xFFFEFFFC, 0x0000FFFE, 0xFFFF0000, 0xFFFFFFFF, 0xFFFEFFFF, 0xFFFFFFFE, 0xFFFEFFFF, 0xFFFFFFFE, 0xFFFEFFFF, 0xFFFDFFFE, 0xFFFFFFFD,
	0xFFFFFFFF, 0x0000FFFF, 0xFFFE0000, 0xFFFDFFFE, 0xFFFFFFFD, 0x0000FFFF, 0xFFFF0000, 0xFFFEFFFF, 0xFFFCFFFE, 0xFFFFFFFC, 0x0000FFFF,
	0x00000000, 0xFFFE0000, 0xFFFDFFFE, 0xFFFEFFFD, 0xFFFFFFFE, 0xFFFFFFFF, 0xFFFFFFFF, 0xFFFEFFFF, 0xFFFFFFFE, 0xFFFFFFFF, 0xFFFFFFFF,
	0xFFFDFFFF, 0xFFFFFFFD, 0xFFFEFFFF, 0xFFFFFFFE, 0xFFFFFFFF, 0xFFFFFFFF, 0xFFFEFFFF, 0xFFFEFFFE, 0xFFFFFFFE, 0xFFFFFFFF, 0xFFFFFFFF,
	0xFFFFFFFF, 0xFFFEFFFF, 0xFFFFFFFE, 0xFFFFFFFF, 0xFFFFFFFF, 0xFFFFFFFF, 0xFFFFFFFF, 0xFFFFFFFF, 0xFFFFFFFF, 0xFFFEFFFF, 0xFFFFFFFE,
	0xFFFFFFFF, 0xFFFFFFFF, 0xFFFFFFFF, 0xFFFFFFFF, 0xFFFEFFFF, 0xFFFFFFFE, 0xFFFFFFFF, 0xFFFFFFFF, 0xFFFDFFFF, 0xFFFFFFFD, 0xFFFFFFFF,
	0xFFFFFFFF, 0xFFFFFFFF, 0xFFFEFFFF, 0xFFFFFFFE, 0x0000FFFF, 0xFFFF0000, 0xFFFEFFFF, 0xFFFFFFFE, 0xFFFFFFFF, 0xFFFFFFFF, 0xFFFEFFFF,
	0xFFFEFFFE, 0xFFFFFFFE, 0xFFFFFFFF, 0xFFFFFFFF, 0xFFFEFFFF, 0xFFFFFFFE, 0xFFFFFFFF, 0xFFFFFFFF, 0xFFFFFFFF, 0xFFFEFFFF, 0xFFFFFFFE,
	0x0000FFFF, 0x00000000, 0xFFFF0000, 0xFFFFFFFF, 0xFFFFFFFF, 0x0000FFFF, 0xFFFF0000, 0xFFFFFFFF, 0xFFFFFFFF, 0xFFFFFFFF, 0x0000FFFF,
	0xFFFE0000, 0xFFFFFFFE, 0xFFFFFFFF, 0x0000FFFF, 0x00000000, 0x00000000, 0xFFFF0000, 0x0000FFFF, 0xFFFF0000, 0x0000FFFF, 0xFFFF0000,
	0xFFFFFFFF, 0x0000FFFF, 0x00000000, 0x00000000, 0xFFFF0000, 0xFFFFFFFF, 0x0001FFFF, 0x00000001, 0xFFFF0000, 0xFFFFFFFF, 0x0000FFFF,
	0x00000000, 0xFFFF0000, 0xFFFFFFFF, 0x0000FFFF, 0x00000000, 0x00000000, 0x00000000, 0x00000000, 0x00000000, 0x00000000, 0x00000000,
	0x00000000, 0x00000000, 0x00010000, 0xFFFF0001, 0xFFFFFFFF, 0x0000FFFF, 0x00000000, 0x00000000, 0xFFFF0000, 0x0000FFFF, 0x00000000,
	0x00010000, 0x00010001, 0x00000001, 0x00010000, 0x00000001, 0x00000000, 0xFFFF0000, 0x0000FFFF, 0x00000000, 0x00000000, 0xFFFF0000,
	0x0000FFFF, 0x00010000, 0x00000001, 0x00000000, 0x00000000, 0x00000000, 0x00010000, 0x00010001, 0x00000001, 0x00000000, 0x00010000,
	0x00000001, 0x00000000, 0x00000000, 0x00010000, 0x00000001, 0x00000000, 0x00010000, 0x00010001, 0x00000001, 0x00010000, 0x00010001,
	0x00010001, 0x00010001, 0x00000001, 0x00000000, 0x00010000, 0x00010001, 0x00010001, 0x00000001, 0x00010000, 0x00010001, 0x00000001,
	0x00000000, 0x00000000, 0x00000000, 0x00000000, 0x00000000, 0x00010000, 0x00010001, 0x00010001, 0x00010001, 0x00010001, 0x00010001,
	0x00010001, 0x00010001, 0x00000001, 0x00010000, 0x00010001, 0x00010001, 0x00000001, 0x00010000, 0x00010001, 0x00010001, 0x00000001,
	0x00010000, 0x00010001, 0x00010001, 0x00000001, 0x00010000, 0x00010001, 0x00010001, 0x00000001, 0x00010000, 0x00010001, 0x00010001,
	0x00010001, 0x00010001, 0x00020001, 0x00000002, 0x00010000, 0x00010001, 0x00010001, 0x00010001, 0x00010001, 0x00000001, 0x00000000,
	0x00010000, 0x00000001, 0x00000000, 0x00010000, 0x00010001, 0x00010001, 0x00000001, 0x00000000, 0x00000000, 0x00010000, 0x00000001,
	0x00000000, 0x00010000, 0x00010001, 0x00010001, 0x00000001, 0x00010000, 0x00010001, 0x00010001, 0x00000001, 0x00000000, 0x00000000,
	0x00010000, 0x00010001, 0x00010001, 0x00010001, 0x00010001, 0x00000001, 0x00000000, 0x00000000, 0x00000000, 0x00000000, 0x00000000,
	0x00000000, 0x00010000, 0x00010001, 0x00010001, 0x00010001, 0x00000001, 0x00000000, 0x00010000, 0x00010001, 0x00000001, 0x00010000,
	0x00010001, 0x00000001, 0x00000000, 0x00010000, 0x00000001, 0xFFFF0000, 0x0000FFFF, 0xFFFF0000, 0x0000FFFF, 0x00000000, 0x00000000,
	0x00010000, 0x00000001, 0x00000000, 0x00010000, 0x00000001, 0x00010000, 0x00010001, 0x00010001, 0x00000001, 0x00000000, 0x00000000,
	0x00010000, 0x00000001, 0x00000000, 0x00000000, 0x00010000, 0x00000001, 0x00000000, 0x00000000, 0x00000000, 0xFFFF0000, 0x0000FFFF,
	0x00000000, 0xFFFF0000, 0x0000FFFF, 0x00010000, 0x00000001, 0x00000000, 0x00000000, 0x00000000, 0x00000000, 0x00000000, 0xFFFF0000,
	0x0000FFFF, 0xFFFF0000, 0x0000FFFF, 0x00000000, 0x00000000, 0xFFFF0000, 0x0000FFFF, 0x00000000, 0xFFFF0000, 0x0000FFFF, 0x00000000,
	0x00000000, 0x00000000, 0x00000000, 0x00000000, 0xFFFF0000, 0xFFFFFFFF, 0x0000FFFF, 0x00000000, 0xFFFF0000, 0x0000FFFF, 0x00000000,
	0x00000000, 0x00000000, 0x00000000, 0x00000000, 0x00000000, 0x00000000, 0x00000000, 0x00000000, 0x00000000, 0x00000000, 0x00000000,
	0x00000000, 0x00000000, 0x00000000, 0xFFFF0000, 0xFFFFFFFF, 0x0000FFFF, 0xFFFF0000, 0x0000FFFF, 0x00000000, 0x00000000, 0x00000000,
	0x00000000, 0x00000000, 0x00000000, 0x00000000, 0x00000000, 0x00000000, 0x00000000, 0x00000000, 0x00000000, 0x00000000, 0x00000000,
	0x00010000, 0xFFFF0001, 0x0000FFFF, 0x00000000, 0x00000000, 0x00000000, 0x00000000, 0xFFFF0000, 0xFFFFFFFF, 0xFFFFFFFF, 0xFFFFFFFF,
	0xFFFFFFFF, 0x0000FFFF, 0x00000000, 0xFFFF0000, 0x0000FFFF, 0x00000000, 0x00000000, 0x00000000, 0x00000000, 0x00000000, 0x00000000,
	0xFFFF0000, 0x0000FFFF, 0x00000000, 0xFFFF0000, 0x0000FFFF, 0xFFFF0000, 0xFFFFFFFF, 0x0000FFFF, 0xFFFF0000, 0x0000FFFF, 0x00000000,
	0x00000000, 0x00000000, 0x00000000, 0x00010000, 0x00000001, 0x00000000, 0x00000000, 0x00000000, 0xFFFF0000, 0x0000FFFF, 0x00000000,
	0x00000000, 0xFFFF0000, 0x0000FFFF, 0x00000000, 0x00000000, 0x00000000, 0x00000000, 0x00000000, 0x00000000, 0x00000000, 0x00000000,
	0xFFFF0000, 0x0000FFFF, 0xFFFF0000, 0x0000FFFF, 0xFFFF0000, 0xFFFFFFFF, 0xFFFFFFFF, 0x0000FFFF, 0x00000000, 0x00000000, 0x00010000,
	0x00000001, 0x00000000, 0x00010000, 0x00000001, 0x00000000, 0x00000000, 0x00000000, 0xFFFF0000, 0xFFFFFFFF, 0x0000FFFF, 0x00000000,
	0x00000000, 0x00000000, 0x00000000, 0x00000000, 0x00000000, 0xFFFF0000, 0x0000FFFF, 0x00000000, 0x00000000, 0x00000000, 0x00000000,
	0x00000000, 0x00000000, 0x00000000, 0x00000000, 0x00000000, 0x00000000, 0x00000000, 0x00000000, 0x00000000, 0x00000000, 0x00000000,
	0x00000000, 0x00000000, 0x00000000, 0x00000000, 0x00010000, 0x00000001, 0x00000000, 0x00000000, 0x00000000, 0x00000000, 0x00010000,
	0x00010001, 0x00000001, 0x00000000, 0x00000000, 0x00000000, 0x00000000, 0x00000000, 0x00000000, 0x00010000, 0x00010001, 0x00000001,
	0x00000000, 0x00000000, 0x00000000, 0x00000000, 0x00000000, 0x00010000, 0x00000001, 0x00000000, 0x00000000, 0x00000000, 0x00000000,
	0x00000000, 0x00000000, 0x00000000, 0x00010000, 0x00000001, 0x00000000, 0x00000000, 0x00000000, 0x00000000, 0x00000000, 0x00000000,
	0x00000000, 0x00000000, 0x00000000, 0x00000000, 0x00000000, 0xFFFF0000, 0x0000FFFF, 0x00000000, 0x00000000, 0x00000000, 0x00000000,
	0x00000000, 0x00000000, 0x00000000, 0x00000000, 0x00010000, 0x00000001, 0x00010000, 0x00000001, 0x00000000, 0x00000000, 0x00000000,
	0x00000000, 0x00000000, 0x00000000, 0x00000000, 0x00000000, 0x00000000, 0x00000000, 0x00000000, 0x00000000, 0x00000000, 0x00000000,
	0x00000000, 0x00000000, 0x00000000, 0x00000000, 0x00000000, 0x00000000, 0x00000000, 0x00000000, 0x00000000, 0x00000000, 0x00000000,
	0x00000000, 0x00000000, 0x00000000, 0x00000000, 0x00010000, 0x00000001, 0x00000000, 0x00000000, 0x00000000, 0x00000000, 0x00000000,
	0x00000000, 0x00000000, 0x00000000, 0x00000000, 0x00000000, 0x00000000, 0x00000000, 0x00000000, 0x00000000, 0x00000000, 0x00000000,
	0x00000000, 0x00000000, 0x00000000, 0x00000000, 0x00000000, 0x00000000, 0x00000000, 0x00000000, 0x00000000, 0x00000000, 0x00000000,
	0x00000000, 0x00000000, 0x00000000, 0x00000000, 0x00000000, 0xFFFF0000, 0x0001FFFF, 0xFFFF0001, 0x0000FFFF, 0x00000000, 0x00000000,
	0x00000000, 0x00000000, 0x00000000, 0x00000000, 0x00000000, 0x00000000, 0x00000000, 0x00000000, 0x00000000, 0x00000000, 0x00000000,
	0x00000000, 0xFFFF0000, 0x0000FFFF, 0x00000000, 0x00000000, 0x00000000, 0x00000000, 0xFFFF0000, 0x0000FFFF, 0x00000000, 0x00000000,
	0x00000000, 0x00000000, 0x00000000, 0x00000000, 0x00000000, 0x00000000, 0x00000000, 0x00000000, 0x00000000, 0xFFFF0000, 0x0000FFFF,
	0x00000000, 0x00010000, 0x00000001, 0x00000000, 0x00010000, 0x00000001, 0x00000000, 0x00000000, 0x00000000, 0x00000000, 0xFFFF0000,
	0x0000FFFF, 0x00000000, 0x00000000, 0x00000000, 0x00000000, 0x00000000, 0x00000000, 0x00000000, 0x00000000, 0x00000000, 0x00000000,
	0x00000000, 0x00010000, 0x00000001, 0x00000000, 0xFFFF0000, 0x0000FFFF, 0x00000000, 0x00000000, 0x00000000, 0x00000000, 0x00000000,
	0x00000000, 0x00000000, 0x00000000, 0x00000000, 0x00000000, 0x00000000, 0x00000000, 0x00000000, 0x00000000, 0x00000000, 0x00000000,
	0x00000000, 0x00010000, 0x00000001, 0x00010000, 0x00000001, 0xFFFF0000, 0x0000FFFF, 0x00000000, 0x00000000, 0x00000000, 0x00000000,
	0x00000000, 0x00000000, 0x00000000, 0x00000000, 0x00000000, 0x00000000, 0xFFFF0000, 0x0000FFFF, 0x00000000, 0x00000000, 0x00000000,
	0x00000000, 0x00010000, 0x00000001, 0x00000000, 0x00000000, 0x00000000, 0x00000000, 0x00000000, 0x00000000, 0x00000000, 0x00000000,
	0x00000000, 0x00000000, 0x00000000, 0x00000000, 0x00000000, 0x00000000, 0x00000000, 0x00010000, 0x00010001, 0x00000001, 0x00000000,
	0x00000000, 0x00000000, 0x00000000, 0x00000000, 0x00000000, 0x00000000, 0x00000000, 0xFFFF0000, 0x0000FFFF, 0x00000000, 0x00010000,
	0x00000001, 0xFFFF0000, 0x0000FFFF, 0x00000000, 0x00000000, 0x00000000, 0x00000000, 0x00000000, 0xFFFF0000, 0x0000FFFF, 0x00000000,
	0x00000000, 0x00000000, 0xFFFF0000, 0x0000FFFF, 0x00000000, 0x00000000, 0x00000000, 0x00000000, 0x00000000, 0x00000000, 0x00000000,
	0x00000000, 0x00000000, 0x00000000, 0x00000000, 0x00000000, 0x00000000, 0x00000000, 0x00010000, 0xFFFF0001, 0x0000FFFF, 0x00000000,
	0x00000000, 0x00000000, 0x00000000, 0x00010000, 0x00000001, 0x00000000, 0x00010000, 0x00000001, 0x00000000, 0x00000000, 0x00000000,
	0x00000000, 0x00000000, 0x00000000, 0x00000000, 0x00000000, 0x00000000, 0x00000000, 0x00000000, 0x00000000, 0x00000000, 0x00000000,
	0x00000000, 0x00000000, 0x00000000, 0x00000000, 0x00000000, 0xFFFF0000, 0x0000FFFF, 0x00000000, 0x00000000, 0x00000000, 0x00000000,
	0x00010000, 0x00000001, 0x00000000, 0x00000000, 0x00000000, 0x00000000, 0x00000000, 0x00000000, 0x00000000, 0x00000000, 0x00000000,
	0x00000000, 0x00000000, 0x00000000, 0x00000000, 0x00000000, 0xFFFF0000, 0x0000FFFF, 0x00000000, 0x00000000, 0x00000000, 0x00000000,
	0x00000000, 0x00000000, 0x00000000, 0x00000000, 0x00000000, 0x00000000, 0x00000000, 0x00000000, 0x00000000, 0x00000000, 0x00000000,
	0x00000000, 0x00000000, 0x00000000, 0x00000000, 0x00000000, 0x00000000, 0x00000000, 0x00000000, 0x00000000, 0x00000000, 0xFFFF0000,
	0x0000FFFF, 0x00000000, 0x00010000, 0x00000001, 0x00000000, 0x00000000, 0x00000000, 0x00000000, 0x00000000, 0x00010000, 0x00010001,
	0xFFFF0001, 0x0000FFFF, 0x00000000, 0x00000000, 0x00000000, 0x00000000, 0x00000000, 0x00000000, 0xFFFF0000, 0x0000FFFF, 0x00000000,
	0x00000000, 0xFFFF0000, 0xFFFFFFFF, 0x0000FFFF, 0x00000000, 0x00000000, 0x00010000, 0x00000001, 0x00000000, 0x00000000, 0x00000000,
	0x00000000, 0x00000000, 0x00000000, 0x00000000, 0x00000000, 0x00000000, 0x00010000, 0x00000001, 0x00000000, 0xFFFF0000, 0x0000FFFF,
	0x00000000, 0xFFFF0000, 0x0000FFFF, 0x00010000, 0x00000001, 0xFFFF0000, 0x0000FFFF, 0x00000000, 0x00000000, 0xFFFF0000, 0x0000FFFF,
	0x00000000, 0x00000000, 0x00000000, 0x00000000, 0x00010000, 0x00000001, 0x00000000, 0x00000000, 0x00000000, 0xFFFF0000, 0xFFFFFFFF,
	0x0000FFFF, 0x00000000, 0xFFFF0000, 0xFFFFFFFF, 0x0000FFFF, 0x00000000, 0x00000000, 0x00010000, 0x00010001, 0x00000001, 0x00000000,
	0x00000000, 0x00000000, 0x00000000, 0x00000000, 0x00010000, 0x00000001, 0x00000000, 0x00000000, 0xFFFF0000, 0x0000FFFF, 0x00000000,
	0x00000000, 0x00000000, 0x00000000, 0x00000000, 0x00000000, 0x00000000, 0x00000000, 0x00000000, 0xFFFF0000, 0x0000FFFF, 0x00000000,
	0xFFFF0000, 0x0000FFFF, 0x00000000, 0x00000000, 0xFFFF0000, 0x0000FFFF, 0x00000000, 0x00010000, 0x00000001, 0x00000000, 0x00010000,
	0x00000001, 0xFFFF0000, 0x0000FFFF, 0x00010000, 0xFFFF0001, 0xFFFFFFFF, 0x0001FFFF, 0x00000001, 0xFFFF0000, 0xFFFFFFFF, 0x0001FFFF,
	0x00000001, 0xFFFF0000, 0x0000FFFF, 0x00010000, 0x00010001, 0x00000001, 0x00010000, 0x00010001, 0x00000001, 0xFFFF0000, 0x0001FFFF,
	0x00010001, 0x00000001, 0x00000000, 0x00010000, 0x00000001, 0x00000000, 0xFFFF0000, 0x0000FFFF, 0xFFFF0000, 0xFFFFFFFF, 0xFFFFFFFF,
	0x0000FFFF, 0xFFFF0000, 0xFFFFFFFF, 0x0000FFFF, 0x00010000, 0xFFFF0001, 0xFFFFFFFF, 0x0000FFFF, 0x00000000, 0x00000000, 0x00010000,
	0x00010001, 0x00000001, 0x00000000, 0x00010000, 0x00010001, 0xFFFF0001, 0x0000FFFF, 0x00010000, 0x00000001, 0xFFFF0000, 0x0000FFFF,
	0x00000000, 0xFFFF0000, 0xFFFFFFFF, 0x0001FFFF, 0xFFFF0001, 0xFFFFFFFF, 0x0000FFFF, 0x00000000, 0x00000000, 0x00010000, 0x00000001,
	0x00000000, 0x00000000, 0x00000000, 0x00000000, 0x00000000, 0xFFFF0000, 0x0000FFFF, 0x00010000, 0x00000001, 0xFFFF0000, 0x0001FFFF,
	0x00000001, 0x00000000, 0x00010000, 0x00010001, 0x00010001, 0x00000001, 0x00000000, 0x00010000, 0x00000001, 0xFFFF0000, 0x0001FFFF,
	0x00000001, 0x00000000, 0x00000000, 0x00000000, 0xFFFF0000, 0xFFFFFFFF, 0xFFFFFFFF, 0xFFFFFFFF, 0x0000FFFF, 0x00000000, 0x00010000,
	0x00010001, 0x00010001, 0x00000001, 0xFFFF0000, 0x0000FFFF, 0xFFFF0000, 0xFFFFFFFF, 0x0001FFFF, 0x00000001, 0xFFFF0000, 0xFFFFFFFF,
	0x0000FFFF, 0xFFFF0000, 0x0000FFFF, 0x00010000, 0xFFFF0001, 0xFFFFFFFF, 0x0001FFFF, 0x00010001, 0x00000001, 0xFFFF0000, 0x0000FFFF,
	0xFFFF0000, 0xFFFFFFFF, 0x0000FFFF, 0x00010000, 0x00010001, 0x00010001, 0x00000001, 0x00010000, 0xFFFF0001, 0xFFFFFFFF, 0xFFFFFFFF,
	0x0001FFFF, 0xFFFF0001, 0xFFFEFFFF, 0x0000FFFE, 0x00010000, 0xFFFF0001, 0x0001FFFF, 0x00010001, 0x00010001, 0x00000001, 0x00010000,
	0x00000001, 0x00000000, 0x00010000, 0x00010001, 0x00000001, 0x00000000, 0x00010000, 0x00010001, 0xFFFF0001, 0x0000FFFF, 0x00000000,
	0xFFFF0000, 0xFFFFFFFF, 0x0000FFFF, 0x00000000, 0xFFFF0000, 0x0000FFFF, 0x00000000, 0xFFFF0000, 0xFFFFFFFF, 0xFFFFFFFF, 0xFFFFFFFF,
	0xFFFEFFFF, 0x0000FFFE, 0x00010000, 0xFFFF0001, 0x0000FFFF, 0x00000000, 0x00000000, 0xFFFE0000, 0xFFFFFFFE, 0x0000FFFF, 0x00010000,
	0xFFFF0001, 0x0001FFFF, 0x00010001, 0x00010001, 0x00000001, 0x00010000, 0xFFFF0001, 0x0000FFFF, 0x00010000, 0x00000001, 0x00000000,
	0x00010000, 0x00000001, 0x00000000, 0xFFFF0000, 0x0000FFFF, 0x00000000, 0x00000000, 0x00000000, 0x00000000, 0xFFFF0000, 0x0000FFFF,
	0x00010000, 0xFFFF0001, 0xFFFFFFFF, 0x0000FFFF, 0x00000000, 0x00000000, 0x00010000, 0x00010001, 0x00000001, 0x00010000, 0x00010001,
	0x00000001, 0x00000000, 0x00010000, 0x00010001, 0x00000001, 0x00000000, 0x00010000, 0x00000001, 0x00000000, 0xFFFF0000, 0x0000FFFF,
	0xFFFF0000, 0x0000FFFF, 0x00000000, 0xFFFF0000, 0xFFFFFFFF, 0x0001FFFF, 0xFFFF0001, 0x0000FFFF, 0x00010000, 0x00010001, 0x00000001,
	0x00010000, 0x00010001, 0x00000001, 0x00010000, 0x00020001, 0x00010002, 0x00000001, 0x00000000, 0x00010000, 0x00000001, 0xFFFF0000,
	0x0000FFFF, 0xFFFF0000, 0xFFFFFFFF, 0x0001FFFF, 0x00000001, 0xFFFF0000, 0x0000FFFF, 0x00010000, 0x00000001, 0x00010000, 0x00010001,
	0x00000001, 0x00010000, 0x00010001, 0x00010001, 0xFFFF0001, 0x0000FFFF, 0x00010000, 0x00000001, 0x00000000, 0x00000000, 0xFFFF0000,
	0x0000FFFF, 0x00010000, 0x00000001, 0x00000000, 0x00000000, 0x00000000, 0x00010000, 0x00000001, 0x00010000, 0x00010001, 0x00000001,
	0x00010000, 0x00010001, 0xFFFF0001, 0x0000FFFF, 0x00010000, 0xFFFF0001, 0xFFFFFFFF, 0xFFFFFFFF, 0xFFFFFFFF, 0xFFFEFFFF, 0x0000FFFE,
	0x00000000, 0x00010000, 0x00010001, 0x00000001, 0x00000000, 0x00010000, 0x00010001, 0x00000001, 0xFFFF0000, 0x0000FFFF, 0xFFFF0000,
	0x0001FFFF, 0x00000001, 0x00000000, 0xFFFF0000, 0xFFFFFFFF, 0x0000FFFF, 0xFFFF0000, 0x0000FFFF, 0x00010000, 0x00000001, 0x00010000,
	0x00010001, 0x00010001, 0xFFFF0001, 0x0001FFFF, 0xFFFF0001, 0x0000FFFF, 0x00000000, 0x00000000, 0xFFFF0000, 0x0000FFFF, 0x00000000,
	0x00000000, 0x00010000, 0x00010001, 0x00000001, 0x00000000, 0x00000000, 0x00000000, 0xFFFF0000, 0xFFFFFFFF, 0x0000FFFF, 0xFFFF0000,
	0x0000FFFF, 0x00010000, 0x00000001, 0x00010000, 0x00010001, 0x00000001, 0x00000000, 0xFFFF0000, 0xFFFFFFFF, 0x0000FFFF, 0xFFFF0000,
	0x0000FFFF, 0x00000000, 0xFFFF0000, 0x0000FFFF, 0x00000000, 0xFFFF0000, 0x0000FFFF, 0x00000000, 0x00000000, 0xFFFF0000, 0x0000FFFF,
	0x00000000, 0x00000000, 0x00010000, 0x00010001, 0x00000001, 0x00000000, 0x00000000, 0x00010000, 0xFFFF0001, 0x0001FFFF, 0x00000001,
	0xFFFD0000, 0x0000FFFD, 0x00010000, 0x00000001, 0x00010000, 0x00010001, 0x00000001, 0x00000000, 0x00010000, 0x00000001, 0xFFFF0000,
	0x0000FFFF, 0x00000000, 0xFFFF0000, 0x0001FFFF, 0x00010001, 0x00000001, 0x00000000, 0x00010000, 0x00000001, 0xFFFF0000, 0xFFFFFFFF,
	0xFFFFFFFF, 0x0000FFFF, 0x00000000, 0x00010000, 0x00010001, 0x00000001, 0x00000000, 0x00000000, 0xFFFF0000, 0xFFFFFFFF, 0x0001FFFF,
	0x00000001, 0x00010000, 0x00000001, 0xFFFF0000, 0x0000FFFF, 0x00000000, 0x00000000, 0x00000000, 0x00000000, 0x00000000, 0xFFFF0000,
	0x0000FFFF, 0x00000000, 0xFFFF0000, 0x0000FFFF, 0x00010000, 0x00000001, 0x00000000, 0x00000000, 0x00010000, 0x00000001, 0x00000000,
	0x00000000, 0x00000000, 0x00000000, 0x00010000, 0x00000001, 0xFFFF0000, 0x0000FFFF, 0x00000000, 0x00000000, 0xFFFF0000, 0x0001FFFF,
	0x00000001, 0x00000000, 0x00000000, 0x00000000, 0xFFFF0000, 0x0001FFFF, 0x00000001, 0x00000000, 0x00000000, 0x00000000, 0x00000000,
	0x00000000, 0x00010000, 0x00000001, 0x00000000, 0x00000000, 0x00000000, 0x00000000, 0xFFFF0000, 0x0000FFFF, 0x00000000, 0x00000000,
	0x00000000, 0x00000000, 0x00000000, 0x00000000, 0x00000000, 0x00000000, 0x00000000, 0x00000000, 0x00000000, 0x00010000, 0xFFFF0001,
	0x0000FFFF, 0x00000000, 0x00000000, 0x00000000, 0x00000000, 0x00000000, 0x00000000, 0x00000000, 0x00000000, 0x00000000, 0x00000000,
	0x00000000, 0x00000000, 0x00000000, 0x00000000, 0x00000000, 0x00010000, 0x00000001, 0x00000000, 0x00000000, 0x00000000, 0x00000000,
	0x00000000, 0x00000000, 0x00000000, 0xFFFF0000, 0x0000FFFF, 0x00000000, 0x00000000, 0x00000000, 0x00000000, 0x00000000, 0x00010000,
	0x00010001, 0x00010001, 0x00000001, 0x00010000, 0x00000001, 0x00010000, 0x00000001, 0x00000000, 0x00010000, 0x00000001, 0x00000000,
	0x00010000, 0x00010001, 0x00000001, 0x00000000, 0x00000000, 0xFFFF0000, 0x0000FFFF, 0x00000000, 0x00000000, 0x00000000, 0xFFFF0000,
	0x0000FFFF, 0x00000000, 0x00000000, 0x00010000, 0x00000001, 0x00000000, 0x00000000, 0x00010000, 0x00000001, 0x00010000, 0x00000001,
	0x00000000, 0x00000000, 0x00000000, 0x00010000, 0x00010001, 0x00000001, 0x00000000, 0x00000000, 0x00000000, 0x00000000, 0x00000000,
	0x00000000, 0xFFFF0000, 0x0000FFFF, 0x00010000, 0x00000001, 0xFFFF0000, 0x0000FFFF, 0x00000000, 0xFFFF0000, 0x0000FFFF, 0xFFFF0000,
	0x0001FFFF, 0x00000001, 0x00000000, 0x00010000, 0x00000001, 0x00000000, 0x00000000, 0x00000000, 0x00000000, 0x00000000, 0x00000000,
	0x00000000, 0x00000000, 0x00000000, 0x00000000, 0x00000000, 0x00000000, 0x00000000, 0x00000000, 0x00000000, 0xFFFF0000, 0x0001FFFF,
	0x00010001, 0x00000001, 0xFFFF0000, 0x0000FFFF, 0xFFFF0000, 0x0001FFFF, 0x00000001, 0x00000000, 0xFFFF0000, 0x0000FFFF, 0x00000000,
	0x00000000, 0x00000000, 0xFFFF0000, 0x0000FFFF, 0x00000000, 0x00000000, 0x00000000, 0x00000000, 0x00000000, 0xFFFF0000, 0x0000FFFF,
	0x00000000, 0x00000000, 0x00000000, 0x00000000, 0x00000000, 0xFFFF0000, 0x0000FFFF, 0x00000000, 0xFFFF0000, 0xFFFFFFFF, 0x0000FFFF,
	0xFFFF0000, 0xFFFFFFFF, 0xFFFFFFFF, 0x0000FFFF, 0x00000000, 0x00000000, 0x00000000, 0x00000000, 0xFFFF0000, 0x0000FFFF, 0x00000000,
	0x00000000, 0x00000000, 0x00000000, 0xFFFF0000, 0x0000FFFF, 0x00000000, 0x00010000, 0x00000001, 0x00000000, 0x00000000, 0x00000000,
	0x00000000, 0x00010000, 0x00000001, 0x00010000, 0x00010001, 0x00000001, 0x00000000, 0x00000000, 0x00000000, 0x00000000, 0x00000000,
	0x00000000, 0x00000000, 0x00000000, 0x00000000, 0x00000000, 0x00000000, 0x00000000, 0x00000000, 0x00000000, 0x00000000, 0x00000000,
	0xFFFF0000, 0x0000FFFF, 0x00000000, 0x00000000, 0x00000000, 0x00000000, 0x00000000, 0x00000000, 0x00000000, 0xFFFF0000, 0x0000FFFF,
	0x00000000, 0x00000000, 0x00000000, 0x00000000, 0x00000000, 0x00000000, 0x00000000, 0x00010000, 0x00000001, 0x00000000, 0x00000000,
	0x00000000, 0x00000000, 0x00000000, 0x00000000, 0x00000000, 0x00000000, 0x00000000, 0x00000000, 0x00000000, 0x00000000, 0x00000000,
	0x00000000, 0x00000000, 0x00010000, 0x00000001, 0x00000000, 0x00010000, 0x00000001, 0x00000000, 0x00000000, 0x00000000, 0x00000000,
	0x00000000, 0x00000000, 0x00000000, 0x00000000, 0xFFFF0000, 0x0000FFFF, 0x00000000, 0x00000000, 0x00000000, 0xFFFF0000, 0x0000FFFF,
	0x00000000, 0x00000000, 0x00000000, 0xFFFF0000, 0x0000FFFF, 0x00000000, 0x00000000, 0x00000000, 0x00010000, 0x00000001, 0x00000000,
	0x00000000, 0x00000000, 0xFFFF0000, 0x0001FFFF, 0x00000001, 0x00000000, 0x00000000, 0x00000000, 0x00000000, 0x00000000, 0x00000000,
	0x00000000, 0x00000000, 0x00000000, 0x00000000, 0x00000000, 0x00000000, 0x00000000, 0x00000000, 0x00000000, 0x00000000, 0x00000000,
	0x00000000, 0x00000000, 0x00000000, 0x00000000, 0x00000000, 0x00000000, 0x00000000, 0x00000000, 0x00000000, 0x00000000, 0x00000000,
	0x00000000, 0x00000000, 0x00010000, 0x00000001, 0x00000000, 0x00000000, 0x00000000, 0x00000000, 0x00000000, 0x00000000, 0x00000000,
	0x00000000, 0x00000000, 0x00000000, 0x00000000, 0x00000000, 0xFFFF0000, 0x0000FFFF, 0xFFFF0000, 0x0000FFFF, 0x00000000, 0x00000000,
	0x00000000, 0x00000000, 0x00000000, 0x00000000, 0x00000000, 0x00010000, 0x00010001, 0x00000001, 0xFFFF0000, 0x0000FFFF, 0x00000000,
	0xFFFF0000, 0x0000FFFF, 0x00000000, 0x00000000, 0x00000000, 0x00000000, 0xFFFF0000, 0x0000FFFF, 0x00000000, 0x00000000, 0x00000000,
	0x00000000, 0x00000000, 0x00000000, 0x00000000, 0x00000000, 0x00000000, 0x00000000, 0x00000000, 0x00000000, 0x00000000, 0x00000000,
	0xFFFF0000, 0x0000FFFF, 0x00010000, 0x00000001, 0x00000000, 0x00000000, 0x00000000, 0x00000000, 0x00000000, 0x00000000, 0x00000000,
	0x00000000, 0x00000000, 0x00000000, 0x00000000, 0x00000000, 0x00000000, 0x00000000, 0x00010000, 0x00000001, 0x00000000, 0x00000000,
	0x00010000, 0x00000001, 0x00000000, 0xFFFF0000, 0xFFFFFFFF, 0x0000FFFF, 0x00000000, 0x00000000, 0x00000000, 0x00000000, 0x00000000,
	0x00000000, 0x00000000, 0x00000000, 0x00000000, 0x00000000, 0xFFFF0000, 0x0000FFFF, 0x00000000, 0x00000000, 0x00000000, 0x00000000,
	0x00000000, 0x00000000, 0x00000000, 0x00000000, 0x00000000, 0x00000000, 0x00000000, 0x00010000, 0x00000001, 0x00000000, 0x00010000,
	0xFFFF0001, 0x0000FFFF, 0x00000000, 0x00000000, 0x00000000, 0x00010000, 0xFFFF0001, 0x0000FFFF, 0xFFFF0000, 0x0000FFFF, 0x00000000,
	0x00000000, 0x00000000, 0x00000000, 0x00000000, 0x00000000, 0xFFFF0000, 0x0000FFFF, 0x00000000, 0x00000000, 0xFFFF0000, 0x0001FFFF,
	0x00000001, 0x00000000, 0x00000000, 0x00000000, 0xFFFF0000, 0x0001FFFF, 0x00010001, 0x00010001, 0x00000001, 0x00000000, 0x00000000,
	0xFFFF0000, 0xFFFFFFFF, 0x0001FFFF, 0x00000001, 0x00000000, 0x00000000, 0x00010000, 0x00000001, 0x00000000, 0x00000000, 0x00000000,
	0xFFFF0000, 0x0000FFFF, 0xFFFF0000, 0x0001FFFF, 0x00000001, 0x00010000, 0x00010001, 0xFFFF0001, 0x0001FFFF, 0xFFFF0001, 0xFFFFFFFF,
	0x0000FFFF, 0x00000000, 0x00000000, 0x00000000, 0x00000000, 0xFFFF0000, 0x0000FFFF, 0x00000000, 0x00000000, 0x00010000, 0x00010001,
	0x00000001, 0x00000000, 0x00000000, 0x00010000, 0x00000001, 0x00000000, 0x00000000, 0xFFFF0000, 0x0000FFFF, 0x00010000, 0xFFFF0001,
	0xFFFFFFFF, 0x0000FFFF, 0x00010000, 0x00000001, 0x00000000, 0x00010000, 0x00000001, 0x00000000, 0x00000000, 0x00000000, 0xFFFF0000,
	0xFFFFFFFF, 0x0001FFFF, 0xFFFF0001, 0x0000FFFF, 0x00010000, 0x00000001, 0xFFFF0000, 0x0000FFFF, 0x00010000, 0x00000001, 0xFFFF0000,
	0x0001FFFF, 0xFFFF0001, 0xFFFFFFFF, 0x0000FFFF, 0xFFFF0000, 0x0001FFFF, 0x00010001, 0xFFFF0001, 0x0000FFFF, 0xFFFF0000, 0x0000FFFF,
	0x00010000, 0x00010001, 0xFFFF0001, 0x0000FFFF, 0x00000000, 0xFFFF0000, 0x0000FFFF, 0x00000000, 0xFFFF0000, 0x0001FFFF, 0x00010001,
	0x00010001, 0x00010001, 0x00010001, 0xFFFF0001, 0x0001FFFF, 0x00010001, 0xFFFD0001, 0x0001FFFD, 0xFFFE0001, 0xFFFEFFFE, 0x0000FFFE,
	0x00010000, 0x00020001, 0x00000002, 0x00030000, 0xFFFF0003, 0xFFFDFFFF, 0xFFFDFFFD, 0x0000FFFD, 0xFFFF0000, 0xFFFFFFFF, 0x0003FFFF,
	0x00020003, 0x00040002, 0x00020004, 0x00000002, 0xFFFD0000, 0xFFFCFFFD, 0xFFFEFFFC, 0x0002FFFE, 0xFFFE0002, 0xFFFEFFFE, 0x0004FFFE,
	0x00000004, 0x00020000, 0x00010002, 0x00000001, 0xFFFD0000, 0x0002FFFD, 0x00050002, 0xFFFA0005, 0x0001FFFA, 0x00000001, 0xFFF90000,
	0x0003FFF9, 0x00020003, 0x00000002, 0x00070000, 0x00010007, 0xFFFC0001, 0xFFFFFFFC, 0xFFFFFFFF, 0xFFFDFFFF, 0x0002FFFD, 0x00010002,
	0xFFFA0001, 0x0002FFFA, 0x00060002, 0x00000006, 0xFFFD0000, 0x0001FFFD, 0xFFFD0001, 0x0002FFFD, 0x00010002, 0xFFFD0001, 0x000AFFFD,
	0xFFFA000A, 0xFFF7FFFA, 0x0005FFF7, 0xFFF90005, 0xFFFFFFF9, 0x000DFFFF, 0x0008000D, 0x00010008, 0xFFF90001, 0xFFF9FFF9, 0xFFFCFFF9,
	0xFFFCFFFC, 0x0003FFFC, 0x00080003, 0x00050008, 0x00080005, 0x00010008, 0xFFE80001, 0xFFF7FFE8, 0x0002FFF7, 0x00020002, 0x00040002,
	0xFFFF0004, 0x0017FFFF, 0xFFF80017, 0xFFF9FFF8, 0x0005FFF9, 0xFFF10005, 0x0004FFF1, 0x000C0004, 0x0007000C, 0xFFFD0007, 0x0008FFFD,
	0x00000008, 0xFFFA0000, 0xFFF7FFFA, 0xFFF4FFF7, 0x0006FFF4, 0xFFF80006, 0x0005FFF8, 0x00150005, 0xFFF90015, 0xFFEEFFF9, 0x000AFFEE,
	0x0007000A, 0xFFFA0007, 0x000AFFFA, 0x0008000A, 0x00040008, 0xFFEB0004, 0xFFF1FFEB, 0x0005FFF1, 0xFFFE0005, 0x000CFFFE, 0x0007000C,
	0x000A0007, 0x0008000A, 0xFFEC0008, 0xFFF1FFEC, 0xFFF8FFF1, 0x0007FFF8, 0x00030007, 0xFFFA0003, 0x0011FFFA, 0x00000011, 0xFFE90000,
	0x0003FFE9, 0x00190003, 0x00040019, 0x000B0004, 0x0004000B, 0xFFEF0004, 0xFFF4FFEF, 0xFFEEFFF4, 0x0006FFEE, 0x00000006, 0xFFFA0000,
	0x0006FFFA, 0x00140006, 0x00000014, 0xFFEB0000, 0x000DFFEB, 0xFFE7000D, 0x0005FFE7, 0x00180005, 0xFFFA0018, 0x0012FFFA, 0x00050012,
	0x00160005, 0xFFED0016, 0xFFD3FFED, 0xFFFCFFD3, 0x0000FFFC, 0x00110000, 0x00130011, 0x000B0013, 0x0003000B, 0xFFF80003, 0xFFE3FFF8,
	0xFFE3FFE3, 0xFFF8FFE3, 0x000BFFF8, 0x0022000B, 0x000B0022, 0x0008000B, 0x00120008, 0xFFE00012, 0xFFFCFFE0, 0x0014FFFC, 0xFFED0014,
	0x0001FFED, 0xFFF80001, 0xFFFDFFF8, 0xFFF5FFFD, 0xFFF1FFF5, 0x000FFFF1, 0x0016000F, 0x000F0016, 0xFFFB000F, 0x0015FFFB, 0xFFFA0015,
	0xFFF1FFFA, 0x0009FFF1, 0xFFF40009, 0xFFDBFFF4, 0xFFF1FFDB, 0x0017FFF1, 0xFFEE0017, 0x0001FFEE, 0x001E0001, 0x000C001E, 0x001C000C,
	0x000A001C, 0xFFEB000A, 0x0007FFEB, 0xFFED0007, 0xFFE8FFED, 0xFFF1FFE8, 0xFFFEFFF1, 0x000EFFFE, 0x0011000E, 0x00310011, 0xFFDA0031,
	0xFFF5FFDA, 0xFFF6FFF5, 0xFFF8FFF6, 0x001AFFF8, 0xFFE8001A, 0xFFF0FFE8, 0xFFF3FFF0, 0x0016FFF3, 0x000A0016, 0x0032000A, 0x00010032,
	0x00040001, 0x000B0004, 0xFFE2000B, 0xFFF4FFE2, 0xFFEEFFF4, 0x000AFFEE, 0xFFDF000A, 0x0002FFDF, 0x00050002, 0x00220005, 0xFFD80022,
	0x0005FFD8, 0x00120005, 0xFFE00012, 0x0058FFE0, 0xFFF30058, 0x0008FFF3, 0xFFDB0008, 0xFFD6FFDB, 0x0005FFD6, 0xFFEB0005, 0x0006FFEB,
	0x00160006, 0x00100016, 0x001C0010, 0x0010001C, 0xFFE60010, 0x0011FFE6, 0xFFD80011, 0x0006FFD8, 0x00040006, 0x00130004, 0xFFF10013,
	0x0008FFF1, 0x000E0008, 0xFFDB000E, 0x0005FFDB, 0xFFE60005, 0x000EFFE6, 0xFFE4000E, 0x004CFFE4, 0xFFD6004C, 0xFFF0FFD6, 0x0011FFF0,
	0xFFF80011, 0x0023FFF8, 0xFFD00023, 0x0030FFD0, 0xFFE10030, 0x0007FFE1, 0x000B0007, 0x001C000B, 0xFFE6001C, 0x0032FFE6, 0xFFEB0032,
	0xFFCCFFEB, 0x001EFFCC, 0xFFD8001E, 0x0038FFD8, 0xFFBA0038, 0x0017FFBA, 0xFFF10017, 0x0013FFF1, 0xFFF80013, 0x002CFFF8, 0x0010002C,
	0xFFF20010, 0x002AFFF2, 0xFFA3002A, 0x0037FFA3, 0xFFCB0037, 0x0019FFCB, 0xFFDB0019, 0x001EFFDB, 0x0010001E, 0xFFFE0010, 0x000BFFFE,
	0xFFEF000B, 0x0035FFEF, 0xFFCE0035, 0x0011FFCE, 0xFFBD0011, 0x0024FFBD, 0xFFA00024, 0x0051FFA0, 0x00070051, 0x00060007, 0x00320006,
	0xFFE50032, 0x002CFFE5, 0xFF9B002C, 0x0053FF9B, 0xFFAE0053, 0x0050FFAE, 0xFFD70050, 0x003DFFD7, 0xFFE8003D, 0xFFD3FFE8, 0x002FFFD3,
	0xFFB7002F, 0x002EFFB7, 0xFFBF002E, 0x006AFFBF, 0xFF7F006A, 0x0052FF7F, 0xFFBB0052, 0x0054FFBB, 0x001C0054, 0xFFD1001C, 0x0020FFD1,
	0xFF900020, 0x0074FF90, 0xFF880074, 0x0081FF88, 0xFFB10081, 0x0062FFB1, 0xFFD70062, 0x0014FFD7, 0xFFF40014, 0xFFD2FFF4, 0x0031FFD2,
	0xFF920031, 0x0073FF92, 0xFF950073, 0x0094FF95, 0xFF7B0094, 0x0065FF7B, 0xFFA80065, 0x003AFFA8, 0xFFD6003A, 0xFFF5FFD6, 0x005DFFF5,
	0xFF86005D, 0x00B2FF86, 0xFF5500B2, 0x00C1FF55, 0xFF0B00C1, 0x00CFFF0B, 0xFF5700CF, 0x0054FF57, 0xFFD30054, 0xFFFBFFD3, 0x0067FFFB,
	0xFF4C0067, 0x00F6FF4C, 0xFEC500F6, 0x01BAFEC5, 0xFFE001BA, 0x0320FFE0, 0xF4130320, 0x130BF413, 0x11D6130B, 0xCFC611D6, 0xEEF4CFC6,
	0x0766EEF4, 0x14890766, 0x223B1489, 0x1499223B, 0x0FAA1499, 0x003F0FAA, 0xF9C5003F, 0xEDE5F9C5, 0xE920EDE5, 0xE598E920, 0xE80DE598,
	0xEF3DE80D, 0xF249EF3D, 0xF904F249, 0xFD2EF904, 0x051DFD2E, 0x09E8051D, 0x107509E8, 0x134C1075, 0x15C1134C, 0x148915C1, 0x11841489,
	0x0E6B1184, 0x09FC0E6B, 0x061809FC, 0xFFDA0618, 0xFB71FFDA, 0xF586FB71, 0xF23AF586, 0xEEC7F23A, 0xEDC1EEC7, 0xEDB9EDC1, 0xEFCCEDB9,
	0xF2CBEFCC, 0xF648F2CB, 0xFB4BF648, 0xFF5BFB4B, 0x04A3FF5B, 0x081F04A3, 0x0C2B081F, 0x0DE40C2B, 0x0FBA0DE4, 0x0FDD0FBA, 0x0F3B0FDD,
	0x0D760F3B, 0x0A960D76, 0x07BA0A96, 0x031707BA, 0xFF910317, 0xFB24FF91, 0xF7CDFB24, 0xF466F7CD, 0xF2B0F466, 0xF124F2B0, 0xF10AF124,
	0xF1DCF10A, 0xF355F1DC, 0xF631F355, 0xF8AFF631, 0xFCC5F8AF, 0xFFFDFCC5, 0x03D7FFFD, 0x072003D7, 0x0A1C0720, 0x0C3A0A1C, 0x0DD20C3A,
	0x0E380DD2, 0x0E170E38, 0x0CF60E17, 0x0A590CF6, 0x07EB0A59, 0x042307EB, 0x00D50423, 0xFCCD00D5, 0xF9E3FCCD, 0xF6AAF9E3, 0xF4BEF6AA,
	0xF36DF4BE, 0xF291F36D, 0xF397F291, 0xF477F397, 0xF6FFF477, 0xF952F6FF, 0xFC82F952, 0xFF71FC82, 0x029FFF71, 0x0557029F, 0x079C0557,
	0x0980079C, 0x0A850980, 0x0B4A0A85, 0x0AC00B4A, 0x0A180AC0, 0x08260A18, 0x062A0826, 0x0376062A, 0x00A80376, 0xFE0500A8, 0xFB7BFE05,
	0xF97CFB7B, 0xF7CCF97C, 0xF6F9F7CC, 0xF686F6F9, 0xF6ECF686, 0xF788F6EC, 0xF8D0F788, 0xFA5FF8D0, 0xFC74FA5F, 0xFE6FFC74, 0x0087FE6F,
	0x027D0087, 0x044C027D, 0x05E9044C, 0x06E305E9, 0x07F406E3, 0x07E807F4, 0x07BA07E8, 0x06E507BA, 0x059206E5, 0x03E10592, 0x020A03E1,
	0x000B020A, 0xFE09000B, 0xFC51FE09, 0xFA90FC51, 0xF997FA90, 0xF8B5F997, 0xF8D0F8B5, 0xF935F8D0, 0xFA31F935, 0xFB75FA31, 0xFCC7FB75,
	0xFE9EFCC7, 0x0007FE9E, 0x018F0007, 0x02CF018F, 0x03E602CF, 0x04BF03E6, 0x056B04BF, 0x05A3056B, 0x058E05A3, 0x0532058E, 0x047C0532,
	0x0398047C, 0x026E0398, 0x0139026E, 0xFFD80139, 0xFE88FFD8, 0xFD25FE88, 0xFC13FD25, 0xFB43FC13, 0xFA9DFB43, 0xFA52FA9D, 0xFAA8FA52,
	0xFB28FAA8, 0xFBE5FB28, 0xFD05FBE5, 0xFE34FD05, 0xFFB2FE34, 0x00FBFFB2, 0x025C00FB, 0x035E025C, 0x0451035E, 0x04FF0451, 0x051504FF,
	0x05380515, 0x04DD0538, 0x043604DD, 0x035F0436, 0x0242035F, 0x01100242, 0xFFEE0110, 0xFE8CFFEE, 0xFD5DFE8C, 0xFC55FD5D, 0xFB82FC55,
	0xFB21FB82, 0xFAE8FB21, 0xFB21FAE8, 0xFB8DFB21, 0xFC66FB8D, 0xFD63FC66, 0xFE7CFD63, 0xFFD9FE7C, 0x0135FFD9, 0x02650135, 0x03740265,
	0x045D0374, 0x04E2045D, 0x051D04E2, 0x04F3051D, 0x049304F3, 0x03CC0493, 0x02C903CC, 0x01BA02C9, 0x008501BA, 0xFF4F0085, 0xFE24FF4F,
	0xFD29FE24, 0xFC5AFD29, 0xFBC6FC5A, 0xFB6BFBC6, 0xFB6AFB6B, 0xFB8FFB6A, 0xFBF8FB8F, 0xFCC8FBF8, 0xFDACFCC8, 0xFEAEFDAC, 0x0004FEAE,
	0x012F0004, 0x0234012F, 0x034F0234, 0x03D7034F, 0x045403D7, 0x04840454, 0x04340484, 0x03D80434, 0x031803D8, 0x023B0318, 0x0131023B,
	0x00130131, 0xFEEC0013, 0xFDE8FEEC, 0xFD17FDE8, 0xFC6CFD17, 0xFC20FC6C, 0xFBE7FC20, 0xFC10FBE7, 0xFC76FC10, 0xFCECFC76, 0xFDB8FCEC,
	0xFE97FDB8, 0xFF7FFE97, 0x005FFF7F, 0x0144005F, 0x01F60144, 0x028501F6, 0x032F0285, 0x035C032F, 0x036B035C, 0x037C036B, 0x0317037C,
	0x02910317, 0x01F80291, 0x013801F8, 0x00510138, 0xFF8B0051, 0xFEC2FF8B, 0xFE04FEC2, 0xFD95FE04, 0xFD2AFD95, 0xFCF4FD2A, 0xFCF6FCF4,
	0xFD37FCF6, 0xFD8DFD37, 0xFE09FD8D, 0xFEC5FE09, 0xFF52FEC5, 0xFFEFFF52, 0x00AEFFEF, 0x015100AE, 0x01D10151, 0x026501D1, 0x02AE0265,
	0x02C302AE, 0x02BD02C3, 0x026802BD, 0x02170268, 0x01800217, 0x00E70180, 0x004400E7, 0xFFA80044, 0xFF28FFA8, 0xFE93FF28, 0xFE47FE93,
	0xFDE5FE47, 0xFDBCFDE5, 0xFDBDFDBC, 0xFDBFFDBD, 0xFE07FDBF, 0xFE52FE07, 0xFEC2FE52, 0xFF3FFEC2, 0xFFCAFF3F, 0x0060FFCA, 0x00DC0060,
	0x014900DC, 0x01B70149, 0x020401B7, 0x02130204, 0x021B0213, 0x020E021B, 0x01C0020E, 0x015801C0, 0x01030158, 0x00820103, 0xFFFF0082,
	0xFF99FFFF, 0xFF14FF99, 0xFEB6FF14, 0xFE7CFEB6, 0xFE3FFE7C, 0xFE19FE3F, 0xFE1AFE19, 0xFE32FE1A, 0xFE6DFE32, 0xFEC5FE6D, 0xFF23FEC5,
	0xFFA3FF23, 0x001AFFA3, 0x007C001A, 0x00F8007C, 0x015300F8, 0x01910153, 0x01CF0191, 0x01D701CF, 0x01C201D7, 0x01A001C2, 0x015C01A0,
	0x0112015C, 0x00AC0112, 0x003C00AC, 0xFFDA003C, 0xFF6FFFDA, 0xFF18FF6F, 0xFED0FF18, 0xFE9AFED0, 0xFE78FE9A, 0xFE5AFE78, 0xFE62FE5A,
	0xFE8BFE62, 0xFEB1FE8B, 0xFEFDFEB1, 0xFF53FEFD, 0xFF96FF53, 0x0000FF96, 0x005B0000, 0x00B2005B, 0x010900B2, 0x01420109, 0x01750142,
	0x01830175, 0x016F0183, 0x014C016F, 0x0129014C, 0x00DF0129, 0x008F00DF, 0x004B008F, 0xFFE8004B, 0xFF9BFFE8, 0xFF5AFF9B, 0xFF0DFF5A,
	0xFED2FF0D, 0xFEB9FED2, 0xFEA9FEB9, 0xFEA4FEA9, 0xFEC1FEA4, 0xFEF5FEC1, 0xFF2DFEF5, 0xFF69FF2D, 0xFFBCFF69, 0x0001FFBC, 0x004B0001,
	0x008A004B, 0x00C8008A, 0x00F600C8, 0x010B00F6, 0x012F010B, 0x0121012F, 0x010F0121, 0x00EE010F, 0x00B700EE, 0x008400B7, 0x00390084,
	0xFFFF0039, 0xFFB4FFFF, 0xFF79FFB4, 0xFF49FF79, 0xFF1BFF49, 0xFF06FF1B, 0xFEF7FF06, 0xFF02FEF7, 0xFF1CFF02, 0xFF3FFF1C, 0xFF69FF3F,
	0xFF9FFF69, 0xFFD1FF9F, 0x0007FFD1, 0x00450007, 0x00780045, 0x00A70078, 0x00C900A7, 0x00E200C9, 0x00E600E2, 0x00E300E6, 0x00D400E3,
	0x00B400D4, 0x009200B4, 0x00610092, 0x00330061, 0xFFFF0033, 0xFFCEFFFF, 0xFF9DFFCE, 0xFF6EFF9D, 0xFF58FF6E, 0xFF3EFF58, 0xFF31FF3E,
	0xFF3AFF31, 0xFF48FF3A, 0xFF63FF48, 0xFF86FF63, 0xFFB0FF86, 0xFFDCFFB0, 0x000CFFDC, 0x003C000C, 0x0063003C, 0x00850063, 0x009D0085,
	0x00AC009D, 0x00B100AC, 0x00A700B1, 0x009C00A7, 0x0083009C, 0x00630083, 0x00400063, 0x00190040, 0xFFF30019, 0xFFCFFFF3, 0xFFB2FFCF,
	0xFF96FFB2, 0xFF84FF96, 0xFF7FFF84, 0xFF7DFF7F, 0xFF84FF7D, 0xFF93FF84, 0xFFA8FF93, 0xFFC2FFA8, 0xFFDDFFC2, 0xFFFBFFDD, 0x0019FFFB,
	0x00350019, 0x004E0035, 0x0062004E, 0x00700062, 0x00790070, 0x007C0079, 0x0078007C, 0x00710078, 0x00600071, 0x004B0060, 0x0033004B,
	0x00180033, 0xFFFD0018, 0xFFE2FFFD, 0xFFC9FFE2, 0xFFB3FFC9, 0xFFA1FFB3, 0xFF94FFA1, 0xFF8FFF94, 0xFF91FF8F, 0xFF99FF91, 0xFFA8FF99,
	0xFFBBFFA8, 0xFFD4FFBB, 0xFFEEFFD4, 0x000AFFEE, 0x0023000A, 0x003A0023, 0x0050003A, 0x005E0050, 0x0066005E, 0x00690066, 0x00650069,
	0x005E0065, 0x0051005E, 0x00400051, 0x002B0040, 0x0017002B, 0x00000017, 0xFFE80000, 0xFFD1FFE8, 0xFFBFFFD1, 0xFFB1FFBF, 0xFFA8FFB1,
	0xFFA3FFA8, 0xFFA6FFA3, 0xFFAEFFA6, 0xFFBBFFAE, 0xFFCAFFBB, 0xFFDDFFCA, 0xFFF0FFDD, 0x0003FFF0, 0x00180003, 0x00280018, 0x00360028,
	0x00420036, 0x00480042, 0x004C0048, 0x0049004C, 0x00440049, 0x003A0044, 0x002D003A, 0x001D002D, 0x000D001D, 0xFFFC000D, 0xFFEBFFFC,
	0xFFDDFFEB, 0xFFCFFFDD, 0xFFC5FFCF, 0xFFBEFFC5, 0xFFBAFFBE, 0xFFBCFFBA, 0xFFC0FFBC, 0xFFCAFFC0, 0xFFD5FFCA, 0xFFE4FFD5, 0xFFF3FFE4,
	0x0004FFF3, 0x00130004, 0x00210013, 0x002D0021, 0x0034002D, 0x00390034, 0x003B0039, 0x0036003B, 0x00310036, 0x00270031, 0x001C0027,
	0x000F001C, 0x0001000F, 0xFFF50001, 0xFFE8FFF5, 0xFFDCFFE8, 0xFFD3FFDC, 0xFFCDFFD3, 0xFFC9FFCD, 0xFFC8FFC9, 0xFFCBFFC8, 0xFFCFFFCB,
	0xFFD6FFCF, 0xFFE0FFD6, 0xFFEAFFE0, 0xFFF6FFEA, 0x0001FFF6, 0x000D0001, 0x0017000D, 0x001E0017, 0x0023001E, 0x00270023, 0x00260027,
	0x00250026, 0x00210025, 0x001A0021, 0x0012001A, 0x00080012, 0xFFFF0008, 0xFFF6FFFF, 0xFFECFFF6, 0xFFE4FFEC, 0xFFDDFFE4, 0xFFD6FFDD,
	0xFFD3FFD6, 0xFFD1FFD3, 0xFFD3FFD1, 0xFFD6FFD3, 0xFFDBFFD6, 0xFFE3FFDB, 0xFFECFFE3, 0xFFF6FFEC, 0x0000FFF6, 0x000A0000, 0x0014000A,
	0x001C0014, 0x0021001C, 0x00230021, 0x00230023, 0x00210023, 0x001D0021, 0x0017001D, 0x000E0017, 0x0006000E, 0xFFFE0006, 0xFFF6FFFE,
	0xFFEDFFF6, 0xFFE6FFED, 0xFFE0FFE6, 0xFFDBFFE0, 0xFFDAFFDB, 0xFFDAFFDA, 0xFFDBFFDA, 0xFFDFFFDB, 0xFFE4FFDF, 0xFFEBFFE4, 0xFFF4FFEB,
	0xFFFCFFF4, 0x0004FFFC, 0x000C0004, 0x0012000C, 0x00180012, 0x001B0018, 0x001E001B, 0x001D001E, 0x001C001D, 0x0018001C, 0x00130018,
	0x000D0013, 0x0006000D, 0xFFFF0006, 0xFFF8FFFF, 0xFFF0FFF8, 0xFFEBFFF0, 0xFFE7FFEB, 0xFFE4FFE7, 0xFFE2FFE4, 0xFFE4FFE2, 0xFFE7FFE4,
	0xFFEAFFE7, 0xFFEFFFEA, 0xFFF5FFEF, 0xFFFCFFF5, 0x0002FFFC, 0x00080002, 0x000D0008, 0x0012000D, 0x00150012, 0x00170015, 0x00170017,
	0x00160017, 0x00150016, 0x00120015, 0x000C0012, 0x0008000C, 0x00030008, 0xFFFE0003, 0xFFF9FFFE, 0xFFF5FFF9, 0xFFF2FFF5, 0xFFF0FFF2,
	0xFFEEFFF0, 0xFFEFFFEE, 0xFFF0FFEF, 0xFFF3FFF0, 0xFFF5FFF3, 0xFFFAFFF5, 0xFFFDFFFA, 0x0001FFFD, 0x00050001, 0x00080005, 0x000B0008,
	0x000E000B, 0x0010000E, 0x00100010, 0x00100010, 0x00100010, 0x000E0010, 0x000B000E, 0x0009000B, 0x00060009, 0x00030006, 0x00000003,
	0xFFFC0000, 0xFFFBFFFC, 0xFFF8FFFB, 0xFFF6FFF8, 0xFFF6FFF6, 0xFFF6FFF6, 0xFFF8FFF6, 0xFFF9FFF8, 0xFFFAFFF9, 0xFFFDFFFA, 0x0001FFFD,
	0x00040001, 0x00060004, 0x00080006, 0x000A0008, 0x000C000A, 0x000D000C, 0x000D000D, 0x000C000D, 0x000D000C, 0x000A000D, 0x0008000A,
	0x00060008, 0x00040006, 0x00010004, 0xFFFF0001, 0xFFFEFFFF, 0xFFFCFFFE, 0xFFFDFFFC, 0xFFFCFFFD, 0xFFFCFFFC, 0xFFFDFFFC, 0xFFFEFFFD,
	0xFFFFFFFE, 0x0000FFFF, 0x00020000, 0x00040002, 0x00060004, 0x00060006, 0x00070006, 0x00080007, 0x00080008, 0x00090008, 0x00080009,
	0x00080008, 0x00060008, 0x00060006, 0x00050006, 0x00040005, 0x00020004, 0x00010002, 0x00010001, 0xFFFF0001, 0xFFFFFFFF, 0x0000FFFF,
	0xFFFF0000, 0xFFFFFFFF, 0x0000FFFF, 0x00000000, 0x00010000, 0x00020001, 0x00020002, 0x00040002, 0x00050004, 0x00040005, 0x00060004,
	0x00060006, 0x00060006, 0x00060006, 0x00060006, 0x00040006, 0x00040004, 0x00040004, 0x00020004, 0x00020002, 0x00020002, 0x00010002,
	0x00010001, 0x00000001, 0x00010000, 0x00010001, 0x00000001, 0x00000000, 0x00010000, 0x00010001, 0x00010001, 0x00010001, 0x00020001,
	0x00020002, 0x00030002, 0x00020003, 0x00030002, 0x00020003, 0x00020002, 0x00020002, 0x00010002, 0x00030001, 0x00010003, 0x00010001,
	0x00010001, 0x00010001, 0x00000001, 0x00000000, 0x00010000, 0x00010001, 0x00000001, 0x00000000, 0x00010000, 0x00010001, 0x00010001,
	0x00010001, 0x00010001, 0x00010001, 0x00010001, 0x00010001, 0x00000001, 0x00000000, 0x00010000, 0x00000001, 0x00000000, 0x00000000,
	0x00000000, 0x00010000, 0x00000001, 0x00000000, 0x00000000, 0x00000000, 0x00000000, 0xFFFF0000, 0x0000FFFF, 0x00000000, 0xFFFF0000,
	0xFFFFFFFF, 0x0000FFFF, 0x00000000, 0x00000000, 0xFFFF0000, 0xFFFEFFFF, 0xFFFFFFFE, 0x0000FFFF, 0x00010000, 0xFFFF0001, 0xFFFFFFFF,
	0x0000FFFF, 0xFFFF0000, 0xFFFFFFFF, 0xFFFEFFFF, 0xFFFFFFFE, 0xFFFFFFFF, 0xFFFFFFFF, 0xFFFFFFFF, 0xFFFEFFFF, 0xFFFFFFFE, 0xFFFFFFFF,
	0xFFFFFFFF, 0xFFFFFFFF, 0xFFFFFFFF, 0xFFFFFFFF, 0xFFFFFFFF, 0x0000FFFF, 0x00000000, 0xFFFF0000, 0xFFFEFFFF, 0xFFFEFFFE, 0xFFFFFFFE,
	0xFFFFFFFF, 0xFFFFFFFF, 0xFFFFFFFF, 0xFFFFFFFF, 0xFFFFFFFF, 0xFFFFFFFF, 0x0000FFFF, 0xFFFF0000, 0xFFFEFFFF, 0xFFFEFFFE, 0xFFFFFFFE,
	0x0000FFFF, 0xFFFF0000, 0xFFFFFFFF, 0xFFFFFFFF, 0xFFFDFFFF, 0xFFFDFFFD, 0xFFFEFFFD, 0xFFFFFFFE, 0xFFFDFFFF, 0xFFFEFFFD, 0xFFFFFFFE,
	0xFFFEFFFF, 0xFFFEFFFE, 0xFFFEFFFE, 0xFFFFFFFE, 0xFFFFFFFF, 0xFFFFFFFF, 0xFFFEFFFF, 0xFFFEFFFE, 0xFFFFFFFE, 0x0000FFFF, 0x00000000,
	0xFFFE0000, 0xFFFCFFFE, 0xFFFCFFFC, 0xFFFFFFFC, 0x0002FFFF, 0xFFFF0002, 0xFFFFFFFF, 0x0000FFFF, 0xFFFF0000, 0x0000FFFF, 0xFFFF0000,
	0xFFFFFFFF, 0xFFFDFFFF, 0xFFFEFFFD, 0x0000FFFE, 0x00000000, 0x00000000, 0x00000000, 0xFFFF0000, 0xFFFDFFFF, 0xFFFEFFFD, 0x0000FFFE,
	0xFFFE0000, 0xFFFDFFFE, 0xFFFDFFFD, 0xFFFEFFFD, 0xFFFCFFFE, 0xFFFAFFFC, 0xFFFDFFFA, 0x0001FFFD, 0xFFFE0001, 0xFFFCFFFE, 0xFFFFFFFC,
	0x0002FFFF, 0x00010002, 0xFFFD0001, 0xFFFCFFFD, 0xFFFFFFFC, 0xFFFEFFFF, 0x0000FFFE, 0x00000000, 0xFFFF0000, 0xFFFFFFFF, 0xFFFCFFFF,
	0xFFFDFFFC, 0x0001FFFD, 0x00030001, 0x00010003, 0xFFFE0001, 0x0001FFFE, 0x00030001, 0xFFFF0003, 0xFFFDFFFF, 0xFFFDFFFD, 0xFFFEFFFD,
	0xFFFDFFFE, 0xFFFDFFFD, 0xFFFFFFFD, 0xFFFFFFFF, 0xFFFCFFFF, 0xFFFCFFFC, 0xFFFEFFFC, 0xFFFEFFFE, 0xFFFDFFFE, 0xFFFFFFFD, 0x0000FFFF,
	0xFFFE0000, 0xFFFFFFFE, 0xFFFEFFFF, 0xFFFFFFFE, 0xFFFFFFFF, 0x0000FFFF, 0x00000000, 0xFFFE0000, 0x0003FFFE, 0x00060003, 0x00000006,
	0xFFFD0000, 0xFFFCFFFD, 0xFFFEFFFC, 0x0000FFFE, 0x00000000, 0x00010000, 0x00000001, 0x00000000, 0x00020000, 0x00020002, 0x00030002,
	0x00020003, 0xFFFF0002, 0xFFFFFFFF, 0x0002FFFF, 0x00020002, 0x00000002, 0x00010000, 0x00010001, 0x00000001, 0x00000000, 0xFFFF0000,
	0xFFFDFFFF, 0xFFFEFFFD, 0x0002FFFE, 0x00030002, 0xFFFE0003, 0xFFFCFFFE, 0x0000FFFC, 0x00000000, 0xFFFF0000, 0x0001FFFF, 0x00010001,
	0x00020001, 0x00000002, 0x00010000, 0x00030001, 0xFFFF0003, 0xFFFCFFFF, 0xFFFDFFFC, 0xFFFFFFFD, 0x0000FFFF, 0x00010000, 0x00030001,
	0x00040003, 0x00020004, 0x00020002, 0x00060002, 0x00030006, 0xFFFF0003, 0xFFFFFFFF, 0xFFFEFFFF, 0xFFFCFFFE, 0xFFFFFFFC, 0x0004FFFF,
	0x00010004, 0xFFFE0001, 0xFFFFFFFE, 0xFFFFFFFF, 0xFFFFFFFF, 0x0000FFFF, 0x00030000, 0x00020003, 0xFFFD0002, 0xFFFCFFFD, 0xFFFFFFFC,
	0x0002FFFF, 0x00010002, 0x00000001, 0xFFFE0000, 0x0000FFFE, 0x00050000, 0x00050005, 0x00010005, 0xFFFC0001, 0xFFFDFFFC, 0x0003FFFD,
	0x00040003, 0x00020004, 0x00020002, 0x00030002, 0x00030003, 0x00030003, 0x00010003, 0x00010001, 0x00010001, 0x00000001, 0x00010000,
	0x00000001, 0x00030000, 0x00080003, 0x00050008, 0x00010005, 0x00010001, 0x00050001, 0x00040005, 0x00000004, 0x00010000, 0x00040001,
	0x00030004, 0xFFFF0003, 0xFFFEFFFF, 0xFFFFFFFE, 0xFFFFFFFF, 0xFFFFFFFF, 0x0000FFFF, 0x00030000, 0xFFFF0003, 0xFFFDFFFF, 0x0001FFFD,
	0x00050001, 0x00060005, 0x00040006, 0x00020004, 0xFFFF0002, 0x0000FFFF, 0x00010000, 0xFFFE0001, 0x0001FFFE, 0x00030001, 0xFFFE0003,
	0xFFFEFFFE, 0x0002FFFE, 0x00040002, 0xFFFF0004, 0xFFFEFFFF, 0x0003FFFE, 0x00010003, 0xFFFC0001, 0x0000FFFC, 0x00020000, 0xFFFD0002,
	0xFFFFFFFD, 0x0004FFFF, 0x00030004, 0xFFFD0003, 0xFFFDFFFD, 0x0001FFFD, 0x00000001, 0x00020000, 0x00090002, 0x000A0009, 0x0005000A,
	0x00000005, 0xFFFE0000, 0xFFFDFFFE, 0x0000FFFD, 0x00040000, 0x00020004, 0x00000002, 0x00000000, 0xFFFE0000, 0xFFFFFFFE, 0x0002FFFF,
	0x00000002, 0x00020000, 0x00000002, 0xFFF90000, 0xFFFCFFF9, 0x0000FFFC, 0x00030000, 0x00030003, 0x00000003, 0x00050000, 0x00070005,
	0xFFFD0007, 0xFFF8FFFD, 0x0000FFF8, 0x00020000, 0x00000002, 0x00030000, 0x00030003, 0x00010003, 0x00000001, 0xFFF00000, 0xFFA8FFF0,
	0xFF3DFFA8, 0xFFE1FF3D, 0x02A8FFE1, 0x040F02A8, 0xFCEE040F, 0xF01CFCEE, 0xF096F01C, 0x0851F096, 0x1F920851, 0x1A811F92, 0x067C1A81,
	0x00FC067C, 0x041F00FC, 0xFB99041F, 0xEFE8FB99, 0xF09CEFE8, 0xF3A9F09C, 0xEE36F3A9, 0xEC28EE36, 0xF32EEC28, 0xF610F32E, 0xF3F3F610,
	0xF7A5F3F3, 0xFC91F7A5, 0xFBB2FC91, 0xFCACFBB2, 0x025CFCAC, 0x04CE025C, 0x04C504CE, 0x08BD04C5, 0x0CD908BD, 0x0CC60CD9, 0x0DFC0CC6,
	0x11A70DFC, 0x11D611A7, 0x105811D6, 0x11901058, 0x11581190, 0x0E4C1158, 0x0D730E4C, 0x0D760D73, 0x0AC10D76, 0x08A70AC1, 0x085D08A7,
	0x0616085D, 0x02DF0616, 0x01A402DF, 0xFFE701A4, 0xFC7DFFE7, 0xFA7BFC7D, 0xF95FFA7B, 0xF6B1F95F, 0xF46FF6B1, 0xF3D7F46F, 0xF252F3D7,
	0xF04CF252, 0xF012F04C, 0xEFDBF012, 0xEE93EFDB, 0xEE9FEE93, 0xEF93EE9F, 0xEF73EF93, 0xEFD3EF73, 0xF18DEFD3, 0xF28BF18D, 0xF334F28B,
	0xF52DF334, 0xF704F52D, 0xF80AF704, 0xF9FCF80A, 0xFC5CF9FC, 0xFDBDFC5C, 0xFF6EFDBD, 0x01F4FF6E, 0x03A701F4, 0x04FA03A7, 0x072304FA,
	0x08E70723, 0x09DC08E7, 0x0B5F09DC, 0x0CE90B5F, 0x0D740CE9, 0x0E180D74, 0x0F200E18, 0x0F4B0F20, 0x0F120F4B, 0x0F590F12, 0x0F1B0F59,
	0x0E2D0F1B, 0x0DAA0E2D, 0x0D110DAA, 0x0BA90D11, 0x0A6A0BA9, 0x09760A6A, 0x07DC0976, 0x062407DC, 0x04E80624, 0x034C04E8, 0x0153034C,
	0xFFD70153, 0xFE5EFFD7, 0xFC72FE5E, 0xFAE5FC72, 0xF9B4FAE5, 0xF824F9B4, 0xF6B5F824, 0xF5D4F6B5, 0xF4D2F5D4, 0xF3C1F4D2, 0xF34CF3C1,
	0xF2F0F34C, 0xF260F2F0, 0xF24FF260, 0xF299F24F, 0xF2AEF299, 0xF301F2AE, 0xF3CEF301, 0xF47CF3CE, 0xF531F47C, 0xF65CF531, 0xF788F65C,
	0xF88FF788, 0xF9F1F88F, 0xFB77F9F1, 0xFCB8FB77, 0xFE21FCB8, 0xFFC8FE21, 0x012EFFC8, 0x0283012E, 0x04160283, 0x05770416, 0x069C0577,
	0x07EC069C, 0x092007EC, 0x09F00920, 0x0AC409F0, 0x0B9F0AC4, 0x0C100B9F, 0x0C560C10, 0x0CAC0C56, 0x0CB10CAC, 0x0C6B0CB1, 0x0C330C6B,
	0x0BCE0C33, 0x0B0A0BCE, 0x0A4B0B0A, 0x09890A4B, 0x086C0989, 0x073B086C, 0x0628073B, 0x04E20628, 0x037404E2, 0x022D0374, 0x00DA022D,
	0xFF6200DA, 0xFE11FF62, 0xFCD5FE11, 0xFB81FCD5, 0xFA49FB81, 0xF947FA49, 0xF840F947, 0xF74DF840, 0xF6A5F74D, 0xF610F6A5, 0xF580F610,
	0xF537F580, 0xF522F537, 0xF50DF522, 0xF52AF50D, 0xF585F52A, 0xF5E6F585, 0xF663F5E6, 0xF71FF663, 0xF7E5F71F, 0xF8ACF7E5, 0xF9A6F8AC,
	0xFAB8F9A6, 0xFBBAFAB8, 0xFCD0FBBA, 0xFE02FCD0, 0xFF24FE02, 0x003FFF24, 0x016F003F, 0x0287016F, 0x03890287, 0x04910389, 0x05810491,
	0x06480581, 0x07080648, 0x07B80708, 0x083207B8, 0x08930832, 0x08F10893, 0x092108F1, 0x09220921, 0x09200922, 0x09050920, 0x08B60905,
	0x085A08B6, 0x07ED085A, 0x075407ED, 0x06A70754, 0x05F106A7, 0x051E05F1, 0x0433051E, 0x034A0433, 0x0251034A, 0x01450251, 0x00410145,
	0xFF430041, 0xFE3BFF43, 0xFD42FE3B, 0xFC5EFD42, 0xFB7AFC5E, 0xFAA6FB7A, 0xF9F6FAA6, 0xF953F9F6, 0xF8BEF953, 0xF84FF8BE, 0xF7FAF84F,
	0xF7B6F7FA, 0xF797F7B6, 0xF79BF797, 0xF7ACF79B, 0xF7DEF7AC, 0xF836F7DE, 0xF89DF836, 0xF917F89D, 0xF9B9F917, 0xFA6CF9B9, 0xFB26FA6C,
	0xFBF4FB26, 0xFCD2FBF4, 0xFDAEFCD2, 0xFE93FDAE, 0xFF85FE93, 0x006CFF85, 0x0149006C, 0x022B0149, 0x0305022B, 0x03CA0305, 0x048703CA,
	0x05370487, 0x05CE0537, 0x065405CE, 0x06CA0654, 0x072306CA, 0x075F0723, 0x0787075F, 0x078F0787, 0x0778078F, 0x074D0778, 0x070A074D,
	0x06A8070A, 0x063206A8, 0x05AE0632, 0x051305AE, 0x04660513, 0x03B40466, 0x02F603B4, 0x022B02F6, 0x0162022B, 0x00980162, 0xFFC70098,
	0xFEFBFFC7, 0xFE39FEFB, 0xFD7AFE39, 0xFCC6FD7A, 0xFC24FCC6, 0xFB8DFC24, 0xFB02FB8D, 0xFA8EFB02, 0xFA32FA8E, 0xF9E4FA32, 0xF9ABF9E4,
	0xF98EF9AB, 0xF982F98E, 0xF988F982, 0xF9ABF988, 0xF9E3F9AB, 0xFA2BF9E3, 0xFA8DFA2B, 0xFB04FA8D, 0xFB85FB04, 0xFC16FB85, 0xFCB9FC16,
	0xFD64FCB9, 0xFE15FD64, 0xFECFFE15, 0xFF8BFECF, 0x0043FF8B, 0x00FB0043, 0x01AE00FB, 0x025501AE, 0x02F50255, 0x038702F5, 0x04070387,
	0x047B0407, 0x04DB047B, 0x052304DB, 0x05590523, 0x057F0559, 0x058F057F, 0x058B058F, 0x0577058B, 0x05540577, 0x051D0554, 0x04D8051D,
	0x048A04D8, 0x042C048A, 0x03C0042C, 0x034A03C0, 0x02C8034A, 0x023C02C8, 0x01AC023C, 0x011401AC, 0x00750114, 0xFFD90075, 0xFF3FFFD9,
	0xFEA7FF3F, 0xFE12FEA7, 0xFD8AFE12, 0xFD0DFD8A, 0xFC97FD0D, 0xFC30FC97, 0xFBD9FC30, 0xFB8EFBD9, 0xFB54FB8E, 0xFB2DFB54, 0xFB16FB2D,
	0xFB0CFB16, 0xFB13FB0C, 0xFB2DFB13, 0xFB55FB2D, 0xFB8DFB55, 0xFBD6FB8D, 0xFC2BFBD6, 0xFC8DFC2B, 0xFCFCFC8D, 0xFD76FCFC, 0xFDF8FD76,
	0xFE81FDF8, 0xFF0DFE81, 0xFF9AFF0D, 0x002AFF9A, 0x00B5002A, 0x013A00B5, 0x01BA013A, 0x023301BA, 0x02A10233, 0x030302A1, 0x035B0303,
	0x03A4035B, 0x03DD03A4, 0x040903DD, 0x04270409, 0x04340427, 0x04310434, 0x04240431, 0x04060424, 0x03DA0406, 0x03A403DA, 0x036003A4,
	0x03120360, 0x02BB0312, 0x025A02BB, 0x01F3025A, 0x018801F3, 0x011B0188, 0x00A9011B, 0x003600A9, 0xFFC70036, 0xFF58FFC7, 0xFEEFFF58,
	0xFE8BFEEF, 0xFE2DFE8B, 0xFDD7FE2D, 0xFD8BFDD7, 0xFD49FD8B, 0xFD0EFD49, 0xFCE0FD0E, 0xFCBEFCE0, 0xFCA7FCBE, 0xFC99FCA7, 0xFC95FC99,
	0xFC9CFC95, 0xFCABFC9C, 0xFCC4FCAB, 0xFCE4FCC4, 0xFD0DFCE4, 0xFD41FD0D, 0xFD7CFD41, 0xFDBEFD7C, 0xFE0BFDBE, 0xFE5FFE0B, 0xFEB7FE5F,
	0xFF15FEB7, 0xFF76FF15, 0xFFD8FF76, 0x003BFFD8, 0x009D003B, 0x00FA009D, 0x015200FA, 0x01A50152, 0x01F101A5, 0x023401F1, 0x026D0234,
	0x02A0026D, 0x02C902A0, 0x02E702C9, 0x02FB02E7, 0x030502FB, 0x03050305, 0x02FA0305, 0x02E602FA, 0x02C702E6, 0x029F02C7, 0x026F029F,
	0x0237026F, 0x01F70237, 0x01B301F7, 0x016801B3, 0x01180168, 0x00C50118, 0x007000C5, 0x00190070, 0xFFC30019, 0xFF6EFFC3, 0xFF19FF6E,
	0xFEC9FF19, 0xFE7DFEC9, 0xFE36FE7D, 0xFDF5FE36, 0xFDBDFDF5, 0xFD8DFDBD, 0xFD65FD8D, 0xFD46FD65, 0xFD32FD46, 0xFD28FD32, 0xFD28FD28,
	0xFD34FD28, 0xFD4AFD34, 0xFD69FD4A, 0xFD94FD69, 0xFDC6FD94, 0xFE01FDC6, 0xFE43FE01, 0xFE8CFE43, 0xFED9FE8C, 0xFF2BFED9, 0xFF81FF2B,
	0xFFD6FF81, 0x002DFFD6, 0x0082002D, 0x00D50082, 0x012400D5, 0x016F0124, 0x01B4016F, 0x01F101B4, 0x022801F1, 0x02540228, 0x027A0254,
	0x0295027A, 0x02A80295, 0x02B002A8, 0x02B002B0, 0x02A702B0, 0x029502A7, 0x02790295, 0x02560279, 0x022C0256, 0x01FA022C, 0x01C201FA,
	0x018601C2, 0x01440186, 0x00FF0144, 0x00B600FF, 0x006E00B6, 0x0024006E, 0xFFDB0024, 0xFF94FFDB, 0xFF4FFF94, 0xFF0DFF4F, 0xFED0FF0D,
	0xFE97FED0, 0xFE64FE97, 0xFE38FE64, 0xFE12FE38, 0xFDF3FE12, 0xFDDCFDF3, 0xFDCCFDDC, 0xFDC5FDCC, 0xFDC6FDC5, 0xFDCFFDC6, 0xFDE0FDCF,
	0xFDF8FDE0, 0xFE17FDF8, 0xFE3DFE17, 0xFE68FE3D, 0xFE9AFE68, 0xFECFFE9A, 0xFF07FECF, 0xFF43FF07, 0xFF82FF43, 0xFFC2FF82, 0x0004FFC2,
	0x00470004, 0x00890047, 0x00CC0089, 0x010B00CC, 0x0147010B, 0x017F0147, 0x01B1017F, 0x01DD01B1, 0x020001DD, 0x021A0200, 0x022C021A,
	0x0236022C, 0x02370236, 0x022F0237, 0x021E022F, 0x0207021E, 0x01E70207, 0x01C201E7, 0x019601C2, 0x01640196, 0x012F0164, 0x00F6012F,
	0x00BB00F6, 0x007D00BB, 0x003F007D, 0x0001003F, 0xFFC40001, 0xFF87FFC4, 0xFF4DFF87, 0xFF17FF4D, 0xFEE6FF17, 0xFEB9FEE6, 0xFE92FEB9,
	0xFE70FE92, 0xFE54FE70, 0xFE40FE54, 0xFE32FE40, 0xFE2AFE32, 0xFE2AFE2A, 0xFE2FFE2A, 0xFE3BFE2F, 0xFE4AFE3B, 0xFE60FE4A, 0xFE7CFE60,
	0xFE9BFE7C, 0xFEBFFE9B, 0xFEE8FEBF, 0xFF13FEE8, 0xFF44FF13, 0xFF78FF44, 0xFFADFF78, 0xFFE4FFAD, 0x001CFFE4, 0x0053001C, 0x00870053,
	0x00BA0087, 0x00E800BA, 0x011200E8, 0x01370112, 0x01570137, 0x01700157, 0x01830170, 0x018E0183, 0x0193018E, 0x01910193, 0x01880191,
	0x01780188, 0x01630178, 0x01470163, 0x01280147, 0x01040128, 0x00DD0104, 0x00B300DD, 0x008800B3, 0x005B0088, 0x002D005B, 0x0000002D,
	0xFFD30000, 0xFFA9FFD3, 0xFF7FFFA9, 0xFF58FF7F, 0xFF35FF58, 0xFF15FF35, 0xFEF8FF15, 0xFEE0FEF8, 0xFECCFEE0, 0xFEBDFECC, 0xFEB3FEBD,
	0xFEAFFEB3, 0xFEAFFEAF, 0xFEB2FEAF, 0xFEBDFEB2, 0xFECAFEBD, 0xFEDCFECA, 0xFEF1FEDC, 0xFF09FEF1, 0xFF25FF09, 0xFF43FF25, 0xFF63FF43,
	0xFF84FF63, 0xFFA6FF84, 0xFFCAFFA6, 0xFFECFFCA, 0x000FFFEC, 0x0031000F, 0x00530031, 0x00730053, 0x00900073, 0x00AC0090, 0x00C500AC,
	0x00DA00C5, 0x00ED00DA, 0x00FC00ED, 0x010700FC, 0x010F0107, 0x0113010F, 0x01130113, 0x010E0113, 0x0106010E, 0x00FA0106, 0x00EA00FA,
	0x00D600EA, 0x00C000D6, 0x00A600C0, 0x008A00A6, 0x006C008A, 0x004C006C, 0x002D004C, 0x000B002D, 0xFFEB000B, 0xFFCCFFEB, 0xFFADFFCC,
	0xFF91FFAD, 0xFF75FF91, 0xFF5DFF75, 0xFF48FF5D, 0xFF35FF48, 0xFF26FF35, 0xFF1AFF26, 0xFF11FF1A, 0xFF0DFF11, 0xFF0DFF0D, 0xFF0EFF0D,
	0xFF13FF0E, 0xFF1CFF13, 0xFF28FF1C, 0xFF36FF28, 0xFF47FF36, 0xFF5BFF47, 0xFF70FF5B, 0xFF87FF70, 0xFF9FFF87, 0xFFBAFF9F, 0xFFD4FFBA,
	0xFFF0FFD4, 0x000BFFF0, 0x0027000B, 0x00410027, 0x00590041, 0x00700059, 0x00860070, 0x00990086, 0x00AA0099, 0x00B600AA, 0x00C200B6,
	0x00C900C2, 0x00CE00C9, 0x00CF00CE, 0x00CE00CF, 0x00CB00CE, 0x00C300CB, 0x00B900C3, 0x00AD00B9, 0x009E00AD, 0x008C009E, 0x0077008C,
	0x00620077, 0x004A0062, 0x0031004A, 0x00170031, 0xFFFC0017, 0xFFE2FFFC, 0xFFC7FFE2, 0xFFAFFFC7, 0xFF96FFAF, 0xFF81FF96, 0xFF6CFF81,
	0xFF5CFF6C, 0xFF4EFF5C, 0xFF43FF4E, 0xFF3BFF43, 0xFF35FF3B, 0xFF34FF35, 0xFF34FF34, 0xFF39FF34, 0xFF41FF39, 0xFF4CFF41, 0xFF59FF4C,
	0xFF69FF59, 0xFF7BFF69, 0xFF90FF7B, 0xFFA5FF90, 0xFFBCFFA5, 0xFFD4FFBC, 0xFFEDFFD4, 0x0006FFED, 0x001E0006, 0x0036001E, 0x004D0036,
	0x0062004D, 0x00750062, 0x00870075, 0x00960087, 0x00A30096, 0x00AD00A3, 0x00B300AD, 0x00B800B3, 0x00B900B8, 0x00B800B9, 0x00B400B8,
	0x00AC00B4, 0x00A300AC, 0x009700A3, 0x00880097, 0x00790088, 0x00690079, 0x00560069, 0x00420056, 0x002F0042, 0x0019002F, 0x00060019,
	0xFFF00006, 0xFFDCFFF0, 0xFFC7FFDC, 0xFFB4FFC7, 0xFFA3FFB4, 0xFF92FFA3, 0xFF84FF92, 0xFF78FF84, 0xFF6DFF78, 0xFF65FF6D, 0xFF60FF65,
	0xFF5DFF60, 0xFF5DFF5D, 0xFF60FF5D, 0xFF64FF60, 0xFF6CFF64, 0xFF76FF6C, 0xFF81FF76, 0xFF90FF81, 0xFFA1FF90, 0xFFB2FFA1, 0xFFC5FFB2,
	0xFFD9FFC5, 0xFFEDFFD9, 0x0001FFED, 0x00160001, 0x002A0016, 0x003E002A, 0x0050003E, 0x00610050, 0x00700061, 0x007E0070, 0x008A007E,
	0x0093008A, 0x009A0093, 0x009F009A, 0x00A1009F, 0x00A100A1, 0x00A000A1, 0x009B00A0, 0x0094009B, 0x008C0094, 0x0081008C, 0x00730081,
	0x00650073, 0x00560065, 0x00440056, 0x00330044, 0x00200033, 0x000D0020, 0xFFFA000D, 0xFFE7FFFA, 0xFFD4FFE7, 0xFFC2FFD4, 0xFFB3FFC2,
	0xFFA4FFB3, 0xFF97FFA4, 0xFF8CFF97, 0xFF84FF8C, 0xFF7CFF84, 0xFF78FF7C, 0xFF77FF78, 0xFF78FF77, 0xFF7AFF78, 0xFF80FF7A, 0xFF87FF80,
	0xFF90FF87, 0xFF9AFF90, 0xFFA7FF9A, 0xFFB6FFA7, 0xFFC4FFB6, 0xFFD4FFC4, 0xFFE4FFD4, 0xFFF5FFE4, 0x0005FFF5, 0x00160005, 0x00250016,
	0x00340025, 0x00420034, 0x004E0042, 0x0059004E, 0x00620059, 0x006B0062, 0x0070006B, 0x00750070, 0x00770075, 0x00770077, 0x00770077,
	0x00740077, 0x006F0074, 0x0069006F, 0x00600069, 0x00560060, 0x004B0056, 0x003F004B, 0x0034003F, 0x00260034, 0x00190026, 0x000B0019,
	0xFFFF000B, 0xFFF2FFFF, 0xFFE6FFF2, 0xFFDAFFE6, 0xFFCFFFDA, 0xFFC5FFCF, 0xFFBDFFC5, 0xFFB5FFBD, 0xFFB0FFB5, 0xFFABFFB0, 0xFFA7FFAB,
	0xFFA5FFA7, 0xFFA6FFA5, 0xFFA7FFA6, 0xFFABFFA7, 0xFFAFFFAB, 0xFFB5FFAF, 0xFFBCFFB5, 0xFFC4FFBC, 0xFFCDFFC4, 0xFFD6FFCD, 0xFFE0FFD6,
	0xFFEBFFE0, 0xFFF5FFEB, 0xFFFFFFF5, 0x000AFFFF, 0x0014000A, 0x001D0014, 0x0026001D, 0x002E0026, 0x0035002E, 0x003B0035, 0x0040003B,
	0x00430040, 0x00460043, 0x00480046, 0x00480048, 0x00470048, 0x00450047, 0x00420045, 0x003D0042, 0x0038003D, 0x00320038, 0x002C0032,
	0x0024002C, 0x001D0024, 0x0015001D, 0x000B0015, 0x0004000B, 0xFFFB0004, 0xFFF3FFFB, 0xFFEBFFF3, 0xFFE2FFEB, 0xFFDBFFE2, 0xFFD4FFDB,
	0xFFCFFFD4, 0xFFC8FFCF, 0xFFC5FFC8, 0xFFC0FFC5, 0xFFBEFFC0, 0xFFBBFFBE, 0xFFBBFFBB, 0xFFBBFFBB, 0xFFBDFFBB, 0xFFC0FFBD, 0xFFC4FFC0,
	0xFFC8FFC4, 0xFFCFFFC8, 0xFFD3FFCF, 0xFFDBFFD3, 0xFFE2FFDB, 0xFFEBFFE2, 0xFFF3FFEB, 0xFFFBFFF3, 0x0002FFFB, 0x00090002, 0x00110009,
	0x00190011, 0x001E0019, 0x0025001E, 0x002A0025, 0x002E002A, 0x0031002E, 0x00340031, 0x00350034, 0x00360035, 0x00360036, 0x00330036,
	0x00320033, 0x002F0032, 0x002A002F, 0x0025002A, 0x00210025, 0x001C0021, 0x0015001C, 0x000E0015, 0x0007000E, 0x00010007, 0xFFFA0001,
	0xFFF4FFFA, 0xFFEEFFF4, 0xFFE8FFEE, 0xFFE2FFE8, 0xFFDCFFE2, 0xFFD8FFDC, 0xFFD3FFD8, 0xFFD1FFD3, 0xFFCDFFD1, 0xFFCCFFCD, 0xFFCAFFCC,
	0xFFCBFFCA, 0xFFCCFFCB, 0xFFCCFFCC, 0xFFCFFFCC, 0xFFD1FFCF, 0xFFD5FFD1, 0xFFD9FFD5, 0xFFDDFFD9, 0xFFE3FFDD, 0xFFE9FFE3, 0xFFEEFFE9,
	0xFFF5FFEE, 0xFFFBFFF5, 0x0001FFFB, 0x00080001, 0x000E0008, 0x0013000E, 0x00190013, 0x001E0019, 0x0021001E, 0x00250021, 0x00280025,
	0x002A0028, 0x002B002A, 0x002B002B, 0x002A002B, 0x0029002A, 0x00280029, 0x00240028, 0x00210024, 0x001D0021, 0x0018001D, 0x00120018,
	0x000D0012, 0x0008000D, 0x00020008, 0xFFFC0002, 0xFFF7FFFC, 0xFFF1FFF7, 0xFFECFFF1, 0xFFE7FFEC, 0xFFE3FFE7, 0xFFDFFFE3, 0xFFDBFFDF,
	0xFFD9FFDB, 0xFFD8FFD9, 0xFFD6FFD8, 0xFFD6FFD6, 0xFFD6FFD6, 0xFFD7FFD6, 0xFFD8FFD7, 0xFFDDFFD8, 0xFFDFFFDD, 0xFFE2FFDF, 0xFFE6FFE2,
	0xFFEBFFE6, 0xFFF0FFEB, 0xFFF5FFF0, 0xFFFAFFF5, 0xFFFFFFFA, 0x0005FFFF, 0x000A0005, 0x0010000A, 0x00140010, 0x00180014, 0x001C0018,
	0x001E001C, 0x0021001E, 0x00230021, 0x00250023, 0x00250025, 0x00250025, 0x00240025, 0x00230024, 0x00210023, 0x001D0021, 0x001B001D,
	0x0017001B, 0x00120017, 0x000F0012, 0x000B000F, 0x0006000B, 0x00010006, 0xFFFD0001, 0xFFF8FFFD, 0xFFF5FFF8, 0xFFF1FFF5, 0xFFEEFFF1,
	0xFFEBFFEE, 0xFFE8FFEB, 0xFFE6FFE8, 0xFFE4FFE6, 0xFFE3FFE4, 0xFFE3FFE3, 0xFFE3FFE3, 0xFFE4FFE3, 0xFFE4FFE4, 0xFFE7FFE4, 0xFFE9FFE7,
	0xFFEBFFE9, 0xFFEEFFEB, 0xFFF1FFEE, 0xFFF5FFF1, 0xFFF9FFF5, 0xFFFCFFF9, 0x0000FFFC, 0x00040000, 0x00070004, 0x000B0007, 0x000E000B,
	0x0012000E, 0x00150012, 0x00170015, 0x00190017, 0x00190019, 0x001C0019, 0x001C001C, 0x001C001C, 0x001C001C, 0x001B001C, 0x0019001B,
	0x00170019, 0x00150017, 0x00120015, 0x00100012, 0x000D0010, 0x000A000D, 0x0006000A, 0x00040006, 0x00000004, 0xFFFD0000, 0xFFFAFFFD,
	0xFFF8FFFA, 0xFFF5FFF8, 0xFFF3FFF5, 0xFFF0FFF3, 0xFFF0FFF0, 0xFFEEFFF0, 0xFFEDFFEE, 0xFFECFFED, 0xFFEDFFEC, 0xFFEEFFED, 0xFFEFFFEE,
	0xFFF0FFEF, 0xFFF0FFF0, 0xFFF2FFF0, 0xFFF5FFF2, 0xFFF7FFF5, 0xFFFAFFF7, 0xFFFCFFFA, 0xFFFFFFFC, 0x0001FFFF, 0x00040001, 0x00060004,
	0x00090006, 0x000B0009, 0x000D000B, 0x000F000D, 0x0011000F, 0x00120011, 0x00120012, 0x00130012, 0x00130013, 0x00130013, 0x00130013,
	0x00120013, 0x00110012, 0x00100011, 0x000D0010, 0x000B000D, 0x000A000B, 0x0008000A, 0x00050008, 0x00040005, 0x00010004, 0xFFFF0001,
	0xFFFCFFFF, 0xFFFAFFFC, 0xFFF8FFFA, 0xFFF6FFF8, 0xFFF5FFF6, 0xFFF5FFF5, 0xFFF3FFF5, 0xFFF3FFF3, 0xFFF3FFF3, 0xFFF2FFF3, 0xFFF3FFF2,
	0xFFF3FFF3, 0xFFF5FFF3, 0xFFF6FFF5, 0xFFF7FFF6, 0xFFF8FFF7, 0xFFFAFFF8, 0xFFFBFFFA, 0xFFFDFFFB, 0xFFFFFFFD, 0x0000FFFF, 0x00030000,
	0x00040003, 0x00060004, 0x00070006, 0x00080007, 0x000B0008, 0x000A000B, 0x000C000A, 0x000B000C, 0x000C000B, 0x000C000C, 0x000B000C,
	0x000B000B, 0x000A000B, 0x000A000A, 0x0008000A, 0x00070008, 0x00060007, 0x00040006, 0x00030004, 0x00010003, 0x00000001, 0xFFFF0000,
	0xFFFEFFFF, 0xFFFCFFFE, 0xFFFAFFFC, 0xFFFAFFFA, 0xFFF9FFFA, 0xFFF8FFF9, 0xFFF8FFF8, 0xFFF7FFF8, 0xFFF8FFF7, 0xFFF7FFF8, 0xFFF8FFF7,
	0xFFF8FFF8, 0xFFF8FFF8, 0xFFF8FFF8, 0xFFFAFFF8, 0xFFFAFFFA, 0xFFFBFFFA, 0xFFFCFFFB, 0xFFFEFFFC, 0xFFFFFFFE, 0xFFFFFFFF, 0x0001FFFF,
	0x00010001, 0x00020001, 0x00040002, 0x00040004, 0x00040004, 0x00060004, 0x00050006, 0x00060005, 0x00060006, 0x00060006, 0x00060006,
	0x00040006, 0x00050004, 0x00040005, 0x00030004, 0x00030003, 0x00020003, 0x00010002, 0x00010001, 0x00000001, 0x00000000, 0xFFFF0000,
	0xFFFDFFFF, 0xFFFCFFFD, 0xFFFCFFFC, 0xFFFCFFFC, 0xFFFBFFFC, 0xFFFBFFFB, 0xFFFBFFFB, 0xFFFBFFFB, 0xFFFBFFFB, 0xFFFBFFFB, 0xFFFBFFFB,
	0xFFFCFFFB, 0xFFFCFFFC, 0xFFFCFFFC, 0xFFFCFFFC, 0xFFFCFFFC, 0xFFFDFFFC, 0xFFFEFFFD, 0xFFFFFFFE, 0xFFFFFFFF, 0xFFFFFFFF, 0x0000FFFF,
	0x00010000, 0x00010001, 0x00010001, 0x00010001, 0x00020001, 0x00010002, 0x00020001, 0x00010002, 0x00020001, 0x00020002, 0x00010002,
	0x00010001, 0x00020001, 0x00010002, 0x00000001, 0x00000000, 0x00000000, 0x00000000, 0xFFFF0000, 0xFFFEFFFF, 0xFFFFFFFE, 0xFFFEFFFF,
	0xFFFEFFFE, 0xFFFDFFFE, 0xFFFEFFFD, 0xFFFEFFFE, 0xFFFDFFFE, 0xFFFDFFFD, 0xFFFDFFFD, 0xFFFDFFFD, 0xFFFDFFFD, 0xFFFEFFFD, 0xFFFEFFFE,
	0xFFFEFFFE, 0xFFFFFFFE, 0xFFFFFFFF, 0xFFFFFFFF, 0xFFFFFFFF, 0xFFFFFFFF, 0xFFFFFFFF, 0xFFFFFFFF, 0x0000FFFF, 0x00000000, 0x00000000,
	0x00010000, 0x00000001, 0x00000000, 0x00010000, 0x00010001, 0x00010001, 0x00000001, 0x00010000, 0x00010001, 0x00010001, 0x00000001,
	0x00000000, 0x00000000, 0x00000000, 0x00000000, 0x00000000, 0x00000000, 0xFFFF0000, 0xFFFFFFFF, 0x0000FFFF, 0x00000000, 0xFFFF0000,
	0xFFFFFFFF, 0xFFFFFFFF, 0xFFFFFFFF, 0xFFFFFFFF, 0xFFFFFFFF, 0xFFFFFFFF, 0xFFFFFFFF, 0xFFFFFFFF, 0xFFFFFFFF, 0xFFFFFFFF, 0xFFFFFFFF,
	0x0000FFFF, 0xFFFF0000, 0x0000FFFF, 0x00000000, 0x00010000, 0x00000001, 0x00000000, 0x00000000, 0x00000000, 0x00000000, 0x00000000,
	0x00000000, 0x00010000, 0x00000001, 0x00000000, 0x00000000, 0x00000000, 0x00000000, 0x00000000, 0x00010000, 0x00000001, 0x00000000,
	0x00000000, 0x00000000, 0x00000000, 0x00000000, 0xFFFF0000, 0x0000FFFF, 0x00000000, 0x00000000, 0x00000000, 0x00000000, 0x00010000,
	0x00000001, 0xFFFF0000, 0x0000FFFF, 0x00000000, 0x00010000, 0x00000001, 0x00000000, 0x00000000, 0xFFFF0000, 0x0001FFFF, 0x00000001,
	0x00000000, 0x00000000, 0x00000000, 0x00000000, 0x00000000, 0x00000000, 0x00000000, 0x00000000, 0x00000000, 0x00000000, 0x00000000,
	0x00010000, 0x00000001, 0x00000000, 0x00000000, 0x00000000, 0x00010000, 0x00000001, 0x00000000, 0x00010000, 0x00000001, 0x00010000,
	0x00000001, 0x00000000, 0x00000000, 0x00010000, 0x00000001, 0x00010000, 0x00000001, 0x00000000, 0x00000000, 0x00000000, 0x00000000,
	0x00010000, 0x00000001, 0x00010000, 0x00010001, 0x00010001, 0x00010001, 0x00010001, 0x00000001, 0x00000000, 0x00010000, 0x00010001,
	0x00010001, 0x00000001, 0x00010000, 0x00000001, 0x00000000, 0x00000000, 0x00000000, 0x00010000, 0x00010001, 0x00000001, 0x00010000,
	0x00000001, 0x00000000, 0x00000000, 0x00000000, 0x00000000, 0x00000000, 0x00000000, 0x00000000, 0x00000000, 0x00000000, 0x00010000,
	0x00010001, 0x00010001, 0x00000001, 0x00000000, 0x00000000, 0x00000000, 0x00000000, 0x00000000, 0x00010000, 0x00000001, 0x00000000,
	0x00000000, 0x00000000, 0x00000000, 0x00000000, 0x00000000, 0x00000000, 0x00010000, 0x00010001, 0x00000001, 0x00000000, 0x00000000,
	0x00000000, 0x00000000, 0x00000000, 0x00000000, 0x00000000, 0x00010000, 0x00010001, 0x00000001, 0x00000000, 0x00000000, 0x00000000,
	0x00000000, 0x00000000, 0x00000000, 0x00000000, 0x00000000, 0x00000000, 0x00010000, 0x00000001, 0x00000000, 0x00010000, 0x00000001,
	0x00000000, 0x00000000, 0x00000000, 0x00000000, 0x00000000, 0x00000000, 0x00000000, 0x00000000, 0x00010000, 0x00000001, 0x00000000,
	0x00000000, 0x00000000, 0x00000000, 0x00000000, 0x00000000, 0x00000000, 0x00000000, 0x00000000, 0x00000000, 0x00000000, 0x00000000,
	0x00000000, 0x00000000, 0x00000000, 0x00000000, 0x00000000, 0x00000000, 0x00000000, 0x00000000, 0x00000000, 0x00000000, 0x00010000,
	0x00000001, 0x00000000, 0x00000000, 0x00000000, 0x00000000, 0x00000000, 0x00000000, 0x00000000, 0x00000000, 0x00000000, 0x00000000,
	0x00000000, 0x00000000, 0x00000000, 0x00000000, 0x00000000, 0x00000000, 0x00000000, 0x00000000, 0x00000000, 0x00000000, 0x00000000,
	0x00000000, 0x00000000, 0x00000000, 0x00000000, 0xFFFF0000, 0x0000FFFF, 0x00000000, 0xFFFF0000, 0x0000FFFF, 0x00000000, 0x00000000,
	0x00000000, 0x00000000, 0x00000000, 0xFFFF0000, 0x0000FFFF, 0x00000000, 0x00000000, 0x00000000, 0x00000000, 0x00000000, 0x00000000,
	0xFFFF0000, 0x0000FFFF, 0xFFFF0000, 0x0000FFFF, 0x00000000, 0x00000000, 0x00000000, 0x00000000, 0x00000000, 0x00000000, 0xFFFF0000,
	0x0001FFFF, 0x00000001, 0x00000000, 0x00000000, 0x00000000, 0xFFFF0000, 0x0000FFFF, 0x00000000, 0x00000000, 0x00000000, 0xFFFF0000,
	0x0000FFFF, 0x00000000, 0xFFFF0000, 0x0000FFFF, 0x00000000, 0x00000000, 0xFFFF0000, 0x0000FFFF, 0x00000000, 0x00000000, 0x00000000,
	0x00000000, 0x00000000, 0x00000000, 0x00000000, 0x00000000, 0x00000000, 0xFFFF0000, 0x0000FFFF, 0x00000000, 0x00000000, 0x00000000,
	0x00000000, 0x00000000, 0x00000000, 0x00000000, 0x00000000, 0x00000000, 0x00000000, 0x00000000, 0x00000000, 0x00000000, 0x00000000,
	0x00000000, 0x00010000, 0x00000001, 0x00000000, 0x00000000, 0xFFFF0000, 0x0000FFFF, 0x00000000, 0x00000000, 0x00000000, 0x00000000,
	0x00000000, 0x00000000, 0x00000000, 0x00000000, 0x00000000, 0x00000000, 0x00010000, 0x00000001, 0x00000000, 0x00000000, 0x00000000,
	0x00000000, 0xFFFF0000, 0x0000FFFF, 0x00000000, 0x00000000, 0x00000000, 0x00000000, 0x00000000, 0x00000000, 0x00000000, 0xFFFF0000,
	0x0000FFFF, 0xFFFF0000, 0x0000FFFF, 0x00000000, 0x00000000, 0x00000000, 0x00000000, 0x00000000, 0x00000000, 0x00000000, 0x00000000,
	0x00000000, 0x00000000, 0x00000000, 0x00000000, 0x00000000, 0x00000000, 0x00010000, 0x00000001, 0x00000000, 0x00000000, 0x00000000,
	0x00000000, 0x00000000, 0x00000000, 0x00000000, 0x00000000, 0x00000000, 0x00000000, 0x00000000, 0x00000000, 0x00000000, 0x00000000,
	0x00000000, 0x00000000, 0xFFFF0000, 0x0000FFFF, 0x00000000, 0x00000000, 0x00000000, 0x00000000, 0x00000000, 0x00000000, 0x00010000,
	0x00000001, 0x00010000, 0x00000001, 0x00000000, 0x00000000, 0x00000000, 0x00000000, 0x00000000, 0x00000000, 0x00000000, 0xFFFF0000,
	0x0000FFFF, 0x00000000, 0x00000000, 0xFFFF0000, 0xFFFFFFFF, 0x0000FFFF, 0x00010000, 0x00000001, 0x00000000, 0x00000000, 0x00000000,
	0x00000000, 0x00000000, 0x00010000, 0x00000001, 0x00000000, 0x00000000, 0x00000000, 0x00000000, 0x00010000, 0x00000001, 0x00000000,
	0x00000000, 0x00000000, 0x00000000, 0x00010000, 0x00000001, 0x00000000, 0x00000000, 0x00000000, 0x00000000, 0x00000000, 0xFFFF0000,
	0x0000FFFF, 0x00010000, 0x00000001, 0x00000000, 0x00000000, 0x00010000, 0x00000001, 0x00000000, 0x00000000, 0x00000000, 0x00000000,
	0x00000000, 0x00000000, 0x00010000, 0x00010001, 0x00010001, 0x00000001, 0x00000000, 0x00000000, 0x00000000, 0x00000000, 0x00000000,
	0x00000000, 0x00000000, 0x00010000, 0x00000001, 0x00000000, 0x00000000, 0x00000000, 0x00000000, 0x00000000, 0x00000000, 0x00000000,
	0x00000000, 0x00000000, 0x00000000, 0x00000000, 0x00000000, 0x00000000, 0x00000000, 0x00000000, 0x00000000, 0x00000000, 0x00000000,
	0x00000000, 0x00000000, 0x00000000, 0x00000000, 0x00000000, 0x00000000, 0x00000000, 0x00000000, 0x00000000, 0x00000000, 0x00000000,
	0x00000000, 0x00000000, 0x00000000, 0x00000000, 0x00000000, 0x00000000, 0x00000000, 0x00000000, 0x00000000, 0x00000000, 0x00000000,
	0x00000000, 0x00000000, 0x00000000, 0x00000000, 0x00000000, 0x00010000, 0x00000001, 0x00000000, 0x00000000, 0x00000000, 0x00000000,
	0x00010000, 0x00000001, 0x00000000, 0x00000000, 0x00000000, 0x00000000, 0x00000000, 0x00000000, 0x00010000, 0x00000001, 0x00000000,
	0x00000000, 0x00000000, 0x00000000, 0x00000000, 0x00010000, 0x00000001, 0x00000000, 0x00000000, 0x00000000, 0x00000000, 0x00000000,
	0x00000000, 0x00000000, 0x00000000, 0x00000000, 0x00000000, 0x00000000, 0x00000000, 0x00000000, 0x00000000, 0x00000000, 0x00000000,
	0x00000000, 0x00000000, 0x00000000, 0x00000000, 0x00000000, 0x00000000, 0x00000000, 0x00010000, 0x00000001, 0xFFFF0000, 0x0000FFFF,
	0x00000000, 0x00000000, 0x00000000, 0x00000000, 0x00000000, 0x00000000, 0x00000000, 0x00000000, 0x00000000, 0x00000000, 0x00000000,
	0x00000000, 0x00000000, 0x00000000, 0x00000000, 0xFFFF0000, 0x0000FFFF, 0x00000000, 0x00000000, 0x00000000, 0x00000000, 0x00000000,
	0x00000000, 0x00010000, 0x00000001, 0x00010000, 0xFFFF0001, 0xFFFFFFFF, 0x0000FFFF, 0x00000000, 0x00000000, 0x00000000, 0x00000000,
	0x00000000, 0x00000000, 0x00000000, 0x00000000, 0x00000000, 0xFFFF0000, 0x0000FFFF, 0x00000000, 0x00000000, 0x00000000, 0x00000000,
	0x00000000, 0x00000000, 0x00000000, 0x00000000, 0x00010000, 0x00000001, 0x00000000, 0x00000000, 0x00000000, 0x00000000, 0x00000000,
	0x00000000, 0x00000000, 0x00010000, 0x00000001, 0x00000000, 0xFFFF0000, 0x0000FFFF, 0x00000000, 0x00000000, 0x00000000, 0x00000000,
	0x00000000, 0x00000000, 0x00000000, 0x00000000, 0x00000000, 0x00000000, 0x00000000, 0x00000000, 0x00000000, 0x00000000, 0x00000000,
	0x00000000, 0x00000000, 0x00000000, 0x00000000, 0x00000000, 0x00000000, 0x00000000, 0x00000000, 0x00000000, 0x00000000, 0x00000000,
	0x00000000, 0xFFFF0000, 0x0000FFFF, 0x00000000, 0x00000000, 0xFFFF0000, 0x0000FFFF, 0x00000000, 0x00000000, 0x00000000, 0x00000000,
	0x00000000, 0x00000000, 0x00000000, 0x00000000, 0xFFFF0000, 0x0000FFFF, 0x00000000, 0xFFFF0000, 0x0000FFFF, 0x00000000, 0x00000000,
	0x00000000, 0x00000000, 0x00000000, 0x00000000, 0x00000000, 0x00000000, 0xFFFF0000, 0x0000FFFF, 0x00000000, 0xFFFF0000, 0x0000FFFF,
	0x00000000, 0x00000000, 0xFFFF0000, 0x0000FFFF, 0xFFFF0000, 0x0000FFFF, 0x00000000, 0x00000000, 0x00000000, 0x00000000, 0x00000000,
	0x00000000, 0x00000000, 0x00000000, 0x00000000, 0x00000000, 0x00000000, 0x00000000, 0x00000000, 0x00000000, 0x00000000, 0x00010000,
	0x00000001, 0x00000000, 0x00000000, 0x00000000, 0x00000000, 0x00000000, 0x00000000, 0xFFFF0000, 0x0000FFFF, 0x00000000, 0x00000000,
	0x00000000, 0x00010000, 0x00000001, 0x00000000, 0x00000000, 0x00000000, 0x00000000, 0x00010000, 0x00000001, 0xFFFF0000, 0x0000FFFF,
	0x00000000, 0x00000000, 0x00000000, 0x00000000, 0x00000000, 0x00000000, 0x00000000, 0xFFFF0000, 0x0000FFFF, 0x00000000, 0x00000000,
	0x00000000, 0xFFFF0000, 0x0000FFFF, 0x00000000, 0x00000000, 0x00000000, 0x00000000, 0x00000000, 0x00000000, 0x00000000, 0x00000000,
	0x00000000, 0x00000000, 0x00000000, 0x00000000, 0x00000000, 0x00000000, 0x00000000, 0x00000000, 0x00000000, 0x00000000, 0xFFFF0000,
	0x0000FFFF, 0x00010000, 0x00000001, 0xFFFF0000, 0x0000FFFF, 0x00000000, 0x00000000, 0x00000000, 0x00000000, 0x00000000, 0x00000000,
	0x00000000, 0x00000000, 0x00000000, 0x00000000, 0x00000000, 0x00000000, 0x00000000, 0x00000000, 0xFFFF0000, 0x0000FFFF, 0x00000000,
	0x00000000, 0x00000000, 0x00000000, 0x00000000, 0x00000000, 0x00000000, 0x00000000, 0x00000000, 0xFFFF0000, 0xFFFFFFFF, 0x0000FFFF,
	0x00000000, 0x00010000, 0x00000001, 0x00000000, 0xFFFF0000, 0x0000FFFF, 0x00010000, 0x00000001, 0x00000000, 0x00000000, 0x00010000,
	0x00010001, 0x00010001, 0x00000001, 0x00010000, 0x00010001, 0x00000001, 0x00000000, 0x00000000, 0x00000000, 0x00000000, 0x00000000,
	0x00000000, 0x00000000, 0x00000000, 0x00000000, 0x00000000, 0x00000000, 0x00010000, 0x00000001, 0x00000000, 0x00010000, 0x00000001,
	0x00000000, 0x00000000, 0x00000000, 0x00000000, 0xFFFF0000, 0x0000FFFF, 0x00000000, 0x00000000, 0x00000000, 0x00000000, 0xFFFF0000,
	0x0000FFFF, 0x00000000, 0x00000000, 0x00010000, 0x00000001, 0x00000000, 0x00000000, 0x00000000, 0x00000000, 0x00010000, 0x00000001,
	0x00000000, 0xFFFF0000, 0x0000FFFF, 0x00000000, 0x00000000, 0xFFFF0000, 0x0000FFFF, 0x00000000, 0x00000000, 0x00000000, 0xFFFF0000,
	0x0000FFFF, 0x00010000, 0x00000001, 0xFFFF0000, 0x0000FFFF, 0x00000000, 0x00000000, 0x00000000, 0x00000000, 0x00010000, 0x00000001,
	0x00000000, 0x00000000, 0x00000000, 0x00000000, 0x00010000, 0x00000001, 0x00000000, 0x00010000, 0xFFFF0001, 0x0000FFFF, 0x00000000,
	0xFFFF0000, 0x0000FFFF, 0x00000000, 0xFFFF0000, 0xFFFFFFFF, 0x0000FFFF, 0xFFFF0000, 0x0000FFFF, 0x00000000, 0x00000000, 0x00000000,
	0x00000000, 0xFFFF0000, 0x0001FFFF, 0xFFFF0001, 0x0000FFFF, 0x00000000, 0x00000000, 0x00000000, 0x00000000, 0x00000000, 0x00000000,
	0x00000000, 0x00000000, 0x00010000, 0x00000001, 0x00000000, 0x00000000, 0xFFFF0000, 0x0000FFFF, 0x00010000, 0x00000001, 0x00000000,
	0x00010000, 0x00000001, 0x00000000, 0x00000000, 0x00000000, 0x00010000, 0x00000001, 0xFFFF0000, 0x0001FFFF, 0x00000001, 0x00000000,
	0x00000000, 0x00000000, 0x00000000, 0x00000000, 0xFFFF0000, 0x0001FFFF, 0x00010001, 0x00000001, 0x00000000, 0x00000000, 0x00000000,
	0x00000000, 0x00000000, 0x00000000, 0x00000000, 0x00000000, 0x00000000, 0x00000000, 0x00000000, 0x00000000, 0x00000000, 0x00000000,
	0x00000000, 0x00000000, 0xFFFF0000, 0x0000FFFF, 0x00000000, 0x00000000, 0x00010000, 0x00000001, 0xFFFF0000, 0x0000FFFF, 0x00000000,
	0x00000000, 0x00000000, 0x00000000, 0x00000000, 0x00000000, 0x00000000, 0xFFFF0000, 0x0000FFFF, 0x00000000, 0x00000000, 0x00000000,
	0x00000000, 0x00000000, 0x00000000, 0xFFFF0000, 0x0000FFFF, 0x00000000, 0x00000000, 0x00000000, 0xFFFF0000, 0x0000FFFF, 0x00000000,
	0x00000000, 0x00000000, 0xFFFF0000, 0x0000FFFF, 0x00010000, 0x00000001, 0x00000000, 0x00000000, 0x00000000, 0x00000000, 0xFFFF0000,
	0x0001FFFF, 0x00000001, 0x00000000, 0x00000000, 0x00010000, 0x00000001, 0x00000000, 0x00000000, 0x00000000, 0x00000000, 0x00000000,
	0x00000000, 0x00000000, 0x00000000, 0x00010000, 0x00000001, 0x00000000, 0x00000000, 0x00000000, 0x00010000, 0x00000001, 0x00000000,
	0x00000000, 0x00000000, 0x00000000, 0x00010000, 0x00000001, 0x00000000, 0x00010000, 0x00000001, 0x00000000, 0x00000000, 0x00000000,
	0x00000000, 0x00000000, 0x00000000, 0x00000000, 0x00000000, 0x00000000, 0x00000000, 0x00010000, 0x00000001, 0x00000000, 0x00000000,
	0x00000000, 0x00000000, 0x00000000, 0x00000000, 0x00000000, 0x00000000, 0x00000000, 0x00000000, 0x00000000, 0x00000000, 0x00000000,
	0x00000000, 0x00000000, 0x00000000, 0x00000000, 0x00000000, 0x00010000, 0x00000001, 0xFFFF0000, 0x0000FFFF, 0x00000000, 0x00000000,
	0x00000000, 0x00000000, 0x00000000, 0x00000000, 0x00000000, 0x00000000, 0x00000000, 0x00000000, 0x00000000, 0x00000000, 0x00010000,
	0x00000001, 0x00000000, 0x00000000, 0x00000000, 0x00000000, 0x00000000, 0x00000000, 0xFFFF0000, 0x0000FFFF, 0x00000000, 0x00000000,
	0x00000000, 0x00000000, 0xFFFF0000, 0x0001FFFF, 0x00000001, 0x00000000, 0x00000000, 0x00000000, 0x00000000, 0x00000000, 0x00000000,
	0x00000000, 0x00000000, 0xFFFF0000, 0x0000FFFF, 0x00010000, 0x00000001, 0x00000000, 0x00000000, 0x00000000, 0x00000000, 0x00000000,
	0x00000000, 0x00000000, 0x00000000, 0x00000000, 0x00010000, 0x00000001, 0x00000000, 0xFFFF0000, 0x0000FFFF, 0x00000000, 0x00000000,
	0x00000000, 0xFFFF0000, 0x0000FFFF, 0x00000000, 0x00000000, 0x00000000, 0x00000000, 0xFFFF0000, 0x0000FFFF, 0x00000000, 0x00000000,
	0x00000000, 0x00000000, 0x00000000, 0x00000000, 0xFFFF0000, 0x0000FFFF, 0x00010000, 0x00000001, 0x00000000, 0x00010000, 0xFFFF0001,
	0x0000FFFF, 0x00000000, 0x00010000, 0x00000001, 0x00000000, 0x00000000, 0x00000000, 0x00010000, 0x00000001, 0x00010000, 0x00000001,
	0xFFFF0000, 0x0000FFFF, 0x00010000, 0x00000001, 0x00000000, 0x00000000, 0xFFFF0000, 0x0000FFFF, 0x00000000, 0x00010000, 0x00000001,
	0xFFFF0000, 0xFFFFFFFF, 0x0000FFFF, 0x00000000, 0x00000000, 0x00010000, 0x00000001, 0xFFFF0000, 0x0000FFFF, 0x00000000, 0x00000000,
	0x00000000, 0x00000000, 0x00000000, 0xFFFF0000, 0x0000FFFF, 0x00000000, 0x00000000, 0x00000000, 0x00000000, 0x00000000, 0xFFFF0000,
	0x0000FFFF, 0x00010000, 0xFFFF0001, 0x0001FFFF, 0x00000001, 0x00000000, 0x00000000, 0x00010000, 0xFFFF0001, 0x0001FFFF, 0x00010001,
	0x00000001, 0x00000000, 0x00000000, 0xFFFF0000, 0x0001FFFF, 0x00010001, 0x00000001, 0xFFFF0000, 0x0000FFFF, 0x00000000, 0x00010000,
	0x00000001, 0xFFFF0000, 0x0000FFFF, 0x00010000, 0xFFFF0001, 0x0001FFFF, 0x00000001, 0xFFFE0000, 0x0001FFFE, 0x00010001, 0x00000001,
	0x00000000, 0x00000000, 0xFFFF0000, 0x0001FFFF, 0x00000001, 0x00000000, 0x00010000, 0x00000001, 0x00010000, 0x00010001, 0x00000001,
	0x00000000, 0x00010000, 0x00000001, 0x00010000, 0x00010001, 0x00000001, 0x00000000, 0x00000000, 0x00000000, 0x00000000, 0xFFFF0000,
	0xFFFFFFFF, 0x0001FFFF, 0x00000001, 0x00000000, 0x00000000, 0xFFFF0000, 0xFFFFFFFF, 0x0000FFFF, 0x00000000, 0x00010000, 0x00010001,
	0x00010001, 0x00010001, 0x00000001, 0x00000000, 0x00000000, 0xFFFF0000, 0x0000FFFF, 0xFFFF0000, 0x0000FFFF, 0x00010000, 0x00000001,
	0x00000000, 0x00010000, 0x00010001, 0x00010001, 0x00000001, 0x00000000, 0x00000000, 0x00000000, 0xFFFF0000, 0x0000FFFF, 0x00000000,
	0x00000000, 0xFFFF0000, 0x0000FFFF, 0x00000000, 0x00000000, 0x00000000, 0x00000000, 0xFFFF0000, 0x0000FFFF, 0x00000000, 0x00000000,
	0x00010000, 0x00000001, 0x00000000, 0x00010000, 0x00010001, 0x00000001, 0x00000000, 0x00000000, 0xFFFF0000, 0xFFFFFFFF, 0xFFFFFFFF,
	0xFFFFFFFF, 0x0000FFFF, 0xFFFF0000, 0xFFFFFFFF, 0x0001FFFF, 0x00010001, 0xFFFF0001, 0x0000FFFF, 0x00010000, 0xFFFF0001, 0xFFFFFFFF,
	0x0000FFFF, 0x00010000, 0x00010001, 0x00010001, 0xFFFF0001, 0x0001FFFF, 0x00000001, 0xFFFF0000, 0x0000FFFF, 0x00000000, 0xFFFF0000,
	0xFFFFFFFF, 0xFFFFFFFF, 0xFFFFFFFF, 0x0000FFFF, 0x00000000, 0x00000000, 0x00010000, 0x00000001, 0x00000000, 0x00000000, 0x00010000,
	0x00010001, 0x00000001, 0x00010000, 0xFFFF0001, 0x0000FFFF, 0xFFFF0000, 0xFFFFFFFF, 0x0000FFFF, 0x00000000, 0x00010000, 0xFFFF0001,
	0x0000FFFF, 0x00000000, 0x00000000, 0x00010000, 0x00010001, 0x00000001, 0x00000000, 0x00000000, 0x00000000, 0x00000000, 0x00000000,
	0x00000000, 0x00000000, 0x00010000, 0x00000001, 0x00010000, 0x00000001, 0x00000000, 0x00000000, 0xFFFF0000, 0x0000FFFF, 0x00010000,
	0x00000001, 0x00010000, 0x00000001, 0x00000000, 0x00000000, 0x00000000, 0x00000000, 0xFFFF0000, 0x0000FFFF, 0xFFFF0000, 0xFFFFFFFF,
	0x0000FFFF, 0x00000000, 0x00000000, 0x00000000, 0x00000000, 0x00000000, 0xFFFF0000, 0x0000FFFF, 0xFFFF0000, 0x0000FFFF, 0x00000000,
	0x00010000, 0x00000001, 0x00010000, 0x00010001, 0xFFFF0001, 0x0000FFFF, 0x00010000, 0x00000001, 0x00010000, 0x00000001, 0x00000000,
	0x00000000, 0x00000000, 0x00000000, 0x00000000, 0x00000000, 0xFFFF0000, 0xFFFFFFFF, 0x0000FFFF, 0x00000000, 0x00000000, 0xFFFF0000,
	0x0000FFFF, 0x00010000, 0x00010001, 0x00000001, 0x00010000, 0x00000001, 0x00000000, 0x00000000, 0x00000000, 0x00010000, 0x00000001,
	0x00010000, 0x00000001, 0xFFFF0000, 0x0000FFFF, 0x00000000, 0x00000000, 0x00000000, 0x00000000, 0x00000000, 0x00010000, 0xFFFF0001,
	0xFFFFFFFF, 0xFFFFFFFF, 0x0001FFFF, 0x00000001, 0x00010000, 0x00010001, 0x00000001, 0x00000000, 0x00000000, 0xFFFF0000, 0xFFFFFFFF,
	0x0001FFFF, 0x00010001, 0x00000001, 0x00010000, 0x00000001, 0x00000000, 0xFFFF0000, 0x0000FFFF, 0x00000000, 0x00000000, 0x00000000,
	0xFFFF0000, 0xFFFFFFFF, 0x0001FFFF, 0xFFFF0001, 0x0001FFFF, 0x00010001, 0x00000001, 0x00000000, 0x00000000, 0x00000000, 0x00000000,
	0x00000000, 0x00000000, 0x00010000, 0x00000001, 0x00000000, 0x00000000, 0x00000000, 0xFFFF0000, 0x0000FFFF, 0xFFFF0000, 0x0000FFFF,
	0x00000000, 0x00000000, 0x00000000, 0x00010000, 0x00010001, 0x00000001, 0xFFFF0000, 0xFFFFFFFF, 0xFFFFFFFF, 0x0001FFFF, 0x00000001,
	0x00000000, 0xFFFF0000, 0x0000FFFF, 0x00000000, 0x00000000, 0xFFFF0000, 0x0000FFFF, 0x00000000, 0x00010000, 0x00010001, 0x00000001,
	0xFFFF0000, 0x0000FFFF, 0x00000000, 0xFFFF0000, 0x0000FFFF, 0x00000000, 0x00000000, 0x00000000, 0x00000000, 0x00010000, 0x00000001,
	0x00000000, 0x00000000, 0x00000000, 0x00010000, 0x00000001, 0x00000000, 0x00000000, 0x00000000, 0x00010000, 0x00010001, 0x00000001,
	0x00000000, 0x00000000, 0x00000000, 0x00000000, 0x00000000, 0x00000000, 0x00000000, 0x00000000, 0xFFFF0000, 0xFFFFFFFF, 0xFFFFFFFF,
	0x0000FFFF, 0x00000000, 0x00000000, 0x00010000, 0x00010001, 0x00010001, 0x00000001, 0x00010000, 0x00000001, 0x00000000, 0x00010000,
	0x00000001, 0xFFFF0000, 0x0000FFFF, 0xFFFF0000, 0x0000FFFF, 0x00000000, 0x00010000, 0x00000001, 0xFFFF0000, 0x0001FFFF, 0x00000001,
	0x00000000, 0x00010000, 0xFFFF0001, 0xFFFFFFFF, 0x0000FFFF, 0x00000000, 0x00000000, 0x00000000, 0x00000000, 0xFFFF0000, 0x0000FFFF,
	0x00010000, 0x00010001, 0x00010001, 0x00000001, 0x00000000, 0x00000000, 0xFFFF0000, 0x0000FFFF, 0xFFFF0000, 0x0000FFFF, 0x00010000,
	0x00010001, 0x00000001, 0x00000000, 0xFFFF0000, 0xFFFFFFFF, 0xFFFFFFFF, 0x0000FFFF, 0x00000000, 0xFFFF0000, 0x0000FFFF, 0xFFFF0000,
	0x0000FFFF, 0x00000000, 0x00000000, 0x00000000, 0x00010000, 0x00010001, 0x00010001, 0x00010001, 0x00010001, 0x00000001, 0xFFFF0000,
	0xFFFFFFFF, 0xFFFFFFFF, 0xFFFFFFFF, 0x0001FFFF, 0x00000001, 0xFFFE0000, 0xFFFFFFFE, 0x0001FFFF, 0x00000001, 0x00010000, 0x00010001,
	0x00000001, 0x00000000, 0x00000000, 0xFFFF0000, 0x0000FFFF, 0x00010000, 0x00020001, 0x00000002, 0xFFFF0000, 0x0001FFFF, 0x00010001,
	0x00000001, 0x00010000, 0x00000001, 0xFFFF0000, 0xFFFFFFFF, 0x0001FFFF, 0xFFFF0001, 0xFFFFFFFF, 0x0000FFFF, 0x00000000, 0xFFFF0000,
	0x0000FFFF, 0x00000000, 0x00000000, 0x00000000, 0x00010000, 0x00010001, 0x00000001, 0x00010000, 0x00010001, 0x00000001, 0xFFFF0000,
	0x0001FFFF, 0xFFFF0001, 0xFFFFFFFF, 0x0000FFFF, 0x00000000, 0xFFFF0000, 0x0000FFFF, 0x00010000, 0xFFFF0001, 0xFFFFFFFF, 0xFFFFFFFF,
	0x0000FFFF, 0xFFFF0000, 0xFFFFFFFF, 0x0001FFFF, 0x00000001, 0xFFFF0000, 0x0001FFFF, 0x00010001, 0x00010001, 0x00000001, 0x00020000,
	0x00000002, 0x00000000, 0x00000000, 0x00000000, 0xFFFF0000, 0x0000FFFF, 0x00010000, 0x00010001, 0x00010001, 0x00010001, 0x00000001,
	0x00000000, 0xFFFF0000, 0xFFFFFFFF, 0x0000FFFF, 0x00000000, 0xFFFF0000, 0x0001FFFF, 0x00000001, 0xFFFF0000, 0x0000FFFF, 0x00010000,
	0xFFFF0001, 0xFFFFFFFF, 0x0000FFFF, 0xFFFF0000, 0xFFFFFFFF, 0x0000FFFF, 0x00000000, 0xFFFF0000, 0x0000FFFF, 0x00010000, 0x00000001,
	0x00000000, 0x00010000, 0x00010001, 0xFFFF0001, 0xFFFFFFFF, 0x0000FFFF, 0x00000000, 0x00000000, 0x00000000, 0x00020000, 0x00000002,
	0x00010000, 0x00020001, 0x00010002, 0x00000001, 0x00000000, 0x00010000, 0x00000001, 0x00000000, 0x00010000, 0x00010001, 0xFFFF0001,
	0xFFFFFFFF, 0x0001FFFF, 0x00000001, 0x00000000, 0x00010000, 0x00000001, 0xFFFF0000, 0x0001FFFF, 0x00020001, 0x00000002, 0x00000000,
	0x00010000, 0x00000001, 0xFFFF0000, 0xFFFFFFFF, 0x0000FFFF, 0x00000000, 0x00000000, 0xFFFF0000, 0x0000FFFF, 0x00000000, 0x00000000,
	0x00000000, 0x00000000, 0x00010000, 0xFFFF0001, 0x0000FFFF, 0x00010000, 0x00000001, 0xFFFF0000, 0x0000FFFF, 0x00000000, 0xFFFE0000,
	0x0000FFFE, 0x00000000, 0xFFFF0000, 0xFFFFFFFF, 0x0001FFFF, 0x00000001, 0xFFFF0000, 0x0000FFFF, 0x00010000, 0x00010001, 0x00010001,
	0x00030001, 0x00000003, 0x00000000, 0x00010000, 0x00010001, 0xFFFF0001, 0xFFFFFFFF, 0x0000FFFF, 0x00000000, 0x00000000, 0xFFFF0000,
	0xFFFFFFFF, 0xFFFFFFFF, 0xFFFFFFFF, 0x0000FFFF, 0xFFFF0000, 0x0000FFFF, 0x00010000, 0xFFFF0001, 0xFFFFFFFF, 0xFFFFFFFF, 0x0001FFFF,
	0x00010001, 0x00010001, 0x00020001, 0x00000002, 0x00000000, 0x00020000, 0x00010002, 0xFFFF0001, 0x0001FFFF, 0x00020001, 0xFFFF0002,
	0xFFFFFFFF, 0x0000FFFF, 0x00000000, 0xFFFE0000, 0x0000FFFE, 0xFFFF0000, 0xFFFFFFFF, 0x0000FFFF, 0x00000000, 0xFFFF0000, 0xFFFDFFFF,
	0x0000FFFD, 0x00010000, 0xFFFF0001, 0xFFFFFFFF, 0x0001FFFF, 0x00020001, 0xFFFE0002, 0xFFFFFFFE, 0x0002FFFF, 0x00020002, 0x00010002,
	0x00000001, 0x00020000, 0x00010002, 0x00000001, 0x00010000, 0x00010001, 0x00010001, 0x00010001, 0x00010001, 0xFFFF0001, 0x0001FFFF,
	0xFFFF0001, 0xFFFFFFFF, 0x0000FFFF, 0x00000000, 0xFFFF0000, 0xFFFFFFFF, 0x0000FFFF, 0x00000000, 0xFFFF0000, 0xFFFFFFFF, 0xFFFFFFFF,
	0xFFFEFFFF, 0xFFFFFFFE, 0x0000FFFF, 0xFFFF0000, 0xFFFFFFFF, 0x0000FFFF, 0x00010000, 0xFFFF0001, 0xFFFFFFFF, 0xFFFFFFFF, 0x0000FFFF,
	0xFFFF0000, 0x0000FFFF, 0xFFFF0000, 0x0001FFFF, 0xFFFF0001, 0xFFFFFFFF, 0x0001FFFF, 0x00010001, 0xFFFF0001, 0xFFFFFFFF, 0x0000FFFF,
	0x00010000, 0xFFFF0001, 0x0000FFFF, 0x00020000, 0x00000002, 0xFFFF0000, 0x0001FFFF, 0x00030001, 0x00000003, 0xFFFF0000, 0x0001FFFF,
	0x00020001, 0x00010002, 0x00010001, 0x00000001, 0x00010000, 0xFFFF0001, 0x0000FFFF, 0x00020000, 0x00010002, 0x00000001, 0x00000000,
	0x00000000, 0xFFFF0000, 0xFFFFFFFF, 0x0001FFFF, 0x00020001, 0x00010002, 0x00000001, 0x00000000, 0x00010000, 0x00000001, 0xFFFF0000,
	0x0000FFFF, 0x00000000, 0xFFFF0000, 0x0000FFFF, 0x00000000, 0x00010000, 0xFFFF0001, 0xFFFFFFFF, 0xFFFFFFFF, 0x0000FFFF, 0xFFFF0000,
	0xFFFFFFFF, 0x0000FFFF, 0x00010000, 0xFFFF0001, 0xFFFEFFFF, 0x0000FFFE, 0x00010000, 0xFFFF0001, 0xFFFFFFFF, 0x0001FFFF, 0x00010001,
	0x00000001, 0xFFFF0000, 0x0001FFFF, 0x00010001, 0x00000001, 0xFFFF0000, 0x0002FFFF, 0x00020002, 0xFFFF0002, 0xFFFFFFFF, 0x0002FFFF,
	0x00010002, 0xFFFF0001, 0xFFFFFFFF, 0x0001FFFF, 0x00000001, 0xFFFF0000, 0xFFFFFFFF, 0x0001FFFF, 0x00010001, 0x00000001, 0xFFFE0000,
	0x0000FFFE, 0x00000000, 0xFFFF0000, 0xFFFFFFFF, 0x0001FFFF, 0x00010001, 0x00000001, 0xFFFF0000, 0xFFFFFFFF, 0x0001FFFF, 0x00000001,
	0xFFFF0000, 0xFFFFFFFF, 0xFFFFFFFF, 0xFFFFFFFF, 0xFFFFFFFF, 0xFFFFFFFF, 0xFFFFFFFF, 0x0000FFFF, 0x00000000, 0x00000000, 0x00000000,
	0x00000000, 0x00010000, 0x00010001, 0x00000001, 0x00010000, 0x00020001, 0x00000002, 0x00000000, 0x00020000, 0x00000002, 0xFFFE0000,
	0xFFFEFFFE, 0xFFFFFFFE, 0x0001FFFF, 0x00000001, 0xFFFF0000, 0x0001FFFF, 0x00040001, 0x00020004, 0xFFFF0002, 0x0000FFFF, 0x00030000,
	0x00010003, 0xFFFF0001, 0x0000FFFF, 0x00010000, 0x00000001, 0x00000000, 0x00000000, 0x00010000, 0x00010001, 0xFFFF0001, 0x0001FFFF,
	0x00000001, 0x00000000, 0x00010000, 0x00000001, 0xFFFF0000, 0xFFFFFFFF, 0x0000FFFF, 0x00010000, 0xFFFE0001, 0xFFFCFFFE, 0xFFFFFFFC,
	0x0001FFFF, 0x00000001, 0xFFFF0000, 0x0001FFFF, 0x00030001, 0x00000003, 0xFFFE0000, 0xFFFFFFFE, 0x0000FFFF, 0x00010000, 0xFFFF0001,
	0xFFFEFFFF, 0x0001FFFE, 0x00020001, 0x00000002, 0x00000000, 0x00010000, 0x00020001, 0x00010002, 0xFFFF0001, 0x0000FFFF, 0x00010000,
	0xFFFF0001, 0xFFFFFFFF, 0xFFFEFFFF, 0xFFFEFFFE, 0x0000FFFE, 0xFFFF0000, 0xFFFFFFFF, 0x0000FFFF, 0x00000000, 0x00010000, 0x00010001,
	0xFFFF0001, 0xFFFFFFFF, 0x0000FFFF, 0x00010000, 0xFFFF0001, 0xFFFEFFFF, 0x0000FFFE, 0x00030000, 0x00020003, 0x00010002, 0x00010001,
	0x00040001, 0x00020004, 0xFFFE0002, 0xFFFDFFFE, 0x0000FFFD, 0x00000000, 0xFFFF0000, 0xFFFDFFFF, 0x0000FFFD, 0x00020000, 0x00000002,
	0xFFFF0000, 0xFFFFFFFF, 0x0000FFFF, 0x00000000, 0xFFFF0000, 0xFFFFFFFF, 0xFFFFFFFF, 0x0001FFFF, 0x00010001, 0x00020001, 0xFFFF0002,
	0xFFFDFFFF, 0xFFFFFFFD, 0x0001FFFF, 0x00000001, 0xFFFE0000, 0x0000FFFE, 0x00020000, 0x00010002, 0x00010001, 0xFFFF0001, 0x0000FFFF,
	0x00010000, 0x00010001, 0x00000001, 0x00000000, 0x00010000, 0x00010001, 0x00020001, 0x00020002, 0xFFFE0002, 0xFFFFFFFE, 0x0001FFFF,
	0x00010001, 0xFFFF0001, 0xFFFEFFFF, 0x0001FFFE, 0x00010001, 0x00010001, 0xFFFF0001, 0xFFFFFFFF, 0xFFFFFFFF, 0x0000FFFF, 0x00010000,
	0xFFFF0001, 0xFFFFFFFF, 0x0000FFFF, 0x00010000, 0x00000001, 0xFFFE0000, 0xFFFFFFFE, 0x0000FFFF, 0x00000000, 0x00010000, 0x00000001,
	0xFFFF0000, 0xFFFFFFFF, 0x0001FFFF, 0xFFFF0001, 0xFFFFFFFF, 0xFFFFFFFF, 0x0000FFFF, 0x00010000, 0x00010001, 0xFFFF0001, 0xFFFFFFFF,
	0xFFFFFFFF, 0x0000FFFF, 0x00010000, 0x00000001, 0xFFFF0000, 0xFFFFFFFF, 0x0001FFFF, 0x00000001, 0xFFFF0000, 0xFFFFFFFF, 0xFFFFFFFF,
	0x0001FFFF, 0x00010001, 0x00010001, 0xFFFF0001, 0xFFFFFFFF, 0xFFFFFFFF, 0x0001FFFF, 0xFFFF0001, 0xFFFFFFFF, 0xFFFFFFFF, 0x0000FFFF,
	0x00010000, 0x00000001, 0xFFFF0000, 0xFFFFFFFF, 0xFFFFFFFF, 0x0002FFFF, 0x00010002, 0x00010001, 0xFFFF0001, 0xFFFFFFFF, 0x0000FFFF,
	0x00020000, 0x00000002, 0x00000000, 0xFFFF0000, 0x0000FFFF, 0x00010000, 0x00010001, 0xFFFF0001, 0xFFFFFFFF, 0x0000FFFF, 0x00010000,
	0x00030001, 0xFFFF0003, 0xFFFEFFFF, 0xFFFDFFFE, 0x0000FFFD, 0x00040000, 0x00010004, 0x00000001, 0x00010000, 0x00030001, 0xFFFF0003,
	0xFFFFFFFF, 0xFFFDFFFF, 0xFFFFFFFD, 0x0000FFFF, 0x00010000, 0x00010001, 0xFFFF0001, 0xFFFEFFFF, 0xFFFFFFFE, 0x0001FFFF, 0x00010001,
	0x00010001, 0xFFFD0001, 0xFFFDFFFD, 0x0001FFFD, 0x00010001, 0x00010001, 0x00000001, 0xFFFF0000, 0xFFFFFFFF, 0x0001FFFF, 0x00010001,
	0x00000001, 0x00000000, 0x00000000, 0x00020000, 0x00020002, 0x00010002, 0xFFFF0001, 0xFFFFFFFF, 0x0000FFFF, 0x00010000, 0x00010001,
	0x00000001, 0xFFFE0000, 0xFFFFFFFE, 0x0000FFFF, 0x00020000, 0x00020002, 0xFFFE0002, 0xFFFFFFFE, 0x0000FFFF, 0x00000000, 0x00020000,
	0x00000002, 0xFFFF0000, 0xFFFFFFFF, 0x0000FFFF, 0x00000000, 0x00020000, 0x00010002, 0xFFFF0001, 0xFFFFFFFF, 0x0000FFFF, 0x00010000,
	0x00010001, 0x00000001, 0xFFFF0000, 0xFFFFFFFF, 0x0000FFFF, 0x00010000, 0x00010001, 0x00000001, 0xFFFF0000, 0xFFFFFFFF, 0x0001FFFF,
	0x00010001, 0x00010001, 0x00000001, 0xFFFF0000, 0xFFFFFFFF, 0xFFFFFFFF, 0x0001FFFF, 0x00010001, 0x00000001, 0x00000000, 0x00000000,
	0x00010000, 0x00000001, 0x00000000, 0xFFFF0000, 0xFFFFFFFF, 0x0001FFFF, 0x00000001, 0x00000000, 0x00000000, 0xFFFF0000, 0xFFFFFFFF,
	0x0000FFFF, 0x00000000, 0x00010000, 0x00000001, 0x00000000, 0xFFFF0000, 0x0000FFFF, 0x00000000, 0x00000000, 0x00000000, 0xFFFF0000,
	0xFFFFFFFF, 0xFFFFFFFF, 0x0001FFFF, 0x00010001, 0x00010001, 0x00000001, 0xFFFF0000, 0x0000FFFF, 0x00000000, 0x00010000, 0x00000001,
	0x00000000, 0xFFFF0000, 0x0000FFFF, 0x00010000, 0x00010001, 0x00010001, 0xFFFF0001, 0xFFFFFFFF, 0x0000FFFF, 0x00010000, 0x00010001,
	0x00000001, 0x00000000, 0xFFFF0000, 0xFFFFFFFF, 0x0001FFFF, 0x00010001, 0x00010001, 0x00000001, 0xFFFF0000, 0x0000FFFF, 0x00000000,
	0x00010000, 0x00010001, 0x00000001, 0x00000000, 0x00000000, 0x00000000, 0x00010000, 0x00000001, 0x00000000, 0xFFFF0000, 0xFFFFFFFF,
	0x0001FFFF, 0x00000001, 0x00010000, 0x00000001, 0xFFFF0000, 0xFFFFFFFF, 0x0000FFFF, 0x00000000, 0x00000000, 0xFFFF0000, 0x0000FFFF,
	0x00000000, 0x00000000, 0x00000000, 0x00010000, 0x00000001, 0x00000000, 0x00000000, 0x00000000, 0x00000000, 0x00000000, 0x00000000,
	0xFFFF0000, 0xFFFFFFFF, 0xFFFFFFFF, 0x0000FFFF, 0x00010000, 0x00000001, 0x00010000, 0x00000001, 0x00010000, 0x00000001, 0x00000000,
	0x00000000, 0x00000000, 0x00000000, 0xFFFF0000, 0x0000FFFF, 0x00000000, 0x00000000, 0x00000000, 0x00000000, 0xFFFF0000, 0x0000FFFF,
	0x00000000, 0x00000000, 0x00000000, 0xFFFF0000, 0x0001FFFF, 0x00000001, 0x00000000, 0x00000000, 0x00000000, 0x00000000, 0x00000000,
	0x00000000, 0x00000000, 0x00000000, 0x00000000, 0xFFFF0000, 0x0001FFFF, 0x00000001, 0x00000000, 0x00000000, 0x00000000, 0x00000000,
	0x00000000, 0x00000000, 0x00000000, 0x00000000, 0x00010000, 0x00000001, 0x00000000, 0xFFFF0000, 0x0000FFFF, 0x00000000, 0x00000000,
	0x00000000, 0x00000000, 0x00010000, 0x00010001, 0x00000001, 0x00000000, 0x00000000, 0xFFFF0000, 0x0000FFFF, 0x00000000, 0x00000000,
	0x00000000, 0x00000000, 0x00000000, 0x00000000, 0x00000000, 0x00000000, 0xFFFF0000, 0x0000FFFF, 0x00000000, 0xFFFF0000, 0x0000FFFF,
	0x00000000, 0xFFFF0000, 0x0000FFFF, 0x00000000, 0x00000000, 0x00000000, 0x00000000, 0x00000000, 0x00000000, 0x00000000, 0x00000000,
	0x00000000, 0xFFFF0000, 0x0000FFFF, 0x00000000, 0x00000000, 0x00000000, 0x00000000, 0x00000000, 0xFFFF0000, 0x0000FFFF, 0x00000000,
	0x00000000, 0x00000000, 0x00000000, 0x00010000, 0x00000001, 0x00010000, 0x00000001, 0x00000000, 0x00000000, 0x00010000, 0x00000001,
	0xFFFF0000, 0x0000FFFF, 0x00000000, 0x00000000, 0x00000000, 0x00000000, 0x00000000, 0x00000000, 0x00000000, 0x00000000, 0x00000000,
	0x00000000, 0x00000000, 0x00000000, 0x00000000, 0x00000000, 0x00000000, 0x00000000, 0xFFFF0000, 0x0001FFFF, 0x00000001, 0xFFFF0000,
	0x0000FFFF, 0x00000000, 0x00000000, 0x00000000, 0x00000000, 0x00000000, 0x00000000, 0x00000000, 0x00000000, 0x00000000, 0x00000000,
	0x00000000, 0x00000000, 0x00010000, 0x00000001, 0x00000000, 0xFFFF0000, 0x0000FFFF, 0x00000000, 0x00000000, 0xFFFF0000, 0x0000FFFF,
	0x00000000, 0x00000000, 0x00000000, 0x00000000, 0x00000000, 0x00010000, 0x00000001, 0x00010000, 0x00000001, 0x00000000, 0x00000000,
	0x00000000, 0x00000000, 0x00000000, 0x00000000, 0x00000000, 0x00000000, 0x00000000, 0x00000000, 0xFFFF0000, 0x0000FFFF, 0x00000000,
	0x00000000, 0x00010000, 0x00000001, 0x00000000, 0x00000000, 0x00000000, 0x00000000, 0x00000000, 0x00000000, 0x00000000, 0x00000000,
	0x00000000, 0x00000000, 0x00010000, 0x00000001, 0x00000000, 0xFFFF0000, 0x0000FFFF, 0x00000000, 0x00000000, 0x00000000, 0xFFFF0000,
	0x0001FFFF, 0x00000001, 0x00000000, 0x00000000, 0xFFFF0000, 0x0000FFFF, 0x00010000, 0x00000001, 0x00000000, 0x00000000, 0x00000000,
	0x00000000, 0x00000000, 0x00000000, 0x00000000, 0x00000000, 0x00000000, 0x00000000, 0x00000000, 0x00000000, 0x00000000, 0x00000000,
	0x00000000, 0x00000000, 0x00000000, 0x00000000, 0x00000000, 0x00000000, 0xFFFF0000, 0x0000FFFF, 0x00000000, 0x00000000, 0x00000000,
	0x00000000, 0x00000000, 0x00000000, 0x00000000, 0x00000000, 0x00000000, 0x00000000, 0x00000000, 0x00000000, 0x00000000, 0x00000000,
	0x00000000, 0x00000000, 0x00000000, 0x00000000, 0x00000000, 0x00000000, 0x00000000, 0x00000000, 0x00000000, 0x00000000, 0x00000000,
	0x00000000, 0x00000000, 0x00000000, 0x00000000, 0x00000000, 0x00000000, 0x00000000, 0x00000000, 0x00000000, 0x00000000, 0x00000000,
	0x00000000, 0x00000000, 0x00000000, 0x00000000, 0x00000000, 0xFFFF0000, 0x0000FFFF, 0x00000000, 0x00000000, 0x00000000, 0x00000000,
	0x00000000, 0x00010000, 0x00000001, 0x00000000, 0x00000000, 0x00000000, 0x00000000, 0x00000000, 0x00000000, 0x00000000, 0x00000000,
	0x00000000, 0x00000000, 0x00000000, 0x00000000, 0x00000000, 0x00000000, 0x00000000, 0x00000000, 0x00000000, 0xFFFF0000, 0x0000FFFF,
	0x00000000, 0x00010000, 0x00000001, 0x00010000, 0xFFFF0001, 0x0000FFFF, 0x00000000, 0x00000000, 0x00000000, 0x00000000, 0x00000000,
	0x00000000, 0x00000000, 0x00000000, 0x00000000, 0x00000000, 0x00000000, 0x00000000, 0x00000000, 0x00000000, 0x00000000, 0x00000000,
	0x00000000, 0x00000000, 0x00000000, 0x00000000, 0x00000000, 0x00000000, 0x00000000, 0x00000000, 0x00010000, 0x00000001, 0x00000000,
	0x00000000, 0x00000000, 0x00000000, 0x00000000, 0x00000000, 0x00000000, 0x00000000, 0x00000000, 0x00000000, 0x00000000, 0x00000000,
	0x00000000, 0x00000000, 0x00000000, 0x00000000, 0x00000000, 0x00000000, 0x00000000, 0x00000000, 0x00000000, 0x00000000, 0x00000000,
	0x00000000, 0x00000000, 0x00010000, 0x00000001, 0x00000000, 0x00000000, 0x00000000, 0x00000000, 0x00000000, 0x00000000, 0x00000000,
	0x00000000, 0x00000000, 0x00000000, 0x00000000, 0x00000000, 0x00000000, 0x00000000, 0xFFFF0000, 0x0000FFFF, 0x00000000, 0x00000000,
	0x00000000, 0x00000000, 0x00000000, 0x00000000, 0x00010000, 0x00010001, 0x00000001, 0x00000000, 0xFFFF0000, 0x0000FFFF, 0x00000000,
	0x00000000, 0x00000000, 0x00000000, 0x00000000, 0x00000000, 0x00000000, 0x00000000, 0x00000000, 0x00000000, 0x00000000, 0x00000000,
	0x00000000, 0x00000000, 0x00000000, 0x00000000, 0x00000000, 0x00000000, 0x00000000, 0x00000000, 0x00000000, 0x00000000, 0x00000000,
	0x00000000, 0x00000000, 0x00000000, 0x00000000, 0x00000000, 0x00000000, 0x00000000, 0x00000000, 0x00000000, 0x00000000, 0x00000000,
	0x00000000, 0xFFFF0000, 0x0000FFFF, 0x00000000, 0x00000000, 0x00000000, 0x00000000, 0x00000000, 0x00000000, 0x00000000, 0x00010000,
	0xFFFF0001, 0x0000FFFF, 0x00000000, 0x00000000, 0x00000000, 0x00000000, 0x00000000, 0x00000000, 0x00000000, 0x00000000, 0x00000000,
	0xFFFF0000, 0x0000FFFF, 0x00000000, 0x00000000, 0x00000000, 0x00000000, 0x00000000, 0xFFFF0000, 0x0000FFFF, 0x00000000, 0x00000000,
	0x00000000, 0x00000000, 0x00010000, 0x00000001, 0x00000000, 0x00000000, 0x00000000, 0x00000000, 0x00000000, 0x00000000, 0x00000000,
	0x00000000, 0x00000000, 0x00000000, 0x00000000, 0x00000000, 0x00000000, 0x00000000, 0x00000000, 0x00000000, 0x00000000, 0x00000000,
	0xFFFF0000, 0x0000FFFF, 0xFFFF0000, 0x0000FFFF, 0x00000000, 0xFFFF0000, 0x0000FFFF, 0x00000000, 0x00000000, 0x00000000, 0x00000000,
	0x00000000, 0x00000000, 0x00000000, 0x00000000, 0x00000000, 0x00000000, 0x00010000, 0x00000001, 0x00000000, 0x00000000, 0x00000000,
	0x00000000, 0x00000000, 0xFFFF0000, 0x0000FFFF, 0x00000000, 0x00000000, 0x00000000, 0x00000000, 0x00000000, 0x00000000, 0xFFFF0000,
	0x0000FFFF, 0x00000000, 0x00000000, 0x00000000, 0x00000000, 0xFFFF0000, 0x0000FFFF, 0x00000000, 0xFFFF0000, 0x0000FFFF, 0x00000000,
	0x00000000, 0xFFFF0000, 0x0000FFFF, 0x00000000, 0x00000000, 0x00000000, 0x00000000, 0x00000000, 0x00000000, 0x00000000, 0x00000000,
	0x00000000, 0x00000000, 0x00000000, 0x00000000, 0x00000000, 0x00000000, 0xFFFF0000, 0xFFFFFFFF, 0x0000FFFF, 0x00000000, 0x00000000,
	0x00000000, 0x00000000, 0x00000000, 0x00000000, 0x00000000, 0x00000000, 0x00000000, 0xFFFF0000, 0x0000FFFF, 0x00000000, 0x00000000,
	0x00000000, 0xFFFF0000, 0x0000FFFF, 0x00000000, 0x00000000, 0x00000000, 0x00000000, 0x00000000, 0x00000000, 0x00000000, 0x00000000,
	0x00000000, 0x00000000, 0x00000000, 0x00000000, 0x00000000, 0x00000000, 0x00000000, 0xFFFF0000, 0x0000FFFF, 0x00000000, 0x00000000,
	0x00000000, 0x00000000, 0x00000000, 0x00000000, 0x00000000, 0x00000000, 0x00000000, 0x00000000, 0x00000000, 0x00010000, 0x00000001,
	0x00000000, 0x00000000, 0x00000000, 0x00010000, 0x00000001, 0x00000000, 0x00000000, 0x00000000, 0x00000000, 0x00000000, 0x00000000,
	0x00000000, 0x00000000, 0x00000000, 0x00000000, 0x00000000, 0x00000000, 0x00000000, 0xFFFF0000, 0x0000FFFF, 0x00000000, 0xFFFF0000,
	0x0000FFFF, 0x00000000, 0x00000000, 0x00000000, 0xFFFF0000, 0x0000FFFF, 0x00000000, 0x00000000, 0x00000000, 0x00000000, 0x00000000,
	0x00000000, 0x00000000, 0x00000000, 0x00000000, 0x00000000, 0x00000000, 0x00000000, 0x00000000, 0xFFFF0000, 0x0000FFFF, 0x00000000,
	0x00000000, 0x00000000, 0x00000000, 0x00000000, 0x00000000, 0x00000000, 0x00000000, 0x00000000, 0x00000000, 0x00000000, 0x00000000,
	0x00000000, 0x00000000, 0x00000000, 0x00000000, 0x00000000, 0x00000000, 0x00000000, 0x00000000, 0x00000000, 0x00000000, 0x00010000,
	0x00000001, 0x00000000, 0x00000000, 0x00000000, 0x00000000, 0x00000000, 0x00000000, 0xFFFF0000, 0x0000FFFF, 0x00000000, 0x00010000,
	0x00000001, 0x00000000, 0x00000000, 0x00000000, 0x00010000, 0x00000001, 0x00000000, 0x00000000, 0x00000000, 0x00000000, 0x00000000,
	0x00000000, 0x00000000, 0x00000000, 0x00000000, 0x00000000, 0x00000000, 0x00000000, 0x00000000, 0xFFFF0000, 0x0000FFFF, 0x00000000,
	0x00000000, 0x00000000, 0x00000000, 0x00000000, 0x00000000, 0x00000000, 0x00000000, 0x00000000, 0x00000000, 0x00000000, 0x00000000,
	0x00000000, 0x00010000, 0x00000001, 0x00000000, 0x00000000, 0x00000000, 0x00000000, 0x00000000, 0x00000000, 0x00000000, 0x00000000,
	0x00000000, 0x00000000, 0x00000000, 0x00000000, 0x00000000, 0x00000000, 0x00000000, 0x00000000, 0x00000000, 0x00010000, 0x00000001,
	0x00000000, 0x00000000, 0x00010000, 0x00000001, 0x00000000, 0x00000000, 0x00000000, 0x00000000, 0x00010000, 0x00000001, 0xFFFF0000,
	0x0000FFFF, 0xFFFF0000, 0x0000FFFF, 0x00000000, 0x00000000, 0xFFFF0000, 0x0000FFFF, 0x00000000, 0x00000000, 0x00000000, 0x00000000,
	0x00010000, 0x00000001, 0x00000000, 0x00000000, 0x00000000, 0x00000000, 0x00000000, 0x00000000, 0xFFFF0000, 0x0000FFFF, 0x00000000,
	0x00000000, 0x00000000, 0x00000000, 0x00000000, 0x00000000, 0x00000000, 0x00010000, 0x00000001, 0x00000000, 0x00000000, 0x00000000,
	0xFFFF0000, 0xFFFFFFFF, 0x0000FFFF, 0x00000000, 0x00000000, 0x00010000, 0x00000001, 0x00000000, 0x00000000, 0x00000000, 0x00000000,
	0x00000000, 0x00000000, 0x00000000, 0x00000000, 0x00010000, 0x00000001, 0x00000000, 0x00000000, 0x00000000, 0x00000000, 0xFFFF0000,
	0x0000FFFF, 0x00000000, 0x00000000, 0x00000000, 0x00000000, 0x00000000, 0x00000000, 0xFFFF0000, 0x0000FFFF, 0x00000000, 0x00000000,
	0x00000000, 0x00000000, 0x00000000, 0x00000000, 0x00010000, 0x00000001, 0x00000000, 0x00000000, 0x00000000, 0x00000000, 0xFFFF0000,
	0x0000FFFF, 0x00000000, 0x00000000, 0x00000000, 0xFFFF0000, 0x0000FFFF, 0x00000000, 0x00000000, 0x00000000, 0x00000000, 0x00000000,
	0x00000000, 0x00000000, 0x00010000, 0x00000001, 0x00000000, 0x00000000, 0x00000000, 0x00000000, 0x00000000, 0x00000000, 0x00000000,
	0x00010000, 0x00000001, 0x00000000, 0x00000000, 0x00000000, 0x00000000, 0x00000000, 0x00000000, 0x00000000, 0x00000000, 0x00000000,
	0x00000000, 0x00000000, 0x00000000, 0x00000000, 0x00000000, 0x00000000, 0x00000000, 0x00000000, 0x00000000, 0x00000000, 0x00010000,
	0x00000001, 0x00000000, 0x00000000, 0x00000000, 0x00010000, 0x00000001, 0x00000000, 0x00000000, 0x00000000, 0x00010000, 0x00000001,
	0x00000000, 0x00000000, 0x00010000, 0x00000001, 0x00000000, 0x00000000, 0x00000000, 0x00000000, 0x00000000, 0xFFFF0000, 0x0000FFFF,
	0x00000000, 0x00000000, 0x00000000, 0xFFFF0000, 0x0000FFFF, 0x00000000, 0x00000000, 0x00000000, 0x00000000, 0x00000000, 0x00000000,
	0x00000000, 0x00000000, 0x00000000, 0x00000000, 0x00000000, 0x00000000, 0x00010000, 0x00000001, 0x00000000, 0x00000000, 0x00000000,
	0x00000000, 0x00000000, 0x00000000, 0x00000000, 0x00000000, 0x00000000, 0x00010000, 0x00000001, 0x00000000, 0x00000000, 0x00000000,
	0x00000000, 0x00000000, 0x00000000, 0xFFFF0000, 0x0000FFFF, 0x00000000, 0x00010000, 0x00000001, 0x00000000, 0x00000000, 0x00000000,
	0x00000000, 0x00000000, 0x00000000, 0x00010000, 0x00000001, 0x00000000, 0x00000000, 0x00000000, 0x00000000, 0x00000000, 0x00000000,
	0x00000000, 0xFFFF0000, 0x0001FFFF, 0x00000001, 0x00000000, 0x00000000, 0x00000000, 0x00000000, 0x00000000, 0x00000000, 0x00000000,
	0x00000000, 0x00000000, 0x00000000, 0x00000000, 0x00000000, 0xFFFF0000, 0x0000FFFF, 0x00000000, 0x00000000, 0x00000000, 0xFFFF0000,
	0xFFFFFFFF, 0x0000FFFF, 0x00000000, 0xFFFF0000, 0x0000FFFF, 0xFFFF0000, 0x0000FFFF, 0x00000000, 0x00000000, 0x00000000, 0x00000000,
	0xFFFF0000, 0x0000FFFF, 0x00000000, 0x00000000, 0x00000000, 0x00000000, 0x00010000, 0x00000001, 0x00000000, 0x00000000, 0x00000000,
	0x00000000, 0x00000000, 0x00000000, 0xFFFF0000, 0x0000FFFF, 0x00000000, 0x00000000, 0x00000000, 0x00000000, 0x00000000, 0x00000000,
	0x00000000, 0x00000000, 0x00000000, 0x00000000, 0x00000000, 0x00000000, 0x00000000, 0x00000000, 0x00000000, 0x00000000, 0x00000000,
	0x00010000, 0x00010001, 0x00000001, 0xFFFF0000, 0xFFFFFFFF, 0x0000FFFF, 0x00000000, 0x00000000, 0xFFFF0000, 0x0000FFFF, 0x00000000,
	0xFFFF0000, 0x0000FFFF, 0x00000000, 0x00010000, 0x00000001, 0x00000000, 0x00000000, 0x00000000, 0x00000000, 0x00010000, 0xFFFF0001,
	0x0000FFFF, 0x00000000, 0x00000000, 0x00000000, 0x00000000, 0x00000000, 0x00000000, 0x00000000, 0x00000000, 0x00000000, 0x00000000,
	0xFFFF0000, 0x0001FFFF, 0x00000001, 0x00000000, 0x00000000, 0x00000000, 0x00000000, 0x00000000, 0x00000000, 0x00000000, 0x00000000,
	0x00000000, 0x00000000, 0x00000000, 0x00000000, 0x00000000, 0x00000000, 0x00000000, 0x00000000, 0x00000000, 0x00000000, 0x00010000,
	0x00000001, 0x00000000, 0x00000000, 0x00000000, 0x00000000, 0x00000000, 0xFFFF0000, 0x0000FFFF, 0x00000000, 0x00000000, 0xFFFF0000,
	0x0000FFFF, 0x00000000, 0x00000000, 0x00000000, 0x00000000, 0x00000000, 0x00000000, 0x00000000, 0x00000000, 0x00000000, 0x00000000,
	0x00000000, 0x00000000, 0x00000000, 0x00000000, 0x00000000, 0x00000000, 0x00000000, 0x00000000, 0x00000000, 0x00000000, 0x00000000,
	0x00000000, 0x00000000, 0x00010000, 0x00010001, 0x00000001, 0x00000000, 0x00000000, 0x00000000, 0x00000000, 0x00000000, 0x00000000,
	0x00000000, 0x00000000, 0x00000000, 0x00000000, 0x00000000, 0x00000000, 0x00000000, 0x00000000, 0x00000000, 0x00000000, 0x00000000,
	0x00000000, 0x00000000, 0x00000000, 0x00000000, 0x00000000, 0x00000000, 0x00000000, 0x00000000, 0x00000000, 0x00000000, 0x00000000,
	0xFFFF0000, 0x0000FFFF, 0x00000000, 0x00000000, 0x00000000, 0x00000000, 0x00000000, 0x00000000, 0x00000000, 0x00010000, 0x00000001,
	0x00000000, 0x00000000, 0x00010000, 0x00000001, 0x00000000, 0x00000000, 0x00000000, 0xFFFF0000, 0x0000FFFF, 0x00000000, 0x00000000,
	0x00000000, 0x00000000, 0xFFFF0000, 0x0000FFFF, 0x00000000, 0x00000000, 0x00000000, 0x00010000, 0x00000001, 0x00000000, 0xFFFF0000,
	0x0000FFFF, 0x00000000, 0x00000000, 0xFFFF0000, 0x0000FFFF, 0xFFFF0000, 0x0000FFFF, 0x00000000, 0x00010000, 0x00000001, 0x00000000,
	0x00000000, 0x00000000, 0x00000000, 0x00000000, 0x00000000, 0x00000000, 0xFFFF0000, 0x0000FFFF, 0x00000000, 0x00010000, 0x00000001,
	0x00000000, 0x00000000, 0x00000000, 0x00000000, 0x00010000, 0x00000001, 0x00000000, 0xFFFF0000, 0x0000FFFF, 0x00000000, 0x00000000,
	0xFFFF0000, 0x0000FFFF, 0x00000000, 0x00000000, 0x00000000, 0x00000000, 0xFFFF0000, 0x0000FFFF, 0x00000000, 0x00000000, 0x00000000,
	0x00000000, 0x00000000, 0x00000000, 0x00000000, 0x00000000, 0xFFFF0000, 0xFFFFFFFF, 0xFFFFFFFF, 0x0000FFFF, 0xFFFF0000, 0x0000FFFF,
	0xFFFF0000, 0x0000FFFF, 0xFFFF0000, 0x0000FFFF, 0x00000000, 0x00000000, 0x00000000, 0x00000000, 0x00000000, 0x00000000, 0x00000000,
	0x00010000, 0x00000001, 0x00000000, 0x00000000, 0x00000000, 0x00000000, 0x00000000, 0xFFFF0000, 0x0001FFFF, 0xFFFF0001, 0x0000FFFF,
	0x00000000, 0x00000000, 0xFFFF0000, 0x0000FFFF, 0x00000000, 0x00000000, 0x00000000, 0x00010000, 0x00000001, 0x00000000, 0x00000000,
	0x00000000, 0x00000000, 0x00000000, 0x00000000, 0x00000000, 0x00000000, 0x00000000, 0x00010000, 0x00000001, 0x00000000, 0x00000000,
	0x00000000, 0x00000000, 0xFFFF0000, 0x0000FFFF, 0x00000000, 0x00000000, 0x00000000, 0xFFFF0000, 0x0000FFFF, 0x00010000, 0x00000001,
	0xFFFF0000, 0x0000FFFF, 0xFFFF0000, 0x0000FFFF, 0x00000000, 0x00000000, 0x00010000, 0x00000001, 0x00000000, 0x00000000, 0x00000000,
	0x00000000, 0x00000000, 0x00000000, 0x00000000, 0x00000000, 0x00000000, 0x00000000, 0x00000000, 0x00000000, 0x00000000, 0x00000000,
	0x00010000, 0xFFFF0001, 0x0000FFFF, 0x00000000, 0x00000000, 0x00000000, 0x00010000, 0x00000001, 0x00000000, 0x00000000, 0xFFFF0000,
	0x0000FFFF, 0x00010000, 0x00000001, 0x00000000, 0x00000000, 0x00000000, 0x00000000, 0x00000000, 0x00000000, 0x00000000, 0x00000000,
	0x00000000, 0x00000000, 0x00000000, 0x00000000, 0x00010000, 0x00000001, 0x00000000, 0x00000000, 0x00000000, 0x00000000, 0xFFFF0000,
	0x0000FFFF, 0x00000000, 0x00000000, 0x00000000, 0x00000000, 0x00000000, 0x00000000, 0x00000000, 0x00000000, 0x00000000, 0x00000000,
	0x00000000, 0x00010000, 0x00000001, 0xFFFF0000, 0x0000FFFF, 0x00000000, 0x00000000, 0x00000000, 0xFFFF0000, 0x0000FFFF, 0x00000000,
	0x00010000, 0x00000001, 0x00000000, 0xFFFF0000, 0x0001FFFF, 0x00000001, 0x00010000, 0x00000001, 0x00000000, 0xFFFF0000, 0x0000FFFF,
	0xFFFF0000, 0x0000FFFF, 0x00000000, 0x00000000, 0x00000000, 0x00000000, 0xFFFF0000, 0x0000FFFF, 0x00000000, 0x00000000, 0x00000000,
	0x00000000, 0x00000000, 0x00000000, 0x00010000, 0x00000001, 0x00000000, 0x00000000, 0x00010000, 0x00000001, 0x00010000, 0x00000001,
	0x00000000, 0x00000000, 0x00010000, 0x00000001, 0x00000000, 0x00000000, 0x00000000, 0xFFFF0000, 0x0000FFFF, 0x00000000, 0x00000000,
	0x00000000, 0x00010000, 0x00000001, 0x00000000, 0x00000000, 0x00000000, 0x00000000, 0x00000000, 0x00000000, 0x00000000, 0x00000000,
	0x00000000, 0x00000000, 0x00000000, 0x00000000, 0x00000000, 0x00000000, 0x00000000, 0x00000000, 0x00000000, 0xFFFE0000, 0x0001FFFE,
	0xFFFE0001, 0xFFFFFFFE, 0xFFFFFFFF, 0x0001FFFF, 0x00040001, 0x00010004, 0x00010001, 0xFFFE0001, 0xFFFDFFFE, 0xFFFBFFFD, 0xFFFEFFFB,
	0x0002FFFE, 0x00020002, 0x00010002, 0xFFFF0001, 0xFFFEFFFF, 0xFFFFFFFE, 0xFFFFFFFF, 0xFFFFFFFF, 0x0002FFFF, 0x00040002, 0x00030004,
	0x00000003, 0xFFFE0000, 0xFFFEFFFE, 0x0000FFFE, 0x00030000, 0x00020003, 0x00020002, 0xFFFF0002, 0xFFFFFFFF, 0xFFFEFFFF, 0xFFFEFFFE,
	0x0002FFFE, 0x00030002, 0x00030003, 0xFFFF0003, 0xFFFEFFFF, 0xFFFEFFFE, 0x0000FFFE, 0x00020000, 0x00020002, 0x00020002, 0xFFFF0002,
	0xFFFEFFFF, 0xFFFDFFFE, 0xFFFEFFFD, 0x0000FFFE, 0x00030000, 0x00040003, 0x00000004, 0xFFFD0000, 0xFFFDFFFD, 0xFFFFFFFD, 0x0001FFFF,
	0x00020001, 0x00010002, 0x00000001, 0xFFFF0000, 0xFFFFFFFF, 0x0000FFFF, 0x00010000, 0x00020001, 0x00020002, 0xFFFF0002, 0xFFFDFFFF,
	0xFFFEFFFD, 0x0001FFFE, 0x00050001, 0x00030005, 0xFFFF0003, 0xFFFDFFFF, 0xFFFCFFFD, 0xFFFEFFFC, 0x0002FFFE, 0x00020002, 0x00000002,
	0xFFFE0000, 0xFFFEFFFE, 0xFFFFFFFE, 0xFFFFFFFF, 0x0001FFFF, 0x00020001, 0x00000002, 0x00000000, 0xFFFE0000, 0xFFFEFFFE, 0x0002FFFE,
	0x00030002, 0x00020003, 0x00010002, 0xFFFD0001, 0xFFFEFFFD, 0x0000FFFE, 0x00020000, 0x00020002, 0x00010002, 0xFFFD0001, 0xFFFDFFFD,
	0x0001FFFD, 0x00020001, 0x00030002, 0x00000003, 0xFFFF0000, 0xFFFDFFFF, 0xFFFEFFFD, 0x0002FFFE, 0x00020002, 0x00010002, 0xFFFE0001,
	0xFFFFFFFE, 0x0000FFFF, 0x00020000, 0x00010002, 0x00010001, 0xFFFE0001, 0xFFFDFFFE, 0xFFFFFFFD, 0x0001FFFF, 0x00020001, 0x00010002,
	0x00010001, 0xFFFF0001, 0x0001FFFF, 0x00010001, 0x00020001, 0x00010002, 0x00000001, 0xFFFE0000, 0xFFFFFFFE, 0x0000FFFF, 0x00020000,
	0x00010002, 0xFFFF0001, 0xFFFEFFFF, 0xFFFFFFFE, 0x0000FFFF, 0x00020000, 0x00010002, 0xFFFF0001, 0xFFFFFFFF, 0xFFFFFFFF, 0x0001FFFF,
	0x00010001, 0x00010001, 0xFFFF0001, 0xFFFFFFFF, 0xFFFFFFFF, 0x0001FFFF, 0x00010001, 0x00000001, 0xFFFF0000, 0x0000FFFF, 0xFFFF0000,
	0x0003FFFF, 0x00010003, 0xFFFF0001, 0xFFFDFFFF, 0xFFFEFFFD, 0x0001FFFE, 0x00020001, 0x00010002, 0xFFFE0001, 0xFFFEFFFE, 0xFFFFFFFE,
	0x0002FFFF, 0x00020002, 0x00010002, 0xFFFE0001, 0xFFFDFFFE, 0x0000FFFD, 0x00010000, 0x00020001, 0x00010002, 0xFFFF0001, 0xFFFFFFFF,
	0x0000FFFF, 0x00010000, 0x00010001, 0x00000001, 0x00000000, 0x00000000, 0x00000000, 0x00000000, 0x00000000, 0x00000000, 0x00000000,
	0x00000000, 0x00000000, 0xFFFF0000, 0x0000FFFF, 0x00010000, 0x00000001, 0x00000000, 0x00000000, 0x00000000, 0x00000000, 0x00000000,
	0x00000000, 0x00000000, 0x00000000, 0x00000000, 0x00000000, 0x00000000, 0x00000000, 0x00000000, 0x00000000, 0x00000000, 0x00000000,
	0x00000000, 0x00000000, 0x00000000, 0x00000000, 0x00000000, 0xFFFF0000, 0x0000FFFF, 0x00000000, 0x00000000, 0x00000000, 0x00000000,
	0x00000000, 0x00000000, 0x00000000, 0x00000000, 0x00000000, 0x00000000, 0x00000000, 0x00000000, 0x00000000, 0x00000000, 0x00000000,
	0x00000000, 0x00000000, 0x00000000, 0x00000000, 0x00000000, 0x00000000, 0x00000000, 0x00000000, 0x00000000, 0x00000000, 0x00000000,
	0x00000000, 0x00000000, 0x00000000, 0x00000000, 0x00000000, 0x00000000, 0x00000000, 0x00000000, 0x00000000, 0x00000000, 0x00000000,
	0x00000000, 0x00000000, 0x00000000, 0x00000000, 0x00000000, 0x00000000, 0x00000000, 0xFFFF0000, 0x0000FFFF, 0x00000000, 0x00000000,
	0x00000000, 0x00000000, 0x00000000, 0x00000000, 0xFFFF0000, 0x0001FFFF, 0x00000001, 0x00000000, 0xFFFF0000, 0x0000FFFF, 0x00000000,
	0x00000000, 0x00000000, 0x00000000, 0x00000000, 0x00000000, 0x00000000, 0x00000000, 0x00000000, 0x00000000, 0x00000000, 0x00000000,
	0x00000000, 0x00000000, 0x00000000, 0x00000000, 0x00000000, 0x00000000, 0x00000000, 0x00000000, 0x00000000, 0x00000000, 0x00000000,
	0x00000000, 0x00000000, 0x00000000, 0x00000000, 0x00000000, 0x00000000, 0x00000000, 0x00000000, 0x00000000, 0x00010000, 0x00000001,
	0x00000000, 0x00000000, 0x00000000, 0x00000000, 0x00000000, 0x00000000, 0xFFFF0000, 0x0000FFFF, 0x00000000, 0x00000000, 0x00000000,
	0x00000000, 0x00000000, 0x00000000, 0x00000000, 0x00000000, 0x00000000, 0x00000000, 0x00000000, 0x00000000, 0x00000000, 0x00000000,
	0x00000000, 0x00000000, 0x00000000, 0x00000000, 0x00000000, 0x00000000, 0x00000000, 0x00000000, 0x00000000, 0x00000000, 0x00000000,
	0x00000000, 0x00000000, 0x00000000, 0x00000000, 0x00000000, 0x00000000, 0x00010000, 0x00000001, 0x00000000, 0x00000000, 0x00000000,
	0x00000000, 0x00000000, 0x00000000, 0x00010000, 0xFFFF0001, 0x0000FFFF, 0x00000000, 0x00000000, 0xFFFF0000, 0xFFFFFFFF, 0x0000FFFF,
	0x00000000, 0x00000000, 0x00000000, 0x00000000, 0x00000000, 0x00000000, 0x00000000, 0x00000000, 0x00000000, 0x00000000, 0x00000000,
	0x00000000, 0x00000000, 0x00000000, 0x00000000, 0x00000000, 0x00000000, 0x00000000, 0x00000000, 0x00000000, 0x00010000, 0xFFFF0001,
	0x0001FFFF, 0x00000001, 0xFFFF0000, 0x0000FFFF, 0x00000000, 0x00000000, 0x00000000, 0x00000000, 0x00000000, 0x00000000, 0x00000000,
	0x00000000, 0x00000000, 0xFFFF0000, 0x0000FFFF, 0x00000000, 0x00000000, 0x00000000, 0x00000000, 0x00000000, 0x00000000, 0x00000000,
	0x00000000, 0x00000000, 0x00000000, 0x00000000, 0x00000000, 0x00000000, 0x00000000, 0xFFFF0000, 0x0000FFFF, 0x00000000, 0x00000000,
	0x00000000, 0x00000000, 0xFFFF0000, 0x0000FFFF, 0x00000000, 0x00000000, 0x00000000, 0x00000000, 0x00000000, 0xFFFF0000, 0x0000FFFF,
	0x00010000, 0xFFFF0001, 0x0000FFFF, 0x00000000, 0x00000000, 0xFFFF0000, 0x0001FFFF, 0x00000001, 0xFFFF0000, 0x0000FFFF, 0x00000000,
	0x00010000, 0x00000001, 0x00000000, 0xFFFF0000, 0x0000FFFF, 0x00000000, 0x00010000, 0x00000001, 0x00010000, 0x00010001, 0x00010001,
	0x00010001, 0xFFFF0001, 0x0000FFFF, 0x00000000, 0x00010000, 0x00010001, 0x00010001, 0xFFFF0001, 0xFFFFFFFF, 0xFFFFFFFF, 0x0000FFFF,
	0xFFFF0000, 0xFFFFFFFF, 0x0000FFFF, 0x00010000, 0x00000001, 0xFFFF0000, 0xFFFFFFFF, 0x0001FFFF, 0x00000001, 0x00010000, 0x00000001,
	0x00010000, 0x00000001, 0x00010000, 0x00000001, 0x00000000, 0x00000000, 0x00000000, 0x00010000, 0x00020001, 0x00000002, 0xFFFF0000,
	0xFFFFFFFF, 0x0000FFFF, 0x00000000, 0x00000000, 0xFFFF0000, 0x0000FFFF, 0x00010000, 0x00010001, 0x00000001, 0x00000000, 0xFFFF0000,
	0x0001FFFF, 0x00010001, 0x00010001, 0x00000001, 0xFFFF0000, 0xFFFFFFFF, 0x0001FFFF, 0x00010001, 0x00000001, 0xFFFF0000, 0x0000FFFF,
	0xFFFF0000, 0x0000FFFF, 0xFFFF0000, 0xFFFFFFFF, 0x0000FFFF, 0x00000000, 0x00020000, 0x00010002, 0x00000001, 0xFFFF0000, 0xFFFFFFFF,
	0x0000FFFF, 0x00030000, 0x00020003, 0x00000002, 0x00010000, 0x00000001, 0x00000000, 0xFFFF0000, 0xFFFFFFFF, 0xFFFFFFFF, 0x0001FFFF,
	0x00010001, 0xFFFF0001, 0xFFFEFFFF, 0xFFFEFFFE, 0x0000FFFE, 0x00020000, 0x00020002, 0x00000002, 0xFFFD0000, 0xFFFEFFFD, 0x0000FFFE,
	0x00010000, 0x00000001, 0x00000000, 0xFFFF0000, 0x0000FFFF, 0x00010000, 0x00010001, 0x00000001, 0x00000000, 0x00000000, 0x00010000,
	0x00010001, 0xFFFF0001, 0xFFFFFFFF, 0x0000FFFF, 0x00000000, 0x00030000, 0x00010003, 0x00000001, 0xFFFF0000, 0xFFFEFFFF, 0x0001FFFE,
	0x00030001, 0x00010003, 0xFFFD0001, 0xFFFDFFFD, 0xFFFFFFFD, 0x0002FFFF, 0x00030002, 0x00000003, 0xFFFE0000, 0xFFFEFFFE, 0xFFFFFFFE,
	0x0002FFFF, 0x00020002, 0x00000002, 0xFFFF0000, 0xFFFEFFFF, 0x0000FFFE, 0x00020000, 0x00010002, 0x00010001, 0xFFFE0001, 0xFFFFFFFE,
	0xFFFFFFFF, 0x0001FFFF, 0x00020001, 0x00000002, 0xFFFE0000, 0x0000FFFE, 0x00010000, 0x00020001, 0x00030002, 0x00000003, 0xFFFD0000,
	0xFFFDFFFD, 0xFFFFFFFD, 0x0001FFFF, 0x00020001, 0x00000002, 0xFFFE0000, 0x0001FFFE, 0x00010001, 0x00000001, 0xFFFF0000, 0xFFFFFFFF,
	0xFFFEFFFF, 0x0000FFFE, 0x00000000, 0x00010000, 0x00000001, 0xFFFE0000, 0xFFFEFFFE, 0x0000FFFE, 0x00010000, 0x00020001, 0xFFFF0002,
	0xFFFFFFFF, 0xFFFFFFFF, 0x0001FFFF, 0x00000001, 0x00000000, 0xFFFF0000, 0xFFFEFFFF, 0xFFFFFFFE, 0xFFFFFFFF, 0x0001FFFF, 0x00020001,
	0x00030002, 0x00000003, 0xFFFF0000, 0xFFFFFFFF, 0x0001FFFF, 0x00010001, 0x00000001, 0xFFFE0000, 0xFFFDFFFE, 0xFFFFFFFD, 0x0001FFFF,
	0x00030001, 0x00010003, 0xFFFE0001, 0xFFFDFFFE, 0xFFFFFFFD, 0x0002FFFF, 0x00040002, 0x00010004, 0xFFFD0001, 0xFFFEFFFD, 0xFFFFFFFE,
	0x0001FFFF, 0x00040001, 0x00010004, 0xFFFF0001, 0xFFFCFFFF, 0xFFFFFFFC, 0x0001FFFF, 0x00030001, 0x00010003, 0xFFFE0001, 0xFFFCFFFE,
	0xFFFFFFFC, 0x0003FFFF, 0x00040003, 0x00010004, 0xFFFD0001, 0xFFFBFFFD, 0xFFFFFFFB, 0x0002FFFF, 0x00040002, 0x00020004, 0xFFFF0002,
	0xFFFDFFFF, 0xFFFEFFFD, 0x0003FFFE, 0x00040003, 0x00020004, 0xFFFF0002, 0xFFFEFFFF, 0x0000FFFE, 0x00020000, 0x00040002, 0x00020004,
	0xFFFE0002, 0xFFFEFFFE, 0xFFFDFFFE, 0xFFFFFFFD, 0x0002FFFF, 0x00020002, 0x00000002, 0xFFFE0000, 0xFFFEFFFE, 0xFFFEFFFE, 0x0000FFFE,
	0x00020000, 0x00030002, 0x00020003, 0xFFFE0002, 0xFFFDFFFE, 0x0000FFFD, 0x00020000, 0x00030002, 0x00000003, 0xFFFF0000, 0xFFFEFFFF,
	0xFFFEFFFE, 0x0002FFFE, 0x00030002, 0x00010003, 0xFFFD0001, 0xFFFBFFFD, 0xFFFEFFFB, 0x0002FFFE, 0x00020002, 0x00010002, 0xFFFE0001,
	0xFFFDFFFE, 0xFFFFFFFD, 0x0001FFFF, 0x00020001, 0x00020002, 0x00020002, 0x00000002, 0xFFFF0000, 0xFFFFFFFF, 0x0000FFFF, 0x00000000,
	0x00020000, 0x00020002, 0xFFFE0002, 0xFFFDFFFE, 0x0000FFFD, 0x00020000, 0x00040002, 0x00020004, 0xFFFD0002, 0xFFFDFFFD, 0xFFFDFFFD,
	0xFFFFFFFD, 0x0001FFFF, 0x00030001, 0x00030003, 0xFFFF0003, 0xFFFEFFFF, 0xFFFDFFFE, 0x0000FFFD, 0x00030000, 0x00030003, 0x00010003,
	0xFFFC0001, 0xFFFCFFFC, 0xFFFFFFFC, 0x0003FFFF, 0x00040003, 0x00010004, 0xFFFD0001, 0xFFFBFFFD, 0xFFFFFFFB, 0x0002FFFF, 0x00020002,
	0x00020002, 0x00000002, 0xFFFF0000, 0xFFFEFFFF, 0xFFFEFFFE, 0x0000FFFE, 0x00020000, 0x00050002, 0x00010005, 0xFFFD0001, 0xFFFCFFFD,
	0xFFFDFFFC, 0x0003FFFD, 0x00030003, 0x00010003, 0xFFFE0001, 0xFFFCFFFE, 0xFFFFFFFC, 0x0001FFFF, 0x00000001, 0x00010000, 0x00020001,
	0xFFFE0002, 0xFFFDFFFE, 0xFFFBFFFD, 0xFFFEFFFB, 0x0003FFFE, 0x00040003, 0x00010004, 0xFFFE0001, 0xFFFCFFFE, 0xFFFEFFFC, 0x0004FFFE,
	0x00040004, 0x00020004, 0x00010002, 0x00000001, 0xFFFF0000, 0x0000FFFF, 0x00010000, 0x00000001, 0x00010000, 0x00020001, 0xFFFE0002,
	0xFFFDFFFE, 0xFFFEFFFD, 0x0000FFFE, 0x00030000, 0x00020003, 0xFFFF0002, 0xFFFDFFFF, 0xFFFEFFFD, 0xFFFFFFFE, 0x0001FFFF, 0x00010001,
	0x00010001, 0x00010001, 0xFFFE0001, 0xFFFDFFFE, 0xFFFFFFFD, 0x0003FFFF, 0x00050003, 0x00040005, 0xFFFF0004, 0xFFFCFFFF, 0xFFFFFFFC,
	0x0001FFFF, 0x00030001, 0x00020003, 0x00010002, 0x00010001, 0xFFFF0001, 0xFFFFFFFF, 0x0000FFFF, 0x00010000, 0x00030001, 0x00030003,
	0xFFFE0003, 0xFFFCFFFE, 0xFFFEFFFC, 0x0000FFFE, 0x00020000, 0x00020002, 0x00000002, 0xFFFE0000, 0xFFFEFFFE, 0xFFFFFFFE, 0xFFFFFFFF,
	0x0001FFFF, 0x00030001, 0x00010003, 0x00000001, 0xFFFE0000, 0xFFFDFFFE, 0x0000FFFD, 0x00030000, 0x00030003, 0x00010003, 0xFFFF0001,
	0xFFFFFFFF, 0xFFFFFFFF, 0x0000FFFF, 0x00020000, 0x00020002, 0x00020002, 0xFFFF0002, 0xFFFCFFFF, 0xFFFDFFFC, 0x0000FFFD, 0x00030000,
	0x00030003, 0x00000003, 0xFFFD0000, 0xFFFEFFFD, 0x0000FFFE, 0x00000000, 0x00000000, 0x00020000, 0x00020002, 0xFFFF0002, 0xFFFDFFFF,
	0xFFFDFFFD, 0x0001FFFD, 0x00030001, 0x00040003, 0x00020004, 0xFFFE0002, 0xFFFEFFFE, 0xFFFFFFFE, 0xFFFFFFFF, 0x0000FFFF, 0x00030000,
	0x00040003, 0x00000004, 0xFFFC0000, 0xFFFDFFFC, 0x0000FFFD, 0x00020000, 0x00020002, 0x00000002, 0xFFFF0000, 0xFFFDFFFF, 0xFFFDFFFD,
	0xFFFFFFFD, 0x0001FFFF, 0x00040001, 0x00040004, 0x00000004, 0xFFFE0000, 0xFFFEFFFE, 0xFFFFFFFE, 0x0003FFFF, 0x00040003, 0x00020004,
	0x00010002, 0xFFFF0001, 0xFFFEFFFF, 0x0000FFFE, 0x00020000, 0x00020002, 0x00040002, 0x00020004, 0xFFFC0002, 0xFFFBFFFC, 0xFFFDFFFB,
	0x0001FFFD, 0x00020001, 0x00010002, 0x00000001, 0xFFFE0000, 0xFFFEFFFE, 0xFFFEFFFE, 0x0000FFFE, 0x00040000, 0x00040004, 0x00020004,
	0xFFFE0002, 0xFFFCFFFE, 0xFFFFFFFC, 0x0001FFFF, 0x00030001, 0x00020003, 0xFFFF0002, 0xFFFFFFFF, 0xFFFDFFFF, 0xFFFEFFFD, 0x0000FFFE,
	0x00020000, 0x00030002, 0x00010003, 0xFFFE0001, 0xFFFCFFFE, 0xFFFDFFFC, 0x0001FFFD, 0x00030001, 0x00030003, 0xFFFF0003, 0xFFFFFFFF,
	0xFFFDFFFF, 0xFFFDFFFD, 0x0000FFFD, 0x00020000, 0x00030002, 0x00020003, 0xFFFF0002, 0xFFFBFFFF, 0xFFFEFFFB, 0x0000FFFE, 0x00030000,
	0x00030003, 0x00000003, 0xFFFE0000, 0xFFFFFFFE, 0xFFFFFFFF, 0xFFFFFFFF, 0x0003FFFF, 0x00040003, 0x00020004, 0xFFFF0002, 0xFFFDFFFF,
	0xFFFEFFFD, 0x0001FFFE, 0x00030001, 0x00020003, 0xFFFF0002, 0xFFFDFFFF, 0xFFFDFFFD, 0xFFFEFFFD, 0xFFFFFFFE, 0x0001FFFF, 0x00040001,
	0x00030004, 0x00000003, 0xFFFD0000, 0xFFFDFFFD, 0x0000FFFD, 0x00030000, 0x00030003, 0x00010003, 0x00010001, 0xFFFF0001, 0xFFFFFFFF,
	0x0000FFFF, 0x00000000, 0x00030000, 0x00030003, 0xFFFF0003, 0xFFFCFFFF, 0xFFFDFFFC, 0xFFFFFFFD, 0x0002FFFF, 0x00020002, 0x00000002,
	0xFFFD0000, 0xFFFCFFFD, 0xFFFEFFFC, 0xFFFFFFFE, 0x0002FFFF, 0x00030002, 0x00030003, 0x00010003, 0xFFFD0001, 0xFFFCFFFD, 0x0000FFFC,
	0x00030000, 0x00020003, 0x00010002, 0x00000001, 0xFFFF0000, 0xFFFEFFFF, 0x0000FFFE, 0x00010000, 0x00020001, 0x00030002, 0x00000003,
	0xFFFD0000, 0xFFFDFFFD, 0xFFFFFFFD, 0x0002FFFF, 0x00040002, 0x00010004, 0xFFFD0001, 0xFFFDFFFD, 0xFFFFFFFD, 0x0000FFFF, 0x00010000,
	0x00020001, 0x00020002, 0x00000002, 0xFFFD0000, 0xFFFCFFFD, 0xFFFFFFFC, 0x0003FFFF, 0x00040003, 0x00010004, 0xFFFD0001, 0xFFFDFFFD,
	0x0000FFFD, 0x00020000, 0x00030002, 0x00010003, 0x00010001, 0xFFFF0001, 0xFFFEFFFF, 0xFFFFFFFE, 0xFFFFFFFF, 0x0002FFFF, 0x00030002,
	0x00010003, 0xFFFE0001, 0xFFFEFFFE, 0xFFFFFFFE, 0x0002FFFF, 0x00030002, 0xFFFF0003, 0xFFFEFFFF, 0xFFFEFFFE, 0x0000FFFE, 0xFFFF0000,
	0x0001FFFF, 0x00030001, 0x00010003, 0x00010001, 0xFFFF0001, 0xFFFFFFFF, 0x0000FFFF, 0x00030000, 0x00020003, 0x00000002, 0xFFFE0000,
	0xFFFBFFFE, 0xFFFFFFFB, 0x0002FFFF, 0x00040002, 0x00020004, 0xFFFF0002, 0xFFFEFFFF, 0xFFFFFFFE, 0x0000FFFF, 0x00020000, 0x00010002,
	0x00010001, 0xFFFF0001, 0xFFFEFFFF, 0xFFFEFFFE, 0x0000FFFE, 0x00020000, 0x00040002, 0x00010004, 0xFFFD0001, 0xFFFCFFFD, 0xFFFEFFFC,
	0x0002FFFE, 0x00040002, 0x00020004, 0xFFFE0002, 0xFFFDFFFE, 0xFFFEFFFD, 0x0001FFFE, 0x00030001, 0x00010003, 0xFFFF0001, 0xFFFDFFFF,
	0xFFFFFFFD, 0x0000FFFF, 0x00020000, 0x00020002, 0x00010002, 0x00010001, 0xFFFE0001, 0xFFFFFFFE, 0xFFFFFFFF, 0x0001FFFF, 0x00030001,
	0x00010003, 0xFFFE0001, 0xFFFCFFFE, 0xFFFFFFFC, 0x0002FFFF, 0x00040002, 0x00010004, 0xFFFD0001, 0xFFFDFFFD, 0x0000FFFD, 0x00030000,
	0x00020003, 0x00000002, 0xFFFE0000, 0xFFFEFFFE, 0xFFFDFFFE, 0x0001FFFD, 0x00020001, 0x00020002, 0x00020002, 0x00000002, 0xFFFD0000,
	0xFFFEFFFD, 0xFFFFFFFE, 0x0002FFFF, 0x00030002, 0x00000003, 0xFFFE0000, 0xFFFDFFFE, 0x0000FFFD, 0x00030000, 0x00030003, 0x00000003,
	0xFFFC0000, 0xFFFBFFFC, 0xFFFEFFFB, 0x0003FFFE, 0x00040003, 0x00020004, 0xFFFD0002, 0xFFFCFFFD, 0xFFFFFFFC, 0x0003FFFF, 0x00030003,
	0x00020003, 0xFFFE0002, 0xFFFDFFFE, 0x0000FFFD, 0x00020000, 0x00040002, 0x00010004, 0xFFFF0001, 0xFFFDFFFF, 0xFFFFFFFD, 0x0001FFFF,
	0x00020001, 0x00010002, 0xFFFF0001, 0xFFFEFFFF, 0xFFFFFFFE, 0xFFFEFFFF, 0xFFFFFFFE, 0x0003FFFF, 0x00010003, 0x00000001, 0xFFFF0000,
	0xFFFFFFFF, 0x0002FFFF, 0x00030002, 0x00020003, 0x00010002, 0xFFFE0001, 0xFFFFFFFE, 0x0000FFFF, 0x00020000, 0x00030002, 0x00000003,
	0xFFFE0000, 0xFFFDFFFE, 0x0001FFFD, 0x00050001, 0x00030005, 0x00000003, 0xFFFE0000, 0xFFFDFFFE, 0xFFFFFFFD, 0x0001FFFF, 0x00010001,
	0x00000001, 0x00000000, 0xFFFD0000, 0x0000FFFD, 0x00020000, 0x00000002, 0x00000000, 0xFFFE0000, 0xFFFEFFFE, 0x0001FFFE, 0x00020001,
	0x00000002, 0x00000000, 0xFFFE0000, 0xFFFFFFFE, 0x0000FFFF, 0x00020000, 0x00020002, 0xFFFF0002, 0xFFFFFFFF, 0xFFFFFFFF, 0x0001FFFF,
	0x00000001, 0x00000000, 0xFFFF0000, 0x0000FFFF, 0xFFFF0000, 0x0001FFFF, 0x00010001, 0x00000001, 0xFFFF0000, 0xFFFFFFFF, 0xFFFFFFFF,
	0x0002FFFF, 0x00020002, 0x00010002, 0xFFFF0001, 0xFFFFFFFF, 0xFFFFFFFF, 0x0001FFFF, 0x00010001, 0x00000001, 0xFFFF0000, 0xFFFFFFFF,
	0x0001FFFF, 0x00010001, 0xFFFF0001, 0xFFFEFFFF, 0xFFFFFFFE, 0x0000FFFF, 0x00010000, 0x00020001, 0x00000002, 0x00000000, 0xFFFF0000,
	0x0000FFFF, 0x00010000, 0x00000001, 0xFFFF0000, 0xFFFFFFFF, 0xFFFFFFFF, 0x0001FFFF, 0x00010001, 0x00000001, 0x00000000, 0xFFFE0000,
	0xFFFFFFFE, 0x0001FFFF, 0x00020001, 0x00000002, 0xFFFF0000, 0xFFFFFFFF, 0x0000FFFF, 0x00010000, 0x00010001, 0x00000001, 0xFFFF0000,
	0x0000FFFF, 0x00010000, 0x00010001, 0x00010001, 0x00000001, 0x00000000, 0x00000000, 0x00010000, 0xFFFF0001, 0x0000FFFF, 0x00000000,
	0xFFFF0000, 0x0001FFFF, 0x00000001, 0x00010000, 0xFFFF0001, 0x0000FFFF, 0x00010000, 0x00000001, 0x00000000, 0xFFFF0000, 0xFFFFFFFF,
	0xFFFFFFFF, 0x0001FFFF, 0x00010001, 0x00000001, 0xFFFF0000, 0xFFFFFFFF, 0x0000FFFF, 0x00000000, 0x00000000, 0x00000000, 0x00000000,
	0x00000000, 0x00000000, 0x00000000, 0x00000000, 0x00000000, 0x00000000, 0x00000000, 0x00010000, 0x00010001, 0x00000001, 0x00000000,
	0x00000000, 0x00010000, 0x00010001, 0x00000001, 0x00000000, 0x00000000, 0x00000000, 0x00000000, 0x00000000, 0x00000000, 0x00000000,
	0x00010000, 0x00000001, 0x00000000, 0x00000000, 0x00000000, 0x00000000, 0x00000000, 0x00000000, 0x00000000, 0x00000000, 0x00000000,
	0x00000000, 0x00000000, 0x00000000, 0x00000000, 0x00000000, 0x00000000, 0x00000000, 0x00000000, 0x00000000, 0x00000000, 0x00000000,
	0x00000000, 0x00000000, 0x00000000, 0x00000000, 0x00000000, 0x00000000, 0x00000000, 0xFFFF0000, 0x0000FFFF, 0x00000000, 0x00000000,
	0x00000000, 0x00000000, 0x00000000, 0x00000000, 0x00000000, 0x00000000, 0x00000000, 0x00000000, 0x00000000, 0x00000000, 0x00000000,
	0x00000000, 0x00000000, 0x00000000, 0x00000000, 0x00000000, 0x00000000, 0x00000000, 0x00000000, 0x00010000, 0x00000001, 0x00000000,
	0x00000000, 0x00000000, 0x00000000, 0x00000000, 0x00000000, 0x00000000, 0x00000000, 0x00000000, 0x00000000, 0x00000000, 0x00000000,
	0x00000000, 0x00000000, 0x00000000, 0x00000000, 0x00000000, 0x00000000, 0x00000000, 0x00000000, 0x00000000, 0x00000000, 0x00000000,
	0x00000000, 0x00000000, 0xFFFF0000, 0x0000FFFF, 0x00000000, 0x00000000, 0x00000000, 0x00000000, 0x00000000, 0x00000000, 0x00000000,
	0x00000000, 0x00000000, 0x00000000, 0x00000000, 0x00000000, 0x00000000, 0x00000000, 0x00000000, 0x00000000, 0x00000000, 0x00000000,
	0x00000000, 0x00000000, 0x00000000, 0x00000000, 0x00000000, 0x00000000, 0x00000000, 0x00000000, 0x00000000, 0x00000000, 0x00000000,
	0x00000000, 0x00000000, 0x00000000, 0x00000000, 0x00000000, 0x00000000, 0x00000000, 0x00000000, 0x00000000, 0x00000000, 0x00000000,
	0x00000000, 0x00000000, 0x00000000, 0x00000000, 0x00000000, 0x00000000, 0x00000000, 0x00000000, 0x00000000, 0x00000000, 0x00000000,
	0x00000000, 0x00000000, 0x00000000, 0x00000000, 0x00000000, 0x00000000, 0x00000000, 0x00000000, 0x00000000, 0x00000000, 0x00000000,
	0x00000000, 0x00000000, 0xFFFF0000, 0x0000FFFF, 0x00000000, 0x00000000, 0x00000000, 0x00000000, 0x00000000, 0x00000000, 0x00000000,
	0x00000000, 0x00000000, 0x00000000, 0x00000000, 0x00000000, 0x00000000, 0x00000000, 0x00000000, 0x00000000, 0x00000000, 0x00000000,
	0x00000000, 0x00000000, 0x00000000, 0x00000000, 0x00000000, 0x00000000, 0x00000000, 0x00000000, 0x00000000, 0x00000000, 0x00000000,
	0x00000000, 0x00000000, 0x00000000, 0x00000000, 0x00000000, 0x00000000, 0x00000000, 0x00000000, 0x00000000, 0x00000000, 0x00000000,
	0x00000000, 0x00000000, 0x00000000, 0x00000000, 0x00000000, 0x00000000, 0x00000000, 0x00000000, 0x00000000, 0x00000000, 0x00000000,
	0x00000000, 0x00000000, 0x00000000, 0x00000000, 0x00000000, 0x00000000, 0x00000000, 0x00000000, 0x00000000, 0x00000000, 0x00000000,
	0x00000000, 0x00000000, 0x00000000, 0x00000000, 0x00000000, 0x00000000, 0x00000000, 0xFFFF0000, 0x0000FFFF, 0x00000000, 0x00000000,
	0x00000000, 0x00000000, 0x00000000, 0x00000000, 0x00000000, 0x00000000, 0x00000000, 0x00000000, 0x00000000, 0x00000000, 0x00000000,
	0x00000000, 0x00000000, 0x00000000, 0x00000000, 0x00000000, 0x00000000, 0x00000000, 0x00000000, 0x00000000, 0x00000000, 0x00000000,
	0x00000000, 0x00000000, 0x00000000, 0x00000000, 0x00000000, 0x00000000, 0x00000000, 0x00000000, 0x00000000, 0x00000000, 0x00000000,
	0x00000000, 0x00000000, 0x00000000, 0x00000000, 0x00000000, 0x00000000, 0x00000000, 0x00000000, 0x00000000, 0x00000000, 0x00000000,
	0x00000000, 0x00000000, 0x00000000, 0x00000000, 0x00000000, 0x00000000, 0x00000000, 0x00000000, 0x00000000, 0x00000000, 0x00000000,
	0x00000000, 0x00000000, 0x00000000, 0x00000000, 0x00000000, 0x00000000, 0x00000000, 0x00000000, 0x00000000, 0x00000000, 0x00000000,
	0x00000000, 0x00000000, 0x00000000, 0x00000000, 0x00000000, 0x00000000, 0x00000000, 0x00000000, 0x00000000, 0x00000000, 0x00000000,
	0x00000000, 0x00000000, 0x00000000, 0x00000000, 0x00000000, 0x00000000, 0x00000000, 0x00000000, 0x00000000, 0x00000000, 0x00000000,
	0x00000000, 0x00000000, 0x00000000, 0x00000000, 0x00000000, 0x00000000, 0x00000000, 0x00000000, 0x00000000, 0x00000000, 0x00000000,
	0x00000000, 0x00000000, 0x00000000, 0x00000000, 0x00000000, 0x00000000, 0x00000000, 0x00000000, 0x00000000, 0x00000000, 0x00000000,
	0x00000000, 0x00000000, 0x00000000, 0x00000000, 0x00000000, 0x00000000, 0x00000000, 0x00000000, 0x00000000, 0x00000000, 0x00000000,
	0x00000000, 0x00000000, 0x00000000, 0x00000000, 0x00000000, 0x00000000, 0x00000000, 0x00010000, 0x00000001, 0x00000000, 0x00000000,
	0x00000000, 0x00000000, 0x00000000, 0x00000000, 0x00000000, 0x00000000, 0x00000000, 0x00000000, 0x00000000, 0x00000000, 0x00000000,
	0x00000000, 0x00000000, 0x00000000, 0x00000000, 0x00000000, 0x00000000, 0x00000000, 0x00000000, 0x00000000, 0x00000000, 0x00000000,
	0x00000000, 0x00000000, 0x00000000, 0x00000000, 0x00000000, 0x00000000, 0x00000000, 0x00000000, 0x00000000, 0x00000000, 0x00000000,
	0x00000000, 0x00000000, 0x00000000, 0x00000000, 0x00000000, 0x00000000, 0x00000000, 0x00000000, 0x00000000, 0x00000000, 0x00000000,
	0x00000000, 0x00000000, 0x00000000, 0x00000000, 0x00000000, 0x00000000, 0x00000000, 0x00000000, 0x00000000, 0x00000000, 0x00000000,
	0x00000000, 0x00000000, 0x00000000, 0x00000000, 0x00000000, 0x00000000, 0x00000000, 0x00000000, 0x00000000, 0x00000000, 0x00000000,
	0x00000000, 0x00000000, 0x00000000, 0x00000000, 0x00000000, 0x00000000, 0x00000000, 0x00000000, 0x00000000, 0x00000000, 0x00000000,
	0x00010000, 0x00000001, 0x00000000, 0x00010000, 0x00000001, 0x00000000, 0x00000000, 0x00000000, 0x00000000, 0x00000000, 0x00000000,
	0x00000000, 0x00000000, 0x00000000, 0x00000000, 0x00000000, 0x00000000, 0x00000000, 0x00000000, 0x00000000, 0x00000000, 0x00000000,
	0x00000000, 0x00000000, 0x00000000, 0x00000000, 0x00000000, 0x00000000, 0x00000000, 0x00000000, 0x00000000, 0x00000000, 0x00000000,
	0x00000000, 0x00000000, 0x00000000, 0x00000000, 0x00000000, 0x00000000, 0x00000000, 0x00000000, 0x00000000, 0x00000000, 0x00000000,
	0x00000000, 0x00000000, 0x00000000, 0x00000000, 0x00000000, 0x00000000, 0x00000000, 0x00000000, 0x00000000, 0x00000000, 0x00000000,
	0x00000000, 0x00000000, 0xFFFF0000, 0x0000FFFF, 0x00000000, 0x00000000, 0x00000000, 0x00000000, 0x00000000, 0x00010000, 0x00000001,
	0x00000000, 0x00000000, 0x00000000, 0x00000000, 0xFFFF0000, 0x0000FFFF, 0x00000000, 0x00000000, 0x00000000, 0x00000000, 0x00000000,
	0x00000000, 0xFFFF0000, 0x0000FFFF, 0x00000000, 0x00000000, 0x00000000, 0x00000000, 0x00000000, 0x00000000, 0x00000000, 0x00000000,
	0x00000000, 0x00000000, 0x00000000, 0x00000000, 0x00000000, 0x00000000, 0x00000000, 0x00000000, 0x00000000, 0x00000000, 0x00000000,
	0x00000000, 0x00000000, 0x00000000, 0x00000000, 0x00000000, 0x00000000, 0x00000000, 0x00000000, 0x00000000, 0x00000000, 0x00000000,
	0x00000000, 0x00000000, 0x00000000, 0x00000000, 0x00000000, 0x00000000, 0x00000000, 0x00000000, 0x00000000, 0x00000000, 0x00000000,
	0x00000000, 0x00000000, 0x00000000, 0x00000000, 0x00000000, 0x00000000, 0x00000000, 0x00000000, 0x00000000, 0x00000000, 0x00000000,
	0x00000000, 0x00000000, 0x00000000, 0x00010000, 0x00000001, 0x00000000, 0x00000000, 0x00000000, 0x00000000, 0x00000000, 0x00000000,
	0x00000000, 0x00000000, 0x00000000, 0x00000000, 0x00000000, 0x00000000, 0x00000000, 0x00000000, 0x00000000, 0x00000000, 0x00000000,
	0x00000000, 0x00000000, 0x00000000, 0x00000000, 0xFFFF0000, 0x0000FFFF, 0x00000000, 0x00000000, 0x00000000, 0x00000000, 0x00000000,
	0x00000000, 0x00000000, 0x00000000, 0x00000000, 0x00000000, 0x00000000, 0x00000000, 0x00000000, 0x00000000, 0x00000000, 0x00000000,
	0x00000000, 0x00000000, 0x00000000, 0x00000000, 0x00000000, 0x00000000, 0x00000000, 0x00000000, 0x00000000, 0x00000000, 0x00000000,
	0x00000000, 0x00000000, 0x00000000, 0x00000000, 0x00000000, 0x00000000, 0x00000000, 0x00000000, 0x00000000, 0x00000000, 0x00000000,
	0x00000000, 0x00000000, 0x00000000, 0x00000000, 0x00000000, 0xFFFF0000, 0x0000FFFF, 0x00000000, 0x00000000, 0x00000000, 0x00000000,
	0x00000000, 0x00000000, 0x00000000, 0x00000000, 0x00000000, 0x00000000, 0x00000000, 0x00000000, 0x00000000, 0x00000000, 0x00000000,
	0x00000000, 0x00000000, 0x00000000, 0x00000000, 0x00000000, 0x00000000, 0x00000000, 0x00000000, 0x00000000, 0x00000000, 0x00000000,
	0x00000000, 0x00000000, 0x00000000, 0x00000000, 0x00000000, 0x00000000, 0x00000000, 0x00000000, 0x00000000, 0x00000000, 0x00000000,
	0x00000000, 0x00000000, 0x00000000, 0x00000000, 0x00000000, 0x00000000, 0x00000000, 0x00000000, 0x00000000, 0x00000000, 0x00000000,
	0x00000000, 0x00000000, 0x00000000, 0x00000000, 0x00000000, 0x00000000, 0x00000000, 0x00000000, 0x00000000, 0x00000000, 0x00000000,
	0x00000000, 0x00000000, 0x00000000, 0x00000000, 0x00000000, 0x00000000, 0x00000000, 0x00000000, 0x00000000, 0x00000000, 0x00000000,
	0x00000000, 0x00000000, 0x00000000, 0x00000000, 0x00000000, 0x00000000, 0xFFFF0000, 0x0001FFFF, 0x00000001, 0x00000000, 0x00000000,
	0x00000000, 0x00000000, 0x00000000, 0x00000000, 0x00000000, 0x00000000, 0x00000000, 0x00000000, 0x00000000, 0x00000000, 0x00000000,
	0x00000000, 0x00000000, 0x00000000, 0x00000000, 0x00000000, 0x00000000, 0x00000000, 0x00010000, 0x00000001, 0x00000000, 0x00000000,
	0x00000000, 0xFFFF0000, 0x0000FFFF, 0x00000000, 0x00000000, 0x00000000, 0x00000000, 0x00010000, 0x00000001, 0x00000000, 0x00000000,
	0x00000000, 0x00000000, 0x00000000, 0x00000000, 0x00000000, 0x00000000, 0x00000000, 0x00000000, 0x00000000, 0x00000000, 0x00000000,
	0x00000000, 0x00000000, 0x00000000, 0x00000000, 0x00000000, 0x00000000, 0x00000000, 0x00000000, 0x00000000, 0x00000000, 0x00000000,
	0x00000000, 0x00000000, 0x00000000, 0x00000000, 0x00000000, 0x00000000, 0x00000000, 0x00000000, 0x00000000, 0x00000000, 0x00000000,
	0x00000000, 0x00000000, 0x00000000, 0x00000000, 0x00000000, 0x00000000, 0x00000000, 0x00000000, 0x00000000, 0x00000000, 0x00000000,
	0x00000000, 0x00000000, 0x00000000, 0x00000000, 0x00000000, 0x00000000, 0x00000000, 0x00000000, 0x00000000, 0x00000000, 0x00000000,
	0x00000000, 0x00000000, 0x00000000, 0x00000000, 0x00000000, 0x00000000, 0x00000000, 0x00000000, 0x00000000, 0x00000000, 0x00000000,
	0x00000000, 0x00000000, 0x00000000, 0x00000000, 0x00000000, 0x00010000, 0x00000001, 0x00000000, 0x00000000, 0x00000000, 0x00000000,
	0x00000000, 0x00000000, 0x00000000, 0x00000000, 0x00000000, 0x00000000, 0x00000000, 0x00000000, 0x00000000, 0x00000000, 0xFFFF0000,
	0x0000FFFF, 0x00000000, 0x00000000, 0x00000000, 0x00000000, 0x00000000, 0x00000000, 0x00000000, 0x00000000, 0x00000000, 0x00000000,
	0x00000000, 0x00000000, 0x00000000, 0x00000000, 0x00000000, 0x00000000, 0x00000000, 0x00000000, 0x00000000, 0x00000000, 0x00000000,
	0x00000000, 0x00000000, 0x00000000, 0x00000000, 0x00000000, 0x00000000, 0x00000000, 0x00000000, 0x00000000, 0x00000000, 0x00000000,
	0x00000000, 0x00000000, 0x00000000, 0x00000000, 0x00000000, 0x00000000, 0x00000000, 0x00000000, 0x00000000, 0x00000000, 0x00000000,
	0x00000000, 0x00000000, 0x00000000, 0x00000000, 0x00000000, 0x00000000, 0x00010000, 0x00000001, 0x00000000, 0x00000000, 0x00000000,
	0xFFFF0000, 0x0000FFFF, 0x00000000, 0x00000000, 0x00000000, 0xFFFF0000, 0x0000FFFF, 0x00000000, 0x00000000, 0x00000000, 0x00000000,
	0x00000000, 0x00000000, 0x00000000, 0x00000000, 0x00000000, 0x00000000, 0x00000000, 0x00000000, 0x00000000, 0x00000000, 0x00000000,
	0x00000000, 0x00000000, 0x00000000, 0x00000000, 0x00000000, 0x00000000, 0x00000000, 0x00000000, 0x00000000, 0x00000000, 0x00000000,
	0x00000000, 0x00000000, 0x00000000, 0x00000000, 0x00000000, 0x00000000, 0x00000000, 0x00000000, 0x00000000, 0x00000000, 0x00000000,
	0x00000000, 0x00000000, 0x00000000, 0x00000000, 0x00000000, 0x00000000, 0x00000000, 0x00000000, 0x00010000, 0x00000001, 0x00000000,
	0x00000000, 0x00000000, 0x00000000, 0x00000000, 0x00000000, 0x00000000, 0x00000000, 0x00000000, 0x00000000, 0x00000000, 0x00000000,
	0x00000000, 0x00000000, 0x00000000, 0x00000000, 0x00000000, 0x00000000, 0x00000000, 0x00000000, 0x00000000, 0x00000000, 0x00000000,
	0x00000000, 0x00000000, 0x00000000, 0x00000000, 0x00000000, 0x00000000, 0x00000000, 0x00000000, 0x00000000, 0x00000000, 0x00000000,
	0x00000000, 0x00000000, 0x00000000, 0x00000000, 0x00000000, 0x00000000, 0x00000000, 0x00000000, 0x00000000, 0x00000000, 0x00000000,
	0x00000000, 0x00000000, 0x00000000, 0x00000000, 0x00000000, 0x00000000, 0x00000000, 0x00000000, 0x00000000, 0x00000000, 0x00000000,
	0x00000000, 0x00000000, 0x00010000, 0x00000001, 0x00000000, 0x00000000, 0x00000000, 0x00000000, 0x00000000, 0x00000000, 0x00000000,
	0x00000000, 0x00000000, 0x00000000, 0x00000000, 0x00000000, 0x00000000, 0x00000000, 0x00000000, 0x00000000, 0x00000000, 0x00000000,
	0x00000000, 0x00000000, 0x00000000, 0x00000000, 0x00000000, 0x00000000, 0x00000000, 0x00000000, 0x00000000, 0x00000000, 0x00000000,
	0x00000000, 0x00000000, 0x00000000, 0x00000000, 0x00000000, 0x00000000, 0x00000000, 0x00000000, 0x00000000, 0x00000000, 0x00000000,
	0x00000000, 0x00000000, 0x00000000, 0x00000000, 0x00000000, 0x00000000, 0x00000000, 0x00000000, 0x00000000, 0x00000000, 0x00000000,
	0x00000000, 0x00000000, 0x00000000, 0x00000000, 0x00000000, 0x00000000, 0x00000000, 0x00000000, 0x00000000, 0x00000000, 0x00000000,
	0x00000000, 0x00000000, 0x00000000, 0x00000000, 0x00000000, 0x00000000, 0x00000000, 0x00000000, 0x00000000, 0xFFFF0000, 0x0000FFFF,
	0x00000000, 0x00000000, 0x00000000, 0x00000000, 0x00000000, 0x00000000, 0x00000000, 0x00000000, 0x00000000, 0x00000000, 0x00000000,
	0x00000000, 0x00000000, 0x00000000, 0x00000000, 0x00000000, 0x00000000, 0x00000000, 0x00000000, 0x00000000, 0x00000000, 0x00000000,
	0x00000000, 0x00000000, 0x00000000, 0x00000000, 0x00000000, 0x00000000, 0x00000000, 0x00000000, 0x00000000, 0x00000000, 0x00000000,
	0x00000000, 0x00000000, 0x00000000, 0x00000000, 0x00000000, 0x00000000, 0x00000000, 0x00000000, 0x00000000, 0x00000000, 0x00000000,
	0x00000000, 0x00000000, 0x00000000, 0x00000000, 0x00000000, 0x00000000, 0x00000000, 0x00000000, 0x00000000, 0x00000000, 0x00000000,
	0x00000000, 0x00000000, 0x00000000, 0x00000000, 0x00000000, 0x00000000, 0x00000000, 0x00000000, 0x00000000, 0x00000000, 0x00010000,
	0x00000001, 0x00000000, 0x00000000, 0x00000000, 0x00000000, 0x00010000, 0x00000001, 0x00000000, 0x00000000, 0x00000000, 0x00000000,
	0x00000000, 0x00000000, 0x00000000, 0x00000000, 0x00000000, 0xFFFF0000, 0x0000FFFF, 0x00000000, 0x00000000, 0x00000000, 0x00000000,
	0x00000000, 0x00000000, 0x00000000, 0x00000000, 0x00000000, 0x00000000, 0x00000000, 0x00000000, 0x00000000, 0x00000000, 0x00000000,
	0x00000000, 0x00000000, 0x00000000, 0x00000000, 0x00010000, 0x00000001, 0x00000000, 0x00000000, 0x00000000, 0x00000000, 0x00000000,
	0x00000000, 0x00000000, 0x00000000, 0x00000000, 0x00000000, 0x00000000, 0x00000000, 0x00000000, 0x00000000, 0x00000000, 0x00000000,
	0x00000000, 0x00000000, 0x00000000, 0x00000000, 0x00000000, 0x00000000, 0x00000000, 0x00000000, 0x00000000, 0x00000000, 0x00000000,
	0x00000000, 0x00000000, 0x00000000, 0x00000000, 0x00000000, 0x00000000, 0x00000000, 0x00000000, 0x00000000, 0x00000000, 0x00000000,
	0xFFFF0000, 0x0000FFFF, 0x00000000, 0x00000000, 0x00000000, 0x00000000, 0x00000000, 0x00000000, 0x00000000, 0x00000000, 0x00000000,
	0x00000000, 0x00000000, 0x00000000, 0x00000000, 0x00000000, 0x00000000, 0x00000000, 0x00000000, 0x00000000, 0x00000000, 0x00000000,
	0x00000000, 0x00010000, 0x00000001, 0x00000000, 0x00000000, 0x00000000, 0x00000000, 0x00000000, 0x00000000, 0x00000000, 0x00000000,
	0x00000000, 0x00000000, 0x00000000, 0xFFFF0000, 0x0000FFFF, 0x00000000, 0x00000000, 0x00000000, 0x00000000, 0x00000000, 0x00000000,
	0xFFFF0000, 0x0000FFFF, 0x00000000, 0x00000000, 0x00000000, 0x00000000, 0x00000000, 0x00000000, 0x00000000, 0x00000000, 0x00000000,
	0x00000000, 0x00000000, 0x00000000, 0x00000000, 0xFFFF0000, 0x0000FFFF, 0x00000000, 0x00000000, 0x00000000, 0x00000000, 0x00000000,
	0x00000000, 0x00000000, 0x00000000, 0x00000000, 0x00010000, 0x00000001, 0x00000000, 0x00000000, 0x00000000, 0x00000000, 0x00000000,
	0x00000000, 0x00000000, 0x00000000, 0x00000000, 0x00000000, 0x00000000, 0x00000000, 0x00000000, 0x00000000, 0x00000000, 0x00000000,
	0x00000000, 0x00000000, 0x00000000, 0x00000000, 0x00000000, 0x00010000, 0x00010001, 0x00000001, 0x00000000, 0x00000000, 0x00000000,
	0x00000000, 0x00000000, 0x00000000, 0x00000000, 0x00000000, 0x00000000, 0x00000000, 0x00000000, 0x00010000, 0x00000001, 0x00000000,
	0x00000000, 0x00000000, 0x00000000, 0x00000000, 0x00000000, 0x00000000, 0x00000000, 0x00000000, 0x00000000, 0x00000000, 0x00000000,
	0x00000000, 0x00000000, 0x00000000, 0x00000000, 0x00010000, 0x00000001, 0x00000000, 0x00000000, 0x00000000, 0x00000000, 0x00000000,
	0x00000000, 0x00000000, 0x00000000, 0x00000000, 0x00000000, 0x00000000, 0x00000000, 0x00000000, 0x00000000, 0xFFFF0000, 0x0000FFFF,
	0x00000000, 0x00000000, 0x00000000, 0x00000000, 0x00000000, 0x00000000, 0x00000000, 0x00000000, 0x00000000, 0x00000000, 0x00000000,
	0x00000000, 0x00000000, 0x00000000, 0x00000000, 0x00000000, 0x00000000, 0x00000000, 0x00000000, 0x00000000, 0x00000000, 0x00000000,
	0x00000000, 0x00000000, 0x00000000, 0x00000000, 0x00000000, 0x00000000, 0x00000000, 0x00000000, 0x00000000, 0x00000000, 0x00010000,
	0x00000001, 0x00000000, 0x00000000, 0x00000000, 0x00000000, 0xFFFF0000, 0x0000FFFF, 0x00000000, 0x00000000, 0x00000000, 0x00000000,
	0x00000000, 0x00000000, 0x00000000, 0x00000000, 0x00000000, 0x00000000, 0x00000000, 0x00000000, 0x00000000, 0x00000000, 0x00000000,
	0x00000000, 0x00000000, 0x00000000, 0x00000000, 0x00000000, 0x00000000, 0x00000000, 0x00000000, 0x00000000, 0x00000000, 0x00000000,
	0x00000000, 0x00000000, 0x00000000, 0x00000000, 0x00000000, 0x00000000, 0x00000000, 0x00000000, 0x00000000, 0x00000000, 0x00000000,
	0x00000000, 0x00000000, 0x00000000, 0x00000000, 0x00000000, 0x00000000, 0x00000000, 0x00000000, 0x00000000, 0x00000000, 0x00000000,
	0x00000000, 0x00000000, 0x00000000, 0x00000000, 0x00000000, 0x00000000, 0x00000000, 0x00000000, 0x00000000, 0x00000000, 0x00000000,
	0x00000000, 0x00000000, 0x00000000, 0x00000000, 0x00010000, 0x00000001, 0x00000000, 0x00000000, 0x00000000, 0x00000000, 0x00000000,
	0x00000000, 0x00000000, 0x00000000, 0x00000000, 0x00000000, 0x00000000, 0x00000000, 0x00000000, 0x00000000, 0x00000000, 0x00000000,
	0x00000000, 0x00000000, 0x00000000, 0x00000000, 0x00000000, 0x00000000, 0x00000000, 0x00000000, 0x00000000, 0x00000000, 0x00000000,
	0x00000000, 0x00000000, 0x00000000, 0x00000000, 0x00000000, 0x00000000, 0x00000000, 0x00000000, 0x00000000, 0x00000000, 0x00000000,
	0x00000000, 0x00000000, 0x00000000, 0x00000000, 0x00000000, 0x00000000, 0x00000000, 0x00000000, 0x00000000, 0x00000000, 0x00000000,
	0x00000000, 0x00000000, 0x00000000, 0x00000000, 0x00000000, 0x00000000, 0x00000000, 0x00000000, 0x00000000, 0x00000000, 0x00000000,
	0x00000000, 0x00000000, 0x00000000, 0x00000000, 0x00000000, 0x00000000, 0x00000000, 0x00000000, 0x00010000, 0x00000001, 0x00000000,
	0x00000000, 0x00000000, 0x00000000, 0x00000000, 0x00000000, 0x00000000, 0x00000000, 0x00000000, 0x00000000, 0x00000000, 0x00000000,
	0x00000000, 0x00000000, 0x00000000, 0x00000000, 0x00000000, 0x00000000, 0x00000000, 0x00000000, 0x00000000, 0x00000000, 0x00000000,
	0x00000000, 0x00000000, 0x00000000, 0x00000000, 0x00000000, 0x00000000, 0x00000000, 0x00000000, 0x00000000, 0x00000000, 0x00000000,
	0x00000000, 0x00000000, 0x00000000, 0x00000000, 0x00010000, 0x00000001, 0x00000000, 0x00000000, 0x00000000, 0x00000000, 0x00000000,
	0x00000000, 0x00000000, 0x00000000, 0x00000000, 0x00000000, 0x00000000, 0x00000000, 0x00000000, 0x00000000, 0x00000000, 0x00000000,
	0x00000000, 0x00000000, 0x00000000, 0x00000000, 0x00000000, 0x00000000, 0x00000000, 0x00000000, 0x00000000, 0x00000000, 0x00000000,
	0x00000000, 0x00000000, 0x00000000, 0x00000000, 0x00000000, 0x00000000, 0x00000000, 0x00000000, 0x00000000, 0x00000000, 0x00000000,
	0x00000000, 0x00000000, 0x00000000, 0x00000000, 0x00000000, 0x00000000, 0x00000000, 0x00000000, 0x00000000, 0x00000000, 0x00000000,
	0x00000000, 0x00000000, 0x00000000, 0x00000000, 0x00000000, 0x00000000, 0x00000000, 0x00000000, 0x00000000, 0x00000000, 0x00000000,
	0x00000000, 0x00000000, 0x00000000, 0x00000000, 0x00000000, 0x00000000, 0x00000000, 0x00000000, 0x00000000, 0x00000000, 0x00000000,
	0x00000000, 0x00000000, 0x00000000, 0x00000000, 0x00000000, 0x00000000, 0x00000000, 0x00000000, 0x00000000, 0x00000000, 0x00000000,
	0x00000000, 0x00000000, 0x00000000, 0x00000000, 0x00000000, 0x00000000, 0x00000000, 0x00000000, 0x00000000, 0x00000000, 0x00000000,
	0x00000000, 0xFFFF0000, 0x0000FFFF, 0x00000000, 0x00000000, 0x00000000, 0x00000000, 0x00000000, 0x00000000, 0x00000000, 0x00010000,
	0x00000001, 0x00000000, 0x00000000, 0x00000000, 0x00000000, 0x00000000, 0x00000000, 0x00000000, 0x00000000, 0x00000000, 0x00000000,
	0x00000000, 0x00000000, 0x00000000, 0x00000000, 0x00000000, 0x00000000, 0x00000000, 0x00000000, 0x00000000, 0x00000000, 0x00000000,
	0xFFFF0000, 0x0000FFFF, 0x00000000, 0x00000000, 0x00000000, 0x00000000, 0x00000000, 0x00000000, 0x00000000, 0x00000000, 0x00000000,
	0x00000000, 0x00000000, 0x00000000, 0x00000000, 0xFFFF0000, 0x0000FFFF, 0x00000000, 0x00000000, 0x00000000, 0x00000000, 0x00000000,
	0x00000000, 0x00000000, 0x00000000, 0x00000000, 0x00000000, 0x00000000, 0x00000000, 0x00000000, 0x00000000, 0x00000000, 0x00000000,
	0x00000000, 0x00000000, 0x00000000, 0x00000000, 0x00000000, 0x00000000, 0x00000000, 0x00000000, 0x00000000, 0x00000000, 0x00000000,
	0x00000000, 0x00000000, 0x00000000, 0x00000000, 0x00000000, 0x00000000, 0x00000000, 0x00000000, 0x00000000, 0x00000000, 0x00000000,
	0x00000000, 0x00000000, 0x00000000, 0x00000000, 0x00000000, 0x00000000, 0x00000000, 0x00000000, 0x00000000, 0x00000000, 0x00000000,
	0x00000000, 0x00000000, 0x00000000, 0x00000000, 0x00000000, 0x00000000, 0x00000000, 0x00000000, 0x00000000, 0x00000000, 0x00000000,
	0x00000000, 0x00000000, 0x00000000, 0x00000000, 0x00000000, 0x00000000, 0x00000000, 0x00000000, 0x00000000, 0x00000000, 0x00000000,
	0x00000000, 0x00000000, 0x00000000, 0x00000000, 0x00000000, 0x00000000, 0x00000000, 0x00000000, 0x00000000, 0x00000000, 0x00000000,
	0x00000000, 0x00000000, 0x00000000, 0x00000000, 0x00000000, 0x00000000, 0x00000000, 0x00000000, 0x00000000, 0x00000000, 0x00000000,
	0x00000000, 0x00000000, 0x00000000, 0x00000000, 0x00000000, 0x00000000, 0x00000000, 0x00000000, 0x00000000, 0x00000000, 0x00000000,
	0x00000000, 0x00010000, 0x00000001, 0x00000000, 0x00000000, 0x00000000, 0x00000000, 0x00000000, 0x00000000, 0x00000000, 0x00000000,
	0x00000000, 0x00000000, 0x00000000, 0x00000000, 0x00000000, 0x00000000, 0x00000000, 0x00000000, 0x00000000, 0xFFFF0000, 0x0000FFFF,
	0x00000000, 0x00000000, 0x00000000, 0x00000000, 0x00000000, 0x00000000, 0x00000000, 0x00000000, 0x00000000, 0x00000000, 0x00000000,
	0x00000000, 0x00000000, 0x00000000, 0x00000000, 0x00000000, 0x00000000, 0x00000000, 0x00000000, 0x00000000, 0xFFFF0000, 0x0000FFFF,
	0x00000000, 0x00000000, 0x00000000, 0x00000000, 0x00000000, 0x00000000, 0x00000000, 0x00000000, 0x00000000, 0x00000000, 0x00000000,
	0x00000000, 0x00000000, 0x00000000, 0x00000000, 0x00000000, 0x00000000, 0x00000000, 0x00000000, 0x00000000, 0x00010000, 0x00000001,
	0x00000000, 0x00000000, 0x00000000, 0x00000000, 0x00000000, 0x00000000, 0x00000000, 0x00000000, 0x00000000, 0x00000000, 0x00000000,
	0x00000000, 0x00000000, 0x00000000, 0x00000000, 0x00000000, 0x00000000, 0x00000000, 0x00000000, 0x00000000, 0x00000000, 0x00000000,
	0x00000000, 0x00000000, 0x00000000, 0x00000000, 0x00000000, 0x00000000, 0x00000000, 0x00000000, 0x00000000, 0x00000000, 0x00000000,
	0x00000000, 0x00000000, 0x00000000, 0x00000000, 0x00000000, 0x00000000, 0x00000000, 0x00000000, 0x00000000, 0xFFFF0000, 0x0000FFFF,
	0x00000000, 0x00000000, 0xFFFF0000, 0x0000FFFF, 0x00000000, 0x00000000, 0x00000000, 0x00000000, 0x00000000, 0x00000000, 0xFFFF0000,
	0x0000FFFF, 0x00000000, 0x00000000, 0x00000000, 0x00000000, 0x00000000, 0x00000000, 0x00000000, 0x00010000, 0x00000001, 0x00000000,
	0x00000000, 0x00000000, 0x00000000, 0x00000000, 0x00000000, 0x00000000, 0x00000000, 0x00000000, 0x00000000, 0x00000000, 0x00000000,
	0x00000000, 0x00000000, 0x00000000, 0x00000000, 0x00000000, 0x00000000, 0x00000000, 0x00000000, 0x00000000, 0x00000000, 0x00000000,
	0x00000000, 0x00000000, 0x00000000, 0x00000000, 0x00000000, 0x00000000, 0x00000000, 0x00000000, 0x00000000, 0x00000000, 0x00000000,
	0x00010000, 0x00000001, 0xFFFF0000, 0x0000FFFF, 0x00000000, 0x00000000, 0x00000000, 0x00000000, 0x00000000, 0x00000000, 0x00000000,
	0x00000000, 0x00000000, 0x00000000, 0x00000000, 0x00000000, 0x00000000, 0x00000000, 0x00000000, 0x00000000, 0x00000000, 0x00000000,
	0x00000000, 0x00000000, 0x00000000, 0x00000000, 0x00000000, 0x00000000, 0x00000000, 0x00000000, 0x00000000, 0x00000000, 0x00000000,
	0x00000000, 0x00000000, 0x00000000, 0x00000000, 0x00000000, 0x00000000, 0x00000000, 0x00000000, 0x00000000, 0x00000000, 0x00000000,
	0x00000000, 0x00000000, 0x00000000, 0x00000000, 0x00000000, 0x00010000, 0x00000001, 0x00000000, 0x00000000, 0x00000000, 0x00000000,
	0xFFFF0000, 0x0000FFFF, 0x00000000, 0x00000000, 0x00000000, 0x00000000, 0x00000000, 0x00000000, 0x00000000, 0x00000000, 0x00000000,
	0x00000000, 0x00000000, 0x00000000, 0x00000000, 0x00000000, 0x00000000, 0x00000000, 0x00000000, 0x00000000, 0x00000000, 0x00000000,
	0x00000000, 0x00000000, 0x00000000, 0x00000000, 0x00000000, 0x00000000, 0x00000000, 0x00000000, 0x00000000, 0x00000000, 0x00000000,
	0x00000000, 0x00000000, 0x00000000, 0x00000000, 0x00000000, 0x00000000, 0x00000000, 0x00000000, 0x00000000, 0x00000000, 0x00000000,
	0x00000000, 0x00000000, 0x00000000, 0x00000000, 0x00000000, 0x00000000, 0x00000000, 0x00000000, 0x00000000, 0x00000000, 0x00000000,
	0x00000000, 0x00000000, 0x00000000, 0x00000000, 0x00000000, 0x00000000, 0x00000000, 0x00000000, 0x00000000, 0x00000000, 0x00000000,
	0x00000000, 0x00000000, 0x00000000, 0x00000000, 0x00000000, 0x00000000, 0x00000000, 0x00000000, 0x00000000, 0x00000000, 0x00000000,
	0x00000000, 0x00000000, 0x00000000, 0x00000000, 0x00000000, 0x00000000, 0x00000000, 0x00000000, 0x00000000, 0x00000000, 0x00000000,
	0x00000000, 0x00000000, 0x00000000, 0x00000000, 0x00000000, 0x00000000, 0x00000000, 0x00000000, 0x00000000, 0x00000000, 0x00000000,
	0x00000000, 0x00000000, 0x00000000, 0xFFFF0000, 0x0000FFFF, 0x00000000, 0x00000000, 0x00000000, 0x00000000, 0x00000000, 0x00000000,
	0x00000000, 0x00000000, 0x00000000, 0x00000000, 0x00000000, 0x00000000, 0x00000000, 0x00000000, 0x00000000, 0x00000000, 0x00000000,
	0x00000000, 0x00000000, 0xFFFF0000, 0x0000FFFF, 0x00000000, 0x00000000, 0x00000000, 0x00000000, 0x00000000, 0x00000000, 0x00000000,
	0x00000000, 0x00000000, 0x00000000, 0x00000000, 0x00000000, 0x00000000, 0x00000000, 0x00000000, 0x00000000, 0x00000000, 0x00000000,
	0x00000000, 0x00000000, 0x00000000, 0x00000000, 0x00000000, 0x00000000, 0x00000000, 0x00000000, 0x00000000, 0x00000000, 0x00000000,
	0x00000000, 0x00000000, 0x00000000, 0x00000000, 0x00000000, 0x00000000, 0x00000000, 0x00000000, 0x00000000, 0x00000000, 0x00000000,
	0x00000000, 0x00000000, 0x00000000, 0x00000000, 0x00000000, 0x00000000, 0x00000000, 0x00000000, 0x00000000, 0x00000000, 0x00000000,
	0x00000000, 0x00000000, 0x00000000, 0xFFFF0000, 0x0000FFFF, 0x00000000, 0x00000000, 0x00000000, 0x00000000, 0x00000000, 0x00000000,
	0x00000000, 0x00000000, 0x00000000, 0x00000000, 0x00000000, 0x00000000, 0x00000000, 0x00000000, 0x00000000, 0x00000000, 0x00000000,
	0x00000000, 0x00000000, 0x00000000, 0x00000000, 0x00000000, 0x00000000, 0x00000000, 0x00000000, 0x00000000, 0x00000000, 0x00000000,
	0x00000000, 0x00000000, 0x00000000, 0x00000000, 0x00000000, 0x00000000, 0x00000000, 0x00000000, 0x00000000, 0x00000000, 0x00000000,
	0xFFFF0000, 0x0000FFFF, 0x00000000, 0x00000000, 0x00000000, 0x00000000, 0x00000000, 0x00000000, 0x00000000, 0x00000000, 0x00000000,
	0x00000000, 0x00000000, 0x00000000, 0x00000000, 0x00000000, 0x00000000, 0x00000000, 0x00000000, 0x00000000, 0x00000000, 0x00000000,
	0x00000000, 0xFFFF0000, 0x0000FFFF, 0x00000000, 0x00000000, 0x00000000, 0x00000000, 0x00000000, 0x00000000, 0x00000000, 0x00000000,
	0x00000000, 0x00010000, 0x00000001, 0x00000000, 0x00000000, 0x00000000, 0x00000000, 0x00000000, 0x00000000, 0x00000000, 0x00000000,
	0x00000000, 0x00000000, 0x00000000, 0x00000000, 0x00000000, 0x00000000, 0x00000000, 0x00000000, 0x00000000, 0x00000000, 0x00000000,
	0x00000000, 0x00000000, 0x00000000, 0x00000000, 0x00000000, 0x00000000, 0x00000000, 0x00000000, 0x00000000, 0x00000000, 0x00000000,
	0x00000000, 0x00000000, 0x00000000, 0x00000000, 0x00000000, 0x00000000, 0x00000000, 0x00000000, 0x00000000, 0x00000000, 0x00000000,
	0x00000000, 0x00000000, 0x00000000, 0x00000000, 0x00000000, 0x00000000, 0x00000000, 0x00000000, 0x00000000, 0x00000000, 0x00000000,
	0x00000000, 0x00000000, 0x00000000, 0x00000000, 0x00000000, 0x00000000, 0x00000000, 0x00000000, 0x00000000, 0x00000000, 0x00000000,
	0x00000000, 0x00000000, 0x00000000, 0x00000000, 0x00000000, 0x00000000, 0x00000000, 0xFFFF0000, 0x0000FFFF, 0x00000000, 0x00000000,
	0x00000000, 0x00000000, 0x00000000, 0x00000000, 0x00000000, 0x00000000, 0x00000000, 0x00000000, 0x00000000, 0x00000000, 0x00000000,
	0x00000000, 0x00000000, 0x00000000, 0xFFFF0000, 0x0000FFFF, 0x00000000, 0x00000000, 0x00000000, 0x00000000, 0x00000000, 0x00000000,
	0x00000000, 0x00000000, 0x00000000, 0x00000000, 0x00000000, 0x00000000, 0x00000000, 0x00000000, 0x00000000, 0x00000000, 0x00000000,
	0x00000000, 0x00000000, 0x00000000, 0x00000000, 0x00000000, 0x00000000, 0x00000000, 0x00000000, 0x00000000, 0x00000000, 0x00000000,
	0x00000000, 0x00000000, 0x00000000, 0x00000000, 0x00000000, 0x00000000, 0x00000000, 0x00000000, 0x00000000, 0x00000000, 0x00000000,
	0x00000000, 0x00000000, 0x00000000, 0x00000000, 0x00000000, 0x00000000, 0x00000000, 0x00000000, 0x00000000, 0x00000000, 0x00000000,
	0x00000000, 0x00000000, 0x00000000, 0x00000000, 0x00000000, 0x00000000, 0x00000000, 0x00000000, 0x00000000, 0x00000000, 0x00000000,
	0x00000000, 0x00000000, 0x00000000, 0x00000000, 0x00000000, 0x00000000, 0x00000000, 0x00000000, 0x00000000, 0x00000000, 0x00000000,
	0x00000000, 0x00000000, 0x00000000, 0x00000000, 0x00000000, 0x00010000, 0x00000001, 0x00000000, 0x00000000, 0x00000000, 0x00000000,
	0x00000000, 0x00000000, 0x00000000, 0x00000000, 0x00000000, 0x00000000, 0x00000000, 0x00000000, 0x00000000, 0x00000000, 0x00000000,
	0x00000000, 0x00000000, 0x00000000, 0x00000000, 0xFFFF0000, 0x0000FFFF, 0x00000000, 0x00000000, 0x00000000, 0x00000000, 0x00000000,
	0x00000000, 0x00000000, 0x00000000, 0x00000000, 0x00000000, 0x00000000, 0x00000000, 0x00000000, 0x00000000, 0x00000000, 0x00000000,
	0x00000000, 0x00000000, 0x00000000, 0x00000000, 0x00000000, 0x00000000, 0x00000000, 0xFFFF0000, 0x0000FFFF, 0x00000000, 0x00000000,
	0x00000000, 0x00000000, 0x00000000, 0x00000000, 0x00000000, 0x00000000, 0x00000000, 0x00000000, 0x00000000, 0x00000000, 0x00000000,
	0xFFFF0000, 0x0000FFFF, 0x00000000, 0x00000000, 0x00000000, 0x00000000, 0x00000000, 0x00000000, 0x00000000, 0x00000000, 0x00000000,
	0x00000000, 0x00000000, 0x00000000, 0x00000000, 0x00000000, 0x00000000, 0x00000000, 0x00000000, 0x00000000, 0x00000000, 0x00000000,
	0x00000000, 0x00000000, 0x00000000, 0x00000000, 0xFFFF0000, 0x0000FFFF, 0x00000000, 0x00000000, 0x00000000, 0x00000000, 0x00000000,
	0x00000000, 0x00000000, 0x00000000, 0x00000000, 0x00000000, 0x00000000, 0x00000000, 0x00000000, 0x00000000, 0x00000000, 0x00000000,
	0x00000000, 0x00000000, 0x00000000, 0x00000000, 0x00000000, 0x00000000, 0x00000000, 0x00000000, 0x00000000, 0x00000000, 0x00000000,
	0x00000000, 0x00000000, 0x00000000, 0x00000000, 0x00000000, 0x00000000, 0x00000000, 0x00000000, 0x00000000, 0x00000000, 0x00000000,
	0x00000000, 0x00000000, 0x00000000, 0x00000000, 0x00000000, 0x00000000, 0x00000000, 0x00000000, 0x00000000, 0x00000000, 0x00000000,
	0x00000000, 0x00000000, 0x00000000, 0x00000000, 0x00000000, 0x00000000, 0x00000000, 0x00000000, 0x00000000, 0x00000000, 0x00000000,
	0x00000000, 0x00000000, 0x00000000, 0x00000000, 0x00000000, 0x00000000, 0x00000000, 0x00000000, 0x00000000, 0x00000000, 0x00000000,
	0x00000000, 0x00000000, 0x00000000, 0x00000000, 0x00000000, 0x00000000, 0x00000000, 0x00000000, 0x00000000, 0x00000000, 0x00000000,
	0x00000000, 0x00000000, 0x00000000, 0x00000000, 0x00000000, 0x00000000, 0x00000000, 0x00000000, 0x00000000, 0x00000000, 0x00000000,
	0x00010000, 0x00000001, 0x00000000, 0x00000000, 0x00000000, 0x00000000, 0x00000000, 0x00000000, 0x00000000, 0x00000000, 0x00000000,
	0x00000000, 0x00000000, 0x00000000, 0x00000000, 0x00000000, 0x00000000, 0x00000000, 0x00000000, 0x00000000, 0x00000000, 0x00000000,
	0x00010000, 0x00000001, 0x00000000, 0x00000000, 0x00000000, 0x00000000, 0x00000000, 0x00000000, 0x00000000, 0x00000000, 0x00000000,
	0x00000000, 0x00000000, 0x00000000, 0x00000000, 0x00000000, 0x00000000, 0x00000000, 0x00000000, 0x00000000, 0x00000000, 0x00000000,
	0x00000000, 0x00000000, 0x00000000, 0x00000000, 0x00000000, 0x00000000, 0x00000000, 0xFFFF0000, 0x0000FFFF, 0x00000000, 0x00000000,
	0x00000000, 0x00000000, 0x00000000, 0x00000000, 0x00000000, 0x00000000, 0x00000000, 0x00000000, 0x00000000, 0x00000000, 0x00000000,
	0x00000000, 0x00000000, 0x00000000, 0x00000000, 0x00000000, 0x00000000, 0x00010000, 0x00000001, 0x00000000, 0x00000000, 0x00000000,
	0x00000000, 0x00000000, 0x00000000, 0x00000000, 0x00000000, 0x00000000, 0x00000000, 0x00000000, 0x00000000, 0x00000000, 0x00000000,
	0x00000000, 0x00000000, 0x00000000, 0x00000000, 0x00000000, 0x00000000, 0x00000000, 0x00000000, 0x00000000, 0x00000000, 0x00000000,
	0x00000000, 0x00000000, 0x00000000, 0x00000000, 0x00000000, 0x00000000, 0x00000000, 0x00000000, 0x00000000, 0x00000000, 0x00000000,
	0x00000000, 0x00000000, 0x00000000, 0x00000000, 0x00000000, 0x00000000, 0x00000000, 0x00000000, 0x00000000, 0x00000000, 0x00000000,
	0x00000000, 0x00000000, 0x00000000, 0x00000000, 0x00000000, 0x00000000, 0x00000000, 0x00000000, 0x00000000, 0x00000000, 0x00000000,
	0x00000000, 0x00000000, 0x00000000, 0xFFFF0000, 0x0000FFFF, 0x00000000, 0x00000000, 0x00000000, 0x00000000, 0x00000000, 0x00000000,
	0x00000000, 0x00000000, 0x00000000, 0x00000000, 0x00000000, 0x00000000, 0x00000000, 0x00000000, 0x00000000, 0x00000000, 0x00000000,
	0x00000000, 0x00000000, 0x00000000, 0x00000000, 0x00000000, 0x00000000, 0x00000000, 0x00000000, 0x00000000, 0x00000000, 0x00000000,
	0x00000000, 0x00000000, 0x00000000, 0x00000000, 0x00000000, 0x00000000, 0x00000000, 0x00000000, 0x00000000, 0x00000000, 0x00000000,
	0x00000000, 0x00000000, 0x00000000, 0x00000000, 0x00000000, 0x00000000, 0x00000000, 0x00000000, 0x00000000, 0x00000000, 0x00000000,
	0x00000000, 0x00000000, 0x00010000, 0x00000001, 0x00000000, 0x00000000, 0x00000000, 0x00000000, 0x00010000, 0x00000001, 0x00000000,
	0x00000000, 0x00000000, 0x00000000, 0x00000000, 0x00000000, 0x00000000, 0x00000000, 0x00000000, 0x00000000, 0x00000000, 0x00000000,
	0x00000000, 0x00000000, 0x00000000, 0x00000000, 0x00000000, 0x00000000, 0x00000000, 0x00000000, 0x00000000, 0x00000000, 0x00000000,
	0x00000000, 0x00000000, 0x00000000, 0x00000000, 0x00000000, 0x00000000, 0x00000000, 0x00000000, 0x00000000, 0x00000000, 0x00010000,
	0x00000001, 0x00000000, 0x00000000, 0x00000000, 0x00000000, 0x00000000, 0x00000000, 0x00000000, 0x00000000, 0x00000000, 0x00000000,
	0x00000000, 0x00000000, 0x00000000, 0x00000000, 0x00000000, 0x00000000, 0x00000000, 0x00000000, 0x00000000, 0x00000000, 0x00000000,
	0x00000000, 0x00000000, 0x00000000, 0x00000000, 0x00000000, 0x00000000, 0x00000000, 0x00000000, 0x00000000, 0x00000000, 0x00000000,
	0x00000000, 0x00000000, 0x00000000, 0x00000000, 0x00000000, 0x00000000, 0x00010000, 0x00000001, 0x00000000, 0x00000000, 0x00000000,
	0x00000000, 0x00000000, 0x00000000, 0x00000000, 0x00000000, 0x00000000, 0x00000000, 0x00000000, 0x00000000, 0x00000000, 0x00000000,
	0x00000000, 0x00000000, 0x00000000, 0x00000000, 0x00000000, 0x00000000, 0x00000000, 0x00000000, 0x00000000, 0x00000000, 0x00000000,
	0x00000000, 0x00000000, 0x00000000, 0x00000000, 0x00000000, 0xFFFF0000, 0x0000FFFF, 0x00000000, 0x00000000, 0x00000000, 0x00000000,
	0x00000000, 0x00000000, 0x00000000, 0x00000000, 0x00000000, 0x00000000, 0x00000000, 0x00000000, 0x00000000, 0x00000000, 0x00000000,
	0x00000000, 0x00000000, 0x00000000, 0x00000000, 0x00000000, 0x00000000, 0x00000000, 0x00000000, 0x00000000, 0x00000000, 0x00000000,
	0x00000000, 0x00010000, 0x00000001, 0x00000000, 0x00000000, 0x00000000, 0x00000000, 0x00000000, 0x00000000, 0x00000000, 0x00000000,
	0x00000000, 0x00000000, 0x00000000, 0x00000000, 0x00000000, 0x00000000, 0x00000000, 0x00000000, 0x00000000, 0x00000000, 0x00000000,
	0x00000000, 0x00000000, 0x00000000, 0x00000000, 0x00000000, 0x00000000, 0x00000000, 0x00000000, 0x00000000, 0x00000000, 0x00000000,
	0x00000000, 0x00000000, 0x00000000, 0x00000000, 0x00000000, 0x00000000, 0x00000000, 0x00000000, 0x00000000, 0x00000000, 0x00000000,
	0x00000000, 0x00000000, 0x00000000, 0x00000000, 0x00000000, 0x00000000, 0x00000000, 0x00000000, 0x00000000, 0x00000000, 0x00000000,
	0x00000000, 0x00000000, 0x00000000, 0x00000000, 0x00000000, 0x00000000, 0x00000000, 0x00000000, 0x00000000, 0x00000000, 0x00000000,
	0x00000000, 0x00000000, 0x00000000, 0x00000000, 0x00000000, 0x00000000, 0x00000000, 0x00000000, 0x00000000, 0x00000000, 0x00000000,
	0x00000000, 0x00000000, 0x00000000, 0x00000000, 0x00000000, 0x00000000, 0x00000000, 0x00000000, 0x00000000, 0x00000000, 0x00000000,
	0x00000000, 0x00000000, 0x00000000, 0x00000000, 0x00000000, 0x00000000, 0x00000000, 0x00000000, 0x00010000, 0x00000001, 0x00000000,
	0x00000000, 0x00000000, 0x00000000, 0x00000000, 0x00000000, 0x00000000, 0x00000000, 0x00000000, 0x00000000, 0x00000000, 0x00000000,
	0x00000000, 0x00000000, 0x00000000, 0x00000000, 0x00000000, 0x00000000, 0x00000000, 0x00000000, 0x00000000, 0x00000000, 0x00000000,
	0x00000000, 0x00000000, 0x00000000, 0x00000000, 0xFFFF0000, 0x0000FFFF, 0x00000000, 0x00000000, 0xFFFF0000, 0x0000FFFF, 0xFFFF0000,
	0x0000FFFF, 0x00000000, 0x00000000, 0x00000000, 0x00000000, 0x00000000, 0x00000000, 0x00000000, 0x00000000, 0x00000000, 0x00000000,
	0x00000000, 0x00000000, 0x00000000, 0x00000000, 0x00000000, 0x00000000, 0x00000000, 0x00000000, 0x00000000, 0x00000000, 0x00000000,
	0x00000000, 0x00000000, 0x00000000, 0x00000000, 0x00000000, 0x00000000, 0x00000000, 0x00000000, 0x00000000, 0x00000000, 0x00000000,
	0x00000000, 0x00000000, 0x00000000, 0x00000000, 0x00000000, 0x00000000, 0x00000000, 0x00000000, 0x00000000, 0x00000000, 0x00000000,
	0x00000000, 0x00000000, 0x00000000, 0x00000000, 0x00000000, 0x00000000, 0x00000000, 0x00000000, 0x00000000, 0x00000000, 0x00000000,
	0x00000000, 0x00000000, 0x00000000, 0x00000000, 0x00000000, 0x00000000, 0x00000000, 0x00000000, 0x00000000, 0x00000000, 0x00000000,
	0x00000000, 0x00000000, 0x00000000, 0x00000000, 0x00000000, 0x00000000, 0x00000000, 0x00000000, 0x00000000, 0x00000000, 0x00000000,
	0x00000000, 0x00000000, 0x00000000, 0x00000000, 0x00000000, 0x00000000, 0x00000000, 0x00000000, 0x00000000, 0x00000000, 0x00000000,
	0x00000000, 0x00000000, 0x00000000, 0x00000000, 0x00000000, 0x00000000, 0x00000000, 0x00000000, 0x00000000, 0x00000000, 0x00000000,
	0x00000000, 0x00000000, 0x00000000, 0x00000000, 0x00000000, 0x00000000, 0x00000000, 0x00000000, 0x00000000, 0x00000000, 0x00000000,
	0x00000000, 0x00000000, 0x00000000, 0x00000000, 0x00000000, 0x00000000, 0x00000000, 0x00000000, 0x00000000, 0x00000000, 0x00000000,
	0x00000000, 0x00000000, 0x00000000, 0x00000000, 0x00000000, 0x00000000, 0x00000000, 0x00000000, 0x00000000, 0x00000000, 0x00000000,
	0x00000000, 0x00000000, 0x00000000, 0x00000000, 0x00010000, 0x00000001, 0x00000000, 0x00000000, 0x00000000, 0x00000000, 0x00000000,
	0x00000000, 0x00000000, 0x00000000, 0x00000000, 0x00000000, 0x00000000, 0x00000000, 0x00000000, 0x00000000, 0x00000000, 0x00000000,
	0x00000000, 0x00000000, 0xFFFF0000, 0x0000FFFF, 0x00000000, 0x00000000, 0x00000000, 0x00000000, 0x00000000, 0x00000000, 0x00000000,
	0x00000000, 0x00000000, 0x00000000, 0x00000000, 0x00000000, 0x00000000, 0x00000000, 0x00000000, 0x00000000, 0x00000000, 0x00000000,
	0x00000000, 0x00000000, 0x00010000, 0x00000001, 0x00000000, 0xFFFF0000, 0x0000FFFF, 0x00000000, 0x00000000, 0x00000000, 0x00000000,
	0x00000000, 0x00000000, 0x00000000, 0x00000000, 0x00000000, 0x00000000, 0x00000000, 0x00000000, 0x00000000, 0x00000000, 0x00000000,
	0x00000000, 0x00000000, 0x00000000, 0x00000000, 0x00000000, 0x00000000, 0x00000000, 0x00000000, 0x00000000, 0x00000000, 0x00000000,
	0x00000000, 0x00000000, 0x00000000, 0x00000000, 0x00000000, 0x00000000, 0x00000000, 0x00000000, 0x00000000, 0x00000000, 0x00000000,
	0x00000000, 0x00000000, 0x00000000, 0x00000000, 0x00000000, 0x00000000, 0x00000000, 0x00000000, 0x00000000, 0x00000000, 0x00000000,
	0x00000000, 0x00000000, 0x00000000, 0x00000000, 0x00000000, 0x00000000, 0x00000000, 0x00000000, 0x00000000, 0x00000000, 0x00000000,
	0x00000000, 0x00000000, 0x00000000, 0x00000000, 0x00000000, 0x00000000, 0x00000000, 0x00000000, 0x00000000, 0x00000000, 0x00000000,
	0x00000000, 0x00000000, 0x00000000, 0x00000000, 0x00000000, 0x00000000, 0x00000000, 0x00000000, 0x00000000, 0x00000000, 0x00000000,
	0x00000000, 0x00000000, 0x00000000, 0x00000000, 0x00000000, 0x00000000, 0x00000000, 0x00000000, 0x00000000, 0x00000000, 0x00000000,
	0x00000000, 0x00000000, 0x00000000, 0x00000000, 0xFFFF0000, 0x0000FFFF, 0x00000000, 0x00000000, 0x00000000, 0x00000000, 0x00000000,
	0x00000000, 0x00000000, 0x00000000, 0x00000000, 0x00000000, 0x00000000, 0x00000000, 0x00000000, 0x00000000, 0x00000000, 0x00000000,
	0x00000000, 0x00000000, 0x00000000, 0x00000000, 0x00000000, 0x00000000, 0x00000000, 0x00000000, 0x00000000, 0x00000000, 0x00000000,
	0x00000000, 0x00000000, 0x00000000, 0x00000000, 0x00000000, 0x00000000, 0x00000000, 0x00000000, 0x00000000, 0x00000000, 0x00000000,
	0x00000000, 0x00000000, 0x00000000, 0x00000000, 0x00000000, 0x00000000, 0x00000000, 0x00000000, 0x00000000, 0x00000000, 0x00000000,
	0x00000000, 0x00000000, 0x00000000, 0x00000000, 0x00000000, 0x00000000, 0x00000000, 0x00000000, 0x00000000, 0x00000000, 0x00000000,
	0x00000000, 0x00000000, 0xFFFF0000, 0x0000FFFF, 0x00000000, 0x00000000, 0x00000000, 0x00000000, 0x00000000, 0x00000000, 0x00000000,
	0x00000000, 0x00000000, 0x00000000, 0x00000000, 0x00000000, 0x00000000, 0x00000000, 0x00000000, 0x00000000, 0x00000000, 0x00000000,
	0x00000000, 0x00000000, 0x00000000, 0x00000000, 0x00000000, 0x00000000, 0x00000000, 0x00000000, 0x00000000, 0x00000000, 0x00000000,
	0x00000000, 0x00000000, 0x00000000, 0x00000000, 0x00000000, 0x00000000, 0x00000000, 0x00000000, 0x00000000, 0x00000000, 0x00000000,
	0x00000000, 0x00000000, 0x00000000, 0x00000000, 0x00000000, 0x00000000, 0x00000000, 0x00000000, 0x00000000, 0x00000000, 0x00000000,
	0x00000000, 0x00010000, 0x00000001, 0x00000000, 0x00000000, 0x00000000, 0x00000000, 0x00000000, 0x00000000, 0x00000000, 0x00000000,
	0x00000000, 0x00000000, 0x00000000, 0x00000000, 0x00000000, 0x00000000, 0x00000000, 0x00000000, 0x00000000, 0x00000000, 0x00000000,
	0x00000000, 0x00000000, 0x00000000, 0x00000000, 0x00000000, 0x00000000, 0x00000000, 0x00000000, 0x00000000, 0x00000000, 0x00000000,
	0x00000000, 0x00000000, 0x00000000, 0x00000000, 0x00000000, 0x00000000, 0x00000000, 0x00000000, 0x00000000, 0x00000000, 0x00000000,
	0x00000000, 0x00000000, 0x00000000, 0x00000000, 0x00000000, 0x00000000, 0x00000000, 0x00000000, 0x00000000, 0x00000000, 0x00000000,
	0x00000000, 0x00000000, 0x00000000, 0x00000000, 0x00000000, 0x00000000, 0x00000000, 0x00000000, 0x00000000, 0x00000000, 0x00000000,
	0x00000000, 0x00000000, 0x00000000, 0x00000000, 0x00000000, 0x00000000, 0x00000000, 0x00000000, 0x00000000, 0x00000000, 0x00000000,
	0x00000000, 0x00000000, 0x00000000, 0x00000000, 0x00000000, 0x00000000, 0x00000000, 0x00000000, 0x00000000, 0x00000000, 0x00000000,
	0x00000000, 0x00000000, 0x00000000, 0x00000000, 0x00000000, 0x00000000, 0x00000000, 0x00000000, 0x00000000, 0x00000000, 0x00000000,
	0x00000000, 0x00000000, 0x00000000, 0x00000000, 0x00000000, 0x00000000, 0x00000000, 0x00000000, 0x00000000, 0x00000000, 0x00000000,
	0x00000000, 0x00000000, 0x00000000, 0x00000000, 0x00000000, 0x00000000, 0x00000000, 0x00000000, 0x00000000, 0x00000000, 0x00000000,
	0x00000000, 0x00000000, 0x00000000, 0x00000000, 0x00000000, 0x00000000, 0x00000000, 0x00000000, 0x00000000, 0x00000000, 0x00000000,
	0x00000000, 0x00000000, 0x00000000, 0x00000000, 0x00000000, 0x00000000, 0x00000000, 0x00000000, 0x00000000, 0x00000000, 0x00000000,
	0x00000000, 0x00000000, 0x00000000, 0x00000000, 0x00000000, 0x00000000, 0x00000000, 0x00000000, 0x00000000, 0x00000000, 0x00000000,
	0x00000000, 0x00000000, 0x00000000, 0x00000000, 0x00000000, 0x00000000, 0x00000000, 0x00000000, 0x00000000, 0x00000000, 0x00000000,
	0x00000000, 0x00000000, 0x00000000, 0x00000000, 0x00000000, 0x00000000, 0x00000000, 0x00000000, 0xFFFF0000, 0x0000FFFF, 0x00000000,
	0x00000000, 0x00000000, 0x00000000, 0x00000000, 0x00000000, 0x00000000, 0x00000000, 0x00000000, 0x00000000, 0x00000000, 0x00000000,
	0x00000000, 0x00010000, 0x00000001, 0x00000000, 0x00000000, 0x00000000, 0x00000000, 0x00000000, 0x00000000, 0x00000000, 0x00000000,
	0x00000000, 0x00000000, 0x00000000, 0x00000000, 0xFFFF0000, 0x0000FFFF, 0x00000000, 0x00010000, 0x00000001, 0x00000000, 0x00000000,
	0x00000000, 0x00000000, 0x00000000, 0x00000000, 0x00000000, 0x00000000, 0x00000000, 0x00000000, 0x00000000, 0x00000000, 0x00000000,
	0x00000000, 0x00000000, 0x00000000, 0x00000000, 0x00000000, 0x00000000, 0x00000000, 0x00000000, 0x00000000, 0x00000000, 0x00000000,
	0x00000000, 0x00000000, 0x00000000, 0x00000000, 0x00000000, 0x00000000, 0x00000000, 0x00000000, 0x00000000, 0x00000000, 0xFFFF0000,
	0x0000FFFF, 0x00000000, 0x00000000, 0x00000000, 0x00000000, 0x00000000, 0x00000000, 0x00000000, 0x00000000, 0x00000000, 0x00010000,
	0x00000001, 0x00000000, 0x00000000, 0x00000000, 0x00000000, 0xFFFF0000, 0x0000FFFF, 0x00000000, 0x00000000, 0x00000000, 0x00000000,
	0x00000000, 0x00000000, 0x00000000, 0x00000000, 0x00000000, 0x00000000, 0x00000000, 0x00000000, 0x00000000, 0x00000000, 0x00000000,
	0x00000000, 0x00000000, 0x00000000, 0x00000000, 0x00000000, 0x00000000, 0x00000000, 0x00010000, 0x00000001, 0x00000000, 0x00000000,
	0x00000000, 0x00000000, 0x00000000, 0x00010000, 0x00000001, 0x00000000, 0x00000000, 0x00000000, 0x00000000, 0x00000000, 0x00000000,
	0x00000000, 0x00000000, 0x00000000, 0x00000000, 0x00000000, 0x00000000, 0x00000000, 0x00000000, 0x00000000, 0x00000000, 0x00000000,
	0x00000000, 0x00000000, 0x00000000, 0x00000000, 0x00000000, 0x00000000, 0x00000000, 0x00000000, 0x00000000, 0x00000000, 0x00000000,
	0x00000000, 0x00000000, 0x00000000, 0x00000000, 0x00000000, 0x00000000, 0x00000000, 0x00000000, 0x00000000, 0x00000000, 0x00000000,
	0x00000000, 0x00000000, 0x00000000, 0x00000000, 0x00000000, 0x00000000, 0x00000000, 0x00000000, 0xFFFF0000, 0x0000FFFF, 0x00000000,
	0x00000000, 0x00000000, 0x00000000, 0x00000000, 0x00000000, 0x00000000, 0x00000000, 0x00000000, 0x00000000, 0x00000000, 0x00000000,
	0x00000000, 0x00000000, 0x00000000, 0x00000000, 0x00000000, 0x00000000, 0x00000000, 0x00000000, 0x00000000, 0x00000000, 0x00000000,
	0x00000000, 0x00000000, 0x00000000, 0x00000000, 0x00000000, 0x00000000, 0x00000000, 0x00000000, 0x00000000, 0x00000000, 0x00000000,
	0x00000000, 0x00000000, 0x00000000, 0x00000000, 0x00000000, 0x00000000, 0x00000000, 0x00000000, 0x00000000, 0x00000000, 0x00000000,
	0x00000000, 0x00000000, 0x00000000, 0x00000000, 0x00000000, 0x00000000, 0x00000000, 0x00010000, 0x00000001, 0x00000000, 0x00000000,
	0x00000000, 0x00000000, 0x00000000, 0x00000000, 0x00000000, 0x00000000, 0x00000000, 0x00010000, 0x00000001, 0x00010000, 0x00000001,
	0x00000000, 0x00000000, 0x00000000, 0x00000000, 0x00000000, 0x00000000, 0x00000000, 0x00000000, 0x00000000, 0x00000000, 0x00000000,
	0x00000000, 0x00000000, 0x00000000, 0x00000000, 0x00000000, 0x00000000, 0x00000000, 0x00000000, 0x00010000, 0x00010001, 0x00000001,
	0x00000000, 0x00000000, 0x00000000, 0x00000000, 0x00000000, 0x00000000, 0x00000000, 0x00000000, 0x00000000, 0x00000000, 0x00000000,
	0x00000000, 0x00000000, 0x00000000, 0x00000000, 0x00000000, 0x00010000, 0x00000001, 0x00000000, 0x00000000, 0x00000000, 0x00000000,
	0x00000000, 0x00000000, 0x00000000, 0x00000000, 0x00000000, 0x00000000, 0x00000000, 0x00000000, 0x00000000, 0x00000000, 0x00000000,
	0x00000000, 0x00010000, 0x00000001, 0x00000000, 0x00000000, 0x00000000, 0x00000000, 0x00000000, 0x00000000, 0x00000000, 0x00000000,
	0x00000000, 0x00000000, 0x00000000, 0x00000000, 0x00000000, 0x00000000, 0x00000000, 0x00000000, 0x00000000, 0xFFFF0000, 0x0000FFFF,
	0x00000000, 0x00000000, 0x00000000, 0x00000000, 0xFFFF0000, 0x0000FFFF, 0x00000000, 0x00000000, 0x00000000, 0x00000000, 0x00000000,
	0x00000000, 0x00000000, 0x00000000, 0x00000000, 0x00000000, 0x00000000, 0x00000000, 0x00000000, 0x00000000, 0x00000000, 0x00000000,
	0x00000000, 0x00000000, 0x00000000, 0x00000000, 0x00000000, 0x00000000, 0x00000000, 0x00000000, 0x00000000, 0x00000000, 0x00000000,
	0x00000000, 0x00000000, 0x00000000, 0x00000000, 0x00000000, 0x00000000, 0x00000000, 0x00000000, 0x00000000, 0x00000000, 0x00000000,
	0x00000000, 0xFFFF0000, 0x0000FFFF, 0x00000000, 0x00000000, 0x00000000, 0x00000000, 0x00000000, 0x00000000, 0x00000000, 0x00000000,
	0x00000000, 0x00000000, 0x00000000, 0x00000000, 0x00000000, 0x00000000, 0x00000000, 0x00010000, 0x00000001, 0x00000000, 0x00000000,
	0x00000000, 0x00000000, 0x00000000, 0x00000000, 0x00000000, 0x00000000, 0x00000000, 0x00000000, 0x00000000, 0x00000000, 0x00000000,
	0x00000000, 0x00000000, 0x00000000, 0x00000000, 0x00000000, 0x00000000, 0x00000000, 0x00000000, 0x00000000, 0x00000000, 0x00000000,
	0x00000000, 0x00000000, 0x00000000, 0x00000000, 0x00000000, 0x00000000, 0x00000000, 0x00000000, 0x00000000, 0x00000000, 0x00000000,
	0x00000000, 0x00000000, 0x00000000, 0x00000000, 0x00000000, 0x00000000, 0x00000000, 0x00000000, 0x00000000, 0x00000000, 0x00000000,
	0x00000000, 0x00000000, 0x00000000, 0x00000000, 0x00000000, 0x00000000, 0x00000000, 0x00000000, 0x00000000, 0x00000000, 0x00000000,
	0x00000000, 0x00000000, 0x00000000, 0x00000000, 0x00000000, 0x00000000, 0x00000000, 0x00000000, 0x00000000, 0x00000000, 0x00000000,
	0x00000000, 0x00000000, 0x00000000, 0x00000000, 0x00000000, 0x00000000, 0x00000000, 0x00000000, 0x00000000, 0x00000000, 0x00000000,
	0x00000000, 0x00010000, 0x00000001, 0x00000000, 0x00000000, 0x00000000, 0x00000000, 0x00000000, 0x00000000, 0x00000000, 0x00000000,
	0x00000000, 0x00000000, 0x00000000, 0x00000000, 0x00000000, 0x00000000, 0x00000000, 0x00000000, 0x00010000, 0x00000001, 0x00000000,
	0x00000000, 0x00000000, 0x00000000, 0x00000000, 0x00000000, 0x00000000, 0x00000000, 0x00000000, 0x00000000, 0x00000000, 0x00000000,
	0x00000000, 0x00000000, 0x00000000, 0x00000000, 0x00000000, 0x00000000, 0x00000000, 0x00000000, 0x00000000, 0x00000000, 0x00000000,
	0x00000000, 0x00000000, 0x00000000, 0x00000000, 0x00000000, 0x00000000, 0x00000000, 0x00000000, 0x00000000, 0x00000000, 0x00000000,
	0x00000000, 0x00000000, 0x00000000, 0x00000000, 0x00000000, 0x00000000, 0x00000000, 0x00000000, 0x00000000, 0x00000000, 0x00000000,
	0x00000000, 0x00000000, 0x00000000, 0x00000000, 0x00000000, 0x00000000, 0x00000000, 0x00000000, 0x00000000, 0x00000000, 0x00000000,
	0x00000000, 0x00000000, 0x00000000, 0x00000000, 0x00000000, 0x00000000, 0x00000000, 0x00000000, 0x00000000, 0x00000000, 0x00000000,
	0x00000000, 0x00000000, 0x00000000, 0x00000000, 0x00000000, 0x00000000, 0x00000000, 0x00000000, 0x00000000, 0x00000000, 0x00000000,
	0xFFFF0000, 0x0000FFFF, 0x00000000, 0x00000000, 0x00010000, 0x00000001, 0x00000000, 0x00000000, 0x00000000, 0x00000000, 0x00000000,
	0x00000000, 0x00000000, 0x00000000, 0x00000000, 0x00000000, 0x00000000, 0x00000000, 0x00000000, 0x00000000, 0x00000000, 0x00000000,
	0x00000000, 0x00000000, 0x00000000, 0x00000000, 0x00000000, 0x00000000, 0x00000000, 0x00000000, 0x00000000, 0x00000000, 0x00000000,
	0x00000000, 0x00000000, 0x00000000, 0x00000000, 0x00000000, 0x00000000, 0x00000000, 0x00000000, 0x00000000, 0x00000000, 0x00000000,
	0x00000000, 0x00000000, 0x00000000, 0x00000000, 0x00000000, 0x00000000, 0x00010000, 0x00000001, 0xFFFF0000, 0x0000FFFF, 0x00000000,
	0x00000000, 0x00000000, 0x00000000, 0x00000000, 0xFFFF0000, 0x0000FFFF, 0x00000000, 0x00000000, 0x00000000, 0x00000000, 0x00000000,
	0x00000000, 0x00000000, 0x00000000, 0x00000000, 0x00000000, 0x00000000, 0x00000000, 0x00000000, 0x00000000, 0x00010000, 0x00000001,
	0x00000000, 0x00000000, 0x00000000, 0x00000000, 0x00010000, 0x00000001, 0x00000000, 0x00000000, 0x00000000, 0x00000000, 0x00000000,
	0x00000000, 0x00000000, 0x00000000, 0x00000000, 0x00000000, 0x00000000, 0x00000000, 0x00000000, 0x00000000, 0x00000000, 0x00000000,
	0x00000000, 0x00010000, 0x00000001, 0x00000000, 0x00000000, 0x00000000, 0x00000000, 0x00000000, 0x00000000, 0x00000000, 0x00000000,
	0x00000000, 0x00000000, 0x00000000, 0x00000000, 0x00000000, 0x00000000, 0x00000000, 0x00000000, 0x00000000, 0x00000000, 0x00000000,
	0x00000000, 0x00000000, 0x00000000, 0x00000000, 0x00000000, 0x00000000, 0x00000000, 0x00000000, 0x00010000, 0x00010001, 0x00000001,
	0x00000000, 0x00000000, 0x00000000, 0x00000000, 0x00000000, 0x00000000, 0x00000000, 0x00000000, 0x00000000, 0x00000000, 0x00000000,
	0x00000000, 0x00000000, 0x00000000, 0x00000000, 0x00000000, 0x00000000, 0x00000000, 0x00000000, 0x00000000, 0x00000000, 0x00000000,
	0x00000000, 0x00000000, 0x00000000, 0x00000000, 0x00000000, 0x00000000, 0x00000000, 0x00000000, 0x00000000, 0x00000000, 0x00000000,
	0x00000000, 0x00000000, 0x00000000, 0x00000000, 0x00000000, 0x00000000, 0x00000000, 0x00000000, 0x00000000, 0x00000000, 0x00000000,
	0x00000000, 0x00000000, 0x00000000, 0x00000000, 0x00000000, 0x00000000, 0x00000000, 0x00000000, 0x00000000, 0x00000000, 0x00000000,
	0x00000000, 0x00000000, 0x00000000, 0x00000000, 0x00000000, 0x00000000, 0x00000000, 0x00000000, 0x00000000, 0x00000000, 0x00000000,
	0x00000000, 0x00000000, 0x00000000, 0x00000000, 0x00000000, 0x00000000, 0x00000000, 0x00000000, 0x00000000, 0x00000000, 0x00000000,
	0x00000000, 0x00000000, 0x00000000, 0x00000000, 0x00000000, 0x00000000, 0x00000000, 0x00000000, 0x00000000, 0x00000000, 0x00000000,
	0x00000000, 0x00000000, 0x00000000, 0x00000000, 0x00000000, 0x00000000, 0x00000000, 0x00000000, 0x00000000, 0x00000000, 0x00000000,
	0x00000000, 0x00000000, 0x00000000, 0x00000000, 0x00000000, 0x00000000, 0x00000000, 0x00000000, 0x00000000, 0x00000000, 0x00000000,
	0x00000000, 0x00000000, 0x00000000, 0x00000000, 0x00000000, 0x00000000, 0x00000000, 0x00000000, 0x00000000, 0x00000000, 0x00000000,
	0x00000000, 0x00000000, 0x00000000, 0x00000000, 0x00000000, 0x00000000, 0x00000000, 0x00000000, 0x00000000, 0x00010000, 0x00000001,
	0x00000000, 0x00000000, 0x00000000, 0x00000000, 0x00000000, 0x00000000, 0x00000000, 0x00000000, 0x00000000, 0x00000000, 0x00000000,
	0x00000000, 0xFFFF0000, 0x0000FFFF, 0x00000000, 0x00000000, 0x00000000, 0x00000000, 0x00000000, 0x00000000, 0x00000000, 0x00000000,
	0x00000000, 0x00000000, 0x00000000, 0x00000000, 0x00000000, 0x00000000, 0x00000000, 0x00000000, 0x00000000, 0x00000000, 0x00000000,
	0x00000000, 0x00000000, 0x00000000, 0x00000000, 0x00000000, 0x00000000, 0x00000000, 0x00000000, 0x00000000, 0x00000000, 0x00000000,
	0x00000000, 0x00000000, 0x00000000, 0x00000000, 0x00000000, 0x00000000, 0x00000000, 0x00000000, 0x00000000, 0x00000000, 0x00000000,
	0x00000000, 0x00000000, 0x00000000, 0x00000000, 0x00000000, 0x00000000, 0x00000000, 0x00000000, 0x00000000, 0x00000000, 0x00000000,
	0x00000000, 0x00000000, 0x00000000, 0x00000000, 0x00000000, 0x00000000, 0x00000000, 0x00000000, 0x00000000, 0x00000000, 0x00000000,
	0x00000000, 0x00000000, 0x00000000, 0x00000000, 0x00000000, 0x00000000, 0x00000000, 0x00000000, 0x00000000, 0x00000000, 0x00000000,
	0x00000000, 0x00000000, 0x00000000, 0x00000000, 0x00000000, 0x00000000, 0x00010000, 0x00000001, 0x00000000, 0x00000000, 0x00000000,
	0xFFFF0000, 0x0000FFFF, 0x00000000, 0x00000000, 0x00000000, 0x00000000, 0x00000000, 0x00000000, 0x00000000, 0x00000000, 0x00000000,
	0x00000000, 0x00000000, 0x00000000, 0x00000000, 0x00000000, 0x00000000, 0x00000000, 0x00000000, 0xFFFF0000, 0x0000FFFF, 0x00000000,
	0x00000000, 0x00000000, 0x00000000, 0x00000000, 0x00000000, 0x00000000, 0x00000000, 0x00000000, 0x00000000, 0x00000000, 0x00000000,
	0x00000000, 0x00000000, 0x00000000, 0x00000000, 0x00010000, 0x00000001, 0x00000000, 0x00000000, 0x00000000, 0x00000000, 0x00000000,
	0x00000000, 0x00000000, 0x00000000, 0x00000000, 0x00000000, 0x00000000, 0x00000000, 0x00000000, 0x00000000, 0x00000000, 0x00000000,
	0x00000000, 0x00000000, 0x00000000, 0x00000000, 0x00000000, 0x00000000, 0x00000000, 0x00010000, 0x00000001, 0x00000000, 0x00000000,
	0x00000000, 0x00000000, 0x00000000, 0x00000000, 0x00000000, 0x00000000, 0x00000000, 0x00000000, 0x00000000, 0x00000000, 0x00000000,
	0x00000000, 0x00000000, 0xFFFF0000, 0x0000FFFF, 0x00000000, 0x00000000, 0x00000000, 0x00000000, 0x00000000, 0x00000000, 0x00000000,
	0x00000000, 0x00000000, 0x00000000, 0x00000000, 0x00000000, 0x00000000, 0x00000000, 0x00000000, 0x00010000, 0x00000001, 0x00000000,
	0x00000000, 0x00000000, 0x00000000, 0x00000000, 0x00000000, 0x00000000, 0x00000000, 0x00000000, 0x00000000, 0x00000000, 0x00000000,
	0x00000000, 0x00000000, 0x00000000, 0x00000000, 0x00000000, 0x00000000, 0x00000000, 0x00000000, 0x00000000, 0x00000000, 0x00000000,
	0x00000000, 0x00000000, 0x00000000, 0x00000000, 0x00000000, 0x00000000, 0x00000000, 0x00000000, 0x00000000, 0x00000000, 0x00000000,
	0x00000000, 0x00000000, 0x00000000, 0x00000000, 0x00000000, 0x00000000, 0x00000000, 0x00000000, 0x00000000, 0x00010000, 0x00000001,
	0x00000000, 0x00000000, 0x00000000, 0x00000000, 0x00000000, 0x00000000, 0x00000000, 0x00000000, 0x00000000, 0x00000000, 0x00000000,
	0x00000000, 0x00000000, 0x00000000, 0x00000000, 0x00000000, 0x00000000, 0x00000000, 0x00000000, 0x00000000, 0x00000000, 0x00000000,
	0x00000000, 0x00000000, 0x00000000, 0x00000000, 0x00000000, 0x00000000, 0x00000000, 0x00000000, 0x00000000, 0x00000000, 0x00000000,
	0x00000000, 0x00000000, 0x00000000, 0x00000000, 0x00000000, 0x00000000, 0x00000000, 0x00000000, 0x00000000, 0x00000000, 0x00000000,
	0x00000000, 0x00000000, 0x00000000, 0x00000000, 0x00000000, 0x00000000, 0xFFFF0000, 0x0000FFFF, 0x00000000, 0x00000000, 0x00000000,
	0x00000000, 0x00000000, 0x00000000, 0x00000000, 0x00000000, 0x00000000, 0x00000000, 0x00000000, 0x00000000, 0x00000000, 0x00000000,
	0x00000000, 0x00000000, 0x00000000, 0x00000000, 0x00000000, 0x00000000, 0x00000000, 0x00000000, 0x00000000, 0x00000000, 0x00000000,
	0x00000000, 0x00000000, 0x00000000, 0x00000000, 0x00000000, 0x00000000, 0x00000000, 0x00000000, 0x00000000, 0x00000000, 0x00000000,
	0x00000000, 0x00000000, 0x00000000, 0x00000000, 0x00000000, 0x00000000, 0x00000000, 0x00000000, 0x00000000, 0x00000000, 0x00000000,
	0x00000000, 0x00000000, 0x00000000, 0x00000000, 0x00000000, 0x00000000, 0x00000000, 0x00000000, 0x00000000, 0x00000000, 0x00000000,
	0x00000000, 0x00000000, 0x00000000, 0x00000000, 0x00000000, 0x00000000, 0x00000000, 0x00000000, 0x00000000, 0x00000000, 0x00000000,
	0x00000000, 0x00000000, 0x00000000, 0x00000000, 0x00000000, 0x00000000, 0x00000000, 0x00000000, 0x00000000, 0x00000000, 0x00000000,
	0x00000000, 0x00000000, 0x00000000, 0x00000000, 0x00000000, 0x00000000, 0x00000000, 0x00000000, 0x00000000, 0x00000000, 0x00010000,
	0x00000001, 0x00000000, 0x00000000, 0x00000000, 0x00000000, 0x00000000, 0x00000000, 0x00000000, 0x00000000, 0x00000000, 0x00000000,
	0x00000000, 0x00000000, 0x00000000, 0x00000000, 0x00000000, 0x00000000, 0x00000000, 0x00000000, 0x00000000, 0x00000000, 0x00000000,
	0x00000000, 0x00000000, 0x00000000, 0x00000000, 0x00000000, 0x00000000, 0x00000000, 0x00000000, 0x00000000, 0x00000000, 0x00000000,
	0x00000000, 0x00000000, 0x00000000, 0x00000000, 0x00000000, 0x00000000, 0x00000000, 0x00000000, 0x00000000, 0x00000000, 0x00000000,
	0x00000000, 0x00000000, 0x00000000, 0x00000000, 0x00000000, 0x00000000, 0x00000000, 0x00000000, 0x00000000, 0x00000000, 0x00000000,
	0xFFFF0000, 0x0000FFFF, 0x00000000, 0x00000000, 0x00000000, 0x00000000, 0x00000000, 0x00000000, 0x00010000, 0x00000001, 0x00000000,
	0x00000000, 0x00000000, 0x00000000, 0x00000000, 0x00000000, 0x00000000, 0x00000000, 0x00000000, 0x00000000, 0x00000000, 0x00000000,
	0x00000000, 0x00000000, 0x00000000, 0x00000000, 0x00000000, 0x00000000, 0x00000000, 0xFFFF0000, 0x0000FFFF, 0x00000000, 0x00000000,
	0x00000000, 0x00000000, 0x00000000, 0x00000000, 0x00000000, 0x00000000, 0x00000000, 0x00000000, 0x00000000, 0x00000000, 0x00000000,
	0x00000000, 0x00000000, 0x00000000, 0xFFFF0000, 0x0000FFFF, 0x00000000, 0x00000000, 0x00000000, 0x00000000, 0x00000000, 0x00000000,
	0x00000000, 0x00000000, 0x00000000, 0x00000000, 0x00000000, 0x00000000, 0x00000000, 0x00000000, 0x00000000, 0x00000000, 0x00000000,
	0x00000000, 0x00000000, 0x00000000, 0x00000000, 0x00000000, 0x00000000, 0x00000000, 0x00000000, 0x00000000, 0x00000000, 0x00000000,
	0x00000000, 0x00000000, 0x00000000, 0x00000000, 0x00000000, 0x00000000, 0x00000000, 0x00000000, 0xFFFF0000, 0x0000FFFF, 0x00000000,
	0x00000000, 0x00000000, 0x00010000, 0x00000001, 0x00000000, 0x00000000, 0x00000000, 0x00000000, 0x00000000, 0x00000000, 0x00000000,
	0x00000000, 0x00000000, 0x00000000, 0x00000000, 0x00000000, 0x00000000, 0x00000000, 0x00000000, 0x00000000, 0x00000000, 0x00000000,
	0x00000000, 0x00000000, 0x00000000, 0x00000000, 0x00000000, 0x00000000, 0x00000000, 0x00000000, 0x00000000, 0x00000000, 0x00000000,
	0x00000000, 0x00000000, 0x00000000, 0x00000000, 0x00000000, 0x00000000, 0x00000000, 0x00000000, 0x00000000, 0x00000000, 0x00000000,
	0x00000000, 0x00000000, 0x00000000, 0x00000000, 0x00000000, 0x00000000, 0x00000000, 0x00000000, 0x00000000, 0x00000000, 0x00000000,
	0x00000000, 0x00000000, 0x00000000, 0x00000000, 0x00000000, 0x00000000, 0x00000000, 0x00000000, 0x00000000, 0x00000000, 0x00000000,
	0x00000000, 0x00000000, 0x00000000, 0x00000000, 0x00000000, 0x00000000, 0x00000000, 0x00000000, 0x00000000, 0x00000000, 0x00000000,
	0x00000000, 0x00000000, 0x00000000, 0x00000000, 0x00000000, 0x00000000, 0x00000000, 0x00000000, 0x00000000, 0x00000000, 0x00000000,
	0x00000000, 0x00000000, 0x00000000, 0x00000000, 0x00000000, 0x00000000, 0x00000000, 0x00000000, 0x00000000, 0x00000000, 0x00000000,
	0x00000000, 0x00000000, 0xFFFF0000, 0x0000FFFF, 0x00000000, 0x00000000, 0x00000000, 0x00000000, 0x00000000, 0x00000000, 0x00000000,
	0x00000000, 0x00000000, 0x00000000, 0x00000000, 0x00000000, 0x00000000, 0x00000000, 0x00000000, 0x00000000, 0x00000000, 0x00000000,
	0x00000000, 0x00000000, 0x00000000, 0x00000000, 0x00000000, 0x00000000, 0x00000000, 0x00000000, 0x00000000, 0x00000000, 0x00000000,
	0x00000000, 0x00000000, 0x00000000, 0x00000000, 0x00000000, 0x00000000, 0x00000000, 0x00000000, 0x00000000, 0x00000000, 0x00000000,
	0x00000000, 0x00000000, 0x00000000, 0x00000000, 0x00000000, 0x00000000, 0x00000000, 0x00000000, 0x00000000, 0x00000000, 0x00000000,
	0x00000000, 0x00010000, 0x00000001, 0x00000000, 0x00000000, 0x00000000, 0xFFFF0000, 0x0000FFFF, 0x00000000, 0x00000000, 0x00000000,
	0x00000000, 0x00000000, 0x00000000, 0x00000000, 0x00000000, 0x00000000, 0x00000000, 0x00000000, 0x00000000, 0x00000000, 0x00000000,
	0x00000000, 0x00000000, 0x00000000, 0x00000000, 0x00000000, 0x00000000, 0x00000000, 0x00000000, 0x00000000, 0x00000000, 0x00000000,
	0xFFFF0000, 0x0000FFFF, 0x00000000, 0x00000000, 0x00000000, 0x00000000, 0x00000000, 0x00000000, 0x00000000, 0x00000000, 0x00000000,
	0x00000000, 0x00000000, 0x00000000, 0x00000000, 0x00000000, 0x00000000, 0x00000000, 0x00000000, 0x00000000, 0x00000000, 0x00000000,
	0x00000000, 0x00000000, 0x00000000, 0x00010000, 0x00000001, 0x00000000, 0x00000000, 0x00000000, 0x00000000, 0x00000000, 0x00000000,
	0x00000000, 0x00000000, 0x00000000, 0x00000000, 0x00000000, 0x00000000, 0x00000000, 0x00000000, 0x00000000, 0x00000000, 0x00000000,
	0x00000000, 0x00000000, 0x00000000, 0x00000000, 0x00000000, 0x00000000, 0x00000000, 0x00000000, 0x00000000, 0x00000000, 0x00000000,
	0x00000000, 0x00000000, 0x00000000, 0x00000000, 0x00000000, 0x00000000, 0x00000000, 0x00000000, 0x00000000, 0x00000000, 0x00000000,
	0x00000000, 0x00000000, 0x00000000, 0x00000000, 0x00000000, 0x00000000, 0x00000000, 0x00000000, 0x00000000, 0x00000000, 0x00000000,
	0x00000000, 0x00000000, 0xFFFF0000, 0x0000FFFF, 0x00000000, 0x00000000, 0x00000000, 0x00000000, 0x00000000, 0x00000000, 0x00000000,
	0x00000000, 0x00000000, 0x00000000, 0x00000000, 0x00000000, 0x00000000, 0x00000000, 0x00000000, 0x00000000, 0x00000000, 0x00000000,
	0x00000000, 0x00000000, 0x00000000, 0x00000000, 0x00000000, 0x00000000, 0x00000000, 0x00000000, 0x00000000, 0x00000000, 0x00000000,
	0x00010000, 0x00000001, 0x00000000, 0x00000000, 0x00000000, 0x00000000, 0x00000000, 0x00000000, 0x00000000, 0x00000000, 0x00010000,
	0x00000001, 0x00000000, 0x00000000, 0x00000000, 0x00000000, 0x00000000, 0x00000000, 0x00000000, 0x00000000, 0x00000000, 0x00000000,
	0x00000000, 0x00000000, 0x00000000, 0x00000000, 0x00000000, 0x00000000, 0x00000000, 0x00000000, 0x00000000, 0x00000000, 0xFFFF0000,
	0x0000FFFF, 0x00000000, 0x00000000, 0x00000000, 0x00000000, 0x00000000, 0x00000000, 0x00000000, 0x00000000, 0xFFFF0000, 0x0000FFFF,
	0x00000000, 0x00000000, 0x00000000, 0x00000000, 0x00000000, 0x00000000, 0x00000000, 0x00000000, 0x00000000, 0x00000000, 0x00000000,
	0x00000000, 0x00000000, 0x00000000, 0x00000000, 0x00000000, 0x00000000, 0x00000000, 0x00000000, 0x00000000, 0x00000000, 0x00000000,
	0x00000000, 0x00000000, 0x00000000, 0x00000000, 0x00000000, 0x00000000, 0x00000000, 0x00000000, 0x00000000, 0x00000000, 0xFFFF0000,
	0x0000FFFF, 0x00000000, 0x00000000, 0x00000000, 0x00000000, 0x00000000, 0x00000000, 0x00000000, 0x00000000, 0x00000000, 0x00000000,
	0x00000000, 0x00000000, 0x00000000, 0x00000000, 0x00000000, 0x00000000, 0x00000000, 0x00000000, 0x00000000, 0x00000000, 0x00010000,
	0x00000001, 0x00000000, 0x00010000, 0x00000001, 0x00000000, 0x00000000, 0x00000000, 0x00000000, 0x00000000, 0x00000000, 0x00000000,
	0x00000000, 0x00000000, 0x00000000, 0x00000000, 0x00000000, 0x00000000, 0x00000000, 0x00000000, 0x00000000, 0x00000000, 0x00000000,
	0x00000000, 0x00000000, 0x00000000, 0x00000000, 0x00000000, 0x00000000, 0x00000000, 0x00000000, 0x00000000, 0x00000000, 0x00000000,
	0x00000000, 0x00000000, 0x00000000, 0x00010000, 0x00000001, 0x00000000, 0x00000000, 0x00000000, 0x00000000, 0x00000000, 0x00000000,
	0x00000000, 0x00000000, 0x00000000, 0x00000000, 0x00000000, 0x00000000, 0x00000000, 0x00000000, 0x00000000, 0x00000000, 0x00000000,
	0x00000000, 0x00000000, 0x00000000, 0x00000000, 0x00000000, 0x00000000, 0x00000000, 0x00000000, 0x00000000, 0x00000000, 0x00000000,
	0x00000000, 0x00000000, 0x00000000, 0x00000000, 0x00000000, 0x00000000, 0x00000000, 0x00000000, 0x00000000, 0x00000000, 0x00000000,
	0x00000000, 0x00000000, 0x00000000, 0x00000000, 0xFFFF0000, 0x0000FFFF, 0x00000000, 0x00000000, 0x00000000, 0x00000000, 0x00000000,
	0x00000000, 0x00000000, 0x00000000, 0x00000000, 0x00000000, 0x00000000, 0x00000000, 0x00000000, 0x00000000, 0x00000000, 0x00000000,
	0x00000000, 0x00000000, 0x00000000, 0x00000000, 0x00000000, 0x00000000, 0x00000000, 0x00000000, 0x00000000, 0x00000000, 0x00000000,
	0x00000000, 0x00000000, 0x00000000, 0x00000000, 0x00000000, 0x00000000, 0x00000000, 0x00000000, 0x00000000, 0x00000000, 0x00000000,
	0x00000000, 0x00000000, 0x00000000, 0x00000000, 0x00000000, 0x00000000, 0x00000000, 0x00000000, 0x00000000, 0x00000000, 0x00000000,
	0x00000000, 0x00000000, 0x00000000, 0x00000000, 0x00000000, 0x00000000, 0x00000000, 0x00000000, 0x00000000, 0x00000000, 0x00000000,
	0x00000000, 0x00000000, 0x00000000, 0x00000000, 0x00000000, 0x00000000, 0x00000000, 0x00000000, 0x00000000, 0x00000000, 0x00000000,
	0x00000000, 0x00000000, 0x00000000, 0x00000000, 0x00000000, 0x00000000, 0x00000000, 0x00000000, 0x00000000, 0x00000000, 0x00000000,
	0x00000000, 0x00000000, 0x00000000, 0x00000000, 0x00000000, 0x00000000, 0x00000000, 0x00000000, 0x00000000, 0x00000000, 0x00000000,
	0x00000000, 0x00000000, 0x00000000, 0x00000000, 0x00000000, 0x00000000, 0x00000000, 0x00000000, 0x00000000, 0x00000000, 0x00000000,
	0x00000000, 0x00000000, 0x00000000, 0x00000000, 0x00000000, 0x00000000, 0x00000000, 0x00010000, 0x00000001, 0x00000000, 0x00000000,
	0x00000000, 0x00000000, 0x00000000, 0x00000000, 0x00000000, 0x00000000, 0x00000000, 0x00000000, 0x00000000, 0x00000000, 0x00000000,
	0x00000000, 0x00000000, 0x00000000, 0x00000000, 0x00000000, 0x00000000, 0x00000000, 0x00000000, 0x00000000, 0x00000000, 0x00000000,
	0x00000000, 0x00000000, 0x00000000, 0x00000000, 0x00000000, 0x00000000, 0x00000000, 0x00000000, 0x00000000, 0x00000000, 0x00000000,
	0x00000000, 0x00000000, 0x00000000, 0x00000000, 0x00000000, 0x00000000, 0xFFFF0000, 0x0000FFFF, 0x00000000, 0x00000000, 0x00000000,
	0x00000000, 0x00000000, 0x00000000, 0x00000000, 0x00000000, 0x00000000, 0x00000000, 0x00000000, 0x00000000, 0x00000000, 0x00000000,
	0x00000000, 0x00000000, 0x00000000, 0x00000000, 0x00000000, 0x00000000, 0x00000000, 0x00000000, 0x00000000, 0x00000000, 0x00000000,
	0x00000000, 0x00000000, 0x00000000, 0x00000000, 0x00000000, 0x00000000, 0x00000000, 0x00000000, 0x00000000, 0x00000000, 0x00000000,
	0x00000000, 0x00000000, 0x00000000, 0x00000000, 0xFFFF0000, 0x0000FFFF, 0x00000000, 0x00000000, 0x00000000, 0x00000000, 0x00000000,
	0x00000000, 0x00000000, 0x00000000, 0x00000000, 0x00000000, 0xFFFF0000, 0x0000FFFF, 0x00000000, 0x00000000, 0x00000000, 0x00000000,
	0x00000000, 0x00000000, 0x00000000, 0x00000000, 0x00000000, 0x00000000, 0x00000000, 0x00000000, 0x00000000, 0x00000000, 0x00000000,
	0x00000000, 0x00000000, 0x00000000, 0x00000000, 0x00000000, 0x00000000, 0x00000000, 0x00000000, 0x00000000, 0x00000000, 0x00000000,
	0x00000000, 0x00000000, 0x00000000, 0x00000000, 0x00000000, 0x00000000, 0x00000000, 0x00000000, 0x00000000, 0x00000000, 0x00000000,
	0x00000000, 0x00000000, 0x00000000, 0x00000000, 0x00000000, 0x00000000, 0x00000000, 0x00000000, 0x00000000, 0x00000000, 0x00000000,
	0x00000000, 0x00000000, 0x00000000, 0x00000000, 0x00000000, 0x00000000, 0x00000000, 0x00000000, 0x00000000, 0x00000000, 0x00000000,
	0xFFFF0000, 0x0000FFFF, 0x00000000, 0x00000000, 0x00000000, 0x00000000, 0x00000000, 0x00000000, 0x00000000, 0x00000000, 0x00000000,
	0x00000000, 0x00000000, 0x00000000, 0x00000000, 0x00000000, 0x00000000, 0x00000000, 0x00000000, 0x00000000, 0x00000000, 0x00000000,
	0x00000000, 0x00000000, 0x00000000, 0x00000000, 0x00000000, 0x00000000, 0x00010000, 0x00010001, 0x00000001, 0x00000000, 0x00000000,
	0x00000000, 0x00000000, 0x00000000, 0xFFFF0000, 0x0000FFFF, 0x00010000, 0x00000001, 0x00000000, 0x00000000, 0x00000000, 0x00000000,
	0x00000000, 0x00000000, 0x00000000, 0x00000000, 0x00000000, 0x00000000, 0x00000000, 0x00000000, 0x00000000, 0x00000000, 0x00000000,
	0x00000000, 0x00000000, 0x00000000, 0x00000000, 0x00000000, 0x00000000, 0x00000000, 0x00000000, 0x00000000, 0x00000000, 0x00000000,
	0x00000000, 0x00000000, 0x00000000, 0x00000000, 0x00000000, 0x00000000, 0x00000000, 0x00000000, 0x00000000, 0x00000000, 0x00000000,
	0x00000000, 0x00000000, 0x00000000, 0x00000000, 0x00000000, 0x00000000, 0x00000000, 0x00000000, 0x00000000, 0x00000000, 0x00000000,
	0x00000000, 0x00000000, 0x00000000, 0x00000000, 0x00000000, 0x00000000, 0x00000000, 0x00000000, 0x00000000, 0x00000000, 0x00000000,
	0x00000000, 0x00000000, 0x00000000, 0x00000000, 0x00000000, 0x00000000, 0x00000000, 0x00000000, 0x00000000, 0x00000000, 0x00000000,
	0x00000000, 0x00000000, 0x00000000, 0x00000000, 0x00000000, 0x00000000, 0x00000000, 0x00000000, 0x00000000, 0x00000000, 0x00000000,
	0x00000000, 0x00000000, 0x00000000, 0x00000000, 0x00000000, 0x00000000, 0x00000000, 0x00000000, 0x00000000, 0x00000000, 0x00000000,
	0x00000000, 0x00000000, 0x00000000, 0x00000000, 0x00000000, 0x00000000, 0x00000000, 0x00000000, 0x00000000, 0x00000000, 0x00000000,
	0x00000000, 0x00000000, 0x00000000, 0x00000000, 0x00000000, 0x00000000, 0x00000000, 0x00000000, 0x00000000, 0x00000000, 0xFFFF0000,
	0x0000FFFF, 0x00000000, 0x00000000, 0x00000000, 0x00000000, 0x00000000, 0x00000000, 0x00000000, 0x00000000, 0x00000000, 0x00000000,
	0x00000000, 0x00000000, 0x00000000, 0x00000000, 0x00000000, 0x00000000, 0x00000000, 0x00000000, 0xFFFF0000, 0x0000FFFF, 0x00000000,
	0x00000000, 0x00000000, 0x00000000, 0x00000000, 0x00000000, 0x00000000, 0x00000000, 0x00000000, 0x00000000, 0x00000000, 0x00000000,
	0x00000000, 0x00000000, 0x00000000, 0x00000000, 0x00000000, 0x00000000, 0x00000000, 0x00000000, 0x00000000, 0x00000000, 0x00000000,
	0x00000000, 0x00000000, 0x00000000, 0x00000000, 0xFFFF0000, 0x0000FFFF, 0x00000000, 0x00000000, 0x00000000, 0x00000000, 0x00000000,
	0x00000000, 0x00000000, 0x00000000, 0x00000000, 0x00000000, 0x00000000, 0x00000000, 0x00000000, 0x00000000, 0x00000000, 0x00000000,
	0x00000000, 0x00000000, 0x00000000, 0x00000000, 0x00000000, 0x00000000, 0x00000000, 0x00000000, 0x00000000, 0x00000000, 0x00000000,
	0x00000000, 0x00000000, 0x00000000, 0x00000000, 0x00000000, 0x00000000, 0x00000000, 0x00000000, 0x00000000, 0x00000000, 0x00000000,
	0x00000000, 0x00000000, 0x00000000, 0x00000000, 0x00000000, 0x00000000, 0x00000000, 0x00000000, 0x00000000, 0x00000000, 0x00000000,
	0x00000000, 0x00000000, 0x00000000, 0x00000000, 0x00000000, 0x00000000, 0x00000000, 0x00000000, 0x00000000, 0x00000000, 0x00000000,
	0x00000000, 0x00000000, 0x00000000, 0x00000000, 0x00000000, 0x00000000, 0x00000000, 0x00010000, 0x00000001, 0x00000000, 0x00000000,
	0x00000000, 0x00000000, 0x00000000, 0x00000000, 0x00000000, 0x00000000, 0x00000000, 0x00000000, 0x00000000, 0x00000000, 0x00000000,
	0x00000000, 0x00000000, 0x00000000, 0x00000000, 0x00000000, 0x00000000, 0x00000000, 0x00000000, 0x00000000, 0x00000000, 0x00000000,
	0x00000000, 0x00000000, 0x00000000, 0x00000000, 0x00000000, 0x00000000, 0x00000000, 0x00000000, 0x00000000, 0x00000000, 0x00000000,
	0x00000000, 0x00000000, 0x00000000, 0x00000000, 0x00000000, 0x00000000, 0x00000000, 0x00000000, 0x00000000, 0x00000000, 0x00010000,
	0x00000001, 0x00000000, 0x00000000, 0x00000000, 0x00000000, 0x00000000, 0x00000000, 0x00000000, 0x00000000, 0x00000000, 0x00000000,
	0x00000000, 0x00000000, 0x00000000, 0x00000000, 0x00000000, 0x00000000, 0x00000000, 0x00000000, 0x00000000, 0x00000000, 0x00000000,
	0x00000000, 0x00000000, 0x00000000, 0x00000000, 0x00000000, 0x00000000, 0x00000000, 0x00000000, 0x00000000, 0x00000000, 0x00000000,
	0x00000000, 0x00000000, 0x00000000, 0x00000000, 0x00000000, 0x00000000, 0x00000000, 0x00000000, 0x00000000, 0x00000000, 0x00000000,
	0x00000000, 0x00000000, 0x00000000, 0x00000000, 0x00000000, 0x00000000, 0x00000000, 0xFFFF0000, 0x0000FFFF, 0x00000000, 0x00000000,
	0x00000000, 0x00000000, 0x00000000, 0x00000000, 0x00000000, 0x00000000, 0x00000000, 0x00000000, 0x00000000, 0x00000000, 0x00000000,
	0x00000000, 0x00000000, 0x00000000, 0x00000000, 0x00000000, 0x00000000, 0x00000000, 0x00000000, 0x00000000, 0x00000000, 0x00000000,
	0x00000000, 0x00000000, 0x00000000, 0x00000000, 0x00000000, 0x00000000, 0x00000000, 0x00000000, 0x00000000, 0x00000000, 0x00000000,
	0x00000000, 0x00000000, 0x00000000, 0x00000000, 0x00000000, 0x00000000, 0x00000000, 0x00000000, 0x00000000, 0x00000000, 0x00000000,
	0x00000000, 0x00000000, 0x00000000, 0x00000000, 0x00000000, 0x00000000, 0x00000000, 0x00000000, 0x00000000, 0x00000000, 0x00000000,
	0x00000000, 0x00000000, 0x00000000, 0x00010000, 0x00000001, 0x00000000, 0x00000000, 0x00000000, 0x00000000, 0x00000000, 0x00000000,
	0x00000000, 0x00000000, 0x00000000, 0x00000000, 0x00000000, 0x00000000, 0x00000000, 0x00000000, 0x00000000, 0x00000000, 0x00000000,
	0x00000000, 0x00000000, 0x00000000, 0x00000000, 0x00000000, 0x00000000, 0x00000000, 0x00000000, 0x00000000, 0x00000000, 0x00000000,
	0x00000000, 0x00010000, 0x00000001, 0x00000000, 0x00000000, 0x00000000, 0x00000000, 0x00000000, 0x00000000, 0x00000000, 0x00000000,
	0x00000000, 0x00000000, 0x00000000, 0x00000000, 0x00000000, 0x00000000, 0x00000000, 0x00000000, 0x00000000, 0x00000000, 0x00000000,
	0x00000000, 0x00000000, 0x00000000, 0x00000000, 0x00000000, 0x00000000, 0x00000000, 0x00000000, 0x00000000, 0x00000000, 0x00000000,
	0x00000000, 0x00000000, 0x00000000, 0x00000000, 0x00000000, 0x00000000, 0x00000000, 0x00000000, 0x00000000, 0x00000000, 0x00000000,
	0x00000000, 0x00000000, 0x00000000, 0x00000000, 0x00000000, 0x00000000, 0x00000000, 0x00000000, 0x00000000, 0x00000000, 0x00000000,
	0x00000000, 0x00010000, 0x00000001, 0x00000000, 0x00000000, 0x00000000, 0x00000000, 0x00000000, 0xFFFF0000, 0x0000FFFF, 0x00000000,
	0x00000000, 0x00000000, 0x00000000, 0x00000000, 0x00000000, 0x00010000, 0x00000001, 0x00000000, 0x00000000, 0x00000000, 0x00000000,
	0x00000000, 0x00000000, 0x00000000, 0x00000000, 0x00000000, 0x00000000, 0x00010000, 0x00000001, 0x00000000, 0x00000000, 0x00000000,
	0x00000000, 0x00000000, 0x00000000, 0x00000000, 0x00000000, 0x00000000, 0x00000000, 0x00000000, 0x00000000, 0x00000000, 0xFFFF0000,
	0x0000FFFF, 0x00000000, 0x00000000, 0x00000000, 0x00000000, 0x00000000, 0x00000000, 0x00000000, 0x00000000, 0x00000000, 0x00000000,
	0x00000000, 0x00000000, 0x00000000, 0x00000000, 0x00000000, 0x00000000, 0x00000000, 0x00000000, 0x00010000, 0x00000001, 0x00000000,
	0x00000000, 0x00000000, 0x00000000, 0x00000000, 0x00000000, 0x00000000, 0x00000000, 0x00000000, 0x00000000, 0x00000000, 0x00000000,
	0x00000000, 0x00000000, 0x00000000, 0x00000000, 0x00000000, 0x00000000, 0x00000000, 0x00000000, 0x00000000, 0x00000000, 0x00000000,
	0x00000000, 0x00000000, 0x00000000, 0x00000000, 0x00000000, 0x00000000, 0x00000000, 0x00000000, 0x00000000, 0x00000000, 0x00000000,
	0x00000000, 0x00000000, 0x00000000, 0x00000000, 0x00000000, 0x00000000, 0x00000000, 0x00000000, 0x00000000, 0x00000000, 0x00000000,
	0x00000000, 0x00000000, 0x00000000, 0x00000000, 0x00000000, 0x00000000, 0x00000000, 0x00000000, 0x00000000, 0x00000000, 0x00000000,
	0x00000000, 0xFFFF0000, 0x0000FFFF, 0x00000000, 0x00000000, 0x00000000, 0x00000000, 0x00000000, 0x00000000, 0x00000000, 0xFFFF0000,
	0x0000FFFF, 0x00000000, 0x00000000, 0x00000000, 0x00000000, 0xFFFF0000, 0x0000FFFF, 0x00000000, 0x00000000, 0x00000000, 0x00000000,
	0x00000000, 0x00000000, 0x00000000, 0x00000000, 0x00000000, 0x00000000, 0x00000000, 0x00000000, 0x00000000, 0x00000000, 0x00000000,
	0x00000000, 0x00000000, 0x00000000, 0x00000000, 0x00000000, 0x00000000, 0x00000000, 0x00000000, 0x00000000, 0x00000000, 0x00000000,
	0x00000000, 0x00000000, 0x00000000, 0x00000000, 0x00000000, 0x00000000, 0x00000000, 0x00000000, 0x00000000, 0x00000000, 0x00000000,
	0x00000000, 0x00000000, 0x00000000, 0x00000000, 0x00000000, 0x00000000, 0x00000000, 0x00000000, 0x00000000, 0x00000000, 0x00000000,
	0x00000000, 0x00000000, 0x00000000, 0x00000000, 0x00000000, 0x00000000, 0x00000000, 0x00000000, 0x00000000, 0x00000000, 0x00000000,
	0x00000000, 0x00000000, 0x00000000, 0x00000000, 0x00000000, 0x00000000, 0x00000000, 0x00000000, 0x00000000, 0x00000000, 0x00000000,
	0x00000000, 0x00000000, 0x00000000, 0x00000000, 0x00000000, 0x00000000, 0x00000000, 0x00000000, 0x00000000, 0x00000000, 0x00000000,
	0x00000000, 0x00000000, 0x00000000, 0x00000000, 0x00000000, 0x00000000, 0x00000000, 0x00000000, 0x00000000, 0x00000000, 0x00000000,
	0x00000000, 0x00000000, 0x00000000, 0x00000000, 0x00000000, 0x00000000, 0x00000000, 0x00000000, 0x00000000, 0x00000000, 0x00000000,
	0x00000000, 0x00000000, 0x00000000, 0x00000000, 0x00000000, 0x00000000, 0x00000000, 0x00000000, 0x00000000, 0x00000000, 0x00000000,
	0x00000000, 0x00000000, 0x00000000, 0x00000000, 0x00000000, 0x00000000, 0x00000000, 0x00000000, 0x00000000, 0x00000000, 0x00000000,
	0x00000000, 0x00000000, 0x00000000, 0x00000000, 0x00000000, 0x00000000, 0xFFFF0000, 0x0000FFFF, 0x00000000, 0x00000000, 0x00000000,
	0x00000000, 0x00000000, 0x00000000, 0x00000000, 0x00000000, 0x00000000, 0x00000000, 0x00000000, 0x00000000, 0x00000000, 0x00000000,
	0x00000000, 0x00000000, 0x00000000, 0x00000000, 0x00000000, 0x00000000, 0x00000000, 0x00000000, 0x00000000, 0x00000000, 0x00010000,
	0x00000001, 0x00000000, 0x00000000, 0x00000000, 0x00000000, 0x00000000, 0x00000000, 0x00000000, 0x00000000, 0x00000000, 0x00000000,
	0x00000000, 0x00000000, 0x00000000, 0x00000000, 0x00000000, 0x00000000, 0x00000000, 0x00000000, 0x00000000, 0x00000000, 0x00000000,
	0x00000000, 0x00000000, 0x00000000, 0x00000000, 0x00000000, 0x00000000, 0x00000000, 0x00000000, 0x00000000, 0x00000000, 0x00000000,
	0x00000000, 0x00000000, 0x00000000, 0x00000000, 0x00000000, 0x00000000, 0x00000000, 0x00000000, 0x00000000, 0x00000000, 0x00000000,
	0x00000000, 0x00000000, 0x00000000, 0x00000000, 0x00000000, 0x00000000, 0x00000000, 0x00000000, 0x00000000, 0x00010000, 0x00000001,
	0x00000000, 0x00000000, 0x00000000, 0x00000000, 0x00000000, 0x00000000, 0x00000000, 0x00000000, 0x00000000, 0x00000000, 0x00000000,
	0x00000000, 0x00000000, 0x00000000, 0x00000000, 0x00000000, 0x00000000, 0x00000000, 0x00000000, 0x00000000, 0x00000000, 0x00000000,
	0x00000000, 0x00000000, 0x00000000, 0x00000000, 0x00000000, 0x00000000, 0x00000000, 0x00000000, 0x00000000, 0x00000000, 0x00000000,
	0xFFFF0000, 0x0000FFFF, 0x00000000, 0x00000000, 0x00000000, 0x00000000, 0x00000000, 0x00000000, 0x00000000, 0x00000000, 0x00000000,
	0x00000000, 0x00000000, 0x00000000, 0x00000000, 0x00000000, 0x00000000, 0x00000000, 0x00000000, 0x00000000, 0x00000000, 0x00000000,
	0x00000000, 0x00000000, 0x00000000, 0x00000000, 0x00000000, 0xFFFF0000, 0x0000FFFF, 0x00000000, 0x00000000, 0x00000000, 0x00000000,
	0x00000000, 0x00000000, 0x00000000, 0x00000000, 0x00000000, 0x00000000, 0x00000000, 0x00000000, 0x00000000, 0x00000000, 0x00000000,
	0x00000000, 0x00000000, 0x00000000, 0x00000000, 0x00000000, 0x00000000, 0x00000000, 0x00000000, 0x00000000, 0x00000000, 0x00000000,
	0x00000000, 0x00000000, 0x00000000, 0x00000000, 0x00000000, 0x00000000, 0x00000000, 0x00000000, 0x00000000, 0x00000000, 0x00000000,
	0x00000000, 0x00000000, 0x00000000, 0x00010000, 0x00000001, 0x00000000, 0x00000000, 0x00000000, 0x00000000, 0x00000000, 0x00000000,
	0x00000000, 0x00000000, 0x00000000, 0x00000000, 0x00000000, 0x00000000, 0x00000000, 0x00000000, 0x00000000, 0x00000000, 0x00000000,
	0x00000000, 0x00010000, 0x00000001, 0x00000000, 0x00000000, 0x00000000, 0x00000000, 0x00000000, 0x00000000, 0x00000000, 0x00000000,
	0x00000000, 0x00000000, 0x00000000, 0x00000000, 0x00000000, 0x00000000, 0x00000000, 0x00000000, 0x00000000, 0x00000000, 0x00000000,
	0x00000000, 0x00000000, 0x00000000, 0x00000000, 0x00000000, 0x00000000, 0x00000000, 0x00000000, 0x00000000, 0x00000000, 0x00000000,
	0x00000000, 0x00000000, 0x00000000, 0x00000000, 0x00000000, 0x00000000, 0x00010000, 0x00000001, 0x00000000, 0x00000000, 0x00000000,
	0x00000000, 0x00000000, 0xFFFF0000, 0x0000FFFF, 0x00000000, 0x00000000, 0x00000000, 0x00000000, 0x00000000, 0x00000000, 0x00000000,
	0x00000000, 0x00000000, 0x00000000, 0x00000000, 0x00000000, 0x00000000, 0x00000000, 0x00000000, 0x00000000, 0x00000000, 0x00000000,
	0x00000000, 0x00000000, 0x00000000, 0x00000000, 0x00000000, 0x00000000, 0x00000000, 0x00000000, 0x00000000, 0x00000000, 0x00000000,
	0x00000000, 0x00000000, 0x00000000, 0x00000000, 0x00000000, 0x00000000, 0x00000000, 0x00000000, 0x00000000, 0x00000000, 0x00000000,
	0x00000000, 0x00000000, 0x00000000, 0x00000000, 0x00000000, 0x00000000, 0x00000000, 0x00000000, 0x00000000, 0x00000000, 0x00000000,
	0x00000000, 0x00000000, 0x00000000, 0x00000000, 0x00000000, 0x00010000, 0x00000001, 0xFFFF0000, 0x0000FFFF, 0x00000000, 0x00000000,
	0x00000000, 0x00000000, 0x00000000, 0xFFFF0000, 0x0000FFFF, 0x00000000, 0x00000000, 0x00000000, 0x00000000, 0x00000000, 0x00000000,
	0x00000000, 0x00000000, 0x00000000, 0x00000000, 0x00000000, 0x00000000, 0x00000000, 0x00000000, 0x00000000, 0x00000000, 0x00000000,
	0x00000000, 0x00000000, 0x00000000, 0x00000000, 0x00000000, 0x00000000, 0x00000000, 0x00000000, 0x00000000, 0x00000000, 0x00000000,
	0x00000000, 0x00000000, 0x00000000, 0x00000000, 0x00000000, 0xFFFF0000, 0x0000FFFF, 0x00000000, 0x00000000, 0x00000000, 0x00000000,
	0x00000000, 0x00010000, 0x00000001, 0x00000000, 0x00000000, 0x00000000, 0x00000000, 0x00000000, 0x00000000, 0x00000000, 0x00000000,
	0x00000000, 0x00000000, 0x00000000, 0x00000000, 0x00000000, 0x00000000, 0x00000000, 0x00000000, 0x00000000, 0x00000000, 0x00000000,
	0x00000000, 0x00000000, 0x00000000, 0x00000000, 0x00000000, 0x00000000, 0x00000000, 0x00000000, 0x00000000, 0x00010000, 0x00000001,
	0x00000000, 0x00000000, 0x00000000, 0x00000000, 0x00000000, 0x00000000, 0x00000000, 0x00000000, 0x00000000, 0x00000000, 0x00000000,
	0x00000000, 0x00000000, 0x00000000, 0x00000000, 0x00000000, 0x00000000, 0x00000000, 0x00000000, 0x00000000, 0x00000000, 0x00000000,
	0x00000000, 0x00000000, 0x00000000, 0x00000000, 0x00010000, 0x00000001, 0x00000000, 0x00000000, 0x00000000, 0x00000000, 0x00000000,
	0x00000000, 0x00000000, 0x00000000, 0x00000000, 0x00000000, 0x00000000, 0x00000000, 0x00000000, 0x00000000, 0x00000000, 0x00000000,
	0x00000000, 0x00000000, 0x00000000, 0x00000000, 0x00000000, 0x00000000, 0x00000000, 0x00000000, 0x00000000, 0x00000000, 0x00000000,
	0x00000000, 0x00000000, 0x00000000, 0x00000000, 0x00000000, 0x00000000, 0x00000000, 0x00000000, 0x00000000, 0x00000000, 0x00000000,
	0x00000000, 0x00000000, 0x00000000, 0x00000000, 0x00000000, 0x00000000, 0x00000000, 0x00000000, 0x00000000, 0x00000000, 0x00000000,
	0x00000000, 0x00000000, 0x00000000, 0x00000000, 0x00000000, 0x00000000, 0x00000000, 0x00000000,
};
