#include "fontello_data.h"

namespace fontello_data
{

unsigned char ttf[21068] = {
	0x00, 0x01, 0x00, 0x00, 0x00, 0x0F, 0x00, 0x80, 0x00, 0x03, 0x00, 0x70,
	0x47, 0x53, 0x55, 0x42, 0x20, 0x8B, 0x25, 0x7A, 0x00, 0x00, 0x00, 0xFC,
	0x00, 0x00, 0x00, 0x54, 0x4F, 0x53, 0x2F, 0x32, 0x56, 0xA6, 0x56, 0xF2,
	0x00, 0x00, 0x01, 0x50, 0x00, 0x00, 0x00, 0x60, 0x63, 0x6D, 0x61, 0x70,
	0xBB, 0xD9, 0x51, 0x5B, 0x00, 0x00, 0x01, 0xB0, 0x00, 0x00, 0x05, 0xE2,
	0x63, 0x76, 0x74, 0x20, 0x05, 0xFB, 0xFF, 0xDE, 0x00, 0x00, 0x43, 0x74,
	0x00, 0x00, 0x00, 0x24, 0x66, 0x70, 0x67, 0x6D, 0x62, 0x31, 0xFB, 0x7B,
	0x00, 0x00, 0x43, 0x98, 0x00, 0x00, 0x0E, 0x0C, 0x67, 0x61, 0x73, 0x70,
	0x00, 0x00, 0x00, 0x10, 0x00, 0x00, 0x43, 0x6C, 0x00, 0x00, 0x00, 0x08,
	0x67, 0x6C, 0x79, 0x66, 0x22, 0x49, 0xE5, 0xEF, 0x00, 0x00, 0x07, 0x94,
	0x00, 0x00, 0x34, 0xE4, 0x68, 0x65, 0x61, 0x64, 0x30, 0x24, 0x10, 0xBD,
	0x00, 0x00, 0x3C, 0x78, 0x00, 0x00, 0x00, 0x36, 0x68, 0x68, 0x65, 0x61,
	0x07, 0xBF, 0x04, 0x06, 0x00, 0x00, 0x3C, 0xB0, 0x00, 0x00, 0x00, 0x24,
	0x68, 0x6D, 0x74, 0x78, 0xC6, 0x2A, 0xFF, 0x9F, 0x00, 0x00, 0x3C, 0xD4,
	0x00, 0x00, 0x00, 0xE4, 0x6C, 0x6F, 0x63, 0x61, 0x5E, 0x81, 0x6B, 0xE2,
	0x00, 0x00, 0x3D, 0xB8, 0x00, 0x00, 0x00, 0x74, 0x6D, 0x61, 0x78, 0x70,
	0x01, 0xDD, 0x0F, 0x87, 0x00, 0x00, 0x3E, 0x2C, 0x00, 0x00, 0x00, 0x20,
	0x6E, 0x61, 0x6D, 0x65, 0xCD, 0x9D, 0x1D, 0x1E, 0x00, 0x00, 0x3E, 0x4C,
	0x00, 0x00, 0x02, 0xCD, 0x70, 0x6F, 0x73, 0x74, 0x1D, 0x44, 0x75, 0x57,
	0x00, 0x00, 0x41, 0x1C, 0x00, 0x00, 0x02, 0x4F, 0x70, 0x72, 0x65, 0x70,
	0x64, 0x3E, 0xBD, 0x9C, 0x00, 0x00, 0x51, 0xA4, 0x00, 0x00, 0x00, 0xA7,
	0x00, 0x01, 0x00, 0x00, 0x00, 0x0A, 0x00, 0x30, 0x00, 0x3E, 0x00, 0x02,
	0x44, 0x46, 0x4C, 0x54, 0x00, 0x0E, 0x6C, 0x61, 0x74, 0x6E, 0x00, 0x1A,
	0x00, 0x04, 0x00, 0x00, 0x00, 0x00, 0x00, 0x00, 0x00, 0x01, 0x00, 0x00,
	0x00, 0x04, 0x00, 0x00, 0x00, 0x00, 0x00, 0x00, 0x00, 0x01, 0x00, 0x00,
	0x00, 0x01, 0x6C, 0x69, 0x67, 0x61, 0x00, 0x08, 0x00, 0x00, 0x00, 0x01,
	0x00, 0x00, 0x00, 0x01, 0x00, 0x04, 0x00, 0x04, 0x00, 0x00, 0x00, 0x01,
	0x00, 0x08, 0x00, 0x01, 0x00, 0x06, 0x00, 0x00, 0x00, 0x01, 0x00, 0x00,
	0x00, 0x04, 0x03, 0x7A, 0x01, 0x90, 0x00, 0x05, 0x00, 0x00, 0x02, 0x7A,
	0x02, 0xBC, 0x00, 0x00, 0x00, 0x8C, 0x02, 0x7A, 0x02, 0xBC, 0x00, 0x00,
	0x01, 0xE0, 0x00, 0x31, 0x01, 0x02, 0x00, 0x00, 0x02, 0x00, 0x05, 0x03,
	0x00, 0x00, 0x00, 0x00, 0x00, 0x00, 0x00, 0x00, 0x00, 0x00, 0x00, 0x00,
	0x00, 0x00, 0x00, 0x00, 0x00, 0x00, 0x00, 0x00, 0x00, 0x00, 0x50, 0x66,
	0x45, 0x64, 0x00, 0xC0, 0x00, 0x63, 0xF5, 0x0D, 0x03, 0x52, 0xFF, 0x6A,
	0x00, 0x5A, 0x03, 0xAC, 0x00, 0xB6, 0x00, 0x00, 0x00, 0x01, 0x00, 0x00,
	0x00, 0x00, 0x00, 0x00, 0x00, 0x00, 0x00, 0x00, 0x00, 0x00, 0x00, 0x02,
	0x00, 0x00, 0x00, 0x05, 0x00, 0x00, 0x00, 0x03, 0x00, 0x00, 0x00, 0x2C,
	0x00, 0x00, 0x00, 0x04, 0x00, 0x00, 0x03, 0x32, 0x00, 0x01, 0x00, 0x00,
	0x00, 0x00, 0x02, 0x2C, 0x00, 0x03, 0x00, 0x01, 0x00, 0x00, 0x00, 0x2C,
	0x00, 0x03, 0x00, 0x0A, 0x00, 0x00, 0x03, 0x32, 0x00, 0x04, 0x02, 0x00,
	0x00, 0x00, 0x00, 0x60, 0x00, 0x40, 0x00, 0x05, 0x00, 0x20, 0x00, 0x63,
	0x27, 0x15, 0xE0, 0x4E, 0xE0, 0x53, 0xE0, 0x6D, 0xE0, 0x6F, 0xE0, 0x9C,
	0xE0, 0xB2, 0xE0, 0xB7, 0xE0, 0xCD, 0xE1, 0x02, 0xE8, 0x04, 0xE8, 0x6B,
	0xE9, 0x12, 0xE9, 0xC8, 0xE9, 0xCD, 0xEA, 0x38, 0xEA, 0x3D, 0xEA, 0x44,
	0xEA, 0x51, 0xEA, 0x67, 0xEA, 0x69, 0xEA, 0x6C, 0xEA, 0x8D, 0xEA, 0xBA,
	0xEA, 0xC9, 0xEA, 0xD1, 0xEA, 0xD6, 0xEA, 0xE4, 0xEA, 0xEE, 0xEB, 0x10,
	0xEB, 0x25, 0xEB, 0x2C, 0xEB, 0x47, 0xEB, 0x7A, 0xEB, 0x92, 0xEB, 0xD1,
	0xEC, 0x1B, 0xEC, 0x38, 0xEC, 0x44, 0xEC, 0x7D, 0xF0, 0x2E, 0xF0, 0x82,
	0xF1, 0x1C, 0xF1, 0x21, 0xF2, 0x1B, 0xF5, 0x0D, 0xFF, 0xFF, 0x00, 0x00,
	0x00, 0x63, 0x27, 0x14, 0xE0, 0x4E, 0xE0, 0x53, 0xE0, 0x6D, 0xE0, 0x6F,
	0xE0, 0x9C, 0xE0, 0xB2, 0xE0, 0xB7, 0xE0, 0xCD, 0xE1, 0x02, 0xE8, 0x04,
	0xE8, 0x6B, 0xE9, 0x12, 0xE9, 0xC8, 0xE9, 0xCC, 0xEA, 0x38, 0xEA, 0x3D,
	0xEA, 0x44, 0xEA, 0x51, 0xEA, 0x67, 0xEA, 0x69, 0xEA, 0x6C, 0xEA, 0x8A,
	0xEA, 0xBA, 0xEA, 0xC9, 0xEA, 0xD1, 0xEA, 0xD6, 0xEA, 0xE3, 0xEA, 0xEE,
	0xEB, 0x0F, 0xEB, 0x25, 0xEB, 0x2B, 0xEB, 0x47, 0xEB, 0x7A, 0xEB, 0x92,
	0xEB, 0xD1, 0xEC, 0x1B, 0xEC, 0x38, 0xEC, 0x44, 0xEC, 0x7C, 0xF0, 0x2E,
	0xF0, 0x82, 0xF1, 0x1C, 0xF1, 0x21, 0xF2, 0x1B, 0xF5, 0x0D, 0xFF, 0xFF,
	0x00, 0x00, 0x00, 0x00, 0x00, 0x00, 0x00, 0x00, 0x00, 0x00, 0x00, 0x00,
	0x00, 0x00, 0x00, 0x00, 0x00, 0x00, 0x00, 0x00, 0x00, 0x00, 0x00, 0x00,
	0x00, 0x00, 0x00, 0x00, 0x00, 0x00, 0x00, 0x00, 0x00, 0x00, 0x00, 0x00,
	0x00, 0x00, 0x00, 0x00, 0x00, 0x00, 0x00, 0x00, 0x00, 0x00, 0x00, 0x00,
	0x00, 0x00, 0x00, 0x00, 0x00, 0x00, 0x00, 0x00, 0x00, 0x00, 0x00, 0x00,
	0x00, 0x00, 0x00, 0x00, 0x00, 0x00, 0x00, 0x00, 0x00, 0x00, 0x00, 0x00,
	0x00, 0x00, 0x00, 0x00, 0x00, 0x00, 0x00, 0x00, 0x00, 0x00, 0x00, 0x00,
	0x00, 0x00, 0x00, 0x00, 0x00, 0x00, 0x00, 0x00, 0x00, 0x00, 0x00, 0x01,
	0x00, 0x60, 0x00, 0x60, 0x00, 0x62, 0x00, 0x62, 0x00, 0x62, 0x00, 0x62,
	0x00, 0x62, 0x00, 0x62, 0x00, 0x62, 0x00, 0x62, 0x00, 0x62, 0x00, 0x62,
	0x00, 0x62, 0x00, 0x62, 0x00, 0x62, 0x00, 0x62, 0x00, 0x64, 0x00, 0x64,
	0x00, 0x64, 0x00, 0x64, 0x00, 0x64, 0x00, 0x64, 0x00, 0x64, 0x00, 0x64,
	0x00, 0x6A, 0x00, 0x6A, 0x00, 0x6A, 0x00, 0x6A, 0x00, 0x6A, 0x00, 0x6C,
	0x00, 0x6C, 0x00, 0x6E, 0x00, 0x6E, 0x00, 0x70, 0x00, 0x70, 0x00, 0x70,
	0x00, 0x70, 0x00, 0x70, 0x00, 0x70, 0x00, 0x70, 0x00, 0x70, 0x00, 0x72,
	0x00, 0x72, 0x00, 0x72, 0x00, 0x72, 0x00, 0x72, 0x00, 0x72, 0x00, 0x00,
	0x00, 0x01, 0x00, 0x02, 0x00, 0x03, 0x00, 0x04, 0x00, 0x05, 0x00, 0x06,
	0x00, 0x07, 0x00, 0x08, 0x00, 0x09, 0x00, 0x0A, 0x00, 0x0B, 0x00, 0x0C,
	0x00, 0x0D, 0x00, 0x0E, 0x00, 0x0F, 0x00, 0x10, 0x00, 0x11, 0x00, 0x12,
	0x00, 0x13, 0x00, 0x14, 0x00, 0x15, 0x00, 0x16, 0x00, 0x17, 0x00, 0x18,
	0x00, 0x19, 0x00, 0x1A, 0x00, 0x1B, 0x00, 0x1C, 0x00, 0x1D, 0x00, 0x1E,
	0x00, 0x1F, 0x00, 0x20, 0x00, 0x21, 0x00, 0x22, 0x00, 0x23, 0x00, 0x24,
	0x00, 0x25, 0x00, 0x26, 0x00, 0x27, 0x00, 0x28, 0x00, 0x29, 0x00, 0x2A,
	0x00, 0x2B, 0x00, 0x2C, 0x00, 0x2D, 0x00, 0x2E, 0x00, 0x2F, 0x00, 0x30,
	0x00, 0x31, 0x00, 0x32, 0x00, 0x33, 0x00, 0x34, 0x00, 0x35, 0x00, 0x36,
	0x00, 0x37, 0x00, 0x38, 0x00, 0x00, 0x01, 0x06, 0x00, 0x00, 0x00, 0x00,
	0x00, 0x00, 0x00, 0x00, 0x00, 0x00, 0x00, 0x00, 0x00, 0x00, 0x00, 0x00,
	0x00, 0x00, 0x00, 0x00, 0x00, 0x00, 0x00, 0x00, 0x00, 0x00, 0x00, 0x00,
	0x00, 0x00, 0x00, 0x00, 0x00, 0x00, 0x00, 0x00, 0x00, 0x00, 0x00, 0x00,
	0x00, 0x00, 0x00, 0x00, 0x00, 0x00, 0x00, 0x00, 0x00, 0x00, 0x00, 0x00,
	0x00, 0x00, 0x00, 0x00, 0x00, 0x00, 0x00, 0x00, 0x00, 0x00, 0x00, 0x00,
	0x00, 0x00, 0x00, 0x00, 0x00, 0x00, 0x00, 0x00, 0x00, 0x00, 0x00, 0x00,
	0x00, 0x00, 0x00, 0x00, 0x00, 0x00, 0x00, 0x00, 0x00, 0x00, 0x00, 0x00,
	0x00, 0x00, 0x00, 0x00, 0x00, 0x00, 0x00, 0x00, 0x00, 0x00, 0x00, 0x00,
	0x00, 0x01, 0x00, 0x00, 0x00, 0x00, 0x00, 0x00, 0x00, 0x00, 0x00, 0x00,
	0x00, 0x00, 0x00, 0x00, 0x00, 0x00, 0x00, 0x00, 0x00, 0x00, 0x00, 0x00,
	0x00, 0x00, 0x00, 0x00, 0x00, 0x00, 0x00, 0x00, 0x00, 0x00, 0x00, 0x00,
	0x00, 0x00, 0x00, 0x00, 0x00, 0x00, 0x00, 0x00, 0x00, 0x00, 0x00, 0x00,
	0x00, 0x00, 0x00, 0x00, 0x00, 0x00, 0x00, 0x00, 0x00, 0x00, 0x00, 0x00,
	0x00, 0x00, 0x00, 0x00, 0x00, 0x00, 0x00, 0x00, 0x00, 0x00, 0x00, 0x00,
	0x00, 0x00, 0x00, 0x00, 0x00, 0x00, 0x00, 0x00, 0x00, 0x00, 0x00, 0x00,
	0x00, 0x00, 0x00, 0x00, 0x00, 0x00, 0x00, 0x00, 0x00, 0x00, 0x00, 0x00,
	0x00, 0x00, 0x00, 0x00, 0x00, 0x00, 0x00, 0x00, 0x00, 0x00, 0x00, 0x00,
	0x00, 0x00, 0x00, 0x00, 0x00, 0x00, 0x00, 0x00, 0x00, 0x00, 0x00, 0x00,
	0x00, 0x00, 0x00, 0x00, 0x00, 0x00, 0x00, 0x00, 0x00, 0x00, 0x00, 0x00,
	0x00, 0x00, 0x00, 0x00, 0x00, 0x00, 0x00, 0x00, 0x00, 0x00, 0x00, 0x00,
	0x00, 0x00, 0x00, 0x00, 0x00, 0x00, 0x00, 0x00, 0x00, 0x00, 0x00, 0x00,
	0x00, 0x00, 0x00, 0x0C, 0x00, 0x00, 0x00, 0x00, 0x02, 0xB0, 0x00, 0x00,
	0x00, 0x00, 0x00, 0x00, 0x00, 0x38, 0x00, 0x00, 0x00, 0x63, 0x00, 0x00,
	0x00, 0x63, 0x00, 0x00, 0x00, 0x01, 0x00, 0x00, 0x27, 0x14, 0x00, 0x00,
	0x27, 0x14, 0x00, 0x00, 0x00, 0x02, 0x00, 0x00, 0x27, 0x15, 0x00, 0x00,
	0x27, 0x15, 0x00, 0x00, 0x00, 0x03, 0x00, 0x00, 0xE0, 0x4E, 0x00, 0x00,
	0xE0, 0x4E, 0x00, 0x00, 0x00, 0x04, 0x00, 0x00, 0xE0, 0x53, 0x00, 0x00,
	0xE0, 0x53, 0x00, 0x00, 0x00, 0x05, 0x00, 0x00, 0xE0, 0x6D, 0x00, 0x00,
	0xE0, 0x6D, 0x00, 0x00, 0x00, 0x06, 0x00, 0x00, 0xE0, 0x6F, 0x00, 0x00,
	0xE0, 0x6F, 0x00, 0x00, 0x00, 0x07, 0x00, 0x00, 0xE0, 0x9C, 0x00, 0x00,
	0xE0, 0x9C, 0x00, 0x00, 0x00, 0x08, 0x00, 0x00, 0xE0, 0xB2, 0x00, 0x00,
	0xE0, 0xB2, 0x00, 0x00, 0x00, 0x09, 0x00, 0x00, 0xE0, 0xB7, 0x00, 0x00,
	0xE0, 0xB7, 0x00, 0x00, 0x00, 0x0A, 0x00, 0x00, 0xE0, 0xCD, 0x00, 0x00,
	0xE0, 0xCD, 0x00, 0x00, 0x00, 0x0B, 0x00, 0x00, 0xE1, 0x02, 0x00, 0x00,
	0xE1, 0x02, 0x00, 0x00, 0x00, 0x0C, 0x00, 0x00, 0xE8, 0x04, 0x00, 0x00,
	0xE8, 0x04, 0x00, 0x00, 0x00, 0x0D, 0x00, 0x00, 0xE8, 0x6B, 0x00, 0x00,
	0xE8, 0x6B, 0x00, 0x00, 0x00, 0x0E, 0x00, 0x00, 0xE9, 0x12, 0x00, 0x00,
	0xE9, 0x12, 0x00, 0x00, 0x00, 0x0F, 0x00, 0x00, 0xE9, 0xC8, 0x00, 0x00,
	0xE9, 0xC8, 0x00, 0x00, 0x00, 0x10, 0x00, 0x00, 0xE9, 0xCC, 0x00, 0x00,
	0xE9, 0xCC, 0x00, 0x00, 0x00, 0x11, 0x00, 0x00, 0xE9, 0xCD, 0x00, 0x00,
	0xE9, 0xCD, 0x00, 0x00, 0x00, 0x12, 0x00, 0x00, 0xEA, 0x38, 0x00, 0x00,
	0xEA, 0x38, 0x00, 0x00, 0x00, 0x13, 0x00, 0x00, 0xEA, 0x3D, 0x00, 0x00,
	0xEA, 0x3D, 0x00, 0x00, 0x00, 0x14, 0x00, 0x00, 0xEA, 0x44, 0x00, 0x00,
	0xEA, 0x44, 0x00, 0x00, 0x00, 0x15, 0x00, 0x00, 0xEA, 0x51, 0x00, 0x00,
	0xEA, 0x51, 0x00, 0x00, 0x00, 0x16, 0x00, 0x00, 0xEA, 0x67, 0x00, 0x00,
	0xEA, 0x67, 0x00, 0x00, 0x00, 0x17, 0x00, 0x00, 0xEA, 0x69, 0x00, 0x00,
	0xEA, 0x69, 0x00, 0x00, 0x00, 0x18, 0x00, 0x00, 0xEA, 0x6C, 0x00, 0x00,
	0xEA, 0x6C, 0x00, 0x00, 0x00, 0x19, 0x00, 0x00, 0xEA, 0x8A, 0x00, 0x00,
	0xEA, 0x8A, 0x00, 0x00, 0x00, 0x1A, 0x00, 0x00, 0xEA, 0x8B, 0x00, 0x00,
	0xEA, 0x8B, 0x00, 0x00, 0x00, 0x1B, 0x00, 0x00, 0xEA, 0x8C, 0x00, 0x00,
	0xEA, 0x8C, 0x00, 0x00, 0x00, 0x1C, 0x00, 0x00, 0xEA, 0x8D, 0x00, 0x00,
	0xEA, 0x8D, 0x00, 0x00, 0x00, 0x1D, 0x00, 0x00, 0xEA, 0xBA, 0x00, 0x00,
	0xEA, 0xBA, 0x00, 0x00, 0x00, 0x1E, 0x00, 0x00, 0xEA, 0xC9, 0x00, 0x00,
	0xEA, 0xC9, 0x00, 0x00, 0x00, 0x1F, 0x00, 0x00, 0xEA, 0xD1, 0x00, 0x00,
	0xEA, 0xD1, 0x00, 0x00, 0x00, 0x20, 0x00, 0x00, 0xEA, 0xD6, 0x00, 0x00,
	0xEA, 0xD6, 0x00, 0x00, 0x00, 0x21, 0x00, 0x00, 0xEA, 0xE3, 0x00, 0x00,
	0xEA, 0xE3, 0x00, 0x00, 0x00, 0x22, 0x00, 0x00, 0xEA, 0xE4, 0x00, 0x00,
	0xEA, 0xE4, 0x00, 0x00, 0x00, 0x23, 0x00, 0x00, 0xEA, 0xEE, 0x00, 0x00,
	0xEA, 0xEE, 0x00, 0x00, 0x00, 0x24, 0x00, 0x00, 0xEB, 0x0F, 0x00, 0x00,
	0xEB, 0x0F, 0x00, 0x00, 0x00, 0x25, 0x00, 0x00, 0xEB, 0x10, 0x00, 0x00,
	0xEB, 0x10, 0x00, 0x00, 0x00, 0x26, 0x00, 0x00, 0xEB, 0x25, 0x00, 0x00,
	0xEB, 0x25, 0x00, 0x00, 0x00, 0x27, 0x00, 0x00, 0xEB, 0x2B, 0x00, 0x00,
	0xEB, 0x2B, 0x00, 0x00, 0x00, 0x28, 0x00, 0x00, 0xEB, 0x2C, 0x00, 0x00,
	0xEB, 0x2C, 0x00, 0x00, 0x00, 0x29, 0x00, 0x00, 0xEB, 0x47, 0x00, 0x00,
	0xEB, 0x47, 0x00, 0x00, 0x00, 0x2A, 0x00, 0x00, 0xEB, 0x7A, 0x00, 0x00,
	0xEB, 0x7A, 0x00, 0x00, 0x00, 0x2B, 0x00, 0x00, 0xEB, 0x92, 0x00, 0x00,
	0xEB, 0x92, 0x00, 0x00, 0x00, 0x2C, 0x00, 0x00, 0xEB, 0xD1, 0x00, 0x00,
	0xEB, 0xD1, 0x00, 0x00, 0x00, 0x2D, 0x00, 0x00, 0xEC, 0x1B, 0x00, 0x00,
	0xEC, 0x1B, 0x00, 0x00, 0x00, 0x2E, 0x00, 0x00, 0xEC, 0x38, 0x00, 0x00,
	0xEC, 0x38, 0x00, 0x00, 0x00, 0x2F, 0x00, 0x00, 0xEC, 0x44, 0x00, 0x00,
	0xEC, 0x44, 0x00, 0x00, 0x00, 0x30, 0x00, 0x00, 0xEC, 0x7C, 0x00, 0x00,
	0xEC, 0x7C, 0x00, 0x00, 0x00, 0x31, 0x00, 0x00, 0xEC, 0x7D, 0x00, 0x00,
	0xEC, 0x7D, 0x00, 0x00, 0x00, 0x32, 0x00, 0x00, 0xF0, 0x2E, 0x00, 0x00,
	0xF0, 0x2E, 0x00, 0x00, 0x00, 0x33, 0x00, 0x00, 0xF0, 0x82, 0x00, 0x00,
	0xF0, 0x82, 0x00, 0x00, 0x00, 0x34, 0x00, 0x00, 0xF1, 0x1C, 0x00, 0x00,
	0xF1, 0x1C, 0x00, 0x00, 0x00, 0x35, 0x00, 0x00, 0xF1, 0x21, 0x00, 0x00,
	0xF1, 0x21, 0x00, 0x00, 0x00, 0x36, 0x00, 0x00, 0xF2, 0x1B, 0x00, 0x00,
	0xF2, 0x1B, 0x00, 0x00, 0x00, 0x37, 0x00, 0x00, 0xF5, 0x0D, 0x00, 0x00,
	0xF5, 0x0D, 0x00, 0x00, 0x00, 0x38, 0x00, 0x00, 0x00, 0x02, 0xFF, 0xFD,
	0xFF, 0xD7, 0x02, 0xD1, 0x02, 0xE5, 0x00, 0x47, 0x00, 0x51, 0x00, 0x2D,
	0x40, 0x2A, 0x04, 0x01, 0x02, 0x00, 0x03, 0x00, 0x02, 0x03, 0x80, 0x00,
	0x03, 0x01, 0x00, 0x03, 0x01, 0x7E, 0x00, 0x00, 0x00, 0x0E, 0x4D, 0x00,
	0x01, 0x01, 0x0F, 0x01, 0x4E, 0x49, 0x48, 0x4E, 0x4C, 0x48, 0x51, 0x49,
	0x51, 0x45, 0x42, 0x21, 0x1E, 0x05, 0x07, 0x16, 0x2B, 0x37, 0x2E, 0x01,
	0x0F, 0x01, 0x06, 0x26, 0x2F, 0x01, 0x26, 0x36, 0x3F, 0x01, 0x36, 0x34,
	0x2F, 0x01, 0x2E, 0x01, 0x3F, 0x01, 0x3E, 0x01, 0x1F, 0x01, 0x16, 0x36,
	0x3F, 0x01, 0x3E, 0x01, 0x3B, 0x01, 0x32, 0x16, 0x1F, 0x01, 0x1E, 0x01,
	0x3F, 0x01, 0x36, 0x16, 0x1F, 0x01, 0x16, 0x06, 0x0F, 0x01, 0x06, 0x16,
	0x1F, 0x01, 0x1E, 0x01, 0x0F, 0x01, 0x0E, 0x01, 0x2F, 0x01, 0x26, 0x06,
	0x0F, 0x01, 0x0E, 0x01, 0x07, 0x23, 0x22, 0x26, 0x27, 0x13, 0x22, 0x06,
	0x1E, 0x01, 0x37, 0x32, 0x36, 0x34, 0x26, 0xFA, 0x05, 0x26, 0x15, 0x4C,
	0x15, 0x2E, 0x09, 0x1B, 0x0A, 0x08, 0x0F, 0x38, 0x0F, 0x0F, 0x38, 0x10,
	0x06, 0x0B, 0x19, 0x0A, 0x2C, 0x16, 0x4C, 0x15, 0x26, 0x05, 0x13, 0x06,
	0x26, 0x15, 0x33, 0x15, 0x26, 0x06, 0x14, 0x06, 0x24, 0x14, 0x4D, 0x15,
	0x2C, 0x0B, 0x1A, 0x0A, 0x08, 0x0E, 0x39, 0x10, 0x02, 0x0E, 0x39, 0x0F,
	0x06, 0x09, 0x1A, 0x0A, 0x2E, 0x14, 0x4D, 0x14, 0x24, 0x06, 0x14, 0x06,
	0x26, 0x15, 0x33, 0x16, 0x24, 0x07, 0x5B, 0x2C, 0x3E, 0x02, 0x3A, 0x2E,
	0x2A, 0x3E, 0x3E, 0x57, 0x14, 0x16, 0x06, 0x16, 0x07, 0x14, 0x12, 0x2D,
	0x13, 0x2E, 0x10, 0x37, 0x0F, 0x2A, 0x10, 0x37, 0x0F, 0x2E, 0x14, 0x2E,
	0x13, 0x12, 0x07, 0x15, 0x06, 0x16, 0x14, 0x4C, 0x16, 0x1E, 0x1E, 0x16,
	0x4C, 0x15, 0x14, 0x05, 0x15, 0x06, 0x10, 0x14, 0x2E, 0x13, 0x30, 0x0E,
	0x37, 0x0F, 0x2C, 0x0E, 0x37, 0x0F, 0x30, 0x12, 0x2D, 0x13, 0x12, 0x06,
	0x16, 0x05, 0x14, 0x15, 0x4E, 0x15, 0x1C, 0x01, 0x1E, 0x14, 0x01, 0xBC,
	0x3E, 0x54, 0x3E, 0x01, 0x3C, 0x56, 0x3E, 0x00, 0x00, 0x02, 0x00, 0x00,
	0xFF, 0x9F, 0x03, 0x8F, 0x03, 0x1D, 0x00, 0x29, 0x00, 0x32, 0x00, 0x44,
	0x40, 0x41, 0x25, 0x24, 0x23, 0x1C, 0x1B, 0x1A, 0x06, 0x03, 0x01, 0x29,
	0x26, 0x19, 0x17, 0x16, 0x10, 0x03, 0x00, 0x08, 0x02, 0x03, 0x0F, 0x0E,
	0x0D, 0x06, 0x05, 0x04, 0x06, 0x00, 0x02, 0x03, 0x4C, 0x00, 0x01, 0x03,
	0x01, 0x85, 0x00, 0x03, 0x02, 0x03, 0x85, 0x04, 0x01, 0x02, 0x00, 0x02,
	0x85, 0x00, 0x00, 0x00, 0x76, 0x2B, 0x2A, 0x2F, 0x2E, 0x2A, 0x32, 0x2B,
	0x32, 0x20, 0x1F, 0x19, 0x05, 0x07, 0x17, 0x2B, 0x01, 0x07, 0x06, 0x07,
	0x17, 0x07, 0x27, 0x06, 0x0F, 0x01, 0x23, 0x27, 0x26, 0x27, 0x07, 0x27,
	0x37, 0x26, 0x2F, 0x01, 0x26, 0x2F, 0x01, 0x35, 0x3F, 0x01, 0x27, 0x37,
	0x17, 0x36, 0x3F, 0x01, 0x33, 0x17, 0x16, 0x17, 0x37, 0x17, 0x07, 0x16,
	0x1F, 0x01, 0x05, 0x32, 0x36, 0x34, 0x2E, 0x01, 0x06, 0x1E, 0x01, 0x03,
	0x8F, 0x85, 0x08, 0x04, 0x37, 0x4F, 0x87, 0x09, 0x16, 0x37, 0x70, 0x38,
	0x0B, 0x16, 0x84, 0x4E, 0x35, 0x01, 0x03, 0x06, 0x03, 0x01, 0x83, 0x83,
	0x0E, 0x36, 0x4E, 0x85, 0x16, 0x0B, 0x37, 0x70, 0x38, 0x0E, 0x11, 0x85,
	0x50, 0x36, 0x06, 0x06, 0x85, 0xFE, 0x41, 0x45, 0x62, 0x62, 0x8A, 0x64,
	0x02, 0x60, 0x01, 0x27, 0x38, 0x16, 0x09, 0x85, 0x4F, 0x35, 0x04, 0x08,
	0x86, 0x85, 0x04, 0x09, 0x37, 0x4F, 0x86, 0x03, 0x06, 0x0C, 0x06, 0x05,
	0x37, 0x70, 0x38, 0x21, 0x84, 0x4F, 0x36, 0x09, 0x04, 0x84, 0x84, 0x05,
	0x08, 0x37, 0x4F, 0x87, 0x0C, 0x12, 0x38, 0xDF, 0x60, 0x8C, 0x62, 0x02,
	0x66, 0x88, 0x64, 0x00, 0x00, 0x03, 0x00, 0x00, 0xFF, 0x9F, 0x03, 0x90,
	0x03, 0x1D, 0x00, 0x05, 0x00, 0x14, 0x00, 0x1D, 0x00, 0x43, 0x40, 0x40,
	0x10, 0x01, 0x02, 0x03, 0x0D, 0x01, 0x02, 0x01, 0x02, 0x02, 0x4C, 0x0F,
	0x0E, 0x03, 0x02, 0x04, 0x01, 0x49, 0x04, 0x01, 0x00, 0x00, 0x03, 0x02,
	0x00, 0x03, 0x69, 0x05, 0x01, 0x02, 0x01, 0x01, 0x02, 0x59, 0x05, 0x01,
	0x02, 0x02, 0x01, 0x61, 0x00, 0x01, 0x02, 0x01, 0x51, 0x16, 0x15, 0x07,
	0x06, 0x1A, 0x19, 0x15, 0x1D, 0x16, 0x1D, 0x0C, 0x0A, 0x06, 0x14, 0x07,
	0x14, 0x06, 0x07, 0x16, 0x2B, 0x25, 0x17, 0x07, 0x27, 0x3E, 0x01, 0x01,
	0x32, 0x16, 0x02, 0x06, 0x27, 0x22, 0x27, 0x03, 0x27, 0x25, 0x26, 0x35,
	0x34, 0x36, 0x13, 0x32, 0x36, 0x34, 0x2E, 0x01, 0x06, 0x1E, 0x01, 0x01,
	0x4F, 0x19, 0x9E, 0x1B, 0x10, 0x74, 0x01, 0x11, 0x88, 0xC4, 0x02, 0xC0,
	0x8A, 0x40, 0x3B, 0xFF, 0xB8, 0x01, 0x00, 0x1A, 0xC4, 0x88, 0x5B, 0x80,
	0x80, 0xB6, 0x82, 0x02, 0x7E, 0xF6, 0x19, 0xA0, 0x1B, 0x0F, 0x74, 0x02,
	0x42, 0xC2, 0xFE, 0xEE, 0xC2, 0x01, 0x18, 0xFE, 0xFF, 0xB9, 0xFF, 0x3F,
	0x3C, 0x89, 0xC2, 0xFD, 0xD9, 0x80, 0xB8, 0x7E, 0x02, 0x82, 0xB4, 0x84,
	0x00, 0x02, 0x00, 0x00, 0xFF, 0xF0, 0x02, 0xDA, 0x02, 0xCC, 0x00, 0x08,
	0x00, 0x30, 0x00, 0x50, 0x40, 0x4D, 0x2A, 0x09, 0x02, 0x07, 0x01, 0x1D,
	0x16, 0x02, 0x00, 0x04, 0x02, 0x4C, 0x00, 0x01, 0x07, 0x01, 0x85, 0x00,
	0x07, 0x02, 0x07, 0x85, 0x00, 0x04, 0x03, 0x00, 0x03, 0x04, 0x00, 0x80,
	0x08, 0x01, 0x00, 0x00, 0x84, 0x06, 0x01, 0x02, 0x03, 0x03, 0x02, 0x57,
	0x06, 0x01, 0x02, 0x02, 0x03, 0x5F, 0x05, 0x01, 0x03, 0x02, 0x03, 0x4F,
	0x01, 0x00, 0x2E, 0x2D, 0x27, 0x26, 0x22, 0x20, 0x1A, 0x19, 0x13, 0x12,
	0x0E, 0x0C, 0x05, 0x04, 0x00, 0x08, 0x01, 0x08, 0x09, 0x07, 0x16, 0x2B,
	0x05, 0x22, 0x26, 0x10, 0x36, 0x24, 0x16, 0x02, 0x06, 0x03, 0x0E, 0x01,
	0x07, 0x33, 0x32, 0x16, 0x14, 0x06, 0x27, 0x23, 0x1E, 0x01, 0x17, 0x35,
	0x34, 0x3E, 0x01, 0x16, 0x17, 0x15, 0x3E, 0x01, 0x37, 0x23, 0x22, 0x26,
	0x3E, 0x01, 0x37, 0x33, 0x2E, 0x01, 0x27, 0x15, 0x14, 0x06, 0x22, 0x26,
	0x37, 0x01, 0x6D, 0x97, 0xD6, 0xD6, 0x01, 0x2E, 0xD6, 0x02, 0xD2, 0xCD,
	0x4E, 0x6C, 0x11, 0x63, 0x15, 0x1E, 0x1E, 0x15, 0x63, 0x10, 0x6E, 0x4D,
	0x1E, 0x2C, 0x1C, 0x01, 0x4D, 0x6E, 0x11, 0x63, 0x15, 0x20, 0x02, 0x1C,
	0x17, 0x63, 0x10, 0x6E, 0x4E, 0x1E, 0x2A, 0x20, 0x01, 0x0E, 0xD4, 0x01,
	0x30, 0xD4, 0x02, 0xD8, 0xFE, 0xD4, 0xD8, 0x02, 0x6D, 0x11, 0x6C, 0x4E,
	0x20, 0x28, 0x22, 0x02, 0x4D, 0x6E, 0x10, 0x62, 0x16, 0x1E, 0x02, 0x22,
	0x14, 0x62, 0x10, 0x6E, 0x4D, 0x1E, 0x2C, 0x1C, 0x02, 0x4C, 0x6E, 0x11,
	0x63, 0x15, 0x1E, 0x1E, 0x15, 0x00, 0x00, 0x00, 0x00, 0x02, 0x00, 0x00,
	0xFF, 0xE3, 0x02, 0xA6, 0x02, 0xDA, 0x00, 0x18, 0x00, 0x25, 0x00, 0x92,
	0x4B, 0xB0, 0x29, 0x50, 0x58, 0x40, 0x22, 0x03, 0x01, 0x01, 0x05, 0x04,
	0x05, 0x01, 0x04, 0x80, 0x07, 0x01, 0x04, 0x00, 0x05, 0x04, 0x00, 0x7E,
	0x00, 0x05, 0x05, 0x0E, 0x4D, 0x06, 0x01, 0x00, 0x00, 0x02, 0x61, 0x00,
	0x02, 0x02, 0x0F, 0x02, 0x4E, 0x1B, 0x4B, 0xB0, 0x2E, 0x50, 0x58, 0x40,
	0x1F, 0x03, 0x01, 0x01, 0x05, 0x04, 0x05, 0x01, 0x04, 0x80, 0x07, 0x01,
	0x04, 0x00, 0x05, 0x04, 0x00, 0x7E, 0x06, 0x01, 0x00, 0x00, 0x02, 0x00,
	0x02, 0x65, 0x00, 0x05, 0x05, 0x0E, 0x05, 0x4E, 0x1B, 0x40, 0x23, 0x00,
	0x05, 0x01, 0x05, 0x85, 0x03, 0x01, 0x01, 0x04, 0x01, 0x85, 0x07, 0x01,
	0x04, 0x00, 0x04, 0x85, 0x06, 0x01, 0x00, 0x02, 0x02, 0x00, 0x59, 0x06,
	0x01, 0x00, 0x00, 0x02, 0x61, 0x00, 0x02, 0x00, 0x02, 0x51, 0x59, 0x59,
	0x40, 0x17, 0x1A, 0x19, 0x01, 0x00, 0x20, 0x1F, 0x19, 0x25, 0x1A, 0x25,
	0x12, 0x11, 0x0D, 0x0C, 0x08, 0x07, 0x00, 0x18, 0x01, 0x18, 0x08, 0x07,
	0x16, 0x2B, 0x25, 0x32, 0x3E, 0x01, 0x27, 0x26, 0x34, 0x36, 0x32, 0x17,
	0x16, 0x10, 0x06, 0x20, 0x26, 0x10, 0x37, 0x36, 0x32, 0x16, 0x14, 0x07,
	0x06, 0x14, 0x16, 0x13, 0x22, 0x26, 0x35, 0x11, 0x34, 0x36, 0x32, 0x16,
	0x15, 0x11, 0x14, 0x06, 0x01, 0x53, 0x5F, 0x8A, 0x01, 0x45, 0x0F, 0x1E,
	0x2C, 0x0F, 0x64, 0xC7, 0xFE, 0xE7, 0xC6, 0x63, 0x0F, 0x2C, 0x1E, 0x0F,
	0x45, 0x8A, 0x61, 0x15, 0x20, 0x20, 0x2A, 0x1E, 0x1E, 0x4B, 0x8A, 0xC2,
	0x45, 0x0F, 0x2A, 0x1E, 0x0F, 0x64, 0xFE, 0xEA, 0xC7, 0xC6, 0x01, 0x19,
	0x62, 0x0F, 0x1E, 0x2A, 0x0F, 0x45, 0xC2, 0x8A, 0x01, 0x23, 0x1E, 0x15,
	0x01, 0x05, 0x16, 0x1E, 0x1E, 0x16, 0xFE, 0xFB, 0x15, 0x1E, 0x00, 0x00,
	0x00, 0x02, 0xFF, 0xFF, 0xFF, 0xF1, 0x04, 0x11, 0x02, 0xCB, 0x00, 0x13,
	0x00, 0x2C, 0x00, 0x4A, 0x40, 0x47, 0x22, 0x07, 0x02, 0x02, 0x04, 0x01,
	0x4C, 0x00, 0x04, 0x05, 0x02, 0x05, 0x04, 0x02, 0x80, 0x07, 0x01, 0x02,
	0x03, 0x05, 0x02, 0x03, 0x7E, 0x00, 0x01, 0x00, 0x05, 0x04, 0x01, 0x05,
	0x69, 0x00, 0x03, 0x00, 0x00, 0x03, 0x57, 0x00, 0x03, 0x03, 0x00, 0x5F,
	0x06, 0x01, 0x00, 0x03, 0x00, 0x4F, 0x15, 0x14, 0x02, 0x00, 0x27, 0x25,
	0x20, 0x1E, 0x1B, 0x18, 0x14, 0x2C, 0x15, 0x2C, 0x0C, 0x0A, 0x00, 0x13,
	0x02, 0x13, 0x08, 0x07, 0x16, 0x2B, 0x05, 0x21, 0x22, 0x26, 0x37, 0x34,
	0x36, 0x37, 0x35, 0x34, 0x36, 0x33, 0x32, 0x16, 0x17, 0x36, 0x16, 0x17,
	0x14, 0x06, 0x01, 0x22, 0x06, 0x14, 0x16, 0x17, 0x21, 0x32, 0x36, 0x34,
	0x26, 0x07, 0x22, 0x0F, 0x01, 0x27, 0x2E, 0x01, 0x07, 0x22, 0x06, 0x17,
	0x14, 0x1F, 0x01, 0x03, 0x0D, 0xFD, 0xC4, 0x56, 0x7C, 0x01, 0x58, 0x44,
	0xB8, 0x81, 0x64, 0xA0, 0x22, 0x73, 0xA2, 0x01, 0x98, 0xFD, 0x53, 0x28,
	0x3C, 0x3C, 0x2D, 0x02, 0x3C, 0x41, 0x5C, 0x5C, 0x41, 0x12, 0x18, 0x38,
	0x09, 0x0E, 0x72, 0x4D, 0x56, 0x7C, 0x01, 0x05, 0x0D, 0x0F, 0x7A, 0x57,
	0x48, 0x70, 0x11, 0x08, 0x82, 0xB6, 0x74, 0x5E, 0x09, 0x9A, 0x72, 0x6B,
	0x9A, 0x01, 0x3A, 0x3E, 0x56, 0x3C, 0x01, 0x5C, 0x80, 0x5E, 0x01, 0x08,
	0x10, 0x39, 0x4B, 0x64, 0x01, 0x7A, 0x55, 0x0F, 0x1C, 0x3E, 0x00, 0x00,
	0x00, 0x04, 0xFF, 0xFF, 0xFF, 0xA1, 0x03, 0x75, 0x03, 0x1D, 0x00, 0x08,
	0x00, 0x11, 0x00, 0x39, 0x00, 0x55, 0x00, 0x80, 0x40, 0x7D, 0x46, 0x41,
	0x36, 0x2F, 0x04, 0x09, 0x03, 0x48, 0x3F, 0x02, 0x0A, 0x09, 0x4D, 0x01,
	0x06, 0x0B, 0x54, 0x4F, 0x22, 0x1B, 0x04, 0x02, 0x06, 0x04, 0x4C, 0x08,
	0x0E, 0x02, 0x04, 0x0A, 0x05, 0x0A, 0x04, 0x05, 0x80, 0x07, 0x01, 0x05,
	0x0B, 0x0A, 0x05, 0x0B, 0x7E, 0x0C, 0x01, 0x00, 0x00, 0x03, 0x09, 0x00,
	0x03, 0x69, 0x00, 0x09, 0x00, 0x0A, 0x04, 0x09, 0x0A, 0x69, 0x00, 0x0B,
	0x00, 0x06, 0x02, 0x0B, 0x06, 0x69, 0x0D, 0x01, 0x02, 0x01, 0x01, 0x02,
	0x59, 0x0D, 0x01, 0x02, 0x02, 0x01, 0x61, 0x00, 0x01, 0x02, 0x01, 0x51,
	0x13, 0x12, 0x0A, 0x09, 0x01, 0x00, 0x52, 0x51, 0x44, 0x43, 0x33, 0x32,
	0x2C, 0x2A, 0x27, 0x25, 0x1F, 0x1E, 0x18, 0x16, 0x12, 0x39, 0x13, 0x39,
	0x0E, 0x0D, 0x09, 0x11, 0x0A, 0x11, 0x05, 0x04, 0x00, 0x08, 0x01, 0x08,
	0x0F, 0x07, 0x16, 0x2B, 0x01, 0x32, 0x00, 0x10, 0x00, 0x04, 0x00, 0x12,
	0x00, 0x13, 0x32, 0x36, 0x10, 0x26, 0x24, 0x06, 0x12, 0x16, 0x01, 0x22,
	0x06, 0x1E, 0x01, 0x3B, 0x01, 0x0E, 0x01, 0x07, 0x35, 0x34, 0x2E, 0x01,
	0x06, 0x17, 0x15, 0x2E, 0x01, 0x27, 0x33, 0x32, 0x36, 0x34, 0x26, 0x2B,
	0x01, 0x3E, 0x01, 0x37, 0x15, 0x14, 0x1E, 0x01, 0x36, 0x37, 0x35, 0x1E,
	0x01, 0x17, 0x07, 0x2E, 0x01, 0x34, 0x36, 0x37, 0x26, 0x27, 0x0E, 0x01,
	0x22, 0x26, 0x27, 0x06, 0x07, 0x1E, 0x02, 0x06, 0x07, 0x16, 0x17, 0x3E,
	0x01, 0x32, 0x16, 0x17, 0x36, 0x01, 0xBB, 0xB6, 0x01, 0x04, 0xFE, 0xFC,
	0xFE, 0x94, 0xFE, 0xFA, 0x02, 0x01, 0x02, 0xB8, 0x8C, 0xC6, 0xC6, 0xFE,
	0xE8, 0xC8, 0x02, 0xC4, 0x01, 0x44, 0x15, 0x20, 0x02, 0x1C, 0x17, 0x2E,
	0x0F, 0x60, 0x41, 0x20, 0x28, 0x22, 0x01, 0x41, 0x5E, 0x10, 0x2D, 0x15,
	0x20, 0x20, 0x15, 0x2D, 0x0F, 0x60, 0x40, 0x20, 0x2A, 0x1E, 0x01, 0x41,
	0x60, 0x0F, 0x4D, 0x21, 0x28, 0x28, 0x21, 0x15, 0x20, 0x0A, 0x36, 0x44,
	0x38, 0x09, 0x1F, 0x16, 0x21, 0x28, 0x02, 0x2C, 0x1F, 0x13, 0x22, 0x0A,
	0x36, 0x46, 0x34, 0x0B, 0x22, 0x03, 0x19, 0xFE, 0xFC, 0xFE, 0x92, 0xFE,
	0xFE, 0x04, 0x01, 0x0A, 0x01, 0x66, 0x01, 0x0C, 0xFC, 0xF0, 0xC4, 0x01,
	0x1A, 0xC4, 0x04, 0xCC, 0xFE, 0xEE, 0xCC, 0x01, 0x8A, 0x20, 0x2A, 0x1E,
	0x42, 0x60, 0x0E, 0x2D, 0x15, 0x1E, 0x02, 0x22, 0x13, 0x2D, 0x0F, 0x5E,
	0x43, 0x1E, 0x2A, 0x20, 0x42, 0x5E, 0x10, 0x2E, 0x16, 0x1E, 0x02, 0x22,
	0x14, 0x2E, 0x0F, 0x60, 0x41, 0x98, 0x0A, 0x38, 0x42, 0x38, 0x0A, 0x1F,
	0x15, 0x20, 0x28, 0x28, 0x20, 0x15, 0x1F, 0x0A, 0x38, 0x42, 0x38, 0x0A,
	0x1E, 0x15, 0x21, 0x28, 0x28, 0x21, 0x15, 0x00, 0x00, 0x01, 0x00, 0x00,
	0xFF, 0xF4, 0x03, 0x6B, 0x02, 0xC8, 0x00, 0x05, 0x00, 0x06, 0xB3, 0x05,
	0x01, 0x01, 0x32, 0x2B, 0x09, 0x02, 0x37, 0x17, 0x01, 0x03, 0x6B, 0xFD,
	0xE9, 0xFE, 0xAC, 0x7B, 0xC4, 0x01, 0xA4, 0x02, 0x4C, 0xFD, 0xA8, 0x01,
	0x52, 0x7C, 0xC3, 0x01, 0xC9, 0x00, 0x00, 0x00, 0x00, 0x02, 0x00, 0x00,
	0xFF, 0xE1, 0x02, 0xF8, 0x02, 0xDB, 0x00, 0x21, 0x00, 0x31, 0x00, 0x52,
	0xB6, 0x11, 0x06, 0x02, 0x00, 0x03, 0x01, 0x4C, 0x4B, 0xB0, 0x32, 0x50,
	0x58, 0x40, 0x18, 0x00, 0x03, 0x00, 0x00, 0x01, 0x03, 0x00, 0x69, 0x00,
	0x04, 0x04, 0x02, 0x61, 0x00, 0x02, 0x02, 0x0E, 0x4D, 0x00, 0x01, 0x01,
	0x0F, 0x01, 0x4E, 0x1B, 0x40, 0x1D, 0x00, 0x01, 0x00, 0x01, 0x86, 0x00,
	0x02, 0x00, 0x04, 0x03, 0x02, 0x04, 0x69, 0x00, 0x03, 0x00, 0x00, 0x03,
	0x59, 0x00, 0x03, 0x03, 0x00, 0x61, 0x00, 0x00, 0x03, 0x00, 0x51, 0x59,
	0xB7, 0x15, 0x2B, 0x1D, 0x25, 0x22, 0x05, 0x07, 0x1B, 0x2B, 0x01, 0x0E,
	0x01, 0x23, 0x22, 0x26, 0x27, 0x0F, 0x01, 0x06, 0x23, 0x22, 0x26, 0x35,
	0x34, 0x3F, 0x02, 0x2E, 0x01, 0x35, 0x34, 0x37, 0x3E, 0x01, 0x32, 0x17,
	0x16, 0x17, 0x16, 0x15, 0x14, 0x07, 0x06, 0x25, 0x1E, 0x01, 0x33, 0x32,
	0x3E, 0x01, 0x34, 0x2E, 0x01, 0x22, 0x0E, 0x01, 0x15, 0x14, 0x16, 0x02,
	0xA8, 0x29, 0x66, 0x36, 0x31, 0x5D, 0x28, 0x33, 0x82, 0x15, 0x18, 0x1E,
	0x2D, 0x0F, 0x81, 0x7E, 0x20, 0x22, 0x27, 0x25, 0x80, 0x95, 0x40, 0x3F,
	0x26, 0x26, 0x14, 0x14, 0xFE, 0x99, 0x19, 0x40, 0x21, 0x2D, 0x4F, 0x2E,
	0x2F, 0x4E, 0x5B, 0x4F, 0x2F, 0x1A, 0x01, 0x00, 0x29, 0x2A, 0x22, 0x20,
	0x7D, 0x82, 0x0F, 0x2F, 0x1E, 0x1A, 0x13, 0x82, 0x33, 0x26, 0x5E, 0x32,
	0x4B, 0x40, 0x3F, 0x4B, 0x27, 0x25, 0x3F, 0x41, 0x4A, 0x38, 0x32, 0x34,
	0x24, 0x18, 0x1A, 0x2E, 0x4F, 0x5D, 0x4E, 0x2E, 0x2F, 0x4E, 0x2D, 0x22,
	0x40, 0x00, 0x00, 0x00, 0x00, 0x02, 0x00, 0x00, 0xFF, 0xA2, 0x03, 0xA9,
	0x03, 0x1A, 0x00, 0x30, 0x00, 0x39, 0x00, 0x47, 0x40, 0x44, 0x02, 0x01,
	0x02, 0x01, 0x2F, 0x01, 0x04, 0x02, 0x1F, 0x01, 0x03, 0x04, 0x03, 0x4C,
	0x10, 0x0E, 0x09, 0x07, 0x04, 0x00, 0x4A, 0x29, 0x27, 0x21, 0x03, 0x03,
	0x49, 0x00, 0x00, 0x00, 0x05, 0x01, 0x00, 0x05, 0x69, 0x00, 0x01, 0x00,
	0x02, 0x04, 0x01, 0x02, 0x69, 0x00, 0x04, 0x03, 0x03, 0x04, 0x59, 0x00,
	0x04, 0x04, 0x03, 0x61, 0x00, 0x03, 0x04, 0x03, 0x51, 0x13, 0x1E, 0x29,
	0x14, 0x18, 0x1B, 0x06, 0x07, 0x1C, 0x2B, 0x11, 0x34, 0x37, 0x16, 0x3E,
	0x01, 0x26, 0x27, 0x36, 0x37, 0x1E, 0x01, 0x3E, 0x01, 0x37, 0x16, 0x17,
	0x06, 0x14, 0x1E, 0x01, 0x33, 0x16, 0x15, 0x14, 0x07, 0x0E, 0x01, 0x07,
	0x06, 0x16, 0x17, 0x06, 0x07, 0x2E, 0x01, 0x23, 0x22, 0x06, 0x07, 0x26,
	0x27, 0x3E, 0x01, 0x27, 0x2E, 0x01, 0x07, 0x26, 0x25, 0x14, 0x16, 0x32,
	0x3E, 0x01, 0x2E, 0x01, 0x06, 0x07, 0x32, 0x5A, 0x32, 0x04, 0x1C, 0x40,
	0x56, 0x17, 0x52, 0x62, 0x50, 0x18, 0x55, 0x41, 0x15, 0x2F, 0x52, 0x2E,
	0x0B, 0x07, 0x2D, 0x4E, 0x18, 0x19, 0x04, 0x18, 0x42, 0x4F, 0x17, 0x52,
	0x31, 0x35, 0x56, 0x15, 0x52, 0x47, 0x1C, 0x04, 0x19, 0x1B, 0x5E, 0x33,
	0x09, 0x01, 0x25, 0x66, 0x94, 0x64, 0x02, 0x68, 0x90, 0x6A, 0x01, 0x60,
	0x26, 0x2D, 0x04, 0x2E, 0x5A, 0x64, 0x29, 0x38, 0x1E, 0x29, 0x32, 0x02,
	0x2E, 0x2B, 0x1E, 0x38, 0x27, 0x5C, 0x51, 0x2E, 0x31, 0x31, 0x20, 0x2A,
	0x01, 0x30, 0x27, 0x2C, 0x60, 0x29, 0x3C, 0x21, 0x2A, 0x32, 0x38, 0x2E,
	0x1A, 0x38, 0x29, 0x64, 0x2D, 0x2E, 0x30, 0x07, 0x29, 0x32, 0x49, 0x66,
	0x66, 0x92, 0x66, 0x02, 0x6A, 0x00, 0x00, 0x00, 0x00, 0x03, 0x00, 0x00,
	0xFF, 0x87, 0x03, 0xAA, 0x03, 0x33, 0x00, 0x10, 0x00, 0x1F, 0x00, 0x37,
	0x00, 0x39, 0x40, 0x36, 0x27, 0x01, 0x05, 0x04, 0x01, 0x4C, 0x00, 0x04,
	0x03, 0x05, 0x03, 0x04, 0x05, 0x80, 0x00, 0x05, 0x02, 0x03, 0x05, 0x02,
	0x7E, 0x00, 0x00, 0x00, 0x03, 0x04, 0x00, 0x03, 0x69, 0x00, 0x02, 0x01,
	0x01, 0x02, 0x59, 0x00, 0x02, 0x02, 0x01, 0x61, 0x00, 0x01, 0x02, 0x01,
	0x51, 0x17, 0x17, 0x25, 0x17, 0x17, 0x14, 0x06, 0x07, 0x1C, 0x2B, 0x11,
	0x34, 0x3E, 0x02, 0x1E, 0x03, 0x0E, 0x04, 0x2E, 0x02, 0x37, 0x14, 0x1E,
	0x01, 0x32, 0x3E, 0x01, 0x34, 0x2E, 0x01, 0x23, 0x22, 0x0E, 0x02, 0x05,
	0x35, 0x34, 0x3E, 0x01, 0x16, 0x17, 0x15, 0x17, 0x16, 0x14, 0x0E, 0x01,
	0x2F, 0x01, 0x2E, 0x01, 0x35, 0x2F, 0x01, 0x22, 0x2F, 0x01, 0x26, 0x4A,
	0x7E, 0xAE, 0xBE, 0xAE, 0x7C, 0x4C, 0x02, 0x48, 0x80, 0xAA, 0xC2, 0xAA,
	0x82, 0x46, 0x73, 0x5E, 0xA2, 0xBF, 0xA2, 0x5E, 0x5E, 0xA2, 0x5F, 0x48,
	0x82, 0x5E, 0x38, 0x01, 0x25, 0x22, 0x32, 0x20, 0x01, 0x8E, 0x11, 0x22,
	0x31, 0x11, 0x9F, 0x01, 0x06, 0x04, 0x01, 0x01, 0x01, 0x02, 0x01, 0x01,
	0x5E, 0x5F, 0xAE, 0x7C, 0x4C, 0x02, 0x48, 0x80, 0xAA, 0xC2, 0xAA, 0x82,
	0x46, 0x04, 0x4E, 0x7A, 0xB2, 0x5D, 0x60, 0xA2, 0x5E, 0x5E, 0xA2, 0xBF,
	0xA2, 0x5E, 0x38, 0x5E, 0x82, 0x47, 0xE0, 0x18, 0x22, 0x02, 0x26, 0x16,
	0xC8, 0x8D, 0x11, 0x32, 0x20, 0x01, 0x11, 0x9E, 0x02, 0x06, 0x01, 0x07,
	0x04, 0x05, 0x05, 0x06, 0x00, 0x07, 0xFF, 0xFF, 0xFF, 0x4A, 0x04, 0x7C,
	0x03, 0x78, 0x00, 0x07, 0x00, 0x0F, 0x00, 0x17, 0x00, 0x1F, 0x00, 0x3E,
	0x00, 0x49, 0x00, 0x69, 0x00, 0xCA, 0x40, 0x19, 0x01, 0x01, 0x03, 0x00,
	0x19, 0x09, 0x02, 0x02, 0x03, 0x41, 0x01, 0x07, 0x04, 0x33, 0x30, 0x11,
	0x03, 0x05, 0x07, 0x2D, 0x01, 0x06, 0x0A, 0x05, 0x4C, 0x4B, 0xB0, 0x29,
	0x50, 0x58, 0x40, 0x3C, 0x00, 0x05, 0x07, 0x0A, 0x07, 0x05, 0x0A, 0x80,
	0x0C, 0x01, 0x0A, 0x06, 0x07, 0x0A, 0x06, 0x7E, 0x00, 0x06, 0x08, 0x07,
	0x06, 0x08, 0x7E, 0x00, 0x08, 0x09, 0x07, 0x08, 0x09, 0x7E, 0x00, 0x03,
	0x0B, 0x01, 0x04, 0x07, 0x03, 0x04, 0x69, 0x00, 0x02, 0x00, 0x07, 0x05,
	0x02, 0x07, 0x69, 0x00, 0x09, 0x00, 0x01, 0x09, 0x01, 0x63, 0x00, 0x00,
	0x00, 0x0E, 0x00, 0x4E, 0x1B, 0x40, 0x44, 0x00, 0x00, 0x03, 0x00, 0x85,
	0x00, 0x05, 0x07, 0x0A, 0x07, 0x05, 0x0A, 0x80, 0x0C, 0x01, 0x0A, 0x06,
	0x07, 0x0A, 0x06, 0x7E, 0x00, 0x06, 0x08, 0x07, 0x06, 0x08, 0x7E, 0x00,
	0x08, 0x09, 0x07, 0x08, 0x09, 0x7E, 0x00, 0x03, 0x0B, 0x01, 0x04, 0x07,
	0x03, 0x04, 0x69, 0x00, 0x02, 0x00, 0x07, 0x05, 0x02, 0x07, 0x69, 0x00,
	0x09, 0x01, 0x01, 0x09, 0x57, 0x00, 0x09, 0x09, 0x01, 0x5F, 0x00, 0x01,
	0x09, 0x01, 0x4F, 0x59, 0x40, 0x21, 0x4A, 0x4A, 0x40, 0x3F, 0x4A, 0x69,
	0x4A, 0x69, 0x66, 0x63, 0x60, 0x5E, 0x59, 0x54, 0x4E, 0x4D, 0x45, 0x44,
	0x3F, 0x49, 0x40, 0x49, 0x3B, 0x39, 0x35, 0x34, 0x28, 0x25, 0x1F, 0x1E,
	0x0D, 0x07, 0x16, 0x2B, 0x01, 0x07, 0x27, 0x26, 0x36, 0x37, 0x36, 0x16,
	0x05, 0x07, 0x37, 0x3E, 0x01, 0x17, 0x16, 0x06, 0x13, 0x27, 0x37, 0x36,
	0x16, 0x17, 0x16, 0x06, 0x01, 0x17, 0x27, 0x2E, 0x01, 0x37, 0x36, 0x16,
	0x01, 0x1E, 0x01, 0x15, 0x14, 0x06, 0x23, 0x21, 0x22, 0x26, 0x37, 0x34,
	0x36, 0x37, 0x35, 0x34, 0x37, 0x26, 0x36, 0x17, 0x36, 0x3B, 0x01, 0x32,
	0x15, 0x36, 0x33, 0x32, 0x16, 0x17, 0x14, 0x27, 0x22, 0x07, 0x16, 0x17,
	0x36, 0x37, 0x36, 0x35, 0x34, 0x26, 0x13, 0x22, 0x06, 0x07, 0x22, 0x27,
	0x2E, 0x01, 0x37, 0x2E, 0x01, 0x27, 0x23, 0x06, 0x23, 0x22, 0x06, 0x17,
	0x14, 0x1F, 0x01, 0x27, 0x22, 0x06, 0x14, 0x16, 0x17, 0x21, 0x32, 0x36,
	0x34, 0x26, 0x02, 0xBF, 0x34, 0x34, 0x08, 0x16, 0x15, 0x1D, 0x32, 0x01,
	0x0E, 0x94, 0x4A, 0x0A, 0x2C, 0x14, 0x1F, 0x02, 0x38, 0x9D, 0x9D, 0x15,
	0x28, 0x09, 0x0A, 0x2E, 0xFD, 0x3C, 0x4A, 0x94, 0x15, 0x0E, 0x0A, 0x10,
	0x44, 0x01, 0xEF, 0x4B, 0x5C, 0x98, 0x6C, 0xFD, 0xC4, 0x56, 0x7C, 0x01,
	0x58, 0x44, 0x17, 0x1E, 0x2A, 0x2D, 0x5F, 0x8A, 0x04, 0x03, 0x45, 0x6A,
	0x61, 0x88, 0x01, 0xEA, 0x37, 0x28, 0x6E, 0x2C, 0x1A, 0x21, 0x0C, 0x4C,
	0x4C, 0x07, 0x28, 0x0A, 0x27, 0x0A, 0x01, 0x02, 0x01, 0x0E, 0x70, 0x4A,
	0x02, 0x01, 0x01, 0x56, 0x7C, 0x01, 0x05, 0x0D, 0x4A, 0x28, 0x3C, 0x3C,
	0x2D, 0x02, 0x3C, 0x41, 0x5C, 0x5C, 0x03, 0x28, 0x9C, 0x9C, 0x16, 0x28,
	0x08, 0x0A, 0x2C, 0xC2, 0x4A, 0x93, 0x14, 0x0E, 0x0A, 0x10, 0x42, 0xFE,
	0xBB, 0x34, 0x33, 0x08, 0x14, 0x15, 0x1D, 0x34, 0x01, 0x8A, 0x93, 0x4A,
	0x0A, 0x2A, 0x15, 0x20, 0x04, 0xFE, 0x53, 0x1D, 0x82, 0x53, 0x6C, 0x9A,
	0x7C, 0x55, 0x49, 0x6E, 0x12, 0x08, 0x3E, 0x37, 0x1C, 0x4E, 0x10, 0x69,
	0x01, 0x4F, 0x8A, 0x60, 0x24, 0xA6, 0x2A, 0x27, 0x71, 0x08, 0x02, 0x1C,
	0x1A, 0x36, 0x4C, 0xFE, 0xE2, 0x08, 0x01, 0x26, 0x01, 0x08, 0x01, 0x48,
	0x60, 0x02, 0x02, 0x78, 0x57, 0x0F, 0x1C, 0x3E, 0x01, 0x3E, 0x56, 0x3C,
	0x01, 0x5C, 0x82, 0x5A, 0x00, 0x08, 0x00, 0x00, 0xFF, 0x9F, 0x03, 0x8F,
	0x03, 0x1D, 0x00, 0x04, 0x00, 0x09, 0x00, 0x0E, 0x00, 0x13, 0x00, 0x1B,
	0x00, 0x23, 0x00, 0x2B, 0x00, 0x33, 0x00, 0x41, 0x40, 0x3E, 0x21, 0x20,
	0x15, 0x14, 0x0E, 0x01, 0x06, 0x00, 0x4A, 0x31, 0x30, 0x25, 0x24, 0x10,
	0x09, 0x06, 0x01, 0x49, 0x05, 0x04, 0x02, 0x08, 0x04, 0x00, 0x01, 0x00,
	0x85, 0x07, 0x06, 0x09, 0x03, 0x04, 0x01, 0x01, 0x76, 0x0F, 0x0F, 0x00,
	0x00, 0x2D, 0x2C, 0x29, 0x28, 0x1D, 0x1C, 0x19, 0x18, 0x0F, 0x13, 0x0F,
	0x13, 0x0B, 0x0A, 0x06, 0x05, 0x00, 0x04, 0x00, 0x04, 0x0A, 0x07, 0x16,
	0x2B, 0x01, 0x35, 0x1E, 0x01, 0x17, 0x07, 0x33, 0x0E, 0x01, 0x07, 0x03,
	0x23, 0x3E, 0x01, 0x37, 0x11, 0x15, 0x2E, 0x01, 0x27, 0x01, 0x35, 0x1E,
	0x01, 0x17, 0x23, 0x2E, 0x01, 0x01, 0x23, 0x3E, 0x01, 0x37, 0x15, 0x0E,
	0x01, 0x01, 0x15, 0x2E, 0x01, 0x27, 0x33, 0x1E, 0x01, 0x01, 0x33, 0x0E,
	0x01, 0x07, 0x35, 0x3E, 0x01, 0x02, 0x09, 0x3C, 0x56, 0x10, 0xA2, 0xA2,
	0x10, 0x56, 0x3C, 0x71, 0xA2, 0x10, 0x56, 0x3C, 0x3C, 0x56, 0x10, 0x01,
	0x13, 0x98, 0xDA, 0x14, 0x71, 0x12, 0x9A, 0xFE, 0x11, 0x71, 0x13, 0xDA,
	0x99, 0x6A, 0x98, 0x01, 0x02, 0x9A, 0xD8, 0x14, 0x71, 0x12, 0x9A, 0x01,
	0xEF, 0x71, 0x15, 0xD8, 0x99, 0x69, 0x9A, 0x01, 0x97, 0xA2, 0x10, 0x58,
	0x3A, 0x71, 0x3B, 0x58, 0x0F, 0x01, 0x13, 0x3B, 0x56, 0x11, 0xFE, 0xED,
	0xA2, 0x10, 0x56, 0x3C, 0x01, 0x86, 0x71, 0x13, 0xDA, 0x99, 0x6B, 0x98,
	0xFE, 0xFD, 0x98, 0xDA, 0x14, 0x71, 0x12, 0x98, 0xFE, 0x0F, 0x72, 0x13,
	0xDC, 0x98, 0x6B, 0x98, 0x01, 0x03, 0x99, 0xDA, 0x14, 0x72, 0x12, 0x98,
	0x00, 0x02, 0x00, 0x00, 0xFF, 0x6A, 0x03, 0xE8, 0x03, 0x52, 0x00, 0x17,
	0x00, 0x2F, 0x00, 0x62, 0x40, 0x5F, 0x2A, 0x27, 0x08, 0x05, 0x04, 0x09,
	0x01, 0x1E, 0x1B, 0x14, 0x11, 0x04, 0x04, 0x06, 0x02, 0x4C, 0x00, 0x01,
	0x09, 0x01, 0x85, 0x00, 0x09, 0x00, 0x09, 0x85, 0x00, 0x06, 0x03, 0x04,
	0x03, 0x06, 0x04, 0x80, 0x00, 0x04, 0x04, 0x84, 0x0A, 0x08, 0x02, 0x03,
	0x00, 0x03, 0x03, 0x00, 0x57, 0x0A, 0x08, 0x02, 0x03, 0x00, 0x00, 0x03,
	0x5F, 0x0D, 0x0B, 0x07, 0x0C, 0x05, 0x05, 0x03, 0x00, 0x03, 0x4F, 0x18,
	0x18, 0x00, 0x00, 0x18, 0x2F, 0x18, 0x2F, 0x2E, 0x2D, 0x29, 0x28, 0x24,
	0x23, 0x22, 0x21, 0x1D, 0x1C, 0x00, 0x17, 0x00, 0x17, 0x14, 0x11, 0x14,
	0x14, 0x11, 0x0E, 0x07, 0x1B, 0x2B, 0x11, 0x35, 0x33, 0x3E, 0x01, 0x37,
	0x35, 0x33, 0x15, 0x1E, 0x01, 0x17, 0x33, 0x15, 0x23, 0x0E, 0x01, 0x07,
	0x15, 0x23, 0x35, 0x2E, 0x01, 0x27, 0x33, 0x1E, 0x01, 0x17, 0x35, 0x33,
	0x15, 0x3E, 0x01, 0x37, 0x23, 0x35, 0x33, 0x2E, 0x01, 0x27, 0x15, 0x23,
	0x35, 0x0E, 0x01, 0x07, 0x33, 0x15, 0x83, 0x15, 0xA2, 0x6E, 0x98, 0x6E,
	0xA2, 0x15, 0x83, 0x83, 0x15, 0xA2, 0x6E, 0x98, 0x6E, 0xA2, 0x15, 0x64,
	0x13, 0x68, 0x46, 0x98, 0x46, 0x68, 0x14, 0x93, 0x93, 0x14, 0x68, 0x46,
	0x98, 0x46, 0x68, 0x13, 0x92, 0x01, 0x12, 0x98, 0x6E, 0xA2, 0x15, 0x83,
	0x83, 0x15, 0xA2, 0x6E, 0x98, 0x6D, 0xA4, 0x14, 0x83, 0x83, 0x15, 0xA2,
	0x6E, 0x46, 0x68, 0x13, 0x92, 0x92, 0x13, 0x68, 0x46, 0x98, 0x47, 0x66,
	0x15, 0x93, 0x93, 0x14, 0x68, 0x46, 0x98, 0x00, 0x00, 0x02, 0x00, 0x00,
	0xFF, 0x69, 0x03, 0xE8, 0x03, 0x51, 0x00, 0x0C, 0x00, 0x24, 0x00, 0x43,
	0x40, 0x40, 0x16, 0x13, 0x02, 0x04, 0x01, 0x22, 0x1F, 0x02, 0x00, 0x07,
	0x02, 0x4C, 0x00, 0x01, 0x04, 0x01, 0x85, 0x00, 0x04, 0x03, 0x04, 0x85,
	0x00, 0x07, 0x02, 0x00, 0x02, 0x07, 0x00, 0x80, 0x00, 0x00, 0x00, 0x84,
	0x05, 0x01, 0x03, 0x02, 0x02, 0x03, 0x57, 0x05, 0x01, 0x03, 0x03, 0x02,
	0x5F, 0x06, 0x01, 0x02, 0x03, 0x02, 0x4F, 0x14, 0x11, 0x14, 0x14, 0x11,
	0x13, 0x15, 0x13, 0x08, 0x07, 0x1E, 0x2B, 0x01, 0x14, 0x0E, 0x01, 0x20,
	0x2E, 0x01, 0x10, 0x3E, 0x01, 0x20, 0x1E, 0x01, 0x07, 0x23, 0x35, 0x33,
	0x2E, 0x01, 0x27, 0x15, 0x23, 0x35, 0x0E, 0x01, 0x07, 0x33, 0x15, 0x23,
	0x1E, 0x01, 0x17, 0x35, 0x33, 0x15, 0x3E, 0x01, 0x03, 0xE8, 0x86, 0xE6,
	0xFE, 0xF0, 0xE6, 0x86, 0x86, 0xE6, 0x01, 0x10, 0xE6, 0x86, 0x98, 0x8E,
	0x8E, 0x13, 0xA0, 0x6E, 0x76, 0x6E, 0xA0, 0x13, 0x8E, 0x8E, 0x13, 0xA0,
	0x6E, 0x76, 0x6E, 0xA0, 0x01, 0x5D, 0x88, 0xE6, 0x86, 0x86, 0xE6, 0x01,
	0x10, 0xE6, 0x86, 0x86, 0xE6, 0xC3, 0x76, 0x6E, 0xA0, 0x13, 0x8E, 0x8E,
	0x13, 0xA0, 0x6E, 0x76, 0x6E, 0xA0, 0x13, 0x8E, 0x8E, 0x13, 0xA0, 0x00,
	0x00, 0x02, 0x00, 0x00, 0xFF, 0x6A, 0x03, 0x90, 0x03, 0x52, 0x00, 0x0F,
	0x00, 0x18, 0x00, 0x38, 0x40, 0x35, 0x18, 0x01, 0x00, 0x05, 0x01, 0x4C,
	0x04, 0x02, 0x02, 0x00, 0x05, 0x03, 0x05, 0x00, 0x03, 0x80, 0x06, 0x01,
	0x03, 0x03, 0x84, 0x00, 0x01, 0x05, 0x05, 0x01, 0x59, 0x00, 0x01, 0x01,
	0x05, 0x61, 0x00, 0x05, 0x01, 0x05, 0x51, 0x00, 0x00, 0x16, 0x14, 0x11,
	0x10, 0x00, 0x0F, 0x00, 0x0F, 0x15, 0x24, 0x11, 0x07, 0x07, 0x19, 0x2B,
	0x15, 0x11, 0x33, 0x26, 0x37, 0x3E, 0x01, 0x37, 0x32, 0x16, 0x17, 0x16,
	0x1D, 0x01, 0x33, 0x11, 0x01, 0x21, 0x35, 0x2E, 0x01, 0x27, 0x26, 0x06,
	0x07, 0x8B, 0x02, 0x1B, 0x27, 0x9A, 0x5C, 0x5E, 0x9C, 0x25, 0x1A, 0x96,
	0xFD, 0xB2, 0x01, 0x00, 0x02, 0x48, 0x37, 0x34, 0x46, 0x05, 0x96, 0x02,
	0x42, 0xA6, 0x41, 0x58, 0x66, 0x01, 0x6C, 0x53, 0x3B, 0x3E, 0x6E, 0xFD,
	0xBE, 0x02, 0x42, 0x70, 0x34, 0x48, 0x02, 0x02, 0x48, 0x3A, 0x00, 0x00,
	0x00, 0x03, 0x00, 0x00, 0x00, 0x00, 0x03, 0xE8, 0x02, 0x89, 0x00, 0x17,
	0x00, 0x20, 0x00, 0x29, 0x00, 0x3A, 0x40, 0x37, 0x0C, 0x00, 0x02, 0x05,
	0x04, 0x01, 0x4C, 0x00, 0x04, 0x03, 0x05, 0x03, 0x04, 0x05, 0x80, 0x00,
	0x05, 0x02, 0x03, 0x05, 0x02, 0x7E, 0x00, 0x00, 0x00, 0x03, 0x04, 0x00,
	0x03, 0x69, 0x00, 0x02, 0x01, 0x01, 0x02, 0x59, 0x00, 0x02, 0x02, 0x01,
	0x61, 0x00, 0x01, 0x02, 0x01, 0x51, 0x13, 0x14, 0x13, 0x17, 0x2A, 0x25,
	0x06, 0x07, 0x1C, 0x2B, 0x11, 0x36, 0x37, 0x36, 0x37, 0x36, 0x33, 0x16,
	0x17, 0x16, 0x17, 0x16, 0x15, 0x06, 0x07, 0x06, 0x07, 0x06, 0x23, 0x26,
	0x27, 0x26, 0x27, 0x26, 0x25, 0x14, 0x16, 0x32, 0x36, 0x34, 0x2E, 0x01,
	0x06, 0x17, 0x34, 0x36, 0x32, 0x16, 0x14, 0x0E, 0x01, 0x26, 0x06, 0x3A,
	0x4F, 0x61, 0x81, 0x83, 0x89, 0x7B, 0x67, 0x49, 0x40, 0x06, 0x3A, 0x4F,
	0x61, 0x81, 0x83, 0x89, 0x7B, 0x67, 0x49, 0x40, 0x01, 0x08, 0x8A, 0xC4,
	0x8A, 0x8A, 0xC4, 0x8A, 0x56, 0x58, 0x7C, 0x58, 0x58, 0x7C, 0x58, 0x01,
	0x5E, 0x31, 0x3D, 0x50, 0x31, 0x3C, 0x02, 0x3A, 0x35, 0x4C, 0x49, 0x25,
	0x31, 0x3C, 0x50, 0x31, 0x3D, 0x02, 0x3B, 0x35, 0x4C, 0x48, 0x25, 0x5E,
	0x82, 0x82, 0xBC, 0x82, 0x02, 0x86, 0x5B, 0x3C, 0x54, 0x54, 0x78, 0x54,
	0x02, 0x58, 0x00, 0x00, 0x00, 0x04, 0x00, 0x00, 0xFF, 0xB4, 0x03, 0xE8,
	0x03, 0x02, 0x00, 0x21, 0x00, 0x2E, 0x00, 0x45, 0x00, 0x4B, 0x00, 0x3C,
	0x40, 0x39, 0x37, 0x01, 0x01, 0x00, 0x47, 0x3E, 0x36, 0x25, 0x24, 0x00,
	0x06, 0x02, 0x01, 0x1D, 0x01, 0x03, 0x02, 0x03, 0x4C, 0x0B, 0x01, 0x00,
	0x4A, 0x00, 0x00, 0x00, 0x01, 0x02, 0x00, 0x01, 0x69, 0x00, 0x02, 0x03,
	0x03, 0x02, 0x59, 0x00, 0x02, 0x02, 0x03, 0x61, 0x00, 0x03, 0x02, 0x03,
	0x51, 0x45, 0x43, 0x32, 0x30, 0x2D, 0x2B, 0x35, 0x04, 0x07, 0x17, 0x2B,
	0x11, 0x36, 0x37, 0x36, 0x37, 0x36, 0x33, 0x32, 0x17, 0x37, 0x36, 0x37,
	0x32, 0x1F, 0x01, 0x16, 0x0F, 0x07, 0x06, 0x2F, 0x01, 0x26, 0x3F, 0x01,
	0x27, 0x26, 0x27, 0x26, 0x25, 0x14, 0x17, 0x37, 0x26, 0x35, 0x34, 0x36,
	0x3F, 0x01, 0x23, 0x22, 0x06, 0x13, 0x37, 0x33, 0x32, 0x36, 0x35, 0x34,
	0x27, 0x37, 0x1E, 0x01, 0x33, 0x16, 0x17, 0x16, 0x15, 0x06, 0x07, 0x06,
	0x07, 0x06, 0x23, 0x22, 0x3F, 0x01, 0x16, 0x15, 0x14, 0x06, 0x06, 0x3A,
	0x4F, 0x61, 0x81, 0x83, 0x1D, 0x1E, 0x4A, 0x0A, 0x0D, 0x04, 0x04, 0x33,
	0x11, 0x0F, 0x39, 0x2F, 0x29, 0x90, 0x29, 0x2F, 0x39, 0x0F, 0x10, 0x35,
	0x0F, 0x0F, 0x31, 0x08, 0x67, 0x49, 0x40, 0x01, 0x08, 0x2F, 0x30, 0x09,
	0x44, 0x33, 0x31, 0x12, 0x62, 0x8A, 0xB1, 0x29, 0x12, 0x62, 0x8A, 0x2F,
	0x3F, 0x02, 0x04, 0x02, 0x67, 0x49, 0x40, 0x06, 0x3A, 0x4F, 0x61, 0x81,
	0x83, 0x19, 0x38, 0x6E, 0x09, 0x44, 0x01, 0x46, 0x31, 0x3D, 0x50, 0x30,
	0x3D, 0x02, 0x81, 0x10, 0x02, 0x02, 0x20, 0x07, 0x1A, 0x65, 0x4F, 0x48,
	0xFA, 0x48, 0x50, 0x64, 0x19, 0x0A, 0x1F, 0x08, 0x19, 0x56, 0x04, 0x35,
	0x4C, 0x48, 0x25, 0x4A, 0x3B, 0x54, 0x18, 0x19, 0x33, 0x50, 0x0A, 0x54,
	0x84, 0xFE, 0x7C, 0x47, 0x82, 0x5E, 0x4A, 0x3B, 0x6D, 0x02, 0x02, 0x34,
	0x4C, 0x49, 0x25, 0x31, 0x3C, 0x50, 0x31, 0x3D, 0x9F, 0xBD, 0x19, 0x18,
	0x33, 0x4E, 0x00, 0x00, 0x00, 0x01, 0xFF, 0xFC, 0xFF, 0xCC, 0x03, 0x88,
	0x02, 0xF2, 0x00, 0x1A, 0x00, 0x68, 0x4B, 0xB0, 0x27, 0x50, 0x58, 0x40,
	0x1C, 0x04, 0x01, 0x00, 0x05, 0x02, 0x05, 0x00, 0x02, 0x80, 0x00, 0x02,
	0x01, 0x05, 0x02, 0x01, 0x7E, 0x00, 0x05, 0x05, 0x0E, 0x4D, 0x03, 0x01,
	0x01, 0x01, 0x0F, 0x01, 0x4E, 0x1B, 0x4B, 0xB0, 0x2E, 0x50, 0x58, 0x40,
	0x17, 0x00, 0x05, 0x00, 0x05, 0x85, 0x04, 0x01, 0x00, 0x02, 0x00, 0x85,
	0x00, 0x02, 0x01, 0x02, 0x85, 0x03, 0x01, 0x01, 0x01, 0x0F, 0x01, 0x4E,
	0x1B, 0x40, 0x15, 0x00, 0x05, 0x00, 0x05, 0x85, 0x04, 0x01, 0x00, 0x02,
	0x00, 0x85, 0x00, 0x02, 0x01, 0x02, 0x85, 0x03, 0x01, 0x01, 0x01, 0x76,
	0x59, 0x59, 0x40, 0x09, 0x14, 0x23, 0x21, 0x11, 0x24, 0x22, 0x06, 0x07,
	0x1C, 0x2B, 0x01, 0x16, 0x06, 0x2B, 0x01, 0x11, 0x14, 0x0E, 0x01, 0x2B,
	0x01, 0x11, 0x23, 0x11, 0x23, 0x22, 0x26, 0x35, 0x11, 0x23, 0x22, 0x26,
	0x37, 0x01, 0x36, 0x32, 0x17, 0x03, 0x78, 0x10, 0x0A, 0x16, 0x54, 0x02,
	0x0E, 0x10, 0xCC, 0xCC, 0xC2, 0x1C, 0x0E, 0x54, 0x16, 0x0A, 0x10, 0x01,
	0x90, 0x10, 0x2C, 0x10, 0x01, 0x50, 0x10, 0x16, 0xFE, 0xCA, 0x0E, 0x0E,
	0x0C, 0x01, 0x36, 0xFE, 0xCA, 0x14, 0x14, 0x01, 0x36, 0x16, 0x10, 0x01,
	0x92, 0x10, 0x10, 0x00, 0x00, 0x03, 0x00, 0x00, 0x00, 0x00, 0x03, 0xE8,
	0x02, 0x76, 0x00, 0x14, 0x00, 0x1D, 0x00, 0x2C, 0x00, 0x43, 0x40, 0x40,
	0x22, 0x01, 0x04, 0x05, 0x01, 0x4C, 0x06, 0x01, 0x00, 0x00, 0x03, 0x05,
	0x00, 0x03, 0x69, 0x00, 0x05, 0x00, 0x04, 0x02, 0x05, 0x04, 0x69, 0x07,
	0x01, 0x02, 0x01, 0x01, 0x02, 0x59, 0x07, 0x01, 0x02, 0x02, 0x01, 0x61,
	0x00, 0x01, 0x02, 0x01, 0x51, 0x16, 0x15, 0x01, 0x00, 0x2A, 0x28, 0x25,
	0x24, 0x1A, 0x19, 0x15, 0x1D, 0x16, 0x1D, 0x0B, 0x0A, 0x00, 0x14, 0x01,
	0x14, 0x08, 0x07, 0x16, 0x2B, 0x01, 0x32, 0x1E, 0x03, 0x14, 0x0E, 0x03,
	0x22, 0x2E, 0x03, 0x34, 0x3E, 0x03, 0x13, 0x32, 0x36, 0x34, 0x26, 0x22,
	0x06, 0x14, 0x16, 0x37, 0x16, 0x3E, 0x01, 0x17, 0x14, 0x06, 0x22, 0x26,
	0x34, 0x36, 0x33, 0x32, 0x0E, 0x01, 0x01, 0xF4, 0x5C, 0xAA, 0x70, 0x56,
	0x28, 0x28, 0x56, 0x70, 0xAA, 0xB8, 0xAA, 0x70, 0x56, 0x28, 0x28, 0x56,
	0x70, 0xAA, 0x5C, 0x5C, 0x82, 0x82, 0xB8, 0x82, 0x82, 0x5C, 0x08, 0x3A,
	0x2A, 0x04, 0x42, 0x5C, 0x40, 0x40, 0x2E, 0x0E, 0x08, 0x10, 0x02, 0x76,
	0x32, 0x4A, 0x50, 0x3E, 0x1C, 0x3C, 0x52, 0x4A, 0x32, 0x32, 0x4A, 0x52,
	0x3C, 0x1C, 0x3E, 0x50, 0x4A, 0x32, 0xFE, 0x12, 0x7E, 0xB2, 0x7E, 0x7E,
	0xB2, 0x7E, 0xD6, 0x08, 0x0C, 0x0A, 0x0E, 0x2C, 0x3E, 0x3E, 0x5A, 0x3E,
	0x2E, 0x30, 0x00, 0x00, 0x00, 0x02, 0xFF, 0xF8, 0xFF, 0xB6, 0x03, 0xEC,
	0x03, 0x08, 0x00, 0x1C, 0x00, 0x23, 0x00, 0x77, 0xB5, 0x1E, 0x01, 0x02,
	0x01, 0x01, 0x4C, 0x4B, 0xB0, 0x0A, 0x50, 0x58, 0x40, 0x29, 0x00, 0x07,
	0x06, 0x07, 0x85, 0x09, 0x08, 0x02, 0x06, 0x01, 0x06, 0x85, 0x05, 0x01,
	0x01, 0x02, 0x01, 0x85, 0x04, 0x01, 0x02, 0x03, 0x03, 0x02, 0x70, 0x00,
	0x03, 0x00, 0x00, 0x03, 0x57, 0x00, 0x03, 0x03, 0x00, 0x60, 0x00, 0x00,
	0x03, 0x00, 0x50, 0x1B, 0x40, 0x28, 0x00, 0x07, 0x06, 0x07, 0x85, 0x09,
	0x08, 0x02, 0x06, 0x01, 0x06, 0x85, 0x05, 0x01, 0x01, 0x02, 0x01, 0x85,
	0x04, 0x01, 0x02, 0x03, 0x02, 0x85, 0x00, 0x03, 0x00, 0x00, 0x03, 0x57,
	0x00, 0x03, 0x03, 0x00, 0x60, 0x00, 0x00, 0x03, 0x00, 0x50, 0x59, 0x40,
	0x11, 0x1D, 0x1D, 0x1D, 0x23, 0x1D, 0x23, 0x11, 0x13, 0x11, 0x22, 0x13,
	0x11, 0x16, 0x36, 0x0A, 0x07, 0x1E, 0x2B, 0x25, 0x1E, 0x01, 0x0F, 0x01,
	0x0E, 0x01, 0x23, 0x21, 0x22, 0x26, 0x2F, 0x01, 0x26, 0x3F, 0x01, 0x33,
	0x07, 0x33, 0x32, 0x1F, 0x01, 0x21, 0x37, 0x36, 0x3B, 0x01, 0x27, 0x33,
	0x27, 0x05, 0x25, 0x33, 0x11, 0x33, 0x11, 0x03, 0xC8, 0x12, 0x12, 0x06,
	0x1C, 0x04, 0x24, 0x16, 0xFC, 0xD0, 0x16, 0x24, 0x04, 0x1C, 0x0A, 0x2A,
	0x9E, 0x62, 0xAA, 0xB2, 0x08, 0x04, 0x28, 0x01, 0x2C, 0x28, 0x08, 0x04,
	0xB2, 0xAA, 0x62, 0x30, 0xFE, 0xFC, 0xFE, 0xFC, 0xA6, 0xBE, 0xC6, 0x0A,
	0x2C, 0x12, 0x9A, 0x14, 0x1A, 0x1A, 0x14, 0x9A, 0x30, 0x18, 0x6C, 0x82,
	0x08, 0x6E, 0x6E, 0x08, 0x82, 0xD6, 0xF4, 0xF4, 0x01, 0x00, 0xFF, 0x00,
	0x00, 0x0E, 0x00, 0x00, 0x00, 0x00, 0x03, 0xE8, 0x02, 0x8A, 0x00, 0x0F,
	0x00, 0x13, 0x00, 0x17, 0x00, 0x1B, 0x00, 0x1F, 0x00, 0x23, 0x00, 0x27,
	0x00, 0x2B, 0x00, 0x2F, 0x00, 0x33, 0x00, 0x37, 0x00, 0x3B, 0x00, 0x3F,
	0x00, 0x43, 0x00, 0xAC, 0x40, 0xA9, 0x1C, 0x01, 0x00, 0x1A, 0x20, 0x0F,
	0x1F, 0x0B, 0x1E, 0x07, 0x1D, 0x08, 0x03, 0x02, 0x00, 0x03, 0x67, 0x24,
	0x1B, 0x0E, 0x0A, 0x06, 0x05, 0x02, 0x19, 0x10, 0x0C, 0x08, 0x04, 0x04,
	0x05, 0x02, 0x04, 0x67, 0x18, 0x11, 0x0D, 0x09, 0x04, 0x05, 0x16, 0x14,
	0x02, 0x12, 0x13, 0x05, 0x12, 0x67, 0x23, 0x17, 0x22, 0x15, 0x21, 0x05,
	0x13, 0x01, 0x01, 0x13, 0x57, 0x23, 0x17, 0x22, 0x15, 0x21, 0x05, 0x13,
	0x13, 0x01, 0x5F, 0x00, 0x01, 0x13, 0x01, 0x4F, 0x40, 0x40, 0x38, 0x38,
	0x34, 0x34, 0x30, 0x30, 0x28, 0x28, 0x20, 0x20, 0x18, 0x18, 0x10, 0x10,
	0x01, 0x00, 0x40, 0x43, 0x40, 0x43, 0x42, 0x41, 0x3F, 0x3E, 0x3D, 0x3C,
	0x38, 0x3B, 0x38, 0x3B, 0x3A, 0x39, 0x34, 0x37, 0x34, 0x37, 0x36, 0x35,
	0x30, 0x33, 0x30, 0x33, 0x32, 0x31, 0x2F, 0x2E, 0x2D, 0x2C, 0x28, 0x2B,
	0x28, 0x2B, 0x2A, 0x29, 0x27, 0x26, 0x25, 0x24, 0x20, 0x23, 0x20, 0x23,
	0x22, 0x21, 0x1F, 0x1E, 0x1D, 0x1C, 0x18, 0x1B, 0x18, 0x1B, 0x1A, 0x19,
	0x17, 0x16, 0x15, 0x14, 0x10, 0x13, 0x10, 0x13, 0x12, 0x11, 0x09, 0x06,
	0x00, 0x0F, 0x01, 0x0E, 0x25, 0x07, 0x16, 0x2B, 0x01, 0x32, 0x16, 0x15,
	0x11, 0x14, 0x06, 0x23, 0x21, 0x22, 0x26, 0x35, 0x11, 0x34, 0x36, 0x33,
	0x05, 0x15, 0x33, 0x35, 0x17, 0x23, 0x15, 0x33, 0x25, 0x15, 0x33, 0x35,
	0x17, 0x23, 0x15, 0x33, 0x25, 0x15, 0x33, 0x35, 0x17, 0x23, 0x15, 0x33,
	0x25, 0x15, 0x33, 0x35, 0x17, 0x23, 0x15, 0x33, 0x07, 0x35, 0x23, 0x15,
	0x21, 0x35, 0x21, 0x15, 0x21, 0x35, 0x23, 0x15, 0x27, 0x33, 0x35, 0x23,
	0x37, 0x35, 0x23, 0x15, 0x03, 0xA2, 0x1C, 0x2A, 0x2A, 0x1C, 0xFC, 0xA4,
	0x1C, 0x2A, 0x2A, 0x1C, 0x01, 0xE0, 0x64, 0x32, 0x64, 0x64, 0xFE, 0xD4,
	0x64, 0x32, 0x64, 0x64, 0xFE, 0xD4, 0x64, 0x32, 0x64, 0x64, 0xFE, 0xD4,
	0x64, 0x32, 0x64, 0x64, 0x32, 0x64, 0x02, 0x8A, 0xFE, 0x0C, 0x02, 0x8A,
	0x64, 0x32, 0x64, 0x64, 0x96, 0xC8, 0x02, 0x8A, 0x2A, 0x1C, 0xFE, 0x34,
	0x1E, 0x28, 0x28, 0x1E, 0x01, 0xCC, 0x1C, 0x2A, 0x64, 0x64, 0x64, 0x96,
	0x64, 0xFA, 0x64, 0x64, 0x96, 0x64, 0xFA, 0x64, 0x64, 0x96, 0x64, 0xFA,
	0x64, 0x64, 0x96, 0x64, 0x96, 0x64, 0x64, 0x64, 0x64, 0x64, 0x64, 0x96,
	0x64, 0x32, 0x64, 0x64, 0x00, 0x02, 0xFF, 0xFE, 0xFF, 0xCE, 0x03, 0xEA,
	0x02, 0xEE, 0x00, 0x0E, 0x00, 0x1E, 0x00, 0x30, 0x40, 0x2D, 0x05, 0x01,
	0x00, 0x02, 0x01, 0x02, 0x00, 0x01, 0x80, 0x00, 0x04, 0x00, 0x02, 0x00,
	0x04, 0x02, 0x68, 0x00, 0x03, 0x03, 0x0E, 0x4D, 0x00, 0x01, 0x01, 0x0F,
	0x01, 0x4E, 0x01, 0x00, 0x1D, 0x1A, 0x17, 0x14, 0x11, 0x10, 0x09, 0x06,
	0x00, 0x0E, 0x01, 0x0D, 0x06, 0x07, 0x16, 0x2B, 0x01, 0x32, 0x16, 0x07,
	0x03, 0x0E, 0x01, 0x23, 0x21, 0x22, 0x27, 0x03, 0x26, 0x36, 0x33, 0x25,
	0x17, 0x21, 0x37, 0x3E, 0x01, 0x3B, 0x01, 0x32, 0x1F, 0x01, 0x16, 0x33,
	0x21, 0x32, 0x16, 0x03, 0xBA, 0x20, 0x10, 0x02, 0x2A, 0x02, 0x14, 0x20,
	0xFC, 0xDA, 0x34, 0x04, 0x2A, 0x02, 0x10, 0x20, 0x03, 0x6A, 0x0A, 0xFC,
	0xB2, 0x0E, 0x04, 0x20, 0x14, 0xA4, 0x34, 0x22, 0x1E, 0x20, 0x36, 0x01,
	0x54, 0x14, 0x24, 0x01, 0xF4, 0x18, 0x18, 0xFE, 0x3C, 0x18, 0x1A, 0x32,
	0x01, 0xC4, 0x18, 0x18, 0x6E, 0x28, 0x84, 0x14, 0x1C, 0x22, 0x1E, 0x24,
	0x18, 0x00, 0x00, 0x00, 0x00, 0x03, 0x00, 0x00, 0xFF, 0xCE, 0x03, 0x84,
	0x02, 0xEE, 0x00, 0x09, 0x00, 0x13, 0x00, 0x17, 0x00, 0x3C, 0x40, 0x39,
	0x00, 0x04, 0x05, 0x03, 0x05, 0x04, 0x03, 0x80, 0x00, 0x02, 0x07, 0x01,
	0x05, 0x04, 0x02, 0x05, 0x67, 0x00, 0x01, 0x01, 0x00, 0x5F, 0x06, 0x01,
	0x00, 0x00, 0x0E, 0x4D, 0x00, 0x03, 0x03, 0x0F, 0x03, 0x4E, 0x14, 0x14,
	0x01, 0x00, 0x14, 0x17, 0x14, 0x17, 0x16, 0x15, 0x12, 0x0F, 0x0C, 0x0B,
	0x05, 0x04, 0x00, 0x09, 0x01, 0x08, 0x08, 0x07, 0x16, 0x2B, 0x01, 0x32,
	0x16, 0x1D, 0x01, 0x21, 0x35, 0x34, 0x36, 0x33, 0x13, 0x11, 0x21, 0x11,
	0x14, 0x06, 0x23, 0x21, 0x22, 0x26, 0x13, 0x15, 0x21, 0x35, 0x03, 0x66,
	0x0C, 0x12, 0xFC, 0x7C, 0x12, 0x0C, 0x14, 0x03, 0x20, 0x2A, 0x1C, 0xFD,
	0x6C, 0x1C, 0x2A, 0xFA, 0x01, 0x2C, 0x02, 0xEE, 0x12, 0x0C, 0x78, 0x78,
	0x0C, 0x12, 0xFD, 0x26, 0x02, 0x12, 0xFD, 0xEE, 0x1E, 0x28, 0x28, 0x01,
	0xCC, 0x64, 0x64, 0x00, 0x00, 0x02, 0x00, 0x00, 0xFF, 0xBA, 0x03, 0x48,
	0x03, 0x02, 0x00, 0x2C, 0x00, 0x35, 0x00, 0x4C, 0x40, 0x49, 0x29, 0x1A,
	0x02, 0x03, 0x01, 0x2B, 0x18, 0x14, 0x02, 0x04, 0x02, 0x03, 0x12, 0x04,
	0x02, 0x00, 0x02, 0x03, 0x4C, 0x25, 0x23, 0x20, 0x1E, 0x04, 0x01, 0x4A,
	0x0F, 0x0D, 0x0A, 0x08, 0x04, 0x00, 0x49, 0x00, 0x01, 0x00, 0x03, 0x02,
	0x01, 0x03, 0x69, 0x04, 0x01, 0x02, 0x00, 0x00, 0x02, 0x59, 0x04, 0x01,
	0x02, 0x02, 0x00, 0x61, 0x00, 0x00, 0x02, 0x00, 0x51, 0x2E, 0x2D, 0x32,
	0x31, 0x2D, 0x35, 0x2E, 0x35, 0x22, 0x21, 0x1B, 0x05, 0x07, 0x17, 0x2B,
	0x01, 0x14, 0x17, 0x06, 0x07, 0x26, 0x07, 0x06, 0x17, 0x06, 0x07, 0x26,
	0x22, 0x07, 0x26, 0x27, 0x36, 0x26, 0x07, 0x26, 0x27, 0x36, 0x35, 0x34,
	0x27, 0x36, 0x37, 0x16, 0x37, 0x36, 0x27, 0x36, 0x37, 0x16, 0x32, 0x37,
	0x16, 0x17, 0x06, 0x17, 0x16, 0x37, 0x16, 0x17, 0x06, 0x01, 0x32, 0x36,
	0x34, 0x26, 0x22, 0x06, 0x14, 0x16, 0x02, 0xF8, 0x50, 0x0C, 0x16, 0x46,
	0x42, 0x36, 0x14, 0x28, 0x2C, 0x2E, 0xAC, 0x2E, 0x2C, 0x28, 0x14, 0x6C,
	0x52, 0x0E, 0x14, 0x52, 0x52, 0x14, 0x0E, 0x4A, 0x3E, 0x36, 0x14, 0x2A,
	0x2A, 0x2E, 0xAC, 0x2E, 0x2A, 0x2A, 0x14, 0x36, 0x42, 0x46, 0x16, 0x0C,
	0x50, 0xFE, 0xAC, 0x4C, 0x6A, 0x6A, 0x98, 0x6A, 0x6A, 0x01, 0x5E, 0x48,
	0x32, 0x28, 0x2A, 0x12, 0x3E, 0x3A, 0x4E, 0x14, 0x10, 0x52, 0x52, 0x10,
	0x14, 0x50, 0x6E, 0x14, 0x1A, 0x38, 0x34, 0x50, 0x48, 0x34, 0x38, 0x1A,
	0x12, 0x3E, 0x38, 0x50, 0x16, 0x0C, 0x50, 0x50, 0x0C, 0x16, 0x4E, 0x3A,
	0x3E, 0x12, 0x2A, 0x28, 0x32, 0xFF, 0x00, 0x6A, 0x98, 0x6C, 0x6C, 0x98,
	0x6A, 0x00, 0x00, 0x00, 0x00, 0x01, 0x00, 0x00, 0x00, 0x00, 0x02, 0x44,
	0x02, 0x1E, 0x00, 0x10, 0x00, 0x0F, 0x40, 0x0C, 0x0B, 0x01, 0x00, 0x4A,
	0x00, 0x00, 0x00, 0x76, 0x12, 0x01, 0x07, 0x17, 0x2B, 0x01, 0x07, 0x06,
	0x22, 0x2F, 0x01, 0x26, 0x34, 0x37, 0x36, 0x1F, 0x01, 0x37, 0x36, 0x17,
	0x16, 0x14, 0x02, 0x34, 0xEA, 0x12, 0x2C, 0x12, 0xEA, 0x10, 0x10, 0x26,
	0x28, 0xC4, 0xC4, 0x28, 0x26, 0x10, 0x01, 0xA6, 0xE0, 0x12, 0x12, 0xE0,
	0x10, 0x32, 0x10, 0x26, 0x26, 0xBC, 0xBC, 0x26, 0x26, 0x10, 0x32, 0x00,
	0x00, 0x01, 0x00, 0x00, 0x00, 0x00, 0x01, 0x68, 0x02, 0x82, 0x00, 0x11,
	0x00, 0x17, 0x40, 0x14, 0x06, 0x01, 0x01, 0x00, 0x01, 0x4C, 0x00, 0x00,
	0x01, 0x00, 0x85, 0x00, 0x01, 0x01, 0x76, 0x18, 0x11, 0x02, 0x07, 0x18,
	0x2B, 0x13, 0x36, 0x32, 0x17, 0x16, 0x0F, 0x01, 0x17, 0x16, 0x07, 0x06,
	0x22, 0x2F, 0x01, 0x26, 0x34, 0x37, 0x36, 0xF2, 0x0E, 0x32, 0x10, 0x26,
	0x26, 0xBA, 0xBA, 0x26, 0x26, 0x10, 0x30, 0x10, 0xE2, 0x10, 0x10, 0xCE,
	0x02, 0x72, 0x10, 0x10, 0x24, 0x2C, 0xC4, 0xC2, 0x2C, 0x24, 0x10, 0x10,
	0xEC, 0x10, 0x2E, 0x10, 0xD6, 0x00, 0x00, 0x00, 0x00, 0x01, 0xFF, 0xEE,
	0x00, 0x00, 0x01, 0x54, 0x02, 0x82, 0x00, 0x10, 0x00, 0x17, 0x40, 0x14,
	0x0B, 0x01, 0x00, 0x01, 0x01, 0x4C, 0x00, 0x01, 0x00, 0x01, 0x85, 0x00,
	0x00, 0x00, 0x76, 0x18, 0x16, 0x02, 0x07, 0x18, 0x2B, 0x13, 0x17, 0x16,
	0x14, 0x0F, 0x01, 0x06, 0x22, 0x27, 0x26, 0x3F, 0x01, 0x27, 0x26, 0x37,
	0x36, 0x32, 0x62, 0xE2, 0x10, 0x10, 0xE2, 0x10, 0x30, 0x10, 0x24, 0x24,
	0xBA, 0xBA, 0x24, 0x24, 0x10, 0x32, 0x02, 0x72, 0xEC, 0x10, 0x2E, 0x10,
	0xEC, 0x10, 0x10, 0x24, 0x2C, 0xC2, 0xC4, 0x2C, 0x24, 0x10, 0x00, 0x00,
	0x00, 0x01, 0x00, 0x00, 0x00, 0x00, 0x02, 0x44, 0x02, 0x08, 0x00, 0x10,
	0x00, 0x0F, 0x40, 0x0C, 0x06, 0x01, 0x00, 0x49, 0x00, 0x00, 0x00, 0x76,
	0x1E, 0x01, 0x07, 0x17, 0x2B, 0x01, 0x16, 0x14, 0x07, 0x06, 0x2F, 0x01,
	0x07, 0x06, 0x27, 0x26, 0x34, 0x3F, 0x01, 0x36, 0x32, 0x17, 0x02, 0x34,
	0x10, 0x10, 0x26, 0x28, 0xC4, 0xC4, 0x28, 0x26, 0x10, 0x10, 0xEA, 0x10,
	0x30, 0x10, 0x01, 0x18, 0x10, 0x32, 0x10, 0x26, 0x26, 0xBC, 0xBC, 0x26,
	0x26, 0x10, 0x32, 0x10, 0xE0, 0x10, 0x10, 0x00, 0x00, 0x02, 0x00, 0x00,
	0xFF, 0xB0, 0x03, 0x5C, 0x03, 0x0C, 0x00, 0x08, 0x00, 0x20, 0x00, 0x50,
	0x40, 0x4D, 0x15, 0x12, 0x02, 0x04, 0x00, 0x1E, 0x09, 0x02, 0x01, 0x07,
	0x02, 0x4C, 0x08, 0x01, 0x00, 0x04, 0x00, 0x85, 0x00, 0x04, 0x03, 0x04,
	0x85, 0x00, 0x07, 0x02, 0x01, 0x02, 0x07, 0x01, 0x80, 0x00, 0x01, 0x01,
	0x84, 0x05, 0x01, 0x03, 0x02, 0x02, 0x03, 0x57, 0x05, 0x01, 0x03, 0x03,
	0x02, 0x5F, 0x06, 0x01, 0x02, 0x03, 0x02, 0x4F, 0x01, 0x00, 0x20, 0x1F,
	0x1B, 0x1A, 0x19, 0x18, 0x14, 0x13, 0x0F, 0x0E, 0x0D, 0x0C, 0x05, 0x04,
	0x00, 0x08, 0x01, 0x08, 0x09, 0x07, 0x16, 0x2B, 0x01, 0x32, 0x16, 0x10,
	0x06, 0x20, 0x26, 0x10, 0x36, 0x13, 0x3E, 0x01, 0x37, 0x23, 0x35, 0x33,
	0x2E, 0x01, 0x27, 0x15, 0x23, 0x35, 0x0E, 0x01, 0x07, 0x33, 0x15, 0x23,
	0x1E, 0x01, 0x17, 0x35, 0x33, 0x01, 0xAE, 0xB2, 0xFC, 0xFC, 0xFE, 0x9C,
	0xFC, 0xFC, 0xD6, 0x7C, 0xB0, 0x0C, 0xC0, 0xC0, 0x0C, 0xB0, 0x7C, 0x46,
	0x7C, 0xB2, 0x0C, 0xC2, 0xC2, 0x0C, 0xB2, 0x7C, 0x46, 0x03, 0x0C, 0xFC,
	0xFE, 0x9C, 0xFC, 0xFC, 0x01, 0x64, 0xFC, 0xFC, 0xF6, 0x0E, 0xB0, 0x7C,
	0x46, 0x7C, 0xB0, 0x0E, 0xC2, 0xC2, 0x0E, 0xB0, 0x7C, 0x46, 0x7C, 0xB0,
	0x0E, 0xC2, 0x00, 0x00, 0x00, 0x01, 0x00, 0x00, 0x00, 0x00, 0x03, 0xE8,
	0x02, 0xA4, 0x00, 0x15, 0x00, 0x2C, 0x40, 0x29, 0x0C, 0x01, 0x01, 0x02,
	0x01, 0x4C, 0x00, 0x03, 0x00, 0x03, 0x85, 0x04, 0x01, 0x00, 0x02, 0x00,
	0x85, 0x00, 0x02, 0x01, 0x02, 0x85, 0x00, 0x01, 0x01, 0x76, 0x01, 0x00,
	0x12, 0x10, 0x0B, 0x0A, 0x07, 0x04, 0x00, 0x15, 0x01, 0x15, 0x05, 0x07,
	0x16, 0x2B, 0x01, 0x32, 0x16, 0x14, 0x06, 0x23, 0x21, 0x22, 0x26, 0x34,
	0x36, 0x33, 0x17, 0x26, 0x35, 0x34, 0x36, 0x33, 0x32, 0x16, 0x17, 0x36,
	0x02, 0xF8, 0x64, 0x8C, 0x8C, 0x64, 0xFD, 0xBE, 0x4A, 0x6C, 0x6A, 0x4C,
	0x14, 0x02, 0x9C, 0x6E, 0x5A, 0x8C, 0x18, 0x1C, 0x01, 0xEE, 0x88, 0xC4,
	0x88, 0x68, 0x92, 0x68, 0x02, 0x0C, 0x1A, 0x6C, 0x98, 0x68, 0x52, 0x04,
	0x00, 0x02, 0xFF, 0xF7, 0xFF, 0x5A, 0x02, 0x43, 0x03, 0x60, 0x00, 0x13,
	0x00, 0x1C, 0x00, 0x08, 0xB5, 0x1C, 0x18, 0x0E, 0x04, 0x02, 0x32, 0x2B,
	0x25, 0x16, 0x06, 0x07, 0x06, 0x26, 0x27, 0x03, 0x26, 0x36, 0x37, 0x27,
	0x26, 0x37, 0x36, 0x1F, 0x01, 0x36, 0x16, 0x17, 0x07, 0x3E, 0x01, 0x2E,
	0x01, 0x0E, 0x01, 0x1E, 0x01, 0x02, 0x27, 0x1C, 0x5A, 0x5E, 0x5E, 0xA2,
	0x16, 0x6A, 0x14, 0x34, 0x3A, 0x60, 0x0E, 0x1C, 0x1E, 0x12, 0x62, 0x50,
	0x94, 0x1C, 0xC2, 0x1C, 0x18, 0x12, 0x32, 0x38, 0x18, 0x12, 0x32, 0x82,
	0x50, 0x9A, 0x22, 0x1C, 0x4A, 0x50, 0x01, 0x80, 0x44, 0x84, 0x28, 0xBA,
	0x22, 0x0E, 0x12, 0x20, 0xC0, 0x16, 0x4C, 0x4E, 0x68, 0x0A, 0x34, 0x38,
	0x1A, 0x12, 0x34, 0x38, 0x1A, 0x00, 0x00, 0x00, 0x00, 0x03, 0x00, 0x00,
	0x00, 0x00, 0x03, 0x98, 0x01, 0xCC, 0x00, 0x08, 0x00, 0x11, 0x00, 0x1A,
	0x00, 0x3A, 0x40, 0x37, 0x08, 0x04, 0x07, 0x02, 0x06, 0x05, 0x00, 0x01,
	0x01, 0x00, 0x59, 0x08, 0x04, 0x07, 0x02, 0x06, 0x05, 0x00, 0x00, 0x01,
	0x61, 0x05, 0x03, 0x02, 0x01, 0x00, 0x01, 0x51, 0x13, 0x12, 0x0A, 0x09,
	0x01, 0x00, 0x17, 0x16, 0x12, 0x1A, 0x13, 0x1A, 0x0E, 0x0D, 0x09, 0x11,
	0x0A, 0x11, 0x05, 0x04, 0x00, 0x08, 0x01, 0x08, 0x09, 0x07, 0x16, 0x2B,
	0x13, 0x32, 0x16, 0x14, 0x06, 0x22, 0x26, 0x34, 0x36, 0x21, 0x32, 0x16,
	0x14, 0x06, 0x22, 0x26, 0x34, 0x36, 0x21, 0x32, 0x16, 0x14, 0x06, 0x22,
	0x26, 0x34, 0x36, 0x6E, 0x2E, 0x40, 0x40, 0x5C, 0x40, 0x40, 0x01, 0x8C,
	0x2E, 0x40, 0x42, 0x58, 0x42, 0x40, 0x01, 0x8C, 0x2E, 0x40, 0x40, 0x5C,
	0x40, 0x40, 0x01, 0xCC, 0x40, 0x5A, 0x42, 0x42, 0x5A, 0x40, 0x40, 0x5A,
	0x42, 0x42, 0x5A, 0x40, 0x40, 0x5A, 0x42, 0x42, 0x5A, 0x40, 0x00, 0x00,
	0x00, 0x03, 0x00, 0x00, 0xFF, 0x6A, 0x03, 0xAC, 0x03, 0x50, 0x00, 0x0F,
	0x00, 0x20, 0x00, 0x30, 0x00, 0x14, 0x40, 0x11, 0x01, 0x01, 0x00, 0x02,
	0x00, 0x85, 0x00, 0x02, 0x02, 0x76, 0x2B, 0x2A, 0x1F, 0x16, 0x03, 0x07,
	0x18, 0x2B, 0x13, 0x1E, 0x02, 0x15, 0x14, 0x06, 0x22, 0x26, 0x35, 0x34,
	0x3E, 0x01, 0x37, 0x36, 0x32, 0x05, 0x1E, 0x02, 0x15, 0x14, 0x06, 0x22,
	0x26, 0x35, 0x34, 0x3E, 0x02, 0x37, 0x36, 0x32, 0x01, 0x36, 0x32, 0x15,
	0x1E, 0x02, 0x15, 0x14, 0x06, 0x22, 0x26, 0x35, 0x34, 0x3E, 0x01, 0xA8,
	0x0A, 0x50, 0x42, 0x60, 0x84, 0x60, 0x42, 0x50, 0x0A, 0x02, 0x0A, 0x02,
	0x68, 0x0A, 0x50, 0x42, 0x60, 0x84, 0x60, 0x2A, 0x36, 0x34, 0x08, 0x02,
	0x0A, 0xFE, 0xC0, 0x02, 0x0A, 0x0A, 0x50, 0x42, 0x60, 0x84, 0x60, 0x42,
	0x50, 0x03, 0x4C, 0x56, 0x8A, 0x6C, 0x3A, 0x42, 0x5E, 0x5E, 0x42, 0x3A,
	0x6C, 0x8A, 0x56, 0x04, 0x04, 0x56, 0x8A, 0x6C, 0x3A, 0x42, 0x5E, 0x5E,
	0x42, 0x30, 0x5A, 0x42, 0x76, 0x44, 0x04, 0xFE, 0x40, 0x04, 0x04, 0x56,
	0x8A, 0x6C, 0x3A, 0x42, 0x5E, 0x5E, 0x42, 0x3A, 0x6C, 0x8A, 0x00, 0x00,
	0x00, 0x02, 0x00, 0x00, 0xFF, 0x7E, 0x02, 0x30, 0x03, 0x3E, 0x00, 0x11,
	0x00, 0x23, 0x00, 0x24, 0x40, 0x21, 0x00, 0x01, 0x02, 0x01, 0x85, 0x00,
	0x02, 0x03, 0x02, 0x85, 0x00, 0x03, 0x00, 0x00, 0x03, 0x59, 0x00, 0x03,
	0x03, 0x00, 0x61, 0x00, 0x00, 0x03, 0x00, 0x51, 0x28, 0x14, 0x18, 0x17,
	0x04, 0x07, 0x1A, 0x2B, 0x01, 0x1E, 0x03, 0x15, 0x14, 0x06, 0x22, 0x26,
	0x35, 0x34, 0x3E, 0x02, 0x37, 0x36, 0x32, 0x03, 0x36, 0x27, 0x26, 0x22,
	0x0F, 0x01, 0x0E, 0x02, 0x15, 0x14, 0x16, 0x33, 0x32, 0x35, 0x34, 0x37,
	0x01, 0x22, 0x0E, 0x5C, 0x5C, 0x48, 0xA6, 0xE4, 0xA6, 0x48, 0x5C, 0x5C,
	0x0E, 0x02, 0x12, 0x2A, 0x02, 0x04, 0x06, 0x10, 0x04, 0x28, 0x20, 0x20,
	0x24, 0x22, 0x18, 0x3A, 0x2A, 0x03, 0x36, 0x76, 0xCA, 0x74, 0x9C, 0x52,
	0x72, 0xA4, 0xA4, 0x72, 0x52, 0x9C, 0x74, 0xCA, 0x76, 0x08, 0xFE, 0x70,
	0x04, 0x0A, 0x06, 0x06, 0x3A, 0x2E, 0x30, 0x66, 0x32, 0x18, 0x22, 0x44,
	0x5E, 0x98, 0x00, 0x00, 0x00, 0x02, 0xFF, 0xFA, 0xFF, 0x70, 0x03, 0x1A,
	0x03, 0x56, 0x00, 0x19, 0x00, 0x2D, 0x00, 0x10, 0x40, 0x0D, 0x12, 0x01,
	0x00, 0x49, 0x00, 0x00, 0x00, 0x76, 0x2B, 0x2A, 0x01, 0x07, 0x16, 0x2B,
	0x01, 0x16, 0x06, 0x07, 0x06, 0x27, 0x0F, 0x02, 0x06, 0x0F, 0x01, 0x06,
	0x26, 0x2F, 0x01, 0x26, 0x37, 0x01, 0x26, 0x27, 0x26, 0x36, 0x37, 0x36,
	0x16, 0x07, 0x36, 0x2E, 0x01, 0x06, 0x07, 0x0E, 0x01, 0x1F, 0x01, 0x1E,
	0x01, 0x1F, 0x01, 0x1E, 0x02, 0x32, 0x3E, 0x01, 0x03, 0x06, 0x14, 0x60,
	0x66, 0x42, 0x40, 0x76, 0x46, 0x68, 0x0E, 0x20, 0x4C, 0x0C, 0x14, 0x02,
	0x10, 0x08, 0x14, 0x01, 0x02, 0x18, 0x0E, 0x12, 0x8E, 0x72, 0x6A, 0xB2,
	0x6C, 0x1E, 0x12, 0x54, 0x64, 0x1E, 0x08, 0x08, 0x03, 0x05, 0x02, 0x16,
	0x07, 0x43, 0x10, 0x0E, 0x18, 0x0E, 0x14, 0x10, 0x02, 0x64, 0x74, 0xC6,
	0x12, 0x0C, 0x0A, 0xC2, 0x0C, 0xA6, 0x1C, 0x04, 0x0E, 0x04, 0x10, 0x0E,
	0x62, 0x1E, 0x1A, 0x01, 0x82, 0x32, 0x46, 0x6A, 0xA2, 0x14, 0x14, 0x82,
	0xBC, 0x2C, 0x6A, 0x3E, 0x14, 0x2C, 0x0C, 0x16, 0x09, 0x10, 0x07, 0x14,
	0x05, 0x31, 0x0C, 0x08, 0x10, 0x02, 0x0E, 0x00, 0x00, 0x02, 0x00, 0x00,
	0xFF, 0xB1, 0x02, 0xCA, 0x03, 0x0C, 0x00, 0x15, 0x00, 0x1E, 0x00, 0x25,
	0x40, 0x22, 0x00, 0x05, 0x01, 0x05, 0x85, 0x03, 0x01, 0x01, 0x04, 0x01,
	0x85, 0x00, 0x04, 0x02, 0x04, 0x85, 0x00, 0x02, 0x00, 0x02, 0x85, 0x00,
	0x00, 0x00, 0x76, 0x13, 0x17, 0x11, 0x11, 0x17, 0x32, 0x06, 0x07, 0x1C,
	0x2B, 0x25, 0x14, 0x06, 0x23, 0x21, 0x22, 0x26, 0x35, 0x34, 0x3E, 0x03,
	0x17, 0x16, 0x32, 0x37, 0x32, 0x1E, 0x03, 0x03, 0x14, 0x06, 0x22, 0x2E,
	0x01, 0x36, 0x1E, 0x01, 0x02, 0xCA, 0x46, 0x31, 0xFE, 0x24, 0x31, 0x46,
	0x0A, 0x18, 0x2A, 0x3E, 0x2D, 0x49, 0xCA, 0x4A, 0x2A, 0x42, 0x26, 0x1C,
	0x08, 0x8F, 0x7C, 0xB4, 0x7A, 0x04, 0x82, 0xAC, 0x84, 0x45, 0x3C, 0x58,
	0x58, 0x3C, 0x30, 0x54, 0x56, 0x3C, 0x28, 0x01, 0x48, 0x48, 0x26, 0x3E,
	0x54, 0x56, 0x01, 0xC0, 0x58, 0x7E, 0x7E, 0xB0, 0x80, 0x02, 0x7C, 0x00,
	0x00, 0x06, 0xFF, 0xFF, 0xFF, 0x6A, 0x04, 0x2F, 0x03, 0x52, 0x00, 0x11,
	0x00, 0x32, 0x00, 0x3B, 0x00, 0x44, 0x00, 0x56, 0x00, 0x5F, 0x00, 0x6F,
	0x40, 0x6C, 0x4F, 0x0E, 0x02, 0x03, 0x02, 0x01, 0x4C, 0x11, 0x01, 0x09,
	0x0B, 0x09, 0x85, 0x00, 0x0B, 0x08, 0x0B, 0x85, 0x10, 0x01, 0x08, 0x02,
	0x08, 0x85, 0x0F, 0x01, 0x02, 0x03, 0x02, 0x85, 0x07, 0x01, 0x05, 0x00,
	0x01, 0x00, 0x05, 0x01, 0x80, 0x0C, 0x0A, 0x02, 0x01, 0x06, 0x00, 0x01,
	0x06, 0x7E, 0x00, 0x06, 0x04, 0x00, 0x06, 0x04, 0x7E, 0x00, 0x04, 0x04,
	0x84, 0x0E, 0x01, 0x03, 0x00, 0x00, 0x03, 0x59, 0x0E, 0x01, 0x03, 0x03,
	0x00, 0x61, 0x0D, 0x01, 0x00, 0x03, 0x00, 0x51, 0x5E, 0x5D, 0x5A, 0x59,
	0x56, 0x54, 0x52, 0x50, 0x4B, 0x4A, 0x49, 0x47, 0x43, 0x42, 0x3F, 0x3E,
	0x3A, 0x39, 0x19, 0x15, 0x14, 0x19, 0x37, 0x23, 0x13, 0x21, 0x10, 0x12,
	0x07, 0x1F, 0x2B, 0x01, 0x06, 0x07, 0x23, 0x22, 0x26, 0x37, 0x34, 0x33,
	0x32, 0x1E, 0x01, 0x37, 0x32, 0x37, 0x06, 0x15, 0x14, 0x01, 0x14, 0x06,
	0x23, 0x21, 0x22, 0x26, 0x27, 0x34, 0x3E, 0x05, 0x33, 0x32, 0x1E, 0x02,
	0x3E, 0x01, 0x3F, 0x01, 0x36, 0x37, 0x32, 0x1E, 0x04, 0x17, 0x01, 0x14,
	0x06, 0x22, 0x26, 0x34, 0x36, 0x32, 0x16, 0x01, 0x14, 0x06, 0x2E, 0x01,
	0x3E, 0x02, 0x16, 0x05, 0x14, 0x06, 0x27, 0x23, 0x26, 0x27, 0x36, 0x35,
	0x34, 0x27, 0x16, 0x33, 0x32, 0x3E, 0x01, 0x17, 0x32, 0x27, 0x14, 0x06,
	0x22, 0x26, 0x34, 0x36, 0x32, 0x16, 0x01, 0x4B, 0x5A, 0x3A, 0x4B, 0x2D,
	0x40, 0x01, 0x45, 0x04, 0x2A, 0x42, 0x21, 0x26, 0x25, 0x03, 0x02, 0x83,
	0x52, 0x43, 0xFE, 0x18, 0x44, 0x50, 0x01, 0x04, 0x0C, 0x10, 0x20, 0x26,
	0x3A, 0x21, 0x06, 0x24, 0x2E, 0x48, 0x50, 0x46, 0x19, 0x29, 0x10, 0x08,
	0x22, 0x38, 0x26, 0x20, 0x10, 0x0E, 0x01, 0xFD, 0xC6, 0x54, 0x76, 0x54,
	0x54, 0x76, 0x54, 0x01, 0x89, 0x7E, 0xB0, 0x80, 0x02, 0x7C, 0xB4, 0x7A,
	0x01, 0x43, 0x3E, 0x2E, 0x4B, 0x39, 0x5A, 0x2D, 0x03, 0x25, 0x25, 0x21,
	0x44, 0x28, 0x04, 0x45, 0x47, 0x54, 0x76, 0x54, 0x54, 0x76, 0x54, 0x01,
	0x5E, 0x03, 0x44, 0x2C, 0x2C, 0xC5, 0x16, 0x1A, 0x01, 0x0D, 0x15, 0x10,
	0x4E, 0xFE, 0x5B, 0x42, 0x4E, 0x4E, 0x42, 0x1E, 0x38, 0x42, 0x38, 0x34,
	0x26, 0x16, 0x18, 0x1C, 0x1A, 0x02, 0x16, 0x10, 0x1A, 0x0A, 0x02, 0x16,
	0x26, 0x34, 0x38, 0x42, 0x1C, 0x02, 0x8F, 0x3B, 0x54, 0x54, 0x76, 0x54,
	0x54, 0xFE, 0xEF, 0x59, 0x7E, 0x02, 0x7A, 0xB6, 0x78, 0x06, 0x84, 0xD3,
	0x2B, 0x2E, 0x01, 0x44, 0x03, 0x41, 0x4E, 0x10, 0x15, 0x0D, 0x18, 0x18,
	0x01, 0x8F, 0x3B, 0x54, 0x54, 0x76, 0x54, 0x54, 0x00, 0x02, 0x00, 0x00,
	0xFF, 0xF9, 0x03, 0x92, 0x02, 0xC5, 0x00, 0x10, 0x00, 0x31, 0x00, 0x2E,
	0x40, 0x2B, 0x2E, 0x26, 0x25, 0x18, 0x15, 0x0F, 0x0E, 0x0D, 0x08, 0x01,
	0x03, 0x0C, 0x01, 0x00, 0x01, 0x02, 0x4C, 0x04, 0x01, 0x03, 0x01, 0x03,
	0x85, 0x00, 0x01, 0x00, 0x01, 0x85, 0x02, 0x01, 0x00, 0x00, 0x76, 0x2A,
	0x28, 0x23, 0x22, 0x21, 0x11, 0x14, 0x05, 0x07, 0x19, 0x2B, 0x01, 0x11,
	0x14, 0x06, 0x07, 0x23, 0x35, 0x23, 0x15, 0x23, 0x22, 0x26, 0x27, 0x11,
	0x09, 0x01, 0x16, 0x37, 0x07, 0x06, 0x07, 0x23, 0x22, 0x27, 0x09, 0x01,
	0x06, 0x26, 0x2F, 0x01, 0x26, 0x36, 0x37, 0x01, 0x36, 0x32, 0x1F, 0x01,
	0x35, 0x34, 0x36, 0x3B, 0x01, 0x32, 0x16, 0x1D, 0x01, 0x17, 0x16, 0x14,
	0x03, 0x12, 0x16, 0x0E, 0xD6, 0x8F, 0xD6, 0x0F, 0x14, 0x01, 0x01, 0x41,
	0x01, 0x41, 0x01, 0x7C, 0x22, 0x05, 0x07, 0x02, 0x07, 0x05, 0xFE, 0x7E,
	0xFE, 0x7E, 0x07, 0x0D, 0x05, 0x23, 0x04, 0x02, 0x05, 0x01, 0x91, 0x12,
	0x30, 0x13, 0x88, 0x0A, 0x08, 0x6B, 0x08, 0x0A, 0x7A, 0x06, 0x01, 0x28,
	0xFE, 0xF5, 0x0F, 0x14, 0x01, 0xD6, 0xD6, 0x16, 0x0E, 0x01, 0x0F, 0x01,
	0x08, 0xFE, 0xF8, 0x01, 0x24, 0x29, 0x05, 0x01, 0x03, 0x01, 0x42, 0xFE,
	0xBE, 0x04, 0x02, 0x05, 0x29, 0x06, 0x0E, 0x05, 0x01, 0x4E, 0x0F, 0x0F,
	0x71, 0x6C, 0x08, 0x0A, 0x0A, 0x08, 0xE3, 0x66, 0x04, 0x10, 0x00, 0x00,
	0x00, 0x03, 0x00, 0x00, 0xFF, 0xF9, 0x03, 0xE8, 0x02, 0x7D, 0x00, 0x11,
	0x00, 0x22, 0x00, 0x33, 0x00, 0x46, 0x40, 0x43, 0x0B, 0x02, 0x02, 0x04,
	0x02, 0x0D, 0x01, 0x00, 0x03, 0x02, 0x4C, 0x00, 0x04, 0x02, 0x03, 0x02,
	0x04, 0x03, 0x80, 0x00, 0x03, 0x00, 0x02, 0x03, 0x00, 0x7E, 0x00, 0x00,
	0x01, 0x02, 0x00, 0x01, 0x7E, 0x00, 0x06, 0x00, 0x02, 0x04, 0x06, 0x02,
	0x69, 0x00, 0x01, 0x05, 0x05, 0x01, 0x59, 0x00, 0x01, 0x01, 0x05, 0x61,
	0x00, 0x05, 0x01, 0x05, 0x51, 0x17, 0x16, 0x24, 0x14, 0x15, 0x18, 0x16,
	0x07, 0x07, 0x1D, 0x2B, 0x01, 0x26, 0x27, 0x16, 0x15, 0x14, 0x06, 0x2E,
	0x01, 0x35, 0x34, 0x37, 0x06, 0x07, 0x1E, 0x01, 0x20, 0x36, 0x01, 0x34,
	0x26, 0x07, 0x22, 0x06, 0x15, 0x14, 0x16, 0x32, 0x36, 0x35, 0x34, 0x36,
	0x33, 0x32, 0x36, 0x05, 0x14, 0x07, 0x06, 0x04, 0x20, 0x24, 0x27, 0x26,
	0x34, 0x37, 0x36, 0x2C, 0x01, 0x04, 0x17, 0x16, 0x03, 0xA1, 0x55, 0x80,
	0x22, 0x92, 0xD0, 0x92, 0x22, 0x80, 0x55, 0x4B, 0xE0, 0x01, 0x04, 0xE2,
	0xFE, 0xB7, 0x10, 0x0B, 0x46, 0x64, 0x10, 0x16, 0x10, 0x44, 0x30, 0x0B,
	0x10, 0x01, 0xD9, 0x0B, 0x4E, 0xFE, 0xF8, 0xFE, 0xDA, 0xFE, 0xF8, 0x4E,
	0x0B, 0x0B, 0x4E, 0x01, 0x08, 0x01, 0x26, 0x01, 0x08, 0x4E, 0x0B, 0x01,
	0x3A, 0x84, 0x41, 0x3A, 0x43, 0x67, 0x94, 0x02, 0x90, 0x69, 0x43, 0x3A,
	0x41, 0x84, 0x72, 0x88, 0x88, 0x01, 0x49, 0x0B, 0x10, 0x01, 0x64, 0x45,
	0x0B, 0x10, 0x10, 0x0B, 0x30, 0x44, 0x10, 0xCC, 0x13, 0x13, 0x81, 0x9A,
	0x9A, 0x81, 0x13, 0x26, 0x14, 0x80, 0x9A, 0x02, 0x9E, 0x7E, 0x14, 0x00,
	0x00, 0x05, 0x00, 0x00, 0xFF, 0xC3, 0x03, 0xE8, 0x02, 0xB1, 0x00, 0x09,
	0x00, 0x1A, 0x00, 0x3E, 0x00, 0x44, 0x00, 0x57, 0x00, 0x8D, 0x40, 0x1A,
	0x34, 0x1B, 0x02, 0x00, 0x04, 0x53, 0x06, 0x02, 0x02, 0x00, 0x52, 0x43,
	0x02, 0x01, 0x02, 0x50, 0x42, 0x29, 0x27, 0x08, 0x01, 0x06, 0x06, 0x01,
	0x04, 0x4C, 0x4B, 0xB0, 0x19, 0x50, 0x58, 0x40, 0x29, 0x00, 0x05, 0x04,
	0x05, 0x85, 0x00, 0x02, 0x00, 0x01, 0x00, 0x02, 0x01, 0x80, 0x00, 0x01,
	0x06, 0x00, 0x01, 0x06, 0x7E, 0x00, 0x06, 0x03, 0x00, 0x06, 0x03, 0x7E,
	0x00, 0x04, 0x00, 0x00, 0x02, 0x04, 0x00, 0x69, 0x00, 0x03, 0x03, 0x0F,
	0x03, 0x4E, 0x1B, 0x40, 0x2F, 0x00, 0x05, 0x04, 0x05, 0x85, 0x00, 0x02,
	0x00, 0x01, 0x00, 0x02, 0x01, 0x80, 0x00, 0x01, 0x06, 0x00, 0x01, 0x06,
	0x7E, 0x00, 0x06, 0x03, 0x00, 0x06, 0x03, 0x7E, 0x00, 0x03, 0x03, 0x84,
	0x00, 0x04, 0x00, 0x00, 0x04, 0x59, 0x00, 0x04, 0x04, 0x00, 0x61, 0x00,
	0x00, 0x04, 0x00, 0x51, 0x59, 0x40, 0x0B, 0x4C, 0x4B, 0x13, 0x2E, 0x19,
	0x24, 0x14, 0x1D, 0x07, 0x07, 0x1C, 0x2B, 0x25, 0x37, 0x2E, 0x01, 0x37,
	0x34, 0x37, 0x06, 0x07, 0x16, 0x01, 0x34, 0x26, 0x07, 0x22, 0x06, 0x15,
	0x14, 0x16, 0x32, 0x36, 0x35, 0x34, 0x36, 0x33, 0x32, 0x36, 0x37, 0x14,
	0x15, 0x06, 0x02, 0x0F, 0x01, 0x06, 0x23, 0x22, 0x27, 0x26, 0x35, 0x34,
	0x37, 0x2E, 0x01, 0x27, 0x26, 0x34, 0x37, 0x3E, 0x01, 0x33, 0x32, 0x17,
	0x37, 0x36, 0x33, 0x32, 0x16, 0x1F, 0x01, 0x16, 0x07, 0x16, 0x13, 0x14,
	0x06, 0x07, 0x13, 0x16, 0x17, 0x14, 0x07, 0x06, 0x07, 0x0E, 0x01, 0x23,
	0x37, 0x3E, 0x01, 0x37, 0x26, 0x27, 0x37, 0x1E, 0x01, 0x17, 0x16, 0x01,
	0x36, 0x2B, 0x30, 0x38, 0x01, 0x22, 0x80, 0x55, 0x5E, 0x01, 0x6A, 0x10,
	0x0B, 0x46, 0x64, 0x10, 0x16, 0x10, 0x44, 0x30, 0x0B, 0x10, 0xCA, 0x3B,
	0xEA, 0x3B, 0x1C, 0x05, 0x0A, 0x07, 0x44, 0x09, 0x19, 0x50, 0x86, 0x32,
	0x0B, 0x0B, 0x56, 0xFC, 0x97, 0x32, 0x32, 0x1F, 0x05, 0x0A, 0x03, 0x0E,
	0x0B, 0x24, 0x0B, 0x01, 0x09, 0x15, 0x58, 0x49, 0x9D, 0x04, 0xFA, 0x0B,
	0x16, 0x27, 0x54, 0xDC, 0x7C, 0x29, 0x77, 0xC8, 0x45, 0x41, 0x5D, 0x23,
	0x35, 0x62, 0x20, 0x0B, 0x69, 0x4F, 0x23, 0x6A, 0x3D, 0x43, 0x3A, 0x41,
	0x84, 0x90, 0x01, 0x67, 0x0B, 0x10, 0x01, 0x64, 0x45, 0x0B, 0x10, 0x10,
	0x0B, 0x30, 0x44, 0x10, 0x75, 0x04, 0x01, 0x69, 0xFE, 0x5A, 0x69, 0x32,
	0x09, 0x27, 0x06, 0x0A, 0x07, 0x2A, 0x24, 0x78, 0x4D, 0x11, 0x2A, 0x12,
	0x83, 0x98, 0x0A, 0x36, 0x09, 0x06, 0x06, 0x14, 0x06, 0x01, 0x05, 0xFE,
	0xFD, 0x4E, 0x80, 0x1B, 0x01, 0x18, 0x19, 0x5E, 0x13, 0x13, 0x24, 0x2D,
	0x60, 0x6A, 0x4A, 0x0A, 0x84, 0x69, 0x64, 0x40, 0x3F, 0x24, 0x62, 0x36,
	0x13, 0x00, 0x00, 0x00, 0x00, 0x06, 0x00, 0x00, 0xFF, 0x72, 0x04, 0x2F,
	0x03, 0x49, 0x00, 0x08, 0x00, 0x12, 0x00, 0x1B, 0x00, 0x7A, 0x00, 0xB6,
	0x00, 0xF1, 0x00, 0x9C, 0x40, 0x99, 0xEE, 0xD9, 0x02, 0x04, 0x0E, 0x6A,
	0x5D, 0x02, 0x05, 0x08, 0xD0, 0xBC, 0x70, 0x03, 0x00, 0x05, 0xBE, 0xAC,
	0xA0, 0x75, 0x52, 0x4C, 0x45, 0x23, 0x1D, 0x09, 0x01, 0x00, 0xB3, 0x9E,
	0x40, 0x03, 0x02, 0x01, 0x3A, 0x2D, 0x02, 0x06, 0x02, 0x95, 0x80, 0x02,
	0x0B, 0x03, 0x07, 0x4C, 0xE7, 0xDB, 0x02, 0x0E, 0x4A, 0x82, 0x01, 0x0B,
	0x49, 0x0A, 0x01, 0x08, 0x09, 0x05, 0x09, 0x08, 0x05, 0x80, 0x00, 0x06,
	0x02, 0x07, 0x02, 0x06, 0x07, 0x80, 0x00, 0x0E, 0x00, 0x04, 0x09, 0x0E,
	0x04, 0x69, 0x00, 0x09, 0x08, 0x00, 0x09, 0x57, 0x00, 0x05, 0x0D, 0x01,
	0x00, 0x01, 0x05, 0x00, 0x69, 0x00, 0x02, 0x06, 0x01, 0x02, 0x59, 0x0C,
	0x01, 0x01, 0x00, 0x07, 0x03, 0x01, 0x07, 0x67, 0x00, 0x03, 0x0B, 0x0B,
	0x03, 0x59, 0x00, 0x03, 0x03, 0x0B, 0x61, 0x00, 0x0B, 0x03, 0x0B, 0x51,
	0xE5, 0xE3, 0xC7, 0xC6, 0xAA, 0xA8, 0x8B, 0x8A, 0x6D, 0x6C, 0x64, 0x62,
	0x5A, 0x59, 0x34, 0x32, 0x2B, 0x2A, 0x13, 0x14, 0x14, 0x14, 0x13, 0x12,
	0x0F, 0x07, 0x1C, 0x2B, 0x01, 0x34, 0x26, 0x22, 0x06, 0x14, 0x16, 0x32,
	0x36, 0x05, 0x34, 0x26, 0x0E, 0x01, 0x17, 0x14, 0x16, 0x32, 0x36, 0x03,
	0x34, 0x26, 0x22, 0x06, 0x1E, 0x01, 0x32, 0x36, 0x07, 0x15, 0x14, 0x06,
	0x0F, 0x01, 0x06, 0x07, 0x16, 0x17, 0x16, 0x14, 0x07, 0x0E, 0x01, 0x22,
	0x2F, 0x01, 0x06, 0x07, 0x06, 0x07, 0x06, 0x2B, 0x01, 0x22, 0x26, 0x35,
	0x27, 0x26, 0x27, 0x07, 0x06, 0x22, 0x27, 0x26, 0x35, 0x34, 0x37, 0x3E,
	0x01, 0x37, 0x26, 0x2F, 0x01, 0x2E, 0x01, 0x3D, 0x01, 0x34, 0x36, 0x3F,
	0x01, 0x36, 0x37, 0x26, 0x27, 0x26, 0x34, 0x37, 0x3E, 0x01, 0x33, 0x32,
	0x1F, 0x01, 0x36, 0x37, 0x36, 0x37, 0x36, 0x3B, 0x01, 0x32, 0x16, 0x1F,
	0x01, 0x16, 0x17, 0x37, 0x36, 0x32, 0x17, 0x16, 0x15, 0x14, 0x0F, 0x01,
	0x06, 0x07, 0x16, 0x1F, 0x01, 0x1E, 0x01, 0x01, 0x15, 0x14, 0x07, 0x06,
	0x07, 0x16, 0x15, 0x14, 0x07, 0x06, 0x23, 0x22, 0x2F, 0x01, 0x06, 0x22,
	0x27, 0x0E, 0x01, 0x07, 0x22, 0x27, 0x26, 0x35, 0x34, 0x37, 0x26, 0x27,
	0x26, 0x3D, 0x01, 0x34, 0x37, 0x36, 0x37, 0x26, 0x35, 0x34, 0x3F, 0x01,
	0x36, 0x33, 0x32, 0x16, 0x17, 0x37, 0x17, 0x36, 0x3F, 0x01, 0x32, 0x17,
	0x16, 0x15, 0x14, 0x07, 0x16, 0x17, 0x16, 0x11, 0x15, 0x14, 0x07, 0x06,
	0x07, 0x16, 0x15, 0x14, 0x07, 0x06, 0x23, 0x22, 0x26, 0x27, 0x06, 0x22,
	0x27, 0x0E, 0x01, 0x22, 0x27, 0x26, 0x35, 0x34, 0x37, 0x26, 0x27, 0x26,
	0x3D, 0x01, 0x34, 0x37, 0x36, 0x37, 0x26, 0x35, 0x34, 0x3F, 0x01, 0x36,
	0x33, 0x32, 0x16, 0x17, 0x37, 0x17, 0x36, 0x3F, 0x01, 0x32, 0x17, 0x16,
	0x15, 0x14, 0x07, 0x16, 0x17, 0x16, 0x01, 0xF4, 0x54, 0x76, 0x54, 0x54,
	0x76, 0x54, 0x01, 0xAD, 0x2C, 0x38, 0x2C, 0x01, 0x2A, 0x3A, 0x2C, 0x01,
	0x2C, 0x38, 0x2C, 0x01, 0x2A, 0x3A, 0x2C, 0xD8, 0x08, 0x04, 0x57, 0x06,
	0x0C, 0x13, 0x1F, 0x04, 0x04, 0x0C, 0x44, 0x10, 0x05, 0x40, 0x15, 0x16,
	0x06, 0x07, 0x04, 0x0D, 0x68, 0x06, 0x0A, 0x0D, 0x13, 0x17, 0x42, 0x04,
	0x0D, 0x06, 0x50, 0x04, 0x05, 0x24, 0x08, 0x0D, 0x07, 0x55, 0x05, 0x08,
	0x08, 0x05, 0x56, 0x07, 0x0B, 0x13, 0x1F, 0x04, 0x04, 0x0C, 0x44, 0x0A,
	0x06, 0x06, 0x40, 0x13, 0x18, 0x06, 0x07, 0x03, 0x0D, 0x68, 0x06, 0x0A,
	0x01, 0x0D, 0x13, 0x17, 0x41, 0x05, 0x0D, 0x05, 0x51, 0x04, 0x18, 0x11,
	0x08, 0x0D, 0x06, 0x55, 0x06, 0x06, 0x01, 0x66, 0x53, 0x06, 0x0A, 0x1C,
	0x02, 0x44, 0x01, 0x05, 0x15, 0x1D, 0x0B, 0x0C, 0x0B, 0x07, 0x2C, 0x03,
	0x01, 0x44, 0x03, 0x1D, 0x0A, 0x07, 0x53, 0x53, 0x07, 0x0A, 0x1D, 0x03,
	0x34, 0x10, 0x01, 0x04, 0x2A, 0x08, 0x11, 0x11, 0x1C, 0x17, 0x04, 0x02,
	0x43, 0x02, 0x1C, 0x09, 0x07, 0x53, 0x53, 0x06, 0x0A, 0x1C, 0x02, 0x44,
	0x01, 0x05, 0x2A, 0x08, 0x0B, 0x0C, 0x0B, 0x07, 0x2C, 0x04, 0x44, 0x03,
	0x1D, 0x0A, 0x07, 0x53, 0x53, 0x07, 0x0A, 0x1D, 0x03, 0x34, 0x10, 0x01,
	0x04, 0x2A, 0x08, 0x11, 0x11, 0x1C, 0x17, 0x04, 0x02, 0x43, 0x02, 0x1C,
	0x09, 0x07, 0x53, 0x01, 0x5E, 0x3B, 0x54, 0x54, 0x76, 0x54, 0x54, 0xE3,
	0x1D, 0x2C, 0x02, 0x28, 0x1F, 0x1D, 0x2A, 0x2A, 0x02, 0x59, 0x1D, 0x2A,
	0x2A, 0x3B, 0x2A, 0x2A, 0xCD, 0x67, 0x06, 0x0A, 0x01, 0x0E, 0x13, 0x17,
	0x1B, 0x25, 0x06, 0x0C, 0x04, 0x11, 0x42, 0x04, 0x32, 0x0B, 0x06, 0x3C,
	0x1B, 0x0D, 0x08, 0x06, 0x55, 0x06, 0x0C, 0x32, 0x04, 0x04, 0x4B, 0x0F,
	0x05, 0x05, 0x08, 0x2C, 0x0C, 0x18, 0x16, 0x0D, 0x01, 0x08, 0x07, 0x68,
	0x05, 0x0A, 0x01, 0x0E, 0x13, 0x17, 0x1B, 0x25, 0x06, 0x0C, 0x05, 0x10,
	0x42, 0x04, 0x32, 0x0A, 0x08, 0x3C, 0x1A, 0x0D, 0x08, 0x06, 0x55, 0x06,
	0x0B, 0x31, 0x04, 0x04, 0x4B, 0x0F, 0x04, 0x06, 0x1E, 0x15, 0x0D, 0x1B,
	0x13, 0x0C, 0x02, 0x08, 0xFE, 0xCF, 0x4E, 0x09, 0x08, 0x0F, 0x0E, 0x3F,
	0x0E, 0x02, 0x02, 0x28, 0x1B, 0x25, 0x01, 0x01, 0x0B, 0x34, 0x01, 0x28,
	0x02, 0x02, 0x0E, 0x3F, 0x0E, 0x0F, 0x08, 0x09, 0x4E, 0x09, 0x09, 0x10,
	0x0D, 0x3F, 0x0E, 0x02, 0x02, 0x1E, 0x09, 0x34, 0x0C, 0x01, 0x01, 0x28,
	0x17, 0x01, 0x27, 0x02, 0x02, 0x0E, 0x3F, 0x0D, 0x10, 0x09, 0x02, 0x33,
	0x4E, 0x09, 0x09, 0x0F, 0x0E, 0x3F, 0x0E, 0x02, 0x02, 0x27, 0x34, 0x0C,
	0x01, 0x01, 0x0C, 0x34, 0x27, 0x02, 0x02, 0x0E, 0x3F, 0x0E, 0x0F, 0x09,
	0x09, 0x4E, 0x09, 0x08, 0x10, 0x0D, 0x3F, 0x0E, 0x02, 0x02, 0x1E, 0x09,
	0x34, 0x0B, 0x01, 0x01, 0x27, 0x17, 0x01, 0x27, 0x02, 0x02, 0x0E, 0x3F,
	0x0D, 0x10, 0x08, 0x00, 0x00, 0x02, 0x00, 0x00, 0xFF, 0xB1, 0x03, 0x5A,
	0x03, 0x0B, 0x00, 0x2F, 0x00, 0x5F, 0x00, 0x57, 0x40, 0x54, 0x59, 0x58,
	0x50, 0x15, 0x14, 0x0C, 0x06, 0x02, 0x0A, 0x41, 0x40, 0x38, 0x2D, 0x24,
	0x05, 0x07, 0x05, 0x02, 0x4C, 0x00, 0x0A, 0x02, 0x0A, 0x85, 0x00, 0x02,
	0x01, 0x02, 0x85, 0x00, 0x05, 0x00, 0x07, 0x00, 0x05, 0x07, 0x80, 0x00,
	0x07, 0x07, 0x84, 0x0B, 0x09, 0x03, 0x03, 0x01, 0x00, 0x00, 0x01, 0x57,
	0x0B, 0x09, 0x03, 0x03, 0x01, 0x01, 0x00, 0x5F, 0x08, 0x06, 0x04, 0x03,
	0x00, 0x01, 0x00, 0x4F, 0x5E, 0x5C, 0x56, 0x53, 0x4D, 0x4C, 0x26, 0x36,
	0x29, 0x27, 0x16, 0x26, 0x27, 0x16, 0x20, 0x0C, 0x07, 0x1F, 0x2B, 0x01,
	0x23, 0x22, 0x26, 0x3D, 0x01, 0x34, 0x36, 0x17, 0x33, 0x2E, 0x01, 0x27,
	0x15, 0x14, 0x06, 0x07, 0x23, 0x22, 0x26, 0x27, 0x35, 0x0E, 0x01, 0x07,
	0x33, 0x32, 0x16, 0x17, 0x15, 0x14, 0x06, 0x27, 0x23, 0x1E, 0x01, 0x17,
	0x35, 0x34, 0x36, 0x17, 0x33, 0x32, 0x16, 0x17, 0x15, 0x3E, 0x01, 0x37,
	0x15, 0x14, 0x06, 0x27, 0x23, 0x0E, 0x01, 0x07, 0x15, 0x14, 0x06, 0x2B,
	0x01, 0x22, 0x26, 0x27, 0x35, 0x2E, 0x01, 0x27, 0x23, 0x22, 0x26, 0x27,
	0x35, 0x34, 0x36, 0x17, 0x33, 0x3E, 0x01, 0x37, 0x35, 0x34, 0x36, 0x3B,
	0x01, 0x32, 0x16, 0x17, 0x15, 0x1E, 0x01, 0x17, 0x33, 0x32, 0x16, 0x02,
	0x9C, 0x3D, 0x0E, 0x16, 0x16, 0x0E, 0x3D, 0x12, 0x5A, 0x3C, 0x16, 0x0E,
	0x47, 0x0F, 0x14, 0x01, 0x3C, 0x5A, 0x12, 0x3D, 0x0F, 0x14, 0x01, 0x16,
	0x0E, 0x3D, 0x12, 0x5A, 0x3C, 0x16, 0x0E, 0x47, 0x0F, 0x14, 0x01, 0x3C,
	0x5A, 0xCF, 0x14, 0x10, 0x4F, 0x15, 0x84, 0x59, 0x16, 0x0E, 0x47, 0x0F,
	0x14, 0x01, 0x5A, 0x82, 0x15, 0x50, 0x0F, 0x14, 0x01, 0x16, 0x0E, 0x50,
	0x14, 0x84, 0x59, 0x16, 0x0E, 0x47, 0x0F, 0x14, 0x01, 0x5A, 0x82, 0x16,
	0x4F, 0x0F, 0x16, 0x01, 0x17, 0x14, 0x0F, 0x48, 0x0E, 0x16, 0x01, 0x3D,
	0x5A, 0x11, 0x3C, 0x0F, 0x14, 0x01, 0x16, 0x0E, 0x3C, 0x11, 0x5A, 0x3D,
	0x14, 0x0F, 0x48, 0x0E, 0x16, 0x01, 0x3D, 0x5A, 0x11, 0x3C, 0x0F, 0x16,
	0x01, 0x14, 0x10, 0x3C, 0x12, 0x58, 0xA9, 0x48, 0x0E, 0x16, 0x01, 0x5A,
	0x84, 0x14, 0x50, 0x0E, 0x16, 0x16, 0x0E, 0x50, 0x15, 0x82, 0x5B, 0x14,
	0x0F, 0x48, 0x0E, 0x16, 0x01, 0x5A, 0x84, 0x14, 0x50, 0x0E, 0x16, 0x16,
	0x0E, 0x50, 0x15, 0x82, 0x5B, 0x14, 0x00, 0x00, 0x00, 0x02, 0xFF, 0xFD,
	0xFF, 0xB1, 0x03, 0x59, 0x03, 0x52, 0x00, 0x28, 0x00, 0x34, 0x00, 0x27,
	0x40, 0x24, 0x00, 0x03, 0x02, 0x03, 0x85, 0x00, 0x02, 0x01, 0x02, 0x85,
	0x00, 0x01, 0x00, 0x00, 0x01, 0x59, 0x00, 0x01, 0x01, 0x00, 0x61, 0x00,
	0x00, 0x01, 0x00, 0x51, 0x33, 0x32, 0x2D, 0x2C, 0x1A, 0x19, 0x14, 0x04,
	0x07, 0x17, 0x2B, 0x01, 0x14, 0x0E, 0x02, 0x22, 0x2E, 0x02, 0x37, 0x34,
	0x36, 0x37, 0x36, 0x16, 0x17, 0x16, 0x06, 0x07, 0x0E, 0x01, 0x15, 0x14,
	0x1E, 0x02, 0x32, 0x3E, 0x02, 0x37, 0x34, 0x26, 0x27, 0x2E, 0x01, 0x3E,
	0x01, 0x17, 0x1E, 0x01, 0x01, 0x11, 0x14, 0x06, 0x22, 0x26, 0x37, 0x11,
	0x34, 0x36, 0x32, 0x16, 0x03, 0x59, 0x44, 0x72, 0xA0, 0xAC, 0xA2, 0x6E,
	0x4A, 0x03, 0x5A, 0x51, 0x18, 0x3C, 0x10, 0x12, 0x08, 0x18, 0x36, 0x3C,
	0x2E, 0x4C, 0x6A, 0x74, 0x68, 0x50, 0x2A, 0x01, 0x3C, 0x36, 0x17, 0x0A,
	0x24, 0x3C, 0x17, 0x51, 0x5A, 0xFE, 0x9B, 0x2A, 0x3A, 0x2C, 0x01, 0x2A,
	0x3C, 0x28, 0x01, 0x5E, 0x57, 0x9E, 0x74, 0x44, 0x44, 0x74, 0x9E, 0x57,
	0x66, 0xB2, 0x3E, 0x12, 0x08, 0x18, 0x17, 0x3C, 0x11, 0x29, 0x78, 0x43,
	0x3A, 0x6A, 0x4C, 0x2E, 0x2E, 0x4C, 0x6A, 0x3A, 0x44, 0x76, 0x2A, 0x12,
	0x3A, 0x30, 0x08, 0x12, 0x3D, 0xB4, 0x01, 0x48, 0xFE, 0x9A, 0x1D, 0x2A,
	0x2A, 0x1D, 0x01, 0x66, 0x1D, 0x2A, 0x2A, 0x00, 0x00, 0x03, 0x00, 0x00,
	0x00, 0x00, 0x03, 0x8F, 0x02, 0xAD, 0x00, 0x16, 0x00, 0x1F, 0x00, 0x24,
	0x00, 0x44, 0x40, 0x41, 0x11, 0x06, 0x02, 0x05, 0x04, 0x01, 0x4C, 0x06,
	0x01, 0x00, 0x00, 0x03, 0x04, 0x00, 0x03, 0x69, 0x00, 0x04, 0x00, 0x05,
	0x02, 0x04, 0x05, 0x69, 0x07, 0x01, 0x02, 0x01, 0x01, 0x02, 0x59, 0x07,
	0x01, 0x02, 0x02, 0x01, 0x61, 0x00, 0x01, 0x02, 0x01, 0x51, 0x18, 0x17,
	0x01, 0x00, 0x24, 0x23, 0x22, 0x21, 0x1C, 0x1B, 0x17, 0x1F, 0x18, 0x1F,
	0x0C, 0x0B, 0x00, 0x16, 0x01, 0x16, 0x08, 0x07, 0x16, 0x2B, 0x01, 0x32,
	0x1E, 0x02, 0x1F, 0x01, 0x07, 0x0E, 0x03, 0x2E, 0x03, 0x2F, 0x01, 0x3E,
	0x04, 0x13, 0x32, 0x36, 0x2E, 0x02, 0x0E, 0x01, 0x16, 0x27, 0x34, 0x32,
	0x06, 0x26, 0x01, 0xD1, 0x44, 0x90, 0x68, 0x56, 0x15, 0x17, 0x18, 0x0F,
	0x60, 0x62, 0x90, 0x8A, 0x8E, 0x6A, 0x56, 0x15, 0x17, 0x08, 0x1E, 0x60,
	0x64, 0x90, 0x45, 0x5C, 0x84, 0x02, 0x80, 0xBC, 0x80, 0x04, 0x88, 0x16,
	0xE0, 0x02, 0xDC, 0x02, 0xAD, 0x44, 0x60, 0x62, 0x22, 0x22, 0x25, 0x17,
	0x74, 0x5A, 0x4A, 0x02, 0x42, 0x68, 0x60, 0x26, 0x22, 0x0E, 0x2C, 0x72,
	0x58, 0x46, 0xFD, 0xD2, 0x82, 0xBA, 0x82, 0x02, 0x86, 0xB6, 0x86, 0xE1,
	0x70, 0xE0, 0x02, 0x00, 0x00, 0x03, 0x00, 0x00, 0x00, 0x00, 0x03, 0xCF,
	0x02, 0xB7, 0x00, 0x3A, 0x00, 0x47, 0x00, 0x54, 0x00, 0x44, 0x40, 0x41,
	0x2C, 0x0F, 0x02, 0x04, 0x05, 0x01, 0x4C, 0x06, 0x01, 0x00, 0x00, 0x03,
	0x05, 0x00, 0x03, 0x69, 0x00, 0x05, 0x00, 0x04, 0x02, 0x05, 0x04, 0x69,
	0x07, 0x01, 0x02, 0x01, 0x01, 0x02, 0x59, 0x07, 0x01, 0x02, 0x02, 0x01,
	0x61, 0x00, 0x01, 0x02, 0x01, 0x51, 0x3C, 0x3B, 0x01, 0x00, 0x52, 0x51,
	0x4C, 0x4B, 0x42, 0x41, 0x3B, 0x47, 0x3C, 0x47, 0x1E, 0x1D, 0x00, 0x3A,
	0x01, 0x3A, 0x08, 0x07, 0x16, 0x2B, 0x01, 0x32, 0x17, 0x16, 0x17, 0x16,
	0x17, 0x16, 0x17, 0x16, 0x17, 0x16, 0x17, 0x16, 0x1F, 0x01, 0x07, 0x06,
	0x07, 0x06, 0x07, 0x06, 0x07, 0x06, 0x07, 0x06, 0x07, 0x06, 0x07, 0x06,
	0x22, 0x27, 0x26, 0x27, 0x26, 0x27, 0x26, 0x27, 0x26, 0x27, 0x26, 0x27,
	0x26, 0x2F, 0x01, 0x37, 0x36, 0x37, 0x36, 0x37, 0x36, 0x37, 0x36, 0x37,
	0x36, 0x37, 0x36, 0x37, 0x36, 0x13, 0x32, 0x3E, 0x01, 0x34, 0x2E, 0x01,
	0x22, 0x0E, 0x01, 0x14, 0x1E, 0x01, 0x37, 0x14, 0x0E, 0x01, 0x22, 0x2E,
	0x01, 0x34, 0x3E, 0x01, 0x32, 0x1E, 0x01, 0x01, 0xE8, 0x34, 0x34, 0x30,
	0x2F, 0x2A, 0x29, 0x24, 0x23, 0x1D, 0x1C, 0x16, 0x14, 0x0E, 0x0C, 0x09,
	0x09, 0x0C, 0x0E, 0x14, 0x16, 0x1C, 0x1D, 0x23, 0x24, 0x29, 0x2A, 0x2F,
	0x30, 0x34, 0x68, 0x35, 0x2F, 0x2F, 0x2A, 0x29, 0x24, 0x23, 0x1E, 0x1B,
	0x17, 0x14, 0x0E, 0x0C, 0x09, 0x09, 0x0C, 0x0E, 0x14, 0x16, 0x1C, 0x1E,
	0x22, 0x24, 0x29, 0x2B, 0x2F, 0x2F, 0x35, 0x34, 0x40, 0x6E, 0x40, 0x40,
	0x6E, 0x80, 0x6E, 0x41, 0x40, 0x6E, 0xAC, 0x1E, 0x31, 0x39, 0x31, 0x1D,
	0x1D, 0x31, 0x39, 0x31, 0x1E, 0x02, 0xB7, 0x0F, 0x0D, 0x19, 0x17, 0x20,
	0x1B, 0x23, 0x1D, 0x21, 0x1B, 0x1C, 0x14, 0x12, 0x0F, 0x0F, 0x12, 0x14,
	0x1C, 0x1A, 0x21, 0x1D, 0x23, 0x1C, 0x20, 0x16, 0x19, 0x0D, 0x0F, 0x0F,
	0x0D, 0x19, 0x16, 0x20, 0x1C, 0x23, 0x1D, 0x21, 0x1A, 0x1C, 0x14, 0x12,
	0x0F, 0x0F, 0x12, 0x14, 0x1C, 0x1B, 0x21, 0x1D, 0x23, 0x1B, 0x20, 0x17,
	0x19, 0x0D, 0x0F, 0xFD, 0xBD, 0x41, 0x6E, 0x80, 0x6E, 0x41, 0x41, 0x6E,
	0x80, 0x6E, 0x41, 0xEF, 0x1D, 0x31, 0x1C, 0x1C, 0x31, 0x39, 0x31, 0x1E,
	0x1E, 0x31, 0x00, 0x00, 0x00, 0x01, 0xFF, 0xFF, 0xFF, 0x89, 0x04, 0x11,
	0x03, 0x33, 0x00, 0x20, 0x00, 0x1B, 0x40, 0x18, 0x04, 0x01, 0x00, 0x02,
	0x00, 0x85, 0x00, 0x02, 0x01, 0x02, 0x85, 0x03, 0x01, 0x01, 0x01, 0x76,
	0x23, 0x33, 0x13, 0x33, 0x26, 0x05, 0x07, 0x1B, 0x2B, 0x01, 0x00, 0x17,
	0x16, 0x15, 0x14, 0x06, 0x27, 0x23, 0x11, 0x14, 0x06, 0x2B, 0x01, 0x22,
	0x26, 0x27, 0x35, 0x23, 0x15, 0x14, 0x06, 0x2B, 0x01, 0x22, 0x26, 0x35,
	0x11, 0x23, 0x22, 0x2E, 0x01, 0x37, 0x02, 0x09, 0x01, 0x42, 0xB2, 0x14,
	0x1E, 0x15, 0x69, 0x1E, 0x15, 0x9C, 0x16, 0x1E, 0x01, 0xD1, 0x1E, 0x15,
	0x9C, 0x15, 0x20, 0x67, 0x16, 0x1E, 0x02, 0x14, 0x03, 0x33, 0xFE, 0xE9,
	0x96, 0x10, 0x18, 0x15, 0x20, 0x01, 0xFE, 0x94, 0x15, 0x20, 0x20, 0x15,
	0xD0, 0xD0, 0x15, 0x20, 0x20, 0x15, 0x01, 0x6C, 0x1E, 0x2C, 0x12, 0x00,
	0x00, 0x03, 0xFF, 0xF5, 0xFF, 0xF2, 0x04, 0x20, 0x02, 0xCB, 0x00, 0x19,
	0x00, 0x22, 0x00, 0x2C, 0x00, 0x36, 0x40, 0x33, 0x00, 0x01, 0x00, 0x03,
	0x05, 0x01, 0x03, 0x69, 0x00, 0x05, 0x00, 0x04, 0x02, 0x05, 0x04, 0x69,
	0x06, 0x01, 0x02, 0x00, 0x00, 0x02, 0x59, 0x06, 0x01, 0x02, 0x02, 0x00,
	0x61, 0x00, 0x00, 0x02, 0x00, 0x51, 0x1B, 0x1A, 0x2B, 0x2A, 0x26, 0x25,
	0x1F, 0x1E, 0x1A, 0x22, 0x1B, 0x22, 0x1C, 0x17, 0x07, 0x07, 0x18, 0x2B,
	0x01, 0x16, 0x07, 0x0E, 0x02, 0x07, 0x06, 0x20, 0x27, 0x2E, 0x02, 0x27,
	0x26, 0x37, 0x3E, 0x02, 0x37, 0x36, 0x20, 0x17, 0x1E, 0x02, 0x05, 0x32,
	0x36, 0x34, 0x26, 0x22, 0x06, 0x14, 0x16, 0x37, 0x14, 0x06, 0x2E, 0x02,
	0x36, 0x37, 0x32, 0x16, 0x04, 0x0A, 0x16, 0x16, 0x07, 0x36, 0x7C, 0x41,
	0x70, 0xFE, 0xD5, 0x70, 0x40, 0x7E, 0x34, 0x08, 0x16, 0x16, 0x06, 0x36,
	0x7E, 0x40, 0x71, 0x01, 0x29, 0x71, 0x40, 0x7E, 0x36, 0xFE, 0x07, 0x4B,
	0x6A, 0x6A, 0x97, 0x6A, 0x6A, 0xB4, 0x3C, 0x58, 0x3C, 0x02, 0x40, 0x2A,
	0x2B, 0x3C, 0x01, 0x7C, 0x1D, 0x1E, 0x0B, 0x46, 0x82, 0x2C, 0x50, 0x50,
	0x2D, 0x80, 0x48, 0x0A, 0x1D, 0x1E, 0x0B, 0x46, 0x80, 0x2C, 0x52, 0x52,
	0x2D, 0x7E, 0x48, 0xDF, 0x6C, 0x97, 0x6A, 0x6A, 0x97, 0x6C, 0xB7, 0x2B,
	0x3E, 0x02, 0x3A, 0x5A, 0x38, 0x04, 0x3E, 0x00, 0x00, 0x0A, 0xFF, 0xF9,
	0xFF, 0x6E, 0x03, 0xDB, 0x03, 0x4E, 0x00, 0x07, 0x00, 0x0F, 0x00, 0x17,
	0x00, 0x1F, 0x00, 0x27, 0x00, 0x2F, 0x00, 0x37, 0x00, 0x3F, 0x00, 0x48,
	0x00, 0x51, 0x00, 0x57, 0x40, 0x54, 0x01, 0x01, 0x03, 0x00, 0x39, 0x21,
	0x02, 0x04, 0x03, 0x19, 0x09, 0x02, 0x05, 0x04, 0x31, 0x29, 0x02, 0x02,
	0x05, 0x11, 0x01, 0x01, 0x02, 0x05, 0x4C, 0x00, 0x00, 0x03, 0x00, 0x85,
	0x00, 0x01, 0x02, 0x01, 0x86, 0x00, 0x03, 0x07, 0x01, 0x04, 0x05, 0x03,
	0x04, 0x69, 0x00, 0x05, 0x02, 0x02, 0x05, 0x59, 0x00, 0x05, 0x05, 0x02,
	0x61, 0x06, 0x01, 0x02, 0x05, 0x02, 0x51, 0x4A, 0x49, 0x41, 0x40, 0x4E,
	0x4D, 0x49, 0x51, 0x4A, 0x51, 0x45, 0x44, 0x40, 0x48, 0x41, 0x48, 0x37,
	0x36, 0x27, 0x26, 0x08, 0x07, 0x16, 0x2B, 0x01, 0x07, 0x27, 0x26, 0x36,
	0x37, 0x36, 0x16, 0x01, 0x17, 0x07, 0x06, 0x26, 0x27, 0x26, 0x36, 0x01,
	0x37, 0x17, 0x16, 0x06, 0x07, 0x06, 0x26, 0x01, 0x27, 0x37, 0x36, 0x16,
	0x17, 0x16, 0x06, 0x01, 0x17, 0x27, 0x2E, 0x01, 0x37, 0x36, 0x16, 0x03,
	0x37, 0x07, 0x0E, 0x01, 0x27, 0x26, 0x36, 0x05, 0x27, 0x17, 0x1E, 0x01,
	0x07, 0x06, 0x26, 0x13, 0x07, 0x37, 0x3E, 0x01, 0x17, 0x16, 0x06, 0x01,
	0x22, 0x26, 0x34, 0x36, 0x1E, 0x01, 0x14, 0x06, 0x03, 0x22, 0x06, 0x14,
	0x16, 0x32, 0x36, 0x34, 0x26, 0x02, 0x1E, 0x33, 0x35, 0x07, 0x14, 0x15,
	0x1E, 0x34, 0xFE, 0x1F, 0x99, 0x99, 0x15, 0x2A, 0x07, 0x0A, 0x2C, 0x01,
	0x91, 0x35, 0x33, 0x07, 0x14, 0x15, 0x1E, 0x34, 0x01, 0xE1, 0x99, 0x99,
	0x15, 0x2A, 0x07, 0x0A, 0x2C, 0xFD, 0x39, 0x47, 0x91, 0x15, 0x0E, 0x0A,
	0x10, 0x44, 0x3B, 0x91, 0x47, 0x0A, 0x2A, 0x16, 0x1F, 0x02, 0x02, 0x6B,
	0x47, 0x91, 0x15, 0x0E, 0x0A, 0x10, 0x44, 0x3B, 0x91, 0x47, 0x0A, 0x2A,
	0x16, 0x1F, 0x02, 0xFE, 0x98, 0x61, 0x8A, 0x8A, 0xC2, 0x88, 0x88, 0x61,
	0x36, 0x4E, 0x4E, 0x6C, 0x4C, 0x4C, 0x02, 0xFE, 0x98, 0x98, 0x16, 0x28,
	0x08, 0x0A, 0x2A, 0xFE, 0x6F, 0x35, 0x34, 0x08, 0x16, 0x15, 0x1E, 0x34,
	0xFE, 0x1F, 0x98, 0x98, 0x15, 0x2A, 0x07, 0x0A, 0x2C, 0x01, 0x90, 0x34,
	0x35, 0x07, 0x14, 0x16, 0x1E, 0x36, 0x01, 0x8D, 0x91, 0x48, 0x0A, 0x2A,
	0x15, 0x20, 0x04, 0xFD, 0x98, 0x47, 0x91, 0x15, 0x0E, 0x0A, 0x10, 0x44,
	0x3B, 0x91, 0x47, 0x0A, 0x2C, 0x14, 0x1F, 0x02, 0x02, 0x6A, 0x48, 0x91,
	0x16, 0x0E, 0x0B, 0x10, 0x44, 0xFE, 0x05, 0x8C, 0xBE, 0x8E, 0x04, 0x86,
	0xC6, 0x84, 0x01, 0x69, 0x4C, 0x6C, 0x4C, 0x4C, 0x6C, 0x4C, 0x00, 0x00,
	0x00, 0x09, 0xFF, 0xF9, 0xFF, 0x6E, 0x03, 0xDB, 0x03, 0x4E, 0x00, 0x07,
	0x00, 0x0F, 0x00, 0x17, 0x00, 0x1F, 0x00, 0x27, 0x00, 0x2F, 0x00, 0x37,
	0x00, 0x3F, 0x00, 0x48, 0x00, 0x31, 0x40, 0x2E, 0x3C, 0x37, 0x2C, 0x27,
	0x1C, 0x09, 0x06, 0x03, 0x02, 0x01, 0x4C, 0x00, 0x00, 0x02, 0x00, 0x85,
	0x04, 0x01, 0x02, 0x03, 0x02, 0x85, 0x00, 0x03, 0x01, 0x03, 0x85, 0x00,
	0x01, 0x01, 0x76, 0x41, 0x40, 0x45, 0x44, 0x40, 0x48, 0x41, 0x48, 0x35,
	0x34, 0x25, 0x24, 0x05, 0x07, 0x16, 0x2B, 0x01, 0x27, 0x26, 0x36, 0x37,
	0x36, 0x16, 0x07, 0x01, 0x17, 0x07, 0x06, 0x26, 0x27, 0x26, 0x36, 0x01,
	0x17, 0x16, 0x06, 0x07, 0x06, 0x26, 0x37, 0x01, 0x16, 0x06, 0x2F, 0x01,
	0x37, 0x36, 0x16, 0x25, 0x2E, 0x01, 0x37, 0x36, 0x16, 0x1F, 0x01, 0x03,
	0x26, 0x36, 0x3F, 0x01, 0x07, 0x0E, 0x01, 0x25, 0x1E, 0x01, 0x07, 0x06,
	0x26, 0x2F, 0x01, 0x13, 0x16, 0x06, 0x0F, 0x01, 0x37, 0x3E, 0x01, 0x05,
	0x32, 0x16, 0x0E, 0x02, 0x2E, 0x01, 0x36, 0x01, 0xEB, 0x35, 0x07, 0x14,
	0x15, 0x1E, 0x34, 0x0C, 0xFE, 0x2B, 0x9A, 0x9A, 0x15, 0x2A, 0x07, 0x0A,
	0x2C, 0x01, 0xC6, 0x33, 0x07, 0x14, 0x15, 0x1E, 0x34, 0x0C, 0x02, 0x1B,
	0x0A, 0x2C, 0x24, 0x99, 0x99, 0x15, 0x2A, 0xFC, 0xD4, 0x15, 0x0E, 0x0A,
	0x10, 0x44, 0x0F, 0x47, 0x91, 0x1F, 0x02, 0x1D, 0x91, 0x47, 0x0A, 0x2A,
	0x02, 0x82, 0x15, 0x0E, 0x0A, 0x10, 0x44, 0x0F, 0x47, 0x91, 0x1F, 0x02,
	0x1D, 0x91, 0x47, 0x0A, 0x2A, 0xFE, 0xCB, 0x60, 0x8A, 0x02, 0x86, 0xC4,
	0x88, 0x02, 0x8C, 0x02, 0x66, 0x98, 0x16, 0x28, 0x08, 0x0A, 0x2A, 0x26,
	0xFE, 0x95, 0x35, 0x34, 0x08, 0x16, 0x15, 0x1E, 0x34, 0xFE, 0xB7, 0x98,
	0x15, 0x2A, 0x07, 0x0A, 0x2C, 0x24, 0x01, 0xB2, 0x1E, 0x36, 0x0E, 0x34,
	0x35, 0x07, 0x14, 0xDA, 0x0A, 0x2A, 0x15, 0x20, 0x04, 0x1C, 0x91, 0xFD,
	0xE2, 0x10, 0x44, 0x0F, 0x47, 0x91, 0x15, 0x0E, 0x6D, 0x0A, 0x2C, 0x14,
	0x1F, 0x02, 0x1D, 0x91, 0x02, 0x1E, 0x10, 0x44, 0x0E, 0x48, 0x91, 0x16,
	0x0E, 0x84, 0x8A, 0xC2, 0x88, 0x04, 0x90, 0xBA, 0x92, 0x00, 0x00, 0x00,
	0x00, 0x02, 0xFF, 0xFF, 0xFF, 0x89, 0x03, 0xAA, 0x03, 0x33, 0x00, 0x1B,
	0x00, 0x34, 0x00, 0x3F, 0x40, 0x3C, 0x28, 0x21, 0x02, 0x00, 0x04, 0x01,
	0x4C, 0x00, 0x05, 0x06, 0x05, 0x85, 0x00, 0x06, 0x04, 0x06, 0x85, 0x00,
	0x04, 0x00, 0x04, 0x85, 0x02, 0x01, 0x00, 0x07, 0x00, 0x85, 0x00, 0x07,
	0x01, 0x07, 0x85, 0x00, 0x01, 0x03, 0x03, 0x01, 0x57, 0x00, 0x01, 0x01,
	0x03, 0x5F, 0x00, 0x03, 0x01, 0x03, 0x4F, 0x15, 0x15, 0x15, 0x14, 0x35,
	0x15, 0x35, 0x13, 0x08, 0x07, 0x1E, 0x2B, 0x3D, 0x01, 0x34, 0x3E, 0x01,
	0x16, 0x17, 0x15, 0x14, 0x16, 0x17, 0x21, 0x32, 0x36, 0x3D, 0x01, 0x34,
	0x3E, 0x01, 0x16, 0x07, 0x15, 0x14, 0x06, 0x07, 0x21, 0x22, 0x26, 0x13,
	0x34, 0x36, 0x32, 0x1F, 0x01, 0x11, 0x34, 0x36, 0x1E, 0x01, 0x07, 0x11,
	0x37, 0x36, 0x32, 0x16, 0x14, 0x0F, 0x01, 0x06, 0x22, 0x2F, 0x01, 0x26,
	0x30, 0x42, 0x2E, 0x01, 0x18, 0x12, 0x02, 0x13, 0x12, 0x18, 0x30, 0x40,
	0x32, 0x01, 0x76, 0x55, 0xFD, 0xED, 0x54, 0x78, 0x9C, 0x2F, 0x42, 0x18,
	0x69, 0x30, 0x40, 0x32, 0x01, 0x6E, 0x18, 0x42, 0x2F, 0x18, 0xF7, 0x18,
	0x41, 0x18, 0xF2, 0x18, 0x54, 0x49, 0x21, 0x2E, 0x02, 0x32, 0x1F, 0x49,
	0x11, 0x18, 0x01, 0x1A, 0x10, 0x49, 0x21, 0x2E, 0x02, 0x32, 0x1F, 0x49,
	0x54, 0x76, 0x01, 0x78, 0x01, 0xBA, 0x21, 0x2F, 0x17, 0x6A, 0x01, 0x58,
	0x21, 0x30, 0x02, 0x2C, 0x23, 0xFE, 0xA8, 0x6E, 0x18, 0x2F, 0x42, 0x18,
	0xF7, 0x19, 0x19, 0xF2, 0x18, 0x00, 0x00, 0x00, 0x00, 0x03, 0xFF, 0xFF,
	0xFF, 0xF8, 0x03, 0xA9, 0x02, 0xC4, 0x00, 0x19, 0x00, 0x26, 0x00, 0x30,
	0x00, 0x33, 0x40, 0x30, 0x00, 0x05, 0x03, 0x04, 0x03, 0x05, 0x04, 0x80,
	0x00, 0x04, 0x02, 0x03, 0x04, 0x02, 0x7E, 0x00, 0x00, 0x00, 0x03, 0x05,
	0x00, 0x03, 0x69, 0x00, 0x02, 0x01, 0x01, 0x02, 0x59, 0x00, 0x02, 0x02,
	0x01, 0x61, 0x00, 0x01, 0x02, 0x01, 0x51, 0x14, 0x15, 0x15, 0x19, 0x1C,
	0x16, 0x06, 0x07, 0x1C, 0x2B, 0x11, 0x34, 0x3E, 0x04, 0x1E, 0x05, 0x17,
	0x14, 0x0E, 0x05, 0x2E, 0x04, 0x37, 0x14, 0x1E, 0x01, 0x32, 0x3E, 0x01,
	0x2E, 0x02, 0x0E, 0x02, 0x17, 0x14, 0x16, 0x3E, 0x01, 0x37, 0x34, 0x26,
	0x22, 0x06, 0x1E, 0x3A, 0x52, 0x66, 0x80, 0x8A, 0x7E, 0x68, 0x50, 0x3C,
	0x1C, 0x01, 0x1E, 0x3A, 0x52, 0x66, 0x80, 0x88, 0x82, 0x64, 0x54, 0x38,
	0x20, 0xEB, 0x40, 0x6A, 0x82, 0x68, 0x42, 0x02, 0x3E, 0x6C, 0x7E, 0x6E,
	0x3C, 0x86, 0x3A, 0x52, 0x38, 0x01, 0x3A, 0x50, 0x3C, 0x01, 0x5E, 0x1E,
	0x4A, 0x50, 0x4C, 0x3C, 0x26, 0x02, 0x22, 0x40, 0x48, 0x54, 0x46, 0x20,
	0x1E, 0x4A, 0x50, 0x4C, 0x3C, 0x24, 0x02, 0x28, 0x38, 0x50, 0x4C, 0x4E,
	0x1C, 0x40, 0x6A, 0x40, 0x40, 0x6A, 0x80, 0x6A, 0x42, 0x04, 0x3A, 0x72,
	0x3C, 0x29, 0x3A, 0x02, 0x36, 0x2B, 0x29, 0x3A, 0x3A, 0x00, 0x00, 0x00,
	0x00, 0x0F, 0x00, 0x00, 0xFF, 0xF9, 0x04, 0x30, 0x02, 0x7C, 0x00, 0x0B,
	0x00, 0x17, 0x00, 0x23, 0x00, 0x2F, 0x00, 0x3B, 0x00, 0x47, 0x00, 0x53,
	0x00, 0x5F, 0x00, 0x6B, 0x00, 0x77, 0x00, 0x83, 0x00, 0x8F, 0x00, 0x9F,
	0x00, 0xA3, 0x00, 0xB3, 0x00, 0x8C, 0x40, 0x89, 0x48, 0x01, 0x02, 0x03,
	0x01, 0x4C, 0x00, 0x1E, 0x00, 0x1B, 0x05, 0x1E, 0x1B, 0x67, 0x1A, 0x17,
	0x15, 0x0F, 0x0B, 0x05, 0x05, 0x16, 0x14, 0x0E, 0x0A, 0x04, 0x04, 0x03,
	0x05, 0x04, 0x69, 0x19, 0x11, 0x0D, 0x09, 0x04, 0x03, 0x18, 0x10, 0x0C,
	0x08, 0x04, 0x02, 0x01, 0x03, 0x02, 0x6A, 0x13, 0x07, 0x02, 0x01, 0x12,
	0x06, 0x02, 0x00, 0x1C, 0x01, 0x00, 0x69, 0x1F, 0x01, 0x1C, 0x1D, 0x1D,
	0x1C, 0x57, 0x1F, 0x01, 0x1C, 0x1C, 0x1D, 0x5F, 0x00, 0x1D, 0x1C, 0x1D,
	0x4F, 0xA0, 0xA0, 0xB2, 0xAF, 0xAA, 0xA7, 0xA0, 0xA3, 0xA0, 0xA3, 0xA2,
	0xA1, 0x9F, 0x9C, 0x9A, 0x98, 0x95, 0x92, 0x8F, 0x8C, 0x89, 0x86, 0x83,
	0x80, 0x7D, 0x7A, 0x77, 0x74, 0x71, 0x6E, 0x6B, 0x68, 0x65, 0x62, 0x5F,
	0x5C, 0x59, 0x56, 0x52, 0x50, 0x4D, 0x4A, 0x47, 0x44, 0x41, 0x3E, 0x3B,
	0x38, 0x33, 0x33, 0x33, 0x33, 0x33, 0x33, 0x33, 0x33, 0x32, 0x20, 0x07,
	0x1F, 0x2B, 0x37, 0x15, 0x14, 0x2B, 0x01, 0x22, 0x3D, 0x01, 0x34, 0x3B,
	0x01, 0x32, 0x37, 0x15, 0x14, 0x2B, 0x01, 0x22, 0x3D, 0x01, 0x34, 0x3B,
	0x01, 0x32, 0x27, 0x15, 0x14, 0x2B, 0x01, 0x22, 0x3D, 0x01, 0x34, 0x3B,
	0x01, 0x32, 0x01, 0x15, 0x14, 0x23, 0x21, 0x22, 0x3D, 0x01, 0x34, 0x33,
	0x21, 0x32, 0x25, 0x15, 0x14, 0x2B, 0x01, 0x22, 0x3D, 0x01, 0x34, 0x3B,
	0x01, 0x32, 0x27, 0x15, 0x14, 0x2B, 0x01, 0x22, 0x3D, 0x01, 0x34, 0x3B,
	0x01, 0x32, 0x17, 0x15, 0x14, 0x2B, 0x01, 0x22, 0x3D, 0x01, 0x34, 0x3B,
	0x01, 0x32, 0x27, 0x15, 0x14, 0x2B, 0x01, 0x22, 0x3D, 0x01, 0x34, 0x3B,
	0x01, 0x32, 0x17, 0x15, 0x14, 0x2B, 0x01, 0x22, 0x3D, 0x01, 0x34, 0x3B,
	0x01, 0x32, 0x17, 0x15, 0x14, 0x2B, 0x01, 0x22, 0x3D, 0x01, 0x34, 0x3B,
	0x01, 0x32, 0x01, 0x15, 0x14, 0x2B, 0x01, 0x22, 0x3D, 0x01, 0x34, 0x3B,
	0x01, 0x32, 0x17, 0x15, 0x14, 0x2B, 0x01, 0x22, 0x3D, 0x01, 0x34, 0x3B,
	0x01, 0x32, 0x17, 0x15, 0x14, 0x2B, 0x01, 0x22, 0x3D, 0x01, 0x34, 0x3B,
	0x01, 0x35, 0x34, 0x3B, 0x01, 0x32, 0x13, 0x11, 0x21, 0x11, 0x01, 0x11,
	0x14, 0x06, 0x23, 0x21, 0x22, 0x26, 0x35, 0x11, 0x34, 0x36, 0x33, 0x21,
	0x32, 0x16, 0xD6, 0x09, 0x35, 0x09, 0x09, 0x35, 0x09, 0x48, 0x09, 0x7D,
	0x09, 0x09, 0x7D, 0x09, 0x48, 0x09, 0x35, 0x09, 0x09, 0x35, 0x09, 0x02,
	0x3C, 0x09, 0xFE, 0x1E, 0x09, 0x09, 0x01, 0xE2, 0x09, 0xFE, 0x9B, 0x09,
	0x36, 0x09, 0x09, 0x36, 0x09, 0x48, 0x09, 0x35, 0x09, 0x09, 0x35, 0x09,
	0xD6, 0x08, 0x36, 0x09, 0x09, 0x36, 0x08, 0x47, 0x09, 0x35, 0x09, 0x09,
	0x35, 0x09, 0xD6, 0x09, 0x35, 0x09, 0x09, 0x35, 0x09, 0xD7, 0x09, 0x36,
	0x09, 0x09, 0x36, 0x09, 0xFE, 0xE2, 0x09, 0x36, 0x09, 0x09, 0x36, 0x09,
	0x8F, 0x09, 0x36, 0x09, 0x09, 0x36, 0x09, 0x8F, 0x09, 0x7D, 0x09, 0x09,
	0x3E, 0x09, 0x36, 0x09, 0x47, 0xFC, 0x5F, 0x03, 0xE8, 0x28, 0x1F, 0xFC,
	0x5F, 0x1D, 0x2A, 0x2A, 0x1D, 0x03, 0xA1, 0x1E, 0x2A, 0xC6, 0x35, 0x09,
	0x09, 0x35, 0x09, 0x86, 0x35, 0x09, 0x09, 0x35, 0x09, 0x86, 0x36, 0x09,
	0x09, 0x36, 0x09, 0xFE, 0xD9, 0x35, 0x09, 0x09, 0x35, 0x09, 0x86, 0x35,
	0x09, 0x09, 0x35, 0x09, 0x86, 0x36, 0x09, 0x09, 0x36, 0x09, 0x98, 0x35,
	0x09, 0x09, 0x35, 0x09, 0x86, 0x36, 0x09, 0x09, 0x36, 0x09, 0x98, 0x35,
	0x09, 0x09, 0x35, 0x09, 0x98, 0x35, 0x09, 0x09, 0x35, 0x09, 0x01, 0x15,
	0x36, 0x09, 0x09, 0x36, 0x09, 0x09, 0x36, 0x09, 0x09, 0x36, 0x09, 0x09,
	0xC4, 0x09, 0x09, 0x35, 0x09, 0x86, 0x09, 0xFE, 0x53, 0x01, 0xF4, 0xFE,
	0x0C, 0x01, 0xF4, 0xFE, 0x0C, 0x1D, 0x2A, 0x2A, 0x1D, 0x01, 0xF4, 0x1E,
	0x2A, 0x2A, 0x00, 0x00, 0x00, 0x03, 0x00, 0x00, 0xFF, 0xB9, 0x04, 0x16,
	0x02, 0xBA, 0x00, 0x14, 0x00, 0x24, 0x00, 0x39, 0x00, 0x1E, 0x40, 0x1B,
	0x2E, 0x11, 0x02, 0x00, 0x01, 0x01, 0x4C, 0x03, 0x01, 0x01, 0x00, 0x01,
	0x85, 0x02, 0x01, 0x00, 0x00, 0x76, 0x35, 0x34, 0x28, 0x27, 0x17, 0x12,
	0x04, 0x07, 0x18, 0x2B, 0x25, 0x07, 0x06, 0x22, 0x27, 0x01, 0x26, 0x34,
	0x37, 0x01, 0x36, 0x32, 0x1F, 0x01, 0x16, 0x14, 0x0F, 0x01, 0x17, 0x16,
	0x14, 0x01, 0x03, 0x0E, 0x01, 0x2F, 0x01, 0x2E, 0x01, 0x37, 0x13, 0x3E,
	0x01, 0x1F, 0x01, 0x1E, 0x01, 0x09, 0x01, 0x06, 0x22, 0x2F, 0x01, 0x26,
	0x34, 0x3F, 0x01, 0x27, 0x26, 0x34, 0x3F, 0x01, 0x36, 0x32, 0x17, 0x01,
	0x16, 0x14, 0x01, 0x58, 0x1C, 0x05, 0x0E, 0x06, 0xFE, 0xFC, 0x06, 0x06,
	0x01, 0x04, 0x05, 0x10, 0x04, 0x1C, 0x06, 0x06, 0xDB, 0xDB, 0x06, 0x01,
	0x44, 0xD0, 0x02, 0x0E, 0x06, 0x22, 0x08, 0x06, 0x01, 0xD1, 0x02, 0x0C,
	0x07, 0x23, 0x07, 0x08, 0x01, 0x6C, 0xFE, 0xFC, 0x06, 0x0E, 0x06, 0x1C,
	0x05, 0x05, 0xDB, 0xDB, 0x05, 0x05, 0x1C, 0x06, 0x0E, 0x06, 0x01, 0x04,
	0x05, 0x45, 0x1C, 0x05, 0x05, 0x01, 0x05, 0x05, 0x0E, 0x06, 0x01, 0x04,
	0x06, 0x06, 0x1C, 0x05, 0x10, 0x04, 0xDC, 0xDB, 0x06, 0x0E, 0x02, 0x4E,
	0xFD, 0x2F, 0x07, 0x08, 0x03, 0x09, 0x03, 0x0C, 0x08, 0x02, 0xD0, 0x08,
	0x06, 0x01, 0x0A, 0x02, 0x0E, 0xFE, 0x8F, 0xFE, 0xFB, 0x05, 0x05, 0x1C,
	0x06, 0x0E, 0x06, 0xDB, 0xDC, 0x05, 0x0E, 0x06, 0x1C, 0x06, 0x06, 0xFE,
	0xFC, 0x05, 0x10, 0x00, 0x00, 0x04, 0x00, 0x00, 0xFF, 0xB1, 0x03, 0x12,
	0x03, 0x54, 0x00, 0x03, 0x00, 0x07, 0x00, 0x44, 0x00, 0x75, 0x00, 0x58,
	0x40, 0x55, 0x58, 0x01, 0x00, 0x07, 0x08, 0x01, 0x01, 0x00, 0x2E, 0x01,
	0x05, 0x01, 0x71, 0x52, 0x07, 0x05, 0x03, 0x01, 0x06, 0x04, 0x03, 0x04,
	0x4C, 0x34, 0x01, 0x03, 0x01, 0x4B, 0x08, 0x01, 0x06, 0x07, 0x06, 0x85,
	0x00, 0x07, 0x00, 0x07, 0x85, 0x02, 0x01, 0x00, 0x01, 0x00, 0x85, 0x00,
	0x01, 0x05, 0x01, 0x85, 0x09, 0x01, 0x05, 0x03, 0x05, 0x85, 0x00, 0x03,
	0x04, 0x03, 0x85, 0x00, 0x04, 0x04, 0x76, 0x70, 0x6F, 0x66, 0x65, 0x63,
	0x62, 0x61, 0x5F, 0x54, 0x53, 0x4A, 0x47, 0x28, 0x27, 0x22, 0x21, 0x2B,
	0x0A, 0x07, 0x19, 0x2B, 0x05, 0x37, 0x2F, 0x01, 0x1B, 0x01, 0x0F, 0x01,
	0x13, 0x26, 0x27, 0x26, 0x23, 0x22, 0x07, 0x06, 0x22, 0x27, 0x26, 0x23,
	0x22, 0x0F, 0x01, 0x16, 0x1F, 0x01, 0x16, 0x1F, 0x01, 0x16, 0x1F, 0x01,
	0x1E, 0x03, 0x1F, 0x01, 0x16, 0x33, 0x32, 0x3E, 0x03, 0x37, 0x33, 0x32,
	0x1E, 0x03, 0x17, 0x32, 0x3F, 0x01, 0x3E, 0x07, 0x37, 0x36, 0x3F, 0x01,
	0x36, 0x13, 0x14, 0x06, 0x07, 0x21, 0x22, 0x26, 0x35, 0x34, 0x3E, 0x03,
	0x37, 0x27, 0x33, 0x26, 0x35, 0x34, 0x37, 0x26, 0x34, 0x37, 0x3E, 0x01,
	0x37, 0x36, 0x33, 0x32, 0x1E, 0x01, 0x36, 0x17, 0x32, 0x17, 0x1E, 0x01,
	0x17, 0x16, 0x14, 0x07, 0x16, 0x07, 0x33, 0x07, 0x1E, 0x03, 0x01, 0x41,
	0x36, 0x36, 0x47, 0xD6, 0x48, 0x48, 0x35, 0x8F, 0x01, 0x02, 0x05, 0x30,
	0x27, 0x36, 0x04, 0x10, 0x04, 0x36, 0x27, 0x30, 0x06, 0x02, 0x01, 0x01,
	0x05, 0x03, 0x01, 0x08, 0x01, 0x03, 0x05, 0x02, 0x06, 0x08, 0x06, 0x07,
	0x0C, 0x05, 0x08, 0x14, 0x1A, 0x0A, 0x06, 0x08, 0x06, 0x06, 0x06, 0x08,
	0x04, 0x0E, 0x16, 0x16, 0x07, 0x06, 0x0C, 0x06, 0x06, 0x0A, 0x04, 0x06,
	0x04, 0x04, 0x04, 0x02, 0x01, 0x03, 0x04, 0x02, 0xE9, 0x52, 0x43, 0xFE,
	0x18, 0x43, 0x52, 0x06, 0x0E, 0x1C, 0x2C, 0x1E, 0x33, 0x78, 0x0C, 0x01,
	0x6D, 0x76, 0x09, 0x26, 0x15, 0x12, 0x18, 0x11, 0x3C, 0x22, 0x3C, 0x11,
	0x18, 0x12, 0x14, 0x26, 0x0A, 0x75, 0x6C, 0x04, 0x0F, 0x77, 0x2D, 0x23,
	0x32, 0x16, 0x0A, 0x07, 0xFA, 0x47, 0x24, 0xFE, 0x9B, 0x01, 0x65, 0x24,
	0x47, 0x01, 0x3A, 0x02, 0x01, 0x04, 0x0A, 0x01, 0x01, 0x0A, 0x04, 0x03,
	0x0B, 0x05, 0x03, 0x02, 0x04, 0x17, 0x03, 0x06, 0x0A, 0x04, 0x08, 0x06,
	0x06, 0x01, 0x02, 0x01, 0x0E, 0x12, 0x16, 0x0A, 0x02, 0x0E, 0x12, 0x16,
	0x0A, 0x02, 0x01, 0x02, 0x01, 0x06, 0x06, 0x08, 0x08, 0x0C, 0x06, 0x12,
	0x02, 0x04, 0x02, 0x03, 0x05, 0xFE, 0x20, 0x44, 0x4C, 0x01, 0x4E, 0x43,
	0x22, 0x40, 0x4C, 0x3E, 0x36, 0x0E, 0x7B, 0x24, 0x23, 0x07, 0x0B, 0x17,
	0x3F, 0x17, 0x23, 0x50, 0x17, 0x15, 0x22, 0x02, 0x26, 0x02, 0x15, 0x17,
	0x50, 0x23, 0x17, 0x3F, 0x17, 0x2D, 0x2C, 0x7E, 0x12, 0x48, 0x58, 0x50,
	0x00, 0x02, 0xFF, 0xF4, 0xFF, 0x9F, 0x03, 0x7D, 0x03, 0x1D, 0x00, 0x1D,
	0x00, 0x27, 0x00, 0x32, 0x40, 0x2F, 0x0C, 0x01, 0x03, 0x04, 0x17, 0x01,
	0x02, 0x03, 0x02, 0x4C, 0x00, 0x01, 0x02, 0x01, 0x86, 0x00, 0x00, 0x00,
	0x04, 0x03, 0x00, 0x04, 0x69, 0x00, 0x03, 0x02, 0x02, 0x03, 0x59, 0x00,
	0x03, 0x03, 0x02, 0x61, 0x00, 0x02, 0x03, 0x02, 0x51, 0x13, 0x16, 0x25,
	0x1C, 0x15, 0x05, 0x07, 0x1B, 0x2B, 0x13, 0x26, 0x36, 0x37, 0x3E, 0x01,
	0x32, 0x16, 0x17, 0x1E, 0x01, 0x06, 0x07, 0x16, 0x1F, 0x01, 0x16, 0x14,
	0x06, 0x22, 0x2F, 0x01, 0x26, 0x27, 0x06, 0x23, 0x22, 0x26, 0x27, 0x26,
	0x37, 0x14, 0x16, 0x32, 0x3E, 0x01, 0x26, 0x22, 0x07, 0x06, 0x0B, 0x17,
	0x2E, 0x40, 0x30, 0x7C, 0x83, 0x7C, 0x30, 0x34, 0x32, 0x08, 0x20, 0x1C,
	0x15, 0xAE, 0x23, 0x46, 0x64, 0x23, 0xAD, 0x16, 0x08, 0x46, 0x4F, 0x42,
	0x7C, 0x30, 0x40, 0x4E, 0x83, 0xB9, 0x82, 0x02, 0x85, 0xB7, 0x43, 0x41,
	0x01, 0x77, 0x57, 0xAC, 0x40, 0x31, 0x32, 0x32, 0x31, 0x34, 0x86, 0x8C,
	0x3E, 0x08, 0x15, 0xAD, 0x23, 0x64, 0x46, 0x23, 0xAE, 0x14, 0x1D, 0x23,
	0x32, 0x30, 0x40, 0xAD, 0x5D, 0x82, 0x82, 0xBA, 0x83, 0x42, 0x41, 0x00,
	0x00, 0x01, 0x00, 0x00, 0x00, 0x01, 0x00, 0x00, 0xE6, 0x63, 0x5A, 0xFB,
	0x5F, 0x0F, 0x3C, 0xF5, 0x00, 0x0F, 0x03, 0xE8, 0x00, 0x00, 0x00, 0x00,
	0xE6, 0x4B, 0x66, 0x8B, 0x00, 0x00, 0x00, 0x00, 0xE6, 0x4B, 0x66, 0x8B,
	0xFF, 0xEE, 0xFF, 0x4A, 0x04, 0x7C, 0x03, 0x78, 0x00, 0x00, 0x00, 0x08,
	0x00, 0x02, 0x00, 0x00, 0x00, 0x00, 0x00, 0x00, 0x00, 0x01, 0x00, 0x00,
	0x03, 0x52, 0xFF, 0x6A, 0x00, 0x00, 0x04, 0x75, 0xFF, 0xEE, 0xFF, 0xED,
	0x04, 0x7C, 0x00, 0x01, 0x00, 0x00, 0x00, 0x00, 0x00, 0x00, 0x00, 0x00,
	0x00, 0x00, 0x00, 0x00, 0x00, 0x00, 0x00, 0x39, 0x03, 0xE8, 0x00, 0x00,
	0x02, 0xCE, 0xFF, 0xFD, 0x03, 0xA0, 0x00, 0x00, 0x03, 0xA0, 0x00, 0x00,
	0x02, 0xD9, 0x00, 0x00, 0x02, 0xA6, 0x00, 0x00, 0x04, 0x11, 0xFF, 0xFF,
	0x03, 0x75, 0xFF, 0xFF, 0x03, 0x6B, 0x00, 0x00, 0x02, 0xF8, 0x00, 0x00,
	0x03, 0xA9, 0x00, 0x00, 0x03, 0xA9, 0x00, 0x00, 0x04, 0x75, 0xFF, 0xFF,
	0x03, 0xA0, 0x00, 0x00, 0x03, 0xE8, 0x00, 0x00, 0x03, 0xE8, 0x00, 0x00,
	0x03, 0x90, 0x00, 0x00, 0x03, 0xE8, 0x00, 0x00, 0x03, 0xE8, 0x00, 0x00,
	0x03, 0x84, 0xFF, 0xFC, 0x03, 0xE8, 0x00, 0x00, 0x03, 0xE8, 0xFF, 0xF8,
	0x03, 0xE8, 0x00, 0x00, 0x03, 0xE9, 0xFF, 0xFE, 0x03, 0x84, 0x00, 0x00,
	0x03, 0x48, 0x00, 0x00, 0x02, 0x44, 0x00, 0x00, 0x01, 0x55, 0x00, 0x00,
	0x01, 0x54, 0xFF, 0xEE, 0x02, 0x44, 0x00, 0x00, 0x03, 0x5C, 0x00, 0x00,
	0x03, 0xE8, 0x00, 0x00, 0x02, 0x31, 0xFF, 0xF7, 0x03, 0x98, 0x00, 0x00,
	0x03, 0xAC, 0x00, 0x00, 0x02, 0x30, 0x00, 0x00, 0x03, 0x0C, 0xFF, 0xFA,
	0x02, 0xCA, 0x00, 0x00, 0x04, 0x2F, 0xFF, 0xFF, 0x03, 0xA0, 0x00, 0x00,
	0x03, 0xE8, 0x00, 0x00, 0x03, 0xE8, 0x00, 0x00, 0x04, 0x2F, 0x00, 0x00,
	0x03, 0x59, 0x00, 0x00, 0x03, 0x59, 0xFF, 0xFD, 0x03, 0xA0, 0x00, 0x00,
	0x03, 0xCF, 0x00, 0x00, 0x04, 0x11, 0xFF, 0xFF, 0x04, 0x15, 0xFF, 0xF5,
	0x03, 0xD4, 0xFF, 0xF9, 0x03, 0xD4, 0xFF, 0xF9, 0x03, 0xA9, 0xFF, 0xFF,
	0x03, 0xA9, 0xFF, 0xFF, 0x04, 0x2F, 0x00, 0x00, 0x04, 0x2F, 0x00, 0x00,
	0x03, 0x59, 0x00, 0x00, 0x03, 0x7C, 0xFF, 0xF4, 0x00, 0x00, 0x00, 0x00,
	0x00, 0x96, 0x01, 0x0C, 0x01, 0x64, 0x01, 0xDA, 0x02, 0x60, 0x02, 0xCC,
	0x03, 0x96, 0x03, 0xAE, 0x04, 0x24, 0x04, 0xA4, 0x05, 0x14, 0x06, 0x1C,
	0x06, 0x98, 0x07, 0x0E, 0x07, 0x6A, 0x07, 0xB2, 0x08, 0x14, 0x08, 0xA4,
	0x09, 0x04, 0x09, 0x6A, 0x09, 0xE0, 0x0A, 0x9C, 0x0A, 0xEA, 0x0B, 0x32,
	0x0B, 0xB0, 0x0B, 0xD8, 0x0C, 0x06, 0x0C, 0x32, 0x0C, 0x5A, 0x0C, 0xB8,
	0x0C, 0xF2, 0x0D, 0x2C, 0x0D, 0x76, 0x0D, 0xCA, 0x0E, 0x14, 0x0E, 0x6A,
	0x0E, 0xAE, 0x0F, 0x72, 0x0F, 0xDA, 0x10, 0x52, 0x11, 0x20, 0x12, 0xC4,
	0x13, 0x74, 0x13, 0xDA, 0x14, 0x38, 0x14, 0xE0, 0x15, 0x20, 0x15, 0x84,
	0x16, 0x40, 0x16, 0xDC, 0x17, 0x4C, 0x17, 0xAE, 0x18, 0xD0, 0x19, 0x42,
	0x1A, 0x18, 0x1A, 0x72, 0x00, 0x01, 0x00, 0x00, 0x00, 0x39, 0x00, 0xF2,
	0x00, 0x0F, 0x00, 0x00, 0x00, 0x00, 0x00, 0x02, 0x00, 0x4A, 0x00, 0x87,
	0x00, 0x8D, 0x00, 0x00, 0x00, 0xBD, 0x0E, 0x0C, 0x00, 0x00, 0x00, 0x00,
	0x00, 0x00, 0x00, 0x12, 0x00, 0xDE, 0x00, 0x01, 0x00, 0x00, 0x00, 0x00,
	0x00, 0x00, 0x00, 0x35, 0x00, 0x00, 0x00, 0x01, 0x00, 0x00, 0x00, 0x00,
	0x00, 0x01, 0x00, 0x08, 0x00, 0x35, 0x00, 0x01, 0x00, 0x00, 0x00, 0x00,
	0x00, 0x02, 0x00, 0x07, 0x00, 0x3D, 0x00, 0x01, 0x00, 0x00, 0x00, 0x00,
	0x00, 0x03, 0x00, 0x08, 0x00, 0x44, 0x00, 0x01, 0x00, 0x00, 0x00, 0x00,
	0x00, 0x04, 0x00, 0x08, 0x00, 0x4C, 0x00, 0x01, 0x00, 0x00, 0x00, 0x00,
	0x00, 0x05, 0x00, 0x0B, 0x00, 0x54, 0x00, 0x01, 0x00, 0x00, 0x00, 0x00,
	0x00, 0x06, 0x00, 0x08, 0x00, 0x5F, 0x00, 0x01, 0x00, 0x00, 0x00, 0x00,
	0x00, 0x0A, 0x00, 0x2B, 0x00, 0x67, 0x00, 0x01, 0x00, 0x00, 0x00, 0x00,
	0x00, 0x0B, 0x00, 0x13, 0x00, 0x92, 0x00, 0x03, 0x00, 0x01, 0x04, 0x09,
	0x00, 0x00, 0x00, 0x6A, 0x00, 0xA5, 0x00, 0x03, 0x00, 0x01, 0x04, 0x09,
	0x00, 0x01, 0x00, 0x10, 0x01, 0x0F, 0x00, 0x03, 0x00, 0x01, 0x04, 0x09,
	0x00, 0x02, 0x00, 0x0E, 0x01, 0x1F, 0x00, 0x03, 0x00, 0x01, 0x04, 0x09,
	0x00, 0x03, 0x00, 0x10, 0x01, 0x2D, 0x00, 0x03, 0x00, 0x01, 0x04, 0x09,
	0x00, 0x04, 0x00, 0x10, 0x01, 0x3D, 0x00, 0x03, 0x00, 0x01, 0x04, 0x09,
	0x00, 0x05, 0x00, 0x16, 0x01, 0x4D, 0x00, 0x03, 0x00, 0x01, 0x04, 0x09,
	0x00, 0x06, 0x00, 0x10, 0x01, 0x63, 0x00, 0x03, 0x00, 0x01, 0x04, 0x09,
	0x00, 0x0A, 0x00, 0x56, 0x01, 0x73, 0x00, 0x03, 0x00, 0x01, 0x04, 0x09,
	0x00, 0x0B, 0x00, 0x26, 0x01, 0xC9, 0x43, 0x6F, 0x70, 0x79, 0x72, 0x69,
	0x67, 0x68, 0x74, 0x20, 0x28, 0x43, 0x29, 0x20, 0x32, 0x30, 0x32, 0x36,
	0x20, 0x62, 0x79, 0x20, 0x6F, 0x72, 0x69, 0x67, 0x69, 0x6E, 0x61, 0x6C,
	0x20, 0x61, 0x75, 0x74, 0x68, 0x6F, 0x72, 0x73, 0x20, 0x40, 0x20, 0x66,
	0x6F, 0x6E, 0x74, 0x65, 0x6C, 0x6C, 0x6F, 0x2E, 0x63, 0x6F, 0x6D, 0x66,
	0x6F, 0x6E, 0x74, 0x65, 0x6C, 0x6C, 0x6F, 0x52, 0x65, 0x67, 0x75, 0x6C,
	0x61, 0x72, 0x66, 0x6F, 0x6E, 0x74, 0x65, 0x6C, 0x6C, 0x6F, 0x66, 0x6F,
	0x6E, 0x74, 0x65, 0x6C, 0x6C, 0x6F, 0x56, 0x65, 0x72, 0x73, 0x69, 0x6F,
	0x6E, 0x20, 0x31, 0x2E, 0x30, 0x66, 0x6F, 0x6E, 0x74, 0x65, 0x6C, 0x6C,
	0x6F, 0x47, 0x65, 0x6E, 0x65, 0x72, 0x61, 0x74, 0x65, 0x64, 0x20, 0x62,
	0x79, 0x20, 0x73, 0x76, 0x67, 0x32, 0x74, 0x74, 0x66, 0x20, 0x66, 0x72,
	0x6F, 0x6D, 0x20, 0x46, 0x6F, 0x6E, 0x74, 0x65, 0x6C, 0x6C, 0x6F, 0x20,
	0x70, 0x72, 0x6F, 0x6A, 0x65, 0x63, 0x74, 0x2E, 0x68, 0x74, 0x74, 0x70,
	0x3A, 0x2F, 0x2F, 0x66, 0x6F, 0x6E, 0x74, 0x65, 0x6C, 0x6C, 0x6F, 0x2E,
	0x63, 0x6F, 0x6D, 0x00, 0x43, 0x00, 0x6F, 0x00, 0x70, 0x00, 0x79, 0x00,
	0x72, 0x00, 0x69, 0x00, 0x67, 0x00, 0x68, 0x00, 0x74, 0x00, 0x20, 0x00,
	0x28, 0x00, 0x43, 0x00, 0x29, 0x00, 0x20, 0x00, 0x32, 0x00, 0x30, 0x00,
	0x32, 0x00, 0x36, 0x00, 0x20, 0x00, 0x62, 0x00, 0x79, 0x00, 0x20, 0x00,
	0x6F, 0x00, 0x72, 0x00, 0x69, 0x00, 0x67, 0x00, 0x69, 0x00, 0x6E, 0x00,
	0x61, 0x00, 0x6C, 0x00, 0x20, 0x00, 0x61, 0x00, 0x75, 0x00, 0x74, 0x00,
	0x68, 0x00, 0x6F, 0x00, 0x72, 0x00, 0x73, 0x00, 0x20, 0x00, 0x40, 0x00,
	0x20, 0x00, 0x66, 0x00, 0x6F, 0x00, 0x6E, 0x00, 0x74, 0x00, 0x65, 0x00,
	0x6C, 0x00, 0x6C, 0x00, 0x6F, 0x00, 0x2E, 0x00, 0x63, 0x00, 0x6F, 0x00,
	0x6D, 0x00, 0x66, 0x00, 0x6F, 0x00, 0x6E, 0x00, 0x74, 0x00, 0x65, 0x00,
	0x6C, 0x00, 0x6C, 0x00, 0x6F, 0x00, 0x52, 0x00, 0x65, 0x00, 0x67, 0x00,
	0x75, 0x00, 0x6C, 0x00, 0x61, 0x00, 0x72, 0x00, 0x66, 0x00, 0x6F, 0x00,
	0x6E, 0x00, 0x74, 0x00, 0x65, 0x00, 0x6C, 0x00, 0x6C, 0x00, 0x6F, 0x00,
	0x66, 0x00, 0x6F, 0x00, 0x6E, 0x00, 0x74, 0x00, 0x65, 0x00, 0x6C, 0x00,
	0x6C, 0x00, 0x6F, 0x00, 0x56, 0x00, 0x65, 0x00, 0x72, 0x00, 0x73, 0x00,
	0x69, 0x00, 0x6F, 0x00, 0x6E, 0x00, 0x20, 0x00, 0x31, 0x00, 0x2E, 0x00,
	0x30, 0x00, 0x66, 0x00, 0x6F, 0x00, 0x6E, 0x00, 0x74, 0x00, 0x65, 0x00,
	0x6C, 0x00, 0x6C, 0x00, 0x6F, 0x00, 0x47, 0x00, 0x65, 0x00, 0x6E, 0x00,
	0x65, 0x00, 0x72, 0x00, 0x61, 0x00, 0x74, 0x00, 0x65, 0x00, 0x64, 0x00,
	0x20, 0x00, 0x62, 0x00, 0x79, 0x00, 0x20, 0x00, 0x73, 0x00, 0x76, 0x00,
	0x67, 0x00, 0x32, 0x00, 0x74, 0x00, 0x74, 0x00, 0x66, 0x00, 0x20, 0x00,
	0x66, 0x00, 0x72, 0x00, 0x6F, 0x00, 0x6D, 0x00, 0x20, 0x00, 0x46, 0x00,
	0x6F, 0x00, 0x6E, 0x00, 0x74, 0x00, 0x65, 0x00, 0x6C, 0x00, 0x6C, 0x00,
	0x6F, 0x00, 0x20, 0x00, 0x70, 0x00, 0x72, 0x00, 0x6F, 0x00, 0x6A, 0x00,
	0x65, 0x00, 0x63, 0x00, 0x74, 0x00, 0x2E, 0x00, 0x68, 0x00, 0x74, 0x00,
	0x74, 0x00, 0x70, 0x00, 0x3A, 0x00, 0x2F, 0x00, 0x2F, 0x00, 0x66, 0x00,
	0x6F, 0x00, 0x6E, 0x00, 0x74, 0x00, 0x65, 0x00, 0x6C, 0x00, 0x6C, 0x00,
	0x6F, 0x00, 0x2E, 0x00, 0x63, 0x00, 0x6F, 0x00, 0x6D, 0x00, 0x00, 0x00,
	0x00, 0x02, 0x00, 0x00, 0x00, 0x00, 0x00, 0x00, 0x00, 0x0A, 0x00, 0x00,
	0x00, 0x00, 0x00, 0x00, 0x00, 0x00, 0x00, 0x00, 0x00, 0x00, 0x00, 0x00,
	0x00, 0x00, 0x00, 0x00, 0x00, 0x00, 0x00, 0x00, 0x00, 0x39, 0x01, 0x02,
	0x01, 0x03, 0x01, 0x04, 0x01, 0x05, 0x01, 0x06, 0x01, 0x07, 0x01, 0x08,
	0x01, 0x09, 0x01, 0x0A, 0x01, 0x0B, 0x01, 0x0C, 0x01, 0x0D, 0x01, 0x0E,
	0x01, 0x0F, 0x01, 0x10, 0x01, 0x11, 0x01, 0x12, 0x01, 0x13, 0x01, 0x14,
	0x01, 0x15, 0x01, 0x16, 0x01, 0x17, 0x01, 0x18, 0x01, 0x19, 0x01, 0x1A,
	0x01, 0x1B, 0x01, 0x1C, 0x01, 0x1D, 0x01, 0x1E, 0x01, 0x1F, 0x01, 0x20,
	0x01, 0x21, 0x01, 0x22, 0x01, 0x23, 0x01, 0x24, 0x01, 0x25, 0x01, 0x26,
	0x01, 0x27, 0x01, 0x28, 0x01, 0x29, 0x01, 0x2A, 0x01, 0x2B, 0x01, 0x2C,
	0x01, 0x2D, 0x01, 0x2E, 0x01, 0x2F, 0x01, 0x30, 0x01, 0x31, 0x01, 0x32,
	0x01, 0x33, 0x01, 0x34, 0x01, 0x35, 0x01, 0x36, 0x01, 0x37, 0x01, 0x38,
	0x01, 0x39, 0x01, 0x3A, 0x00, 0x05, 0x63, 0x6F, 0x67, 0x2D, 0x36, 0x05,
	0x63, 0x6F, 0x67, 0x2D, 0x33, 0x08, 0x73, 0x65, 0x61, 0x72, 0x63, 0x68,
	0x2D, 0x37, 0x08, 0x74, 0x61, 0x72, 0x67, 0x65, 0x74, 0x2D, 0x33, 0x05,
	0x70, 0x6F, 0x77, 0x65, 0x72, 0x07, 0x63, 0x6C, 0x6F, 0x75, 0x64, 0x2D,
	0x33, 0x0E, 0x74, 0x61, 0x72, 0x67, 0x65, 0x74, 0x2D, 0x6F, 0x75, 0x74,
	0x6C, 0x69, 0x6E, 0x65, 0x04, 0x6F, 0x6B, 0x2D, 0x32, 0x06, 0x73, 0x65,
	0x61, 0x72, 0x63, 0x68, 0x03, 0x63, 0x6F, 0x67, 0x05, 0x63, 0x6C, 0x6F,
	0x63, 0x6B, 0x0B, 0x63, 0x6C, 0x6F, 0x75, 0x64, 0x2D, 0x73, 0x75, 0x6E,
	0x2D, 0x31, 0x06, 0x74, 0x61, 0x72, 0x67, 0x65, 0x74, 0x08, 0x74, 0x61,
	0x72, 0x67, 0x65, 0x74, 0x2D, 0x31, 0x08, 0x74, 0x61, 0x72, 0x67, 0x65,
	0x74, 0x2D, 0x32, 0x06, 0x6C, 0x6F, 0x63, 0x6B, 0x2D, 0x32, 0x05, 0x65,
	0x79, 0x65, 0x2D, 0x36, 0x07, 0x65, 0x79, 0x65, 0x2D, 0x6F, 0x66, 0x66,
	0x06, 0x68, 0x6F, 0x6D, 0x65, 0x2D, 0x36, 0x05, 0x65, 0x79, 0x65, 0x2D,
	0x34, 0x0A, 0x64, 0x6F, 0x77, 0x6E, 0x6C, 0x6F, 0x61, 0x64, 0x2D, 0x34,
	0x08, 0x6B, 0x65, 0x79, 0x62, 0x6F, 0x61, 0x72, 0x64, 0x08, 0x66, 0x6F,
	0x6C, 0x64, 0x65, 0x72, 0x2D, 0x33, 0x05, 0x62, 0x6F, 0x78, 0x2D, 0x32,
	0x05, 0x63, 0x6F, 0x67, 0x2D, 0x37, 0x09, 0x64, 0x6F, 0x77, 0x6E, 0x2D,
	0x6F, 0x70, 0x65, 0x6E, 0x0B, 0x6C, 0x65, 0x66, 0x74, 0x2D, 0x6F, 0x70,
	0x65, 0x6E, 0x2D, 0x34, 0x0C, 0x72, 0x69, 0x67, 0x68, 0x74, 0x2D, 0x6F,
	0x70, 0x65, 0x6E, 0x2D, 0x34, 0x07, 0x75, 0x70, 0x2D, 0x6F, 0x70, 0x65,
	0x6E, 0x08, 0x74, 0x61, 0x72, 0x67, 0x65, 0x74, 0x2D, 0x34, 0x07, 0x63,
	0x6C, 0x6F, 0x75, 0x64, 0x2D, 0x34, 0x05, 0x6D, 0x6F, 0x75, 0x73, 0x65,
	0x05, 0x64, 0x6F, 0x74, 0x2D, 0x33, 0x05, 0x77, 0x61, 0x74, 0x65, 0x72,
	0x07, 0x64, 0x72, 0x6F, 0x70, 0x6C, 0x65, 0x74, 0x05, 0x6B, 0x65, 0x79,
	0x2D, 0x32, 0x04, 0x75, 0x73, 0x65, 0x72, 0x07, 0x75, 0x73, 0x65, 0x72,
	0x73, 0x2D, 0x32, 0x06, 0x68, 0x6F, 0x6D, 0x65, 0x2D, 0x34, 0x05, 0x65,
	0x79, 0x65, 0x2D, 0x35, 0x09, 0x65, 0x79, 0x65, 0x2D, 0x6F, 0x66, 0x66,
	0x2D, 0x31, 0x07, 0x63, 0x6F, 0x67, 0x2D, 0x61, 0x6C, 0x74, 0x08, 0x74,
	0x61, 0x72, 0x67, 0x65, 0x74, 0x2D, 0x35, 0x05, 0x6F, 0x66, 0x66, 0x2D,
	0x31, 0x03, 0x65, 0x79, 0x65, 0x05, 0x65, 0x79, 0x65, 0x2D, 0x37, 0x06,
	0x68, 0x6F, 0x6D, 0x65, 0x2D, 0x33, 0x05, 0x65, 0x79, 0x65, 0x2D, 0x33,
	0x05, 0x73, 0x75, 0x6E, 0x2D, 0x31, 0x0A, 0x73, 0x75, 0x6E, 0x2D, 0x66,
	0x69, 0x6C, 0x6C, 0x65, 0x64, 0x0A, 0x64, 0x6F, 0x77, 0x6E, 0x6C, 0x6F,
	0x61, 0x64, 0x2D, 0x31, 0x05, 0x65, 0x79, 0x65, 0x2D, 0x31, 0x0A, 0x6B,
	0x65, 0x79, 0x62, 0x6F, 0x61, 0x72, 0x64, 0x2D, 0x31, 0x06, 0x63, 0x6F,
	0x64, 0x65, 0x2D, 0x32, 0x0B, 0x75, 0x73, 0x65, 0x72, 0x2D, 0x73, 0x65,
	0x63, 0x72, 0x65, 0x74, 0x08, 0x73, 0x65, 0x61, 0x72, 0x63, 0x68, 0x2D,
	0x31, 0x00, 0x00, 0x00, 0x00, 0x01, 0x00, 0x01, 0xFF, 0xFF, 0x00, 0x0F,
	0x00, 0x00, 0x00, 0x00, 0x00, 0x00, 0x00, 0x00, 0x00, 0x00, 0x00, 0x00,
	0x00, 0x00, 0x00, 0x00, 0x00, 0x00, 0x00, 0x00, 0x00, 0x18, 0x00, 0x18,
	0x00, 0x18, 0x00, 0x18, 0x02, 0xE5, 0xFF, 0xD7, 0x02, 0xE5, 0xFF, 0xD7,
	0xB0, 0x00, 0x2C, 0x20, 0xB0, 0x00, 0x55, 0x58, 0x45, 0x59, 0x20, 0x20,
	0x4B, 0xB8, 0x00, 0x0E, 0x51, 0x4B, 0xB0, 0x06, 0x53, 0x5A, 0x58, 0xB0,
	0x34, 0x1B, 0xB0, 0x28, 0x59, 0x60, 0x66, 0x20, 0x8A, 0x55, 0x58, 0xB0,
	0x02, 0x25, 0x61, 0xB9, 0x08, 0x00, 0x08, 0x00, 0x63, 0x63, 0x23, 0x62,
	0x1B, 0x21, 0x21, 0xB0, 0x00, 0x59, 0xB0, 0x00, 0x43, 0x23, 0x44, 0xB2,
	0x00, 0x01, 0x00, 0x43, 0x60, 0x42, 0x2D, 0xB0, 0x01, 0x2C, 0xB0, 0x20,
	0x60, 0x66, 0x2D, 0xB0, 0x02, 0x2C, 0x23, 0x21, 0x23, 0x21, 0x2D, 0xB0,
	0x03, 0x2C, 0x20, 0x64, 0xB3, 0x03, 0x14, 0x15, 0x00, 0x42, 0x43, 0xB0,
	0x13, 0x43, 0x20, 0x60, 0x60, 0x42, 0xB1, 0x02, 0x14, 0x43, 0x42, 0xB1,
	0x25, 0x03, 0x43, 0xB0, 0x02, 0x43, 0x54, 0x78, 0x20, 0xB0, 0x0C, 0x23,
	0xB0, 0x02, 0x43, 0x43, 0x61, 0x64, 0xB0, 0x04, 0x50, 0x78, 0xB2, 0x02,
	0x02, 0x02, 0x43, 0x60, 0x42, 0xB0, 0x21, 0x65, 0x1C, 0x21, 0xB0, 0x02,
	0x43, 0x43, 0xB2, 0x0E, 0x15, 0x01, 0x42, 0x1C, 0x20, 0xB0, 0x02, 0x43,
	0x23, 0x42, 0xB2, 0x13, 0x01, 0x13, 0x43, 0x60, 0x42, 0x23, 0xB0, 0x00,
	0x50, 0x58, 0x65, 0x59, 0xB2, 0x16, 0x01, 0x02, 0x43, 0x60, 0x42, 0x2D,
	0xB0, 0x04, 0x2C, 0xB0, 0x03, 0x2B, 0xB0, 0x15, 0x43, 0x58, 0x23, 0x21,
	0x23, 0x21, 0xB0, 0x16, 0x43, 0x43, 0x23, 0xB0, 0x00, 0x50, 0x58, 0x65,
	0x59, 0x1B, 0x20, 0x64, 0x20, 0xB0, 0xC0, 0x50, 0xB0, 0x04, 0x26, 0x5A,
	0xB2, 0x28, 0x01, 0x0D, 0x43, 0x45, 0x63, 0x45, 0xB0, 0x06, 0x45, 0x58,
	0x21, 0xB0, 0x03, 0x25, 0x59, 0x52, 0x5B, 0x58, 0x21, 0x23, 0x21, 0x1B,
	0x8A, 0x58, 0x20, 0xB0, 0x50, 0x50, 0x58, 0x21, 0xB0, 0x40, 0x59, 0x1B,
	0x20, 0xB0, 0x38, 0x50, 0x58, 0x21, 0xB0, 0x38, 0x59, 0x59, 0x20, 0xB1,
	0x01, 0x0D, 0x43, 0x45, 0x63, 0x45, 0x61, 0x64, 0xB0, 0x28, 0x50, 0x58,
	0x21, 0xB1, 0x01, 0x0D, 0x43, 0x45, 0x63, 0x45, 0x20, 0xB0, 0x30, 0x50,
	0x58, 0x21, 0xB0, 0x30, 0x59, 0x1B, 0x20, 0xB0, 0xC0, 0x50, 0x58, 0x20,
	0x66, 0x20, 0x8A, 0x8A, 0x61, 0x20, 0xB0, 0x0A, 0x50, 0x58, 0x60, 0x1B,
	0x20, 0xB0, 0x20, 0x50, 0x58, 0x21, 0xB0, 0x0A, 0x60, 0x1B, 0x20, 0xB0,
	0x36, 0x50, 0x58, 0x21, 0xB0, 0x36, 0x60, 0x1B, 0x60, 0x59, 0x59, 0x59,
	0x1B, 0xB0, 0x02, 0x25, 0xB0, 0x0C, 0x43, 0x63, 0xB0, 0x00, 0x52, 0x58,
	0xB0, 0x00, 0x4B, 0xB0, 0x0A, 0x50, 0x58, 0x21, 0xB0, 0x0C, 0x43, 0x1B,
	0x4B, 0xB0, 0x1E, 0x50, 0x58, 0x21, 0xB0, 0x1E, 0x4B, 0x61, 0xB8, 0x10,
	0x00, 0x63, 0xB0, 0x0C, 0x43, 0x63, 0xB8, 0x05, 0x00, 0x62, 0x59, 0x59,
	0x64, 0x61, 0x59, 0xB0, 0x01, 0x2B, 0x59, 0x59, 0x23, 0xB0, 0x00, 0x50,
	0x58, 0x65, 0x59, 0x59, 0x20, 0x64, 0xB0, 0x16, 0x43, 0x23, 0x42, 0x59,
	0x2D, 0xB0, 0x05, 0x2C, 0x20, 0x45, 0x20, 0xB0, 0x04, 0x25, 0x61, 0x64,
	0x20, 0xB0, 0x07, 0x43, 0x50, 0x58, 0xB0, 0x07, 0x23, 0x42, 0xB0, 0x08,
	0x23, 0x42, 0x1B, 0x21, 0x21, 0x59, 0xB0, 0x01, 0x60, 0x2D, 0xB0, 0x06,
	0x2C, 0x23, 0x21, 0x23, 0x21, 0xB0, 0x03, 0x2B, 0x20, 0x64, 0xB1, 0x07,
	0x62, 0x42, 0x20, 0xB0, 0x08, 0x23, 0x42, 0xB0, 0x06, 0x45, 0x58, 0x1B,
	0xB1, 0x01, 0x0D, 0x43, 0x45, 0x63, 0xB1, 0x01, 0x0D, 0x43, 0xB0, 0x01,
	0x60, 0x45, 0x63, 0xB0, 0x05, 0x2A, 0x21, 0x20, 0xB0, 0x08, 0x43, 0x20,
	0x8A, 0x20, 0x8A, 0xB0, 0x01, 0x2B, 0xB1, 0x30, 0x05, 0x25, 0xB0, 0x04,
	0x26, 0x51, 0x58, 0x60, 0x50, 0x1B, 0x61, 0x52, 0x59, 0x58, 0x23, 0x59,
	0x21, 0x59, 0x20, 0xB0, 0x40, 0x53, 0x58, 0xB0, 0x01, 0x2B, 0x1B, 0x21,
	0xB0, 0x40, 0x59, 0x23, 0xB0, 0x00, 0x50, 0x58, 0x65, 0x59, 0x2D, 0xB0,
	0x07, 0x2C, 0xB0, 0x09, 0x43, 0x2B, 0xB2, 0x00, 0x02, 0x00, 0x43, 0x60,
	0x42, 0x2D, 0xB0, 0x08, 0x2C, 0xB0, 0x09, 0x23, 0x42, 0x23, 0x20, 0xB0,
	0x00, 0x23, 0x42, 0x61, 0xB0, 0x02, 0x62, 0x66, 0xB0, 0x01, 0x63, 0xB0,
	0x01, 0x60, 0xB0, 0x07, 0x2A, 0x2D, 0xB0, 0x09, 0x2C, 0x20, 0x20, 0x45,
	0x20, 0xB0, 0x0E, 0x43, 0x63, 0xB8, 0x04, 0x00, 0x62, 0x20, 0xB0, 0x00,
	0x50, 0x58, 0xB0, 0x40, 0x60, 0x59, 0x66, 0xB0, 0x01, 0x63, 0x60, 0x44,
	0xB0, 0x01, 0x60, 0x2D, 0xB0, 0x0A, 0x2C, 0xB2, 0x09, 0x0E, 0x00, 0x43,
	0x45, 0x42, 0x2A, 0x21, 0xB2, 0x00, 0x01, 0x00, 0x43, 0x60, 0x42, 0x2D,
	0xB0, 0x0B, 0x2C, 0xB0, 0x00, 0x43, 0x23, 0x44, 0xB2, 0x00, 0x01, 0x00,
	0x43, 0x60, 0x42, 0x2D, 0xB0, 0x0C, 0x2C, 0x20, 0x20, 0x45, 0x20, 0xB0,
	0x01, 0x2B, 0x23, 0xB0, 0x00, 0x43, 0xB0, 0x04, 0x25, 0x60, 0x20, 0x45,
	0x8A, 0x23, 0x61, 0x20, 0x64, 0x20, 0xB0, 0x20, 0x50, 0x58, 0x21, 0xB0,
	0x00, 0x1B, 0xB0, 0x30, 0x50, 0x58, 0xB0, 0x20, 0x1B, 0xB0, 0x40, 0x59,
	0x59, 0x23, 0xB0, 0x00, 0x50, 0x58, 0x65, 0x59, 0xB0, 0x03, 0x25, 0x23,
	0x61, 0x44, 0x44, 0xB0, 0x01, 0x60, 0x2D, 0xB0, 0x0D, 0x2C, 0x20, 0x20,
	0x45, 0x20, 0xB0, 0x01, 0x2B, 0x23, 0xB0, 0x00, 0x43, 0xB0, 0x04, 0x25,
	0x60, 0x20, 0x45, 0x8A, 0x23, 0x61, 0x20, 0x64, 0xB0, 0x24, 0x50, 0x58,
	0xB0, 0x00, 0x1B, 0xB0, 0x40, 0x59, 0x23, 0xB0, 0x00, 0x50, 0x58, 0x65,
	0x59, 0xB0, 0x03, 0x25, 0x23, 0x61, 0x44, 0x44, 0xB0, 0x01, 0x60, 0x2D,
	0xB0, 0x0E, 0x2C, 0x20, 0xB0, 0x00, 0x23, 0x42, 0xB3, 0x0D, 0x0C, 0x00,
	0x03, 0x45, 0x50, 0x58, 0x21, 0x1B, 0x23, 0x21, 0x59, 0x2A, 0x21, 0x2D,
	0xB0, 0x0F, 0x2C, 0xB1, 0x02, 0x02, 0x45, 0xB0, 0x64, 0x61, 0x44, 0x2D,
	0xB0, 0x10, 0x2C, 0xB0, 0x01, 0x60, 0x20, 0x20, 0xB0, 0x0F, 0x43, 0x4A,
	0xB0, 0x00, 0x50, 0x58, 0x20, 0xB0, 0x0F, 0x23, 0x42, 0x59, 0xB0, 0x10,
	0x43, 0x4A, 0xB0, 0x00, 0x52, 0x58, 0x20, 0xB0, 0x10, 0x23, 0x42, 0x59,
	0x2D, 0xB0, 0x11, 0x2C, 0x20, 0xB0, 0x10, 0x62, 0x66, 0xB0, 0x01, 0x63,
	0x20, 0xB8, 0x04, 0x00, 0x63, 0x8A, 0x23, 0x61, 0xB0, 0x11, 0x43, 0x60,
	0x20, 0x8A, 0x60, 0x20, 0xB0, 0x11, 0x23, 0x42, 0x23, 0x2D, 0xB0, 0x12,
	0x2C, 0x4B, 0x54, 0x58, 0xB1, 0x04, 0x64, 0x44, 0x59, 0x24, 0xB0, 0x0D,
	0x65, 0x23, 0x78, 0x2D, 0xB0, 0x13, 0x2C, 0x4B, 0x51, 0x58, 0x4B, 0x53,
	0x58, 0xB1, 0x04, 0x64, 0x44, 0x59, 0x1B, 0x21, 0x59, 0x24, 0xB0, 0x13,
	0x65, 0x23, 0x78, 0x2D, 0xB0, 0x14, 0x2C, 0xB1, 0x00, 0x12, 0x43, 0x55,
	0x58, 0xB1, 0x12, 0x12, 0x43, 0xB0, 0x01, 0x61, 0x42, 0xB0, 0x11, 0x2B,
	0x59, 0xB0, 0x00, 0x43, 0xB0, 0x02, 0x25, 0x42, 0xB1, 0x0F, 0x02, 0x25,
	0x42, 0xB1, 0x10, 0x02, 0x25, 0x42, 0xB0, 0x01, 0x16, 0x23, 0x20, 0xB0,
	0x03, 0x25, 0x50, 0x58, 0xB1, 0x01, 0x00, 0x43, 0x60, 0xB0, 0x04, 0x25,
	0x42, 0x8A, 0x8A, 0x20, 0x8A, 0x23, 0x61, 0xB0, 0x10, 0x2A, 0x21, 0x23,
	0xB0, 0x01, 0x61, 0x20, 0x8A, 0x23, 0x61, 0xB0, 0x10, 0x2A, 0x21, 0x1B,
	0xB1, 0x01, 0x00, 0x43, 0x60, 0xB0, 0x02, 0x25, 0x42, 0xB0, 0x02, 0x25,
	0x61, 0xB0, 0x10, 0x2A, 0x21, 0x59, 0xB0, 0x0F, 0x43, 0x47, 0xB0, 0x10,
	0x43, 0x47, 0x60, 0xB0, 0x02, 0x62, 0x20, 0xB0, 0x00, 0x50, 0x58, 0xB0,
	0x40, 0x60, 0x59, 0x66, 0xB0, 0x01, 0x63, 0x20, 0xB0, 0x0E, 0x43, 0x63,
	0xB8, 0x04, 0x00, 0x62, 0x20, 0xB0, 0x00, 0x50, 0x58, 0xB0, 0x40, 0x60,
	0x59, 0x66, 0xB0, 0x01, 0x63, 0x60, 0xB1, 0x00, 0x00, 0x13, 0x23, 0x44,
	0xB0, 0x01, 0x43, 0xB0, 0x00, 0x3E, 0xB2, 0x01, 0x01, 0x01, 0x43, 0x60,
	0x42, 0x2D, 0xB0, 0x15, 0x2C, 0x00, 0xB1, 0x00, 0x02, 0x45, 0x54, 0x58,
	0xB0, 0x12, 0x23, 0x42, 0x20, 0x45, 0xB0, 0x0E, 0x23, 0x42, 0xB0, 0x0D,
	0x23, 0xB0, 0x01, 0x60, 0x42, 0x20, 0x60, 0xB7, 0x18, 0x18, 0x01, 0x00,
	0x11, 0x00, 0x13, 0x00, 0x42, 0x42, 0x42, 0x8A, 0x60, 0x20, 0xB0, 0x14,
	0x23, 0x42, 0xB0, 0x01, 0x61, 0xB1, 0x14, 0x08, 0x2B, 0xB0, 0x8B, 0x2B,
	0x1B, 0x22, 0x59, 0x2D, 0xB0, 0x16, 0x2C, 0xB1, 0x00, 0x15, 0x2B, 0x2D,
	0xB0, 0x17, 0x2C, 0xB1, 0x01, 0x15, 0x2B, 0x2D, 0xB0, 0x18, 0x2C, 0xB1,
	0x02, 0x15, 0x2B, 0x2D, 0xB0, 0x19, 0x2C, 0xB1, 0x03, 0x15, 0x2B, 0x2D,
	0xB0, 0x1A, 0x2C, 0xB1, 0x04, 0x15, 0x2B, 0x2D, 0xB0, 0x1B, 0x2C, 0xB1,
	0x05, 0x15, 0x2B, 0x2D, 0xB0, 0x1C, 0x2C, 0xB1, 0x06, 0x15, 0x2B, 0x2D,
	0xB0, 0x1D, 0x2C, 0xB1, 0x07, 0x15, 0x2B, 0x2D, 0xB0, 0x1E, 0x2C, 0xB1,
	0x08, 0x15, 0x2B, 0x2D, 0xB0, 0x1F, 0x2C, 0xB1, 0x09, 0x15, 0x2B, 0x2D,
	0xB0, 0x2B, 0x2C, 0x23, 0x20, 0xB0, 0x10, 0x62, 0x66, 0xB0, 0x01, 0x63,
	0xB0, 0x06, 0x60, 0x4B, 0x54, 0x58, 0x23, 0x20, 0x2E, 0xB0, 0x01, 0x5D,
	0x1B, 0x21, 0x21, 0x59, 0x2D, 0xB0, 0x2C, 0x2C, 0x23, 0x20, 0xB0, 0x10,
	0x62, 0x66, 0xB0, 0x01, 0x63, 0xB0, 0x16, 0x60, 0x4B, 0x54, 0x58, 0x23,
	0x20, 0x2E, 0xB0, 0x01, 0x71, 0x1B, 0x21, 0x21, 0x59, 0x2D, 0xB0, 0x2D,
	0x2C, 0x23, 0x20, 0xB0, 0x10, 0x62, 0x66, 0xB0, 0x01, 0x63, 0xB0, 0x26,
	0x60, 0x4B, 0x54, 0x58, 0x23, 0x20, 0x2E, 0xB0, 0x01, 0x72, 0x1B, 0x21,
	0x21, 0x59, 0x2D, 0xB0, 0x20, 0x2C, 0x00, 0xB0, 0x0F, 0x2B, 0xB1, 0x00,
	0x02, 0x45, 0x54, 0x58, 0xB0, 0x12, 0x23, 0x42, 0x20, 0x45, 0xB0, 0x0E,
	0x23, 0x42, 0xB0, 0x0D, 0x23, 0xB0, 0x01, 0x60, 0x42, 0x20, 0x60, 0xB0,
	0x01, 0x61, 0xB5, 0x18, 0x18, 0x01, 0x00, 0x11, 0x00, 0x42, 0x42, 0x8A,
	0x60, 0xB1, 0x14, 0x08, 0x2B, 0xB0, 0x8B, 0x2B, 0x1B, 0x22, 0x59, 0x2D,
	0xB0, 0x21, 0x2C, 0xB1, 0x00, 0x20, 0x2B, 0x2D, 0xB0, 0x22, 0x2C, 0xB1,
	0x01, 0x20, 0x2B, 0x2D, 0xB0, 0x23, 0x2C, 0xB1, 0x02, 0x20, 0x2B, 0x2D,
	0xB0, 0x24, 0x2C, 0xB1, 0x03, 0x20, 0x2B, 0x2D, 0xB0, 0x25, 0x2C, 0xB1,
	0x04, 0x20, 0x2B, 0x2D, 0xB0, 0x26, 0x2C, 0xB1, 0x05, 0x20, 0x2B, 0x2D,
	0xB0, 0x27, 0x2C, 0xB1, 0x06, 0x20, 0x2B, 0x2D, 0xB0, 0x28, 0x2C, 0xB1,
	0x07, 0x20, 0x2B, 0x2D, 0xB0, 0x29, 0x2C, 0xB1, 0x08, 0x20, 0x2B, 0x2D,
	0xB0, 0x2A, 0x2C, 0xB1, 0x09, 0x20, 0x2B, 0x2D, 0xB0, 0x2E, 0x2C, 0x20,
	0x3C, 0xB0, 0x01, 0x60, 0x2D, 0xB0, 0x2F, 0x2C, 0x20, 0x60, 0xB0, 0x18,
	0x60, 0x20, 0x43, 0x23, 0xB0, 0x01, 0x60, 0x43, 0xB0, 0x02, 0x25, 0x61,
	0xB0, 0x01, 0x60, 0xB0, 0x2E, 0x2A, 0x21, 0x2D, 0xB0, 0x30, 0x2C, 0xB0,
	0x2F, 0x2B, 0xB0, 0x2F, 0x2A, 0x2D, 0xB0, 0x31, 0x2C, 0x20, 0x20, 0x47,
	0x20, 0x20, 0xB0, 0x0E, 0x43, 0x63, 0xB8, 0x04, 0x00, 0x62, 0x20, 0xB0,
	0x00, 0x50, 0x58, 0xB0, 0x40, 0x60, 0x59, 0x66, 0xB0, 0x01, 0x63, 0x60,
	0x23, 0x61, 0x38, 0x23, 0x20, 0x8A, 0x55, 0x58, 0x20, 0x47, 0x20, 0x20,
	0xB0, 0x0E, 0x43, 0x63, 0xB8, 0x04, 0x00, 0x62, 0x20, 0xB0, 0x00, 0x50,
	0x58, 0xB0, 0x40, 0x60, 0x59, 0x66, 0xB0, 0x01, 0x63, 0x60, 0x23, 0x61,
	0x38, 0x1B, 0x21, 0x59, 0x2D, 0xB0, 0x32, 0x2C, 0x00, 0xB1, 0x00, 0x02,
	0x45, 0x54, 0x58, 0xB1, 0x0E, 0x07, 0x45, 0x42, 0xB0, 0x01, 0x16, 0xB0,
	0x31, 0x2A, 0xB1, 0x05, 0x01, 0x15, 0x45, 0x58, 0x30, 0x59, 0x1B, 0x22,
	0x59, 0x2D, 0xB0, 0x33, 0x2C, 0x00, 0xB0, 0x0F, 0x2B, 0xB1, 0x00, 0x02,
	0x45, 0x54, 0x58, 0xB1, 0x0E, 0x07, 0x45, 0x42, 0xB0, 0x01, 0x16, 0xB0,
	0x31, 0x2A, 0xB1, 0x05, 0x01, 0x15, 0x45, 0x58, 0x30, 0x59, 0x1B, 0x22,
	0x59, 0x2D, 0xB0, 0x34, 0x2C, 0x20, 0x35, 0xB0, 0x01, 0x60, 0x2D, 0xB0,
	0x35, 0x2C, 0x00, 0xB1, 0x0E, 0x07, 0x45, 0x42, 0xB0, 0x01, 0x45, 0x63,
	0xB8, 0x04, 0x00, 0x62, 0x20, 0xB0, 0x00, 0x50, 0x58, 0xB0, 0x40, 0x60,
	0x59, 0x66, 0xB0, 0x01, 0x63, 0xB0, 0x01, 0x2B, 0xB0, 0x0E, 0x43, 0x63,
	0xB8, 0x04, 0x00, 0x62, 0x20, 0xB0, 0x00, 0x50, 0x58, 0xB0, 0x40, 0x60,
	0x59, 0x66, 0xB0, 0x01, 0x63, 0xB0, 0x01, 0x2B, 0xB0, 0x00, 0x16, 0xB4,
	0x00, 0x00, 0x00, 0x00, 0x00, 0x44, 0x3E, 0x23, 0x38, 0xB1, 0x34, 0x01,
	0x15, 0x2A, 0x21, 0x2D, 0xB0, 0x36, 0x2C, 0x20, 0x3C, 0x20, 0x47, 0x20,
	0xB0, 0x0E, 0x43, 0x63, 0xB8, 0x04, 0x00, 0x62, 0x20, 0xB0, 0x00, 0x50,
	0x58, 0xB0, 0x40, 0x60, 0x59, 0x66, 0xB0, 0x01, 0x63, 0x60, 0xB0, 0x00,
	0x43, 0x61, 0x38, 0x2D, 0xB0, 0x37, 0x2C, 0x2E, 0x17, 0x3C, 0x2D, 0xB0,
	0x38, 0x2C, 0x20, 0x3C, 0x20, 0x47, 0x20, 0xB0, 0x0E, 0x43, 0x63, 0xB8,
	0x04, 0x00, 0x62, 0x20, 0xB0, 0x00, 0x50, 0x58, 0xB0, 0x40, 0x60, 0x59,
	0x66, 0xB0, 0x01, 0x63, 0x60, 0xB0, 0x00, 0x43, 0x61, 0xB0, 0x01, 0x43,
	0x63, 0x38, 0x2D, 0xB0, 0x39, 0x2C, 0xB1, 0x02, 0x00, 0x16, 0x25, 0x20,
	0x2E, 0x20, 0x47, 0xB0, 0x00, 0x23, 0x42, 0xB0, 0x02, 0x25, 0x49, 0x8A,
	0x8A, 0x47, 0x23, 0x47, 0x23, 0x61, 0x20, 0x58, 0x62, 0x1B, 0x21, 0x59,
	0xB0, 0x01, 0x23, 0x42, 0xB2, 0x38, 0x01, 0x01, 0x15, 0x14, 0x2A, 0x2D,
	0xB0, 0x3A, 0x2C, 0xB0, 0x00, 0x16, 0xB0, 0x17, 0x23, 0x42, 0xB0, 0x04,
	0x25, 0xB0, 0x04, 0x25, 0x47, 0x23, 0x47, 0x23, 0x61, 0xB1, 0x0C, 0x00,
	0x42, 0xB0, 0x0B, 0x43, 0x2B, 0x65, 0x8A, 0x2E, 0x23, 0x20, 0x20, 0x3C,
	0x8A, 0x38, 0x2D, 0xB0, 0x3B, 0x2C, 0xB0, 0x00, 0x16, 0xB0, 0x17, 0x23,
	0x42, 0xB0, 0x04, 0x25, 0xB0, 0x04, 0x25, 0x20, 0x2E, 0x47, 0x23, 0x47,
	0x23, 0x61, 0x20, 0xB0, 0x06, 0x23, 0x42, 0xB1, 0x0C, 0x00, 0x42, 0xB0,
	0x0B, 0x43, 0x2B, 0x20, 0xB0, 0x60, 0x50, 0x58, 0x20, 0xB0, 0x40, 0x51,
	0x58, 0xB3, 0x04, 0x20, 0x05, 0x20, 0x1B, 0xB3, 0x04, 0x26, 0x05, 0x1A,
	0x59, 0x42, 0x42, 0x23, 0x20, 0xB0, 0x0A, 0x43, 0x20, 0x8A, 0x23, 0x47,
	0x23, 0x47, 0x23, 0x61, 0x23, 0x46, 0x60, 0xB0, 0x06, 0x43, 0xB0, 0x02,
	0x62, 0x20, 0xB0, 0x00, 0x50, 0x58, 0xB0, 0x40, 0x60, 0x59, 0x66, 0xB0,
	0x01, 0x63, 0x60, 0x20, 0xB0, 0x01, 0x2B, 0x20, 0x8A, 0x8A, 0x61, 0x20,
	0xB0, 0x04, 0x43, 0x60, 0x64, 0x23, 0xB0, 0x05, 0x43, 0x61, 0x64, 0x50,
	0x58, 0xB0, 0x04, 0x43, 0x61, 0x1B, 0xB0, 0x05, 0x43, 0x60, 0x59, 0xB0,
	0x03, 0x25, 0xB0, 0x02, 0x62, 0x20, 0xB0, 0x00, 0x50, 0x58, 0xB0, 0x40,
	0x60, 0x59, 0x66, 0xB0, 0x01, 0x63, 0x61, 0x23, 0x20, 0x20, 0xB0, 0x04,
	0x26, 0x23, 0x46, 0x61, 0x38, 0x1B, 0x23, 0xB0, 0x0A, 0x43, 0x46, 0xB0,
	0x02, 0x25, 0xB0, 0x0A, 0x43, 0x47, 0x23, 0x47, 0x23, 0x61, 0x60, 0x20,
	0xB0, 0x06, 0x43, 0xB0, 0x02, 0x62, 0x20, 0xB0, 0x00, 0x50, 0x58, 0xB0,
	0x40, 0x60, 0x59, 0x66, 0xB0, 0x01, 0x63, 0x60, 0x23, 0x20, 0xB0, 0x01,
	0x2B, 0x23, 0xB0, 0x06, 0x43, 0x60, 0xB0, 0x01, 0x2B, 0xB0, 0x05, 0x25,
	0x61, 0xB0, 0x05, 0x25, 0xB0, 0x02, 0x62, 0x20, 0xB0, 0x00, 0x50, 0x58,
	0xB0, 0x40, 0x60, 0x59, 0x66, 0xB0, 0x01, 0x63, 0xB0, 0x04, 0x26, 0x61,
	0x20, 0xB0, 0x04, 0x25, 0x60, 0x64, 0x23, 0xB0, 0x03, 0x25, 0x60, 0x64,
	0x50, 0x58, 0x21, 0x1B, 0x23, 0x21, 0x59, 0x23, 0x20, 0x20, 0xB0, 0x04,
	0x26, 0x23, 0x46, 0x61, 0x38, 0x59, 0x2D, 0xB0, 0x3C, 0x2C, 0xB0, 0x00,
	0x16, 0xB0, 0x17, 0x23, 0x42, 0x20, 0x20, 0x20, 0xB0, 0x05, 0x26, 0x20,
	0x2E, 0x47, 0x23, 0x47, 0x23, 0x61, 0x23, 0x3C, 0x38, 0x2D, 0xB0, 0x3D,
	0x2C, 0xB0, 0x00, 0x16, 0xB0, 0x17, 0x23, 0x42, 0x20, 0xB0, 0x0A, 0x23,
	0x42, 0x20, 0x20, 0x20, 0x46, 0x23, 0x47, 0xB0, 0x01, 0x2B, 0x23, 0x61,
	0x38, 0x2D, 0xB0, 0x3E, 0x2C, 0xB0, 0x00, 0x16, 0xB0, 0x17, 0x23, 0x42,
	0xB0, 0x03, 0x25, 0xB0, 0x02, 0x25, 0x47, 0x23, 0x47, 0x23, 0x61, 0xB0,
	0x00, 0x54, 0x58, 0x2E, 0x20, 0x3C, 0x23, 0x21, 0x1B, 0xB0, 0x02, 0x25,
	0xB0, 0x02, 0x25, 0x47, 0x23, 0x47, 0x23, 0x61, 0x20, 0xB0, 0x05, 0x25,
	0xB0, 0x04, 0x25, 0x47, 0x23, 0x47, 0x23, 0x61, 0xB0, 0x06, 0x25, 0xB0,
	0x05, 0x25, 0x49, 0xB0, 0x02, 0x25, 0x61, 0xB9, 0x08, 0x00, 0x08, 0x00,
	0x63, 0x63, 0x23, 0x20, 0x58, 0x62, 0x1B, 0x21, 0x59, 0x63, 0xB8, 0x04,
	0x00, 0x62, 0x20, 0xB0, 0x00, 0x50, 0x58, 0xB0, 0x40, 0x60, 0x59, 0x66,
	0xB0, 0x01, 0x63, 0x60, 0x23, 0x2E, 0x23, 0x20, 0x20, 0x3C, 0x8A, 0x38,
	0x23, 0x21, 0x59, 0x2D, 0xB0, 0x3F, 0x2C, 0xB0, 0x00, 0x16, 0xB0, 0x17,
	0x23, 0x42, 0x20, 0xB0, 0x0A, 0x43, 0x20, 0x2E, 0x47, 0x23, 0x47, 0x23,
	0x61, 0x20, 0x60, 0xB0, 0x20, 0x60, 0x66, 0xB0, 0x02, 0x62, 0x20, 0xB0,
	0x00, 0x50, 0x58, 0xB0, 0x40, 0x60, 0x59, 0x66, 0xB0, 0x01, 0x63, 0x23,
	0x20, 0x20, 0x3C, 0x8A, 0x38, 0x2D, 0xB0, 0x40, 0x2C, 0x23, 0x20, 0x2E,
	0x46, 0xB0, 0x02, 0x25, 0x46, 0xB0, 0x17, 0x43, 0x58, 0x50, 0x1B, 0x52,
	0x59, 0x58, 0x20, 0x3C, 0x59, 0x2E, 0xB1, 0x30, 0x01, 0x14, 0x2B, 0x2D,
	0xB0, 0x41, 0x2C, 0x23, 0x20, 0x2E, 0x46, 0xB0, 0x02, 0x25, 0x46, 0xB0,
	0x17, 0x43, 0x58, 0x52, 0x1B, 0x50, 0x59, 0x58, 0x20, 0x3C, 0x59, 0x2E,
	0xB1, 0x30, 0x01, 0x14, 0x2B, 0x2D, 0xB0, 0x42, 0x2C, 0x23, 0x20, 0x2E,
	0x46, 0xB0, 0x02, 0x25, 0x46, 0xB0, 0x17, 0x43, 0x58, 0x50, 0x1B, 0x52,
	0x59, 0x58, 0x20, 0x3C, 0x59, 0x23, 0x20, 0x2E, 0x46, 0xB0, 0x02, 0x25,
	0x46, 0xB0, 0x17, 0x43, 0x58, 0x52, 0x1B, 0x50, 0x59, 0x58, 0x20, 0x3C,
	0x59, 0x2E, 0xB1, 0x30, 0x01, 0x14, 0x2B, 0x2D, 0xB0, 0x43, 0x2C, 0xB0,
	0x3A, 0x2B, 0x23, 0x20, 0x2E, 0x46, 0xB0, 0x02, 0x25, 0x46, 0xB0, 0x17,
	0x43, 0x58, 0x50, 0x1B, 0x52, 0x59, 0x58, 0x20, 0x3C, 0x59, 0x2E, 0xB1,
	0x30, 0x01, 0x14, 0x2B, 0x2D, 0xB0, 0x44, 0x2C, 0xB0, 0x3B, 0x2B, 0x8A,
	0x20, 0x20, 0x3C, 0xB0, 0x06, 0x23, 0x42, 0x8A, 0x38, 0x23, 0x20, 0x2E,
	0x46, 0xB0, 0x02, 0x25, 0x46, 0xB0, 0x17, 0x43, 0x58, 0x50, 0x1B, 0x52,
	0x59, 0x58, 0x20, 0x3C, 0x59, 0x2E, 0xB1, 0x30, 0x01, 0x14, 0x2B, 0xB0,
	0x06, 0x43, 0x2E, 0xB0, 0x30, 0x2B, 0x2D, 0xB0, 0x45, 0x2C, 0xB0, 0x00,
	0x16, 0xB0, 0x04, 0x25, 0xB0, 0x04, 0x26, 0x20, 0x20, 0x20, 0x46, 0x23,
	0x47, 0x61, 0xB0, 0x0C, 0x23, 0x42, 0x2E, 0x47, 0x23, 0x47, 0x23, 0x61,
	0xB0, 0x0B, 0x43, 0x2B, 0x23, 0x20, 0x3C, 0x20, 0x2E, 0x23, 0x38, 0xB1,
	0x30, 0x01, 0x14, 0x2B, 0x2D, 0xB0, 0x46, 0x2C, 0xB1, 0x0A, 0x04, 0x25,
	0x42, 0xB0, 0x00, 0x16, 0xB0, 0x04, 0x25, 0xB0, 0x04, 0x25, 0x20, 0x2E,
	0x47, 0x23, 0x47, 0x23, 0x61, 0x20, 0xB0, 0x06, 0x23, 0x42, 0xB1, 0x0C,
	0x00, 0x42, 0xB0, 0x0B, 0x43, 0x2B, 0x20, 0xB0, 0x60, 0x50, 0x58, 0x20,
	0xB0, 0x40, 0x51, 0x58, 0xB3, 0x04, 0x20, 0x05, 0x20, 0x1B, 0xB3, 0x04,
	0x26, 0x05, 0x1A, 0x59, 0x42, 0x42, 0x23, 0x20, 0x47, 0xB0, 0x06, 0x43,
	0xB0, 0x02, 0x62, 0x20, 0xB0, 0x00, 0x50, 0x58, 0xB0, 0x40, 0x60, 0x59,
	0x66, 0xB0, 0x01, 0x63, 0x60, 0x20, 0xB0, 0x01, 0x2B, 0x20, 0x8A, 0x8A,
	0x61, 0x20, 0xB0, 0x04, 0x43, 0x60, 0x64, 0x23, 0xB0, 0x05, 0x43, 0x61,
	0x64, 0x50, 0x58, 0xB0, 0x04, 0x43, 0x61, 0x1B, 0xB0, 0x05, 0x43, 0x60,
	0x59, 0xB0, 0x03, 0x25, 0xB0, 0x02, 0x62, 0x20, 0xB0, 0x00, 0x50, 0x58,
	0xB0, 0x40, 0x60, 0x59, 0x66, 0xB0, 0x01, 0x63, 0x61, 0xB0, 0x02, 0x25,
	0x46, 0x61, 0x38, 0x23, 0x20, 0x3C, 0x23, 0x38, 0x1B, 0x21, 0x20, 0x20,
	0x46, 0x23, 0x47, 0xB0, 0x01, 0x2B, 0x23, 0x61, 0x38, 0x21, 0x59, 0xB1,
	0x30, 0x01, 0x14, 0x2B, 0x2D, 0xB0, 0x47, 0x2C, 0xB1, 0x00, 0x3A, 0x2B,
	0x2E, 0xB1, 0x30, 0x01, 0x14, 0x2B, 0x2D, 0xB0, 0x48, 0x2C, 0xB1, 0x00,
	0x3B, 0x2B, 0x21, 0x23, 0x20, 0x20, 0x3C, 0xB0, 0x06, 0x23, 0x42, 0x23,
	0x38, 0xB1, 0x30, 0x01, 0x14, 0x2B, 0xB0, 0x06, 0x43, 0x2E, 0xB0, 0x30,
	0x2B, 0x2D, 0xB0, 0x49, 0x2C, 0xB0, 0x00, 0x15, 0x20, 0x47, 0xB0, 0x00,
	0x23, 0x42, 0xB2, 0x00, 0x01, 0x01, 0x15, 0x14, 0x13, 0x2E, 0xB0, 0x36,
	0x2A, 0x2D, 0xB0, 0x4A, 0x2C, 0xB0, 0x00, 0x15, 0x20, 0x47, 0xB0, 0x00,
	0x23, 0x42, 0xB2, 0x00, 0x01, 0x01, 0x15, 0x14, 0x13, 0x2E, 0xB0, 0x36,
	0x2A, 0x2D, 0xB0, 0x4B, 0x2C, 0xB1, 0x00, 0x01, 0x14, 0x13, 0xB0, 0x37,
	0x2A, 0x2D, 0xB0, 0x4C, 0x2C, 0xB0, 0x39, 0x2A, 0x2D, 0xB0, 0x4D, 0x2C,
	0xB0, 0x00, 0x16, 0x45, 0x23, 0x20, 0x2E, 0x20, 0x46, 0x8A, 0x23, 0x61,
	0x38, 0xB1, 0x30, 0x01, 0x14, 0x2B, 0x2D, 0xB0, 0x4E, 0x2C, 0xB0, 0x0A,
	0x23, 0x42, 0xB0, 0x4D, 0x2B, 0x2D, 0xB0, 0x4F, 0x2C, 0xB2, 0x00, 0x00,
	0x46, 0x2B, 0x2D, 0xB0, 0x50, 0x2C, 0xB2, 0x00, 0x01, 0x46, 0x2B, 0x2D,
	0xB0, 0x51, 0x2C, 0xB2, 0x01, 0x00, 0x46, 0x2B, 0x2D, 0xB0, 0x52, 0x2C,
	0xB2, 0x01, 0x01, 0x46, 0x2B, 0x2D, 0xB0, 0x53, 0x2C, 0xB2, 0x00, 0x00,
	0x47, 0x2B, 0x2D, 0xB0, 0x54, 0x2C, 0xB2, 0x00, 0x01, 0x47, 0x2B, 0x2D,
	0xB0, 0x55, 0x2C, 0xB2, 0x01, 0x00, 0x47, 0x2B, 0x2D, 0xB0, 0x56, 0x2C,
	0xB2, 0x01, 0x01, 0x47, 0x2B, 0x2D, 0xB0, 0x57, 0x2C, 0xB3, 0x00, 0x00,
	0x00, 0x43, 0x2B, 0x2D, 0xB0, 0x58, 0x2C, 0xB3, 0x00, 0x01, 0x00, 0x43,
	0x2B, 0x2D, 0xB0, 0x59, 0x2C, 0xB3, 0x01, 0x00, 0x00, 0x43, 0x2B, 0x2D,
	0xB0, 0x5A, 0x2C, 0xB3, 0x01, 0x01, 0x00, 0x43, 0x2B, 0x2D, 0xB0, 0x5B,
	0x2C, 0xB3, 0x00, 0x00, 0x01, 0x43, 0x2B, 0x2D, 0xB0, 0x5C, 0x2C, 0xB3,
	0x00, 0x01, 0x01, 0x43, 0x2B, 0x2D, 0xB0, 0x5D, 0x2C, 0xB3, 0x01, 0x00,
	0x01, 0x43, 0x2B, 0x2D, 0xB0, 0x5E, 0x2C, 0xB3, 0x01, 0x01, 0x01, 0x43,
	0x2B, 0x2D, 0xB0, 0x5F, 0x2C, 0xB2, 0x00, 0x00, 0x45, 0x2B, 0x2D, 0xB0,
	0x60, 0x2C, 0xB2, 0x00, 0x01, 0x45, 0x2B, 0x2D, 0xB0, 0x61, 0x2C, 0xB2,
	0x01, 0x00, 0x45, 0x2B, 0x2D, 0xB0, 0x62, 0x2C, 0xB2, 0x01, 0x01, 0x45,
	0x2B, 0x2D, 0xB0, 0x63, 0x2C, 0xB2, 0x00, 0x00, 0x48, 0x2B, 0x2D, 0xB0,
	0x64, 0x2C, 0xB2, 0x00, 0x01, 0x48, 0x2B, 0x2D, 0xB0, 0x65, 0x2C, 0xB2,
	0x01, 0x00, 0x48, 0x2B, 0x2D, 0xB0, 0x66, 0x2C, 0xB2, 0x01, 0x01, 0x48,
	0x2B, 0x2D, 0xB0, 0x67, 0x2C, 0xB3, 0x00, 0x00, 0x00, 0x44, 0x2B, 0x2D,
	0xB0, 0x68, 0x2C, 0xB3, 0x00, 0x01, 0x00, 0x44, 0x2B, 0x2D, 0xB0, 0x69,
	0x2C, 0xB3, 0x01, 0x00, 0x00, 0x44, 0x2B, 0x2D, 0xB0, 0x6A, 0x2C, 0xB3,
	0x01, 0x01, 0x00, 0x44, 0x2B, 0x2D, 0xB0, 0x6B, 0x2C, 0xB3, 0x00, 0x00,
	0x01, 0x44, 0x2B, 0x2D, 0xB0, 0x6C, 0x2C, 0xB3, 0x00, 0x01, 0x01, 0x44,
	0x2B, 0x2D, 0xB0, 0x6D, 0x2C, 0xB3, 0x01, 0x00, 0x01, 0x44, 0x2B, 0x2D,
	0xB0, 0x6E, 0x2C, 0xB3, 0x01, 0x01, 0x01, 0x44, 0x2B, 0x2D, 0xB0, 0x6F,
	0x2C, 0xB1, 0x00, 0x3C, 0x2B, 0x2E, 0xB1, 0x30, 0x01, 0x14, 0x2B, 0x2D,
	0xB0, 0x70, 0x2C, 0xB1, 0x00, 0x3C, 0x2B, 0xB0, 0x40, 0x2B, 0x2D, 0xB0,
	0x71, 0x2C, 0xB1, 0x00, 0x3C, 0x2B, 0xB0, 0x41, 0x2B, 0x2D, 0xB0, 0x72,
	0x2C, 0xB0, 0x00, 0x16, 0xB1, 0x00, 0x3C, 0x2B, 0xB0, 0x42, 0x2B, 0x2D,
	0xB0, 0x73, 0x2C, 0xB1, 0x01, 0x3C, 0x2B, 0xB0, 0x40, 0x2B, 0x2D, 0xB0,
	0x74, 0x2C, 0xB1, 0x01, 0x3C, 0x2B, 0xB0, 0x41, 0x2B, 0x2D, 0xB0, 0x75,
	0x2C, 0xB0, 0x00, 0x16, 0xB1, 0x01, 0x3C, 0x2B, 0xB0, 0x42, 0x2B, 0x2D,
	0xB0, 0x76, 0x2C, 0xB1, 0x00, 0x3D, 0x2B, 0x2E, 0xB1, 0x30, 0x01, 0x14,
	0x2B, 0x2D, 0xB0, 0x77, 0x2C, 0xB1, 0x00, 0x3D, 0x2B, 0xB0, 0x40, 0x2B,
	0x2D, 0xB0, 0x78, 0x2C, 0xB1, 0x00, 0x3D, 0x2B, 0xB0, 0x41, 0x2B, 0x2D,
	0xB0, 0x79, 0x2C, 0xB1, 0x00, 0x3D, 0x2B, 0xB0, 0x42, 0x2B, 0x2D, 0xB0,
	0x7A, 0x2C, 0xB1, 0x01, 0x3D, 0x2B, 0xB0, 0x40, 0x2B, 0x2D, 0xB0, 0x7B,
	0x2C, 0xB1, 0x01, 0x3D, 0x2B, 0xB0, 0x41, 0x2B, 0x2D, 0xB0, 0x7C, 0x2C,
	0xB1, 0x01, 0x3D, 0x2B, 0xB0, 0x42, 0x2B, 0x2D, 0xB0, 0x7D, 0x2C, 0xB1,
	0x00, 0x3E, 0x2B, 0x2E, 0xB1, 0x30, 0x01, 0x14, 0x2B, 0x2D, 0xB0, 0x7E,
	0x2C, 0xB1, 0x00, 0x3E, 0x2B, 0xB0, 0x40, 0x2B, 0x2D, 0xB0, 0x7F, 0x2C,
	0xB1, 0x00, 0x3E, 0x2B, 0xB0, 0x41, 0x2B, 0x2D, 0xB0, 0x80, 0x2C, 0xB1,
	0x00, 0x3E, 0x2B, 0xB0, 0x42, 0x2B, 0x2D, 0xB0, 0x81, 0x2C, 0xB1, 0x01,
	0x3E, 0x2B, 0xB0, 0x40, 0x2B, 0x2D, 0xB0, 0x82, 0x2C, 0xB1, 0x01, 0x3E,
	0x2B, 0xB0, 0x41, 0x2B, 0x2D, 0xB0, 0x83, 0x2C, 0xB1, 0x01, 0x3E, 0x2B,
	0xB0, 0x42, 0x2B, 0x2D, 0xB0, 0x84, 0x2C, 0xB1, 0x00, 0x3F, 0x2B, 0x2E,
	0xB1, 0x30, 0x01, 0x14, 0x2B, 0x2D, 0xB0, 0x85, 0x2C, 0xB1, 0x00, 0x3F,
	0x2B, 0xB0, 0x40, 0x2B, 0x2D, 0xB0, 0x86, 0x2C, 0xB1, 0x00, 0x3F, 0x2B,
	0xB0, 0x41, 0x2B, 0x2D, 0xB0, 0x87, 0x2C, 0xB1, 0x00, 0x3F, 0x2B, 0xB0,
	0x42, 0x2B, 0x2D, 0xB0, 0x88, 0x2C, 0xB1, 0x01, 0x3F, 0x2B, 0xB0, 0x40,
	0x2B, 0x2D, 0xB0, 0x89, 0x2C, 0xB1, 0x01, 0x3F, 0x2B, 0xB0, 0x41, 0x2B,
	0x2D, 0xB0, 0x8A, 0x2C, 0xB1, 0x01, 0x3F, 0x2B, 0xB0, 0x42, 0x2B, 0x2D,
	0xB0, 0x8B, 0x2C, 0xB2, 0x0B, 0x00, 0x03, 0x45, 0x50, 0x58, 0xB0, 0x06,
	0x1B, 0xB2, 0x04, 0x02, 0x03, 0x45, 0x58, 0x23, 0x21, 0x1B, 0x21, 0x59,
	0x59, 0x42, 0x2B, 0xB0, 0x08, 0x65, 0xB0, 0x03, 0x24, 0x50, 0x78, 0xB1,
	0x05, 0x01, 0x15, 0x45, 0x58, 0x30, 0x59, 0x2D, 0x00, 0x4B, 0xB8, 0x00,
	0xC8, 0x52, 0x58, 0xB1, 0x01, 0x01, 0x8E, 0x59, 0xB0, 0x01, 0xB9, 0x08,
	0x00, 0x08, 0x00, 0x63, 0x70, 0xB1, 0x00, 0x07, 0x42, 0xB2, 0x10, 0x01,
	0x00, 0x2A, 0xB1, 0x00, 0x07, 0x42, 0xB3, 0x0C, 0x04, 0x01, 0x0A, 0x2A,
	0xB1, 0x00, 0x07, 0x42, 0xB3, 0x10, 0x02, 0x01, 0x0A, 0x2A, 0xB1, 0x00,
	0x08, 0x42, 0xBA, 0x03, 0x40, 0x00, 0x01, 0x00, 0x0B, 0x2A, 0xB1, 0x00,
	0x09, 0x42, 0xBA, 0x00, 0x40, 0x00, 0x01, 0x00, 0x0B, 0x2A, 0xB9, 0x00,
	0x03, 0x00, 0x00, 0x44, 0xB1, 0x24, 0x01, 0x88, 0x51, 0x58, 0xB0, 0x40,
	0x88, 0x58, 0xB9, 0x00, 0x03, 0x00, 0x64, 0x44, 0xB1, 0x28, 0x01, 0x88,
	0x51, 0x58, 0xB8, 0x08, 0x00, 0x88, 0x58, 0xB9, 0x00, 0x03, 0x00, 0x00,
	0x44, 0x59, 0x1B, 0xB1, 0x27, 0x01, 0x88, 0x51, 0x58, 0xBA, 0x08, 0x80,
	0x00, 0x01, 0x04, 0x40, 0x88, 0x63, 0x54, 0x58, 0xB9, 0x00, 0x03, 0x00,
	0x00, 0x44, 0x59, 0x59, 0x59, 0x59, 0x59, 0xB3, 0x0E, 0x02, 0x01, 0x0E,
	0x2A, 0xB8, 0x01, 0xFF, 0x85, 0xB0, 0x04, 0x8D, 0xB1, 0x02, 0x00, 0x44,
	0xB3, 0x05, 0x64, 0x06, 0x00, 0x44, 0x44, 0x00
};
}
